read_file: info: using default project `spyglass-1.prj'
read_file -type hdl /home/ICer/IC/Projects/System/rtl/ALU.v
read_file -type hdl /home/ICer/IC/Projects/System/rtl/ASYNC_FIFO.v
read_file -type hdl /home/ICer/IC/Projects/System/rtl/Clk_Div.v
read_file -type hdl /home/ICer/IC/Projects/System/rtl/CLK_GATE.v
read_file -type hdl /home/ICer/IC/Projects/System/rtl/data_sampling.v
read_file -type hdl /home/ICer/IC/Projects/System/rtl/DATA_SYNC.v
read_file -type hdl /home/ICer/IC/Projects/System/rtl/deserializer.v
read_file -type hdl /home/ICer/IC/Projects/System/rtl/DF_SYNC.v
read_file -type hdl /home/ICer/IC/Projects/System/rtl/edge_bit_counter.v
read_file -type hdl /home/ICer/IC/Projects/System/rtl/FIFO_MEM_CNTRL.v
read_file -type hdl /home/ICer/IC/Projects/System/rtl/FIFO_RD.v
read_file -type hdl /home/ICer/IC/Projects/System/rtl/FIFO_WR.v
read_file -type hdl /home/ICer/IC/Projects/System/rtl/FSM_RX.v
read_file -type hdl /home/ICer/IC/Projects/System/rtl/FSM_TX.sv
read_file -type hdl /home/ICer/IC/Projects/System/rtl/MUX.v
read_file -type hdl /home/ICer/IC/Projects/System/rtl/Parity_Calc.v
read_file -type hdl /home/ICer/IC/Projects/System/rtl/parity_checker.v
read_file -type hdl /home/ICer/IC/Projects/System/rtl/prescale_mux.v
read_file -type hdl /home/ICer/IC/Projects/System/rtl/Pulse_Gen.v
read_file -type hdl /home/ICer/IC/Projects/System/rtl/regfile.v
read_file -type hdl /home/ICer/IC/Projects/System/rtl/RST_SYNC.v
read_file -type hdl /home/ICer/IC/Projects/System/rtl/Serializer.v
read_file -type hdl /home/ICer/IC/Projects/System/rtl/stop_checker.v
read_file -type hdl /home/ICer/IC/Projects/System/rtl/strt_checker.v
read_file -type hdl /home/ICer/IC/Projects/System/rtl/SYS_CTRL.v
read_file -type hdl /home/ICer/IC/Projects/System/rtl/SYSTEM_TOP.v
read_file -type hdl /home/ICer/IC/Projects/System/rtl/UART.v
read_file -type hdl /home/ICer/IC/Projects/System/rtl/UART_RX.v
read_file -type hdl /home/ICer/IC/Projects/System/rtl/UART_TX.v
../rtl/list.f../std_cells/scmetro_tsmc_cl013g_rvt_ff_1p32v_m40c.lib ../std_cells/scmetro_tsmc_cl013g_rvt_ss_1p08v_125c.lib ../std_cells/scmetro_tsmc_cl013g_rvt_tt_1p2v_25c.libSYSTEM_TOP.sgdccurrent_goal: info: loading goal `Design_Read' (in progress)
current_goal: info: finished loading goal `Design_Read' (ok)

INFO:    SpyGlass will run goal(s) 'Design_Read'.


 Auto-compiling gates libraries

        "../std_cells/scmetro_tsmc_cl013g_rvt_ff_1p32v_m40c.lib"
        "../std_cells/scmetro_tsmc_cl013g_rvt_ss_1p08v_125c.lib"
        "../std_cells/scmetro_tsmc_cl013g_rvt_tt_1p2v_25c.lib"
    to
        "./spyglass-1/spyglass_cache/autogenerated_sglib/aggregate.sglib" ...done

 (Please refer to `./spyglass-1/spyglass_cache/autogenerated_sglib/lc/spyglass_lc_aggregate_reports/moresimple.rpt' for auto-compilation details)

 Using above compiled sglib for the current run ...

RULE-CHECKING IN MIXED MODE
Loading spyglass (SpyGlass_vL-2016.06) ... (picked from /home/synopsys/SpyGlass-L2016.06/SPYGLASS_HOME/policies/spyglass)
 Reading sgdc file "SYSTEM_TOP.sgdc" ...
Performing unification checks on SGDC... done
Reading specified sglib files(s) ....
   Processing library: 'scmetro_tsmc_cl013g_rvt_ff_1p32v_m40c' .... done
   Processing library: 'scmetro_tsmc_cl013g_rvt_ss_1p08v_125c' .... done
   Processing library: 'scmetro_tsmc_cl013g_rvt_tt_1p2v_25c' .... done
Checking Rule AutoGenerateSglib (Rule 1 of total 105) .... done (Time = 0.00s, Memory = 0.9K)

INFO [6]    Work Directory `./spyglass-1/WORK' does not exist.

INFO [75]    Creating the Work Directory `./spyglass-1/WORK/64' for 64bit  precompiled dump.
Checking Rule ZeroSizeFile (Rule 2 of total 105) .... done (Time = 0.00s, Memory = 0.0K)
Checking Rule PrecompileLibCheck01 (Rule 3 of total 105) .... done (Time = 0.00s, Memory = -14.2K)
Checking Rule PrecompileLibCheck02 (Rule 4 of total 105) .... done (Time = 0.00s, Memory = 0.0K)
Checking Rule PrecompileLibCheck03 (Rule 5 of total 105) .... done (Time = 0.00s, Memory = 8.6K)
Checking Rule PrecompileLibCheck04 (Rule 6 of total 105) .... done (Time = 0.00s, Memory = 0.1K)
Checking Rule ReportSglibVersionSummary (Rule 7 of total 105) .... done (Time = 0.00s, Memory = -31.9K)
Checking Rule SGDC_assume_path01 (Rule 8 of total 105) .... done (Time = 0.00s, Memory = -0.2K)
Checking Rule SGDC_sdcschema02 (Rule 9 of total 105) .... done (Time = 0.00s, Memory = -23.6K)
Checking Rule SGDC_clock05 (Rule 10 of total 105) .... done (Time = 0.00s, Memory = 1.5K)
Checking Rule SGDC_clock09 (Rule 11 of total 105) .... done (Time = 0.00s, Memory = 0.0K)
Checking Rule SGDC_force_ta05 (Rule 12 of total 105) .... done (Time = 0.00s, Memory = 1.3K)
Checking Rule SGDC_require_path03 (Rule 13 of total 105) .... done (Time = 0.00s, Memory = 0.0K)
Checking Rule SGDC_require_value03 (Rule 14 of total 105) .... done (Time = 0.00s, Memory = 0.0K)
Checking Rule SGDC_voltagedomain05 (Rule 15 of total 105) .... done (Time = 0.00s, Memory = 0.0K)
Checking Rule SGDC_voltagedomain06 (Rule 16 of total 105) .... done (Time = 0.00s, Memory = 0.0K)
Checking Rule SGDC_voltagedomain07 (Rule 17 of total 105) .... done (Time = 0.00s, Memory = 15.0K)
Checking Rule SGDC_powerdomainoutputs02 (Rule 18 of total 105) .... done (Time = 0.00s, Memory = -8.0K)
Checking Rule SGDC_supply01 (Rule 19 of total 105) .... done (Time = 0.00s, Memory = 8.2K)
Checking Rule SGDC_waive01 (Rule 20 of total 105) .... done (Time = 0.00s, Memory = 4.0K)
Checking Rule SGDC_waive02 (Rule 21 of total 105) .... done (Time = 0.00s, Memory = -7.6K)
Checking Rule SGDC_waive03 (Rule 22 of total 105) .... done (Time = 0.00s, Memory = 0.0K)
Checking Rule SGDC_waive04 (Rule 23 of total 105) .... done (Time = 0.00s, Memory = 0.1K)
Checking Rule SGDC_waive05 (Rule 24 of total 105) .... done (Time = 0.00s, Memory = -24.0K)
Checking Rule SGDC_waive06 (Rule 25 of total 105) .... done (Time = 0.00s, Memory = 2.7K)
Checking Rule SGDC_waive07 (Rule 26 of total 105) .... done (Time = 0.00s, Memory = 0.0K)
Checking Rule SGDC_waive08 (Rule 27 of total 105) .... done (Time = 0.00s, Memory = 1.3K)
Checking Rule SGDC_waive09 (Rule 28 of total 105) .... done (Time = 0.00s, Memory = 0.0K)
Checking Rule SGDC_waive10 (Rule 29 of total 105) .... done (Time = 0.00s, Memory = 0.2K)
Checking Rule SGDC_waive11 (Rule 30 of total 105) .... done (Time = 0.00s, Memory = 0.0K)
Checking Rule SGDC_waive12 (Rule 31 of total 105) .... done (Time = 0.00s, Memory = -32.0K)
Checking Rule SGDC_waive13 (Rule 32 of total 105) .... done (Time = 0.00s, Memory = -23.8K)
Checking Rule SGDC_waive21 (Rule 33 of total 105) .... done (Time = 0.00s, Memory = 0.0K)
Checking Rule SGDC_waive22 (Rule 34 of total 105) .... done (Time = 0.00s, Memory = 1.3K)
Checking Rule SGDC_waive30 (Rule 35 of total 105) .... done (Time = 0.00s, Memory = 0.2K)
Checking Rule SGDC_waive32 (Rule 36 of total 105) .... done (Time = 0.00s, Memory = 0.0K)
Checking Rule SGDC_waive33 (Rule 37 of total 105) .... done (Time = 0.00s, Memory = 1.0K)
Checking Rule SGDC_waive36 (Rule 38 of total 105) .... done (Time = 0.00s, Memory = 0.0K)
Checking Rule SGDC_waive38 (Rule 39 of total 105) .... done (Time = 0.00s, Memory = 0.0K)
Checking Rule SGDC_fifo01 (Rule 40 of total 105) .... done (Time = 0.00s, Memory = -1.8K)
Checking Rule SGDC_libgroup01 (Rule 41 of total 105) .... done (Time = 0.00s, Memory = 0.0K)
Checking Rule SGDC_libgroup02 (Rule 42 of total 105) .... done (Time = 0.00s, Memory = 0.0K)
Checking Rule SGDC_libgroup04 (Rule 43 of total 105) .... done (Time = 0.00s, Memory = 0.0K)
Checking Rule SGDC_power_data01 (Rule 44 of total 105) .... done (Time = 0.00s, Memory = 39.0K)
Checking Rule SGDC_ungroup01 (Rule 45 of total 105) .... done (Time = 0.00s, Memory = 0.0K)
Checking Rule SGDC_abstract_port06 (Rule 46 of total 105) .... done (Time = 0.00s, Memory = 67.6K)
Checking Rule SGDC_abstract_port14 (Rule 47 of total 105) .... done (Time = 0.00s, Memory = 31.3K)
Checking Rule SGDC_abstract_port15 (Rule 48 of total 105) .... done (Time = 0.00s, Memory = 17.3K)
Checking Rule SGDC_abstract_port18 (Rule 49 of total 105) .... done (Time = 0.00s, Memory = 0.0K)
Checking Rule sdc_init_rule (Rule 50 of total 105) .... done (Time = 0.05s, Memory = 724.2K)
Checking Rule CMD_ignorelibs01 (Rule 51 of total 105) .... done (Time = 0.00s, Memory = 0.0K)
Checking Rule ReportRuleNotRun (Rule 52 of total 105) .... done (Time = 0.00s, Memory = 0.0K)
Checking Rule ReportStopSummary (Rule 53 of total 105) .... done (Time = 0.00s, Memory = 0.0K)
Checking Rule ReportIgnoreSummary (Rule 54 of total 105) .... done (Time = 0.00s, Memory = 0.0K)
 Analyzing source file "/home/ICer/IC/Projects/System/rtl/ALU.v" ....
 Analyzing source file "/home/ICer/IC/Projects/System/rtl/ASYNC_FIFO.v" ....
 Analyzing source file "/home/ICer/IC/Projects/System/rtl/Clk_Div.v" ....
 Analyzing source file "/home/ICer/IC/Projects/System/rtl/CLK_GATE.v" ....
 Analyzing source file "/home/ICer/IC/Projects/System/rtl/data_sampling.v" ....
 Analyzing source file "/home/ICer/IC/Projects/System/rtl/DATA_SYNC.v" ....
 Analyzing source file "/home/ICer/IC/Projects/System/rtl/deserializer.v" ....
 Analyzing source file "/home/ICer/IC/Projects/System/rtl/DF_SYNC.v" ....
 Analyzing source file "/home/ICer/IC/Projects/System/rtl/edge_bit_counter.v" ....
 Analyzing source file "/home/ICer/IC/Projects/System/rtl/FIFO_MEM_CNTRL.v" ....
 Analyzing source file "/home/ICer/IC/Projects/System/rtl/FIFO_RD.v" ....
 Analyzing source file "/home/ICer/IC/Projects/System/rtl/FIFO_WR.v" ....
 Analyzing source file "/home/ICer/IC/Projects/System/rtl/FSM_RX.v" ....
 Analyzing source file "/home/ICer/IC/Projects/System/rtl/FSM_TX.sv" ....
 Analyzing source file "/home/ICer/IC/Projects/System/rtl/MUX.v" ....
 Analyzing source file "/home/ICer/IC/Projects/System/rtl/Parity_Calc.v" ....
 Analyzing source file "/home/ICer/IC/Projects/System/rtl/parity_checker.v" ....
 Analyzing source file "/home/ICer/IC/Projects/System/rtl/prescale_mux.v" ....
 Analyzing source file "/home/ICer/IC/Projects/System/rtl/Pulse_Gen.v" ....
 Analyzing source file "/home/ICer/IC/Projects/System/rtl/regfile.v" ....
 Analyzing source file "/home/ICer/IC/Projects/System/rtl/RST_SYNC.v" ....
 Analyzing source file "/home/ICer/IC/Projects/System/rtl/Serializer.v" ....
 Analyzing source file "/home/ICer/IC/Projects/System/rtl/stop_checker.v" ....
 Analyzing source file "/home/ICer/IC/Projects/System/rtl/strt_checker.v" ....
 Analyzing source file "/home/ICer/IC/Projects/System/rtl/SYS_CTRL.v" ....
 Analyzing source file "/home/ICer/IC/Projects/System/rtl/SYSTEM_TOP.v" ....
 Analyzing source file "/home/ICer/IC/Projects/System/rtl/UART.v" ....
 Analyzing source file "/home/ICer/IC/Projects/System/rtl/UART_RX.v" ....
 Analyzing source file "/home/ICer/IC/Projects/System/rtl/UART_TX.v" ....
***Syntax Errors detected - RULE CHECKING ABORTED***
Checking Rule ReportCheckDataSummary (Rule 55 of total 105) .... done (Time = 0.00s, Memory = 0.0K)

SpyGlass Rule Checking ABORTED.

Generating data for Console...

Generating moresimple report from './spyglass-1/Design_Read/spyglass.vdb' to './spyglass-1/Design_Read/spyglass_reports/moresimple.rpt' ....

Generating runsummary report from './spyglass-1/Design_Read/spyglass.vdb' ....

Generating no_msg_reporting_rules report from './spyglass-1/Design_Read/spyglass.vdb' to './spyglass-1/Design_Read/spyglass_reports/no_msg_reporting_rules.rpt' ....

Policy specific data (reports) are present in the directory './spyglass-1/Design_Read/spyglass_reports'.

SpyGlass critical reports for the current run are present in directory './spyglass-1/consolidated_reports/Design_Read/'.

---------------------------------------------------------------------------------------------
Results Summary:
---------------------------------------------------------------------------------------------
   Goal Run           :      Design_Read
** Design Read        :     32 fatals,     0 error,        0 warning,      1 information message 
   -------------------------------------------------------------------------------------
** Total              :     32 fatals,     0 error,        0 warning,      1 information message 

  Total Number of Generated Messages     :        33 (32 fatals, 0 error, 0 warning, 1 Info)
  Number of Reported Messages            :        33 (32 fatals, 0 error, 0 warning, 1 Info)

  NOTE: It is recommended to first fix/reconcile fatals/errors reported on
        lines starting with ** as subsequent issues might be related to it.
        Please re-run SpyGlass once ** prefixed lines are fatal/error clean.

---------------------------------------------------------------------------------------------

First 10 FATAL message(s) generated in current run are -

Rule         Severity   File                                          Line   Message
-------------------------------------------------------------------------
STX_VE_479   Syntax     /home/ICer/IC/Projects/System/rtl/FSM_TX.sv   9      Syntax error near ( bit ). Please use 'set_option enableSV yes' to support SystemVerilog construct ( bit )
STX_VE_481   Syntax     /home/ICer/IC/Projects/System/rtl/FSM_TX.sv   12     Syntax error near ( , )
STX_VE_606   Syntax     /home/ICer/IC/Projects/System/rtl/FSM_TX.sv   18     Identifier ( current_state ) not declared in current scope
STX_VE_606   Syntax     /home/ICer/IC/Projects/System/rtl/FSM_TX.sv   18     Identifier ( idle ) not declared in current scope
STX_VE_606   Syntax     /home/ICer/IC/Projects/System/rtl/FSM_TX.sv   21     Identifier ( next_state ) not declared in current scope
STX_VE_606   Syntax     /home/ICer/IC/Projects/System/rtl/FSM_TX.sv   32     Identifier ( current_state ) not declared in current scope
STX_VE_606   Syntax     /home/ICer/IC/Projects/System/rtl/FSM_TX.sv   34     Identifier ( idle ) not declared in current scope
STX_VE_606   Syntax     /home/ICer/IC/Projects/System/rtl/FSM_TX.sv   51     Identifier ( start ) not declared in current scope
STX_VE_606   Syntax     /home/ICer/IC/Projects/System/rtl/FSM_TX.sv   57     Identifier ( data ) not declared in current scope
STX_VE_606   Syntax     /home/ICer/IC/Projects/System/rtl/FSM_TX.sv   66     Identifier ( parity ) not declared in current scope

Please refer ./spyglass-1/Design_Read/spyglass_reports directory for SpyGlass reports, or use SpyGlass GUI to see all FATAL messages.
run_goal: info: updating spyglass.log with goal summary
---------------------------------------------------------------------------------------------------
Results Summary:
---------------------------------------------------------------------------------------------------
   Goal Run           :      Design_Read
   Top Module         :      
---------------------------------------------------------------------------------------------------
   Reports Directory: 
   /home/ICer/IC/Projects/System/CDC/spyglass-1/consolidated_reports/Design_Read/ 

   SpyGlass LogFile: 
    /home/ICer/IC/Projects/System/CDC/spyglass-1/Design_Read/spyglass.log 

   Standard Reports: 
     moresimple.rpt          no_msg_reporting_rules.rpt       

   HTML report:
    /home/ICer/IC/Projects/System/CDC/spyglass-1/html_reports/goals_summary.html
  

   Technology Reports:  
     <Not Available>
   
   
---------------------------------------------------------------------------------------------------
   Goal Violation Summary:
       Waived   Messages:                      0 Errors,      0 Warnings,      0 Infos
       Reported Messages:        32 Fatals,    0 Errors,      0 Warnings,      1 Infos
---------------------------------------------------------------------------------------------------
   
---------------------------------------------------------------------------------------------------
 
run_goal: info: spyglass.log successfully updated with goal summary
 Reading sgdc file "SYSTEM_TOP.sgdc" ...
6 {Rule-checking terminated due to FATAL errors - design syntax error}yesyes
INFO:    SpyGlass will run goal(s) 'Design_Read'.


 Auto-compiling gates libraries

        "../std_cells/scmetro_tsmc_cl013g_rvt_ff_1p32v_m40c.lib"
        "../std_cells/scmetro_tsmc_cl013g_rvt_ss_1p08v_125c.lib"
        "../std_cells/scmetro_tsmc_cl013g_rvt_tt_1p2v_25c.lib"
    to
        "./spyglass-1/spyglass_cache/autogenerated_sglib/aggregate.sglib" ...already compiled

 Using this already compiled sglib for the current run ...

RULE-CHECKING IN MIXED MODE
Loading spyglass (SpyGlass_vL-2016.06) ... (picked from /home/synopsys/SpyGlass-L2016.06/SPYGLASS_HOME/policies/spyglass)
 Reading sgdc file "SYSTEM_TOP.sgdc" ...
Performing unification checks on SGDC... done
Reading specified sglib files(s) ....
   Processing library: 'scmetro_tsmc_cl013g_rvt_ff_1p32v_m40c' .... done
   Processing library: 'scmetro_tsmc_cl013g_rvt_ss_1p08v_125c' .... done
   Processing library: 'scmetro_tsmc_cl013g_rvt_tt_1p2v_25c' .... done
Checking Rule AutoGenerateSglib (Rule 1 of total 130) .... done (Time = 0.00s, Memory = 0.0K)

INFO [76]    Using `./spyglass-1/WORK/64' as the Work Directory for 64bit precompiled dump.
Checking Rule ZeroSizeFile (Rule 2 of total 130) .... done (Time = 0.00s, Memory = 3.6K)
Checking Rule PrecompileLibCheck01 (Rule 3 of total 130) .... done (Time = 0.00s, Memory = 2.8K)
Checking Rule PrecompileLibCheck02 (Rule 4 of total 130) .... done (Time = 0.00s, Memory = 0.0K)
Checking Rule PrecompileLibCheck03 (Rule 5 of total 130) .... done (Time = 0.00s, Memory = 0.0K)
Checking Rule PrecompileLibCheck04 (Rule 6 of total 130) .... done (Time = 0.00s, Memory = -0.1K)
Checking Rule ReportSglibVersionSummary (Rule 7 of total 130) .... done (Time = 0.00s, Memory = 0.0K)
Checking Rule SGDC_assume_path01 (Rule 8 of total 130) .... done (Time = 0.00s, Memory = 0.0K)
Checking Rule SGDC_sdcschema02 (Rule 9 of total 130) .... done (Time = 0.00s, Memory = 0.0K)
Checking Rule SGDC_clock05 (Rule 10 of total 130) .... done (Time = 0.00s, Memory = 1.5K)
Checking Rule SGDC_clock09 (Rule 11 of total 130) .... done (Time = 0.00s, Memory = 0.0K)
Checking Rule SGDC_force_ta05 (Rule 12 of total 130) .... done (Time = 0.00s, Memory = 0.6K)
Checking Rule SGDC_require_path03 (Rule 13 of total 130) .... done (Time = 0.00s, Memory = 0.0K)
Checking Rule SGDC_require_value03 (Rule 14 of total 130) .... done (Time = 0.00s, Memory = 0.0K)
Checking Rule SGDC_voltagedomain05 (Rule 15 of total 130) .... done (Time = 0.00s, Memory = -24.0K)
Checking Rule SGDC_voltagedomain06 (Rule 16 of total 130) .... done (Time = 0.00s, Memory = 0.0K)
Checking Rule SGDC_voltagedomain07 (Rule 17 of total 130) .... done (Time = 0.00s, Memory = 15.0K)
Checking Rule SGDC_powerdomainoutputs02 (Rule 18 of total 130) .... done (Time = 0.00s, Memory = 0.0K)
Checking Rule SGDC_supply01 (Rule 19 of total 130) .... done (Time = 0.00s, Memory = 16.0K)
Checking Rule SGDC_waive01 (Rule 20 of total 130) .... done (Time = 0.00s, Memory = 2.1K)
Checking Rule SGDC_waive02 (Rule 21 of total 130) .... done (Time = 0.00s, Memory = 32.0K)
Checking Rule SGDC_waive03 (Rule 22 of total 130) .... done (Time = 0.00s, Memory = 0.0K)
Checking Rule SGDC_waive04 (Rule 23 of total 130) .... done (Time = 0.00s, Memory = 0.0K)
Checking Rule SGDC_waive05 (Rule 24 of total 130) .... done (Time = 0.00s, Memory = -32.0K)
Checking Rule SGDC_waive06 (Rule 25 of total 130) .... done (Time = 0.00s, Memory = 0.0K)
Checking Rule SGDC_waive07 (Rule 26 of total 130) .... done (Time = 0.00s, Memory = 0.0K)
Checking Rule SGDC_waive08 (Rule 27 of total 130) .... done (Time = 0.00s, Memory = 0.0K)
Checking Rule SGDC_waive09 (Rule 28 of total 130) .... done (Time = 0.00s, Memory = 0.0K)
Checking Rule SGDC_waive10 (Rule 29 of total 130) .... done (Time = 0.00s, Memory = 0.0K)
Checking Rule SGDC_waive11 (Rule 30 of total 130) .... done (Time = 0.00s, Memory = 0.0K)
Checking Rule SGDC_waive12 (Rule 31 of total 130) .... done (Time = 0.00s, Memory = 0.0K)
Checking Rule SGDC_waive13 (Rule 32 of total 130) .... done (Time = 0.00s, Memory = 0.0K)
Checking Rule SGDC_waive21 (Rule 33 of total 130) .... done (Time = 0.00s, Memory = 0.0K)
Checking Rule SGDC_waive22 (Rule 34 of total 130) .... done (Time = 0.00s, Memory = -0.6K)
Checking Rule SGDC_waive30 (Rule 35 of total 130) .... done (Time = 0.00s, Memory = 0.0K)
Checking Rule SGDC_waive32 (Rule 36 of total 130) .... done (Time = 0.00s, Memory = 15.5K)
Checking Rule SGDC_waive33 (Rule 37 of total 130) .... done (Time = 0.00s, Memory = 3.2K)
Checking Rule SGDC_waive36 (Rule 38 of total 130) .... done (Time = 0.00s, Memory = 8.0K)
Checking Rule SGDC_waive38 (Rule 39 of total 130) .... done (Time = 0.00s, Memory = 2.8K)
Checking Rule SGDC_fifo01 (Rule 40 of total 130) .... done (Time = 0.00s, Memory = 0.2K)
Checking Rule SGDC_libgroup01 (Rule 41 of total 130) .... done (Time = 0.00s, Memory = 0.8K)
Checking Rule SGDC_libgroup02 (Rule 42 of total 130) .... done (Time = 0.00s, Memory = -0.6K)
Checking Rule SGDC_libgroup04 (Rule 43 of total 130) .... done (Time = 0.00s, Memory = 0.0K)
Checking Rule SGDC_power_data01 (Rule 44 of total 130) .... done (Time = 0.00s, Memory = -17.0K)
Checking Rule SGDC_ungroup01 (Rule 45 of total 130) .... done (Time = 0.00s, Memory = 0.0K)
Checking Rule SGDC_abstract_port06 (Rule 46 of total 130) .... done (Time = 0.00s, Memory = 14.2K)
Checking Rule SGDC_abstract_port14 (Rule 47 of total 130) .... done (Time = 0.00s, Memory = 0.9K)
Checking Rule SGDC_abstract_port15 (Rule 48 of total 130) .... done (Time = 0.00s, Memory = 5.8K)
Checking Rule SGDC_abstract_port18 (Rule 49 of total 130) .... done (Time = 0.00s, Memory = 0.0K)
Checking Rule SDC2SGDC_INFO (Rule 50 of total 130) .... done (Time = 0.00s, Memory = 120.6K)
Checking Rule SDC_ParamSanityCheck (Rule 51 of total 130) .... done (Time = 0.02s, Memory = -30.8K)
Checking Rule SDC_Sanity_Rule (Rule 52 of total 130)SDC-file translator read from path : /home/synopsys/SpyGlass-L2016.06/SPYGLASS_HOME/auxi/sdcparser
 .... done (Time = 0.00s, Memory = 0.0K)
Checking Rule sdc_init_rule (Rule 53 of total 130) .... done (Time = 0.04s, Memory = -2.9K)
Checking Rule CMD_ignorelibs01 (Rule 54 of total 130) .... done (Time = 0.00s, Memory = 0.0K)
Checking Rule ReportRuleNotRun (Rule 55 of total 130) .... done (Time = 0.00s, Memory = 0.0K)
Checking Rule ReportStopSummary (Rule 56 of total 130) .... done (Time = 0.00s, Memory = 0.0K)
Checking Rule ReportIgnoreSummary (Rule 57 of total 130) .... done (Time = 0.00s, Memory = 0.0K)
 Analyzing source file "/home/ICer/IC/Projects/System/rtl/ALU.v" ....
 Analyzing source file "/home/ICer/IC/Projects/System/rtl/ASYNC_FIFO.v" ....
 Analyzing source file "/home/ICer/IC/Projects/System/rtl/Clk_Div.v" ....
 Analyzing source file "/home/ICer/IC/Projects/System/rtl/CLK_GATE.v" ....
 Analyzing source file "/home/ICer/IC/Projects/System/rtl/data_sampling.v" ....
 Analyzing source file "/home/ICer/IC/Projects/System/rtl/DATA_SYNC.v" ....
 Analyzing source file "/home/ICer/IC/Projects/System/rtl/deserializer.v" ....
 Analyzing source file "/home/ICer/IC/Projects/System/rtl/DF_SYNC.v" ....
 Analyzing source file "/home/ICer/IC/Projects/System/rtl/edge_bit_counter.v" ....
 Analyzing source file "/home/ICer/IC/Projects/System/rtl/FIFO_MEM_CNTRL.v" ....
 Analyzing source file "/home/ICer/IC/Projects/System/rtl/FIFO_RD.v" ....
 Analyzing source file "/home/ICer/IC/Projects/System/rtl/FIFO_WR.v" ....
 Analyzing source file "/home/ICer/IC/Projects/System/rtl/FSM_RX.v" ....
 Analyzing source file "/home/ICer/IC/Projects/System/rtl/FSM_TX.sv" ....
 Analyzing source file "/home/ICer/IC/Projects/System/rtl/MUX.v" ....
 Analyzing source file "/home/ICer/IC/Projects/System/rtl/Parity_Calc.v" ....
 Analyzing source file "/home/ICer/IC/Projects/System/rtl/parity_checker.v" ....
 Analyzing source file "/home/ICer/IC/Projects/System/rtl/prescale_mux.v" ....
 Analyzing source file "/home/ICer/IC/Projects/System/rtl/Pulse_Gen.v" ....
 Analyzing source file "/home/ICer/IC/Projects/System/rtl/regfile.v" ....
 Analyzing source file "/home/ICer/IC/Projects/System/rtl/RST_SYNC.v" ....
 Analyzing source file "/home/ICer/IC/Projects/System/rtl/Serializer.v" ....
 Analyzing source file "/home/ICer/IC/Projects/System/rtl/stop_checker.v" ....
 Analyzing source file "/home/ICer/IC/Projects/System/rtl/strt_checker.v" ....
 Analyzing source file "/home/ICer/IC/Projects/System/rtl/SYS_CTRL.v" ....
 Analyzing source file "/home/ICer/IC/Projects/System/rtl/SYSTEM_TOP.v" ....
 Analyzing source file "/home/ICer/IC/Projects/System/rtl/UART.v" ....
 Analyzing source file "/home/ICer/IC/Projects/System/rtl/UART_RX.v" ....
 Analyzing source file "/home/ICer/IC/Projects/System/rtl/UART_TX.v" ....
 Elaborating Top Verilog Design Unit 'SYSTEM_TOP' .....
 done
Checking Rule ElabSummary (Rule 58 of total 130) .... done (Time = 0.00s, Memory = -27.6K)
Checking Rule ReportCheckDataSummary (Rule 59 of total 130) .... done (Time = 0.00s, Memory = 0.0K)
Checking Rule IgnoredLibCells (Rule 60 of total 130) .... done (Time = 0.02s, Memory = -16.5K)
 Reading waiver file "./spyglass-1/Design_Read/spyglass_spysch/constraint/spg_autogenerated_waivers.sgdc" ...
 Generating WAIVER file "./spyglass-1/Design_Read/spyglass_spysch/waiver/pragma2Waiver.swl" from pragmas in HDL source files ....
Checking Rule DetectTopDesignUnits (Rule 61 of total 130)
 Detected 1 top level design units:
     SYSTEM_TOP
 .... done (Time = 0.00s, Memory = 4.5K)
Performing semantic checks on SGDC contents
Checking Rule SGDC_testmode03 (Rule 62 of total 130) .... done (Time = 0.00s, Memory = 0.0K)
Checking Rule ReportObsoletePragmas (Rule 63 of total 130) .... done (Time = 0.00s, Memory = -3.2K)
Checking Rule GenerateConfMap (Rule 64 of total 130) .... done (Time = 0.00s, Memory = 0.0K)
Checking Rule SGDC_sdcschema01 (Rule 65 of total 130) .... done (Time = 0.00s, Memory = 0.0K)
Checking Rule HdlLibDuCheck (Rule 66 of total 130) .... done (Time = 0.00s, Memory = 0.0K)
Checking Rule RtlDesignInfo (Rule 67 of total 130) .... done (Time = 0.00s, Memory = 5.8K)
Checking Rule CheckCelldefine (Rule 68 of total 130) .... done (Time = 0.00s, Memory = 0.0K)
 Synthesizing Library Cells specified through SgLib  ......
 Synthesis of Library Cells specified through SgLib completed 
 Synthesizing module: Pulse_Gen (elaborated name: Pulse_Gen) ... (Module 1 of total 29)  done 
 Synthesizing module: DF_SYNC (elaborated name: DF_SYNC) ... (Module 2 of total 29)  done 
 Synthesizing module: FIFO_MEM_CNTRL (elaborated name: FIFO_MEM_CNTRL) ... (Module 3 of total 29)  done 
 Synthesizing module: FIFO_WR (elaborated name: FIFO_WR) ... (Module 4 of total 29)  done 
 Synthesizing module: FIFO_RD (elaborated name: FIFO_RD) ... (Module 5 of total 29)  done 
 Synthesizing module: ASYNC_FIFO (elaborated name: ASYNC_FIFO) ... (Module 6 of total 29)  done 
 Synthesizing module: ALU (elaborated name: ALU) ... (Module 7 of total 29)  done 
 Synthesizing module: CLK_GATE (elaborated name: CLK_GATE) ... (Module 8 of total 29)  done 
 Synthesizing module: regfile (elaborated name: regfile) ... (Module 9 of total 29)  done 
 Synthesizing module: SYS_CTRL (elaborated name: SYS_CTRL) ... (Module 10 of total 29)  done 
 Synthesizing module: DATA_SYNC (elaborated name: DATA_SYNC) ... (Module 11 of total 29)  done 
 Synthesizing module: FSM_RX (elaborated name: FSM_RX) ... (Module 12 of total 29)  done 
 Synthesizing module: edge_bit_counter (elaborated name: edge_bit_counter) ... (Module 13 of total 29)  done 
 Synthesizing module: deserializer (elaborated name: deserializer) ... (Module 14 of total 29)  done 
 Synthesizing module: data_sampling (elaborated name: data_sampling) ... (Module 15 of total 29)  done 
 Synthesizing module: stop_checker (elaborated name: stop_checker) ... (Module 16 of total 29)  done 
 Synthesizing module: strt_checker (elaborated name: strt_checker) ... (Module 17 of total 29)  done 
 Synthesizing module: parity_checker (elaborated name: parity_checker) ... (Module 18 of total 29)  done 
 Synthesizing module: UART_RX (elaborated name: UART_RX) ... (Module 19 of total 29)  done 
 Synthesizing module: FSM_TX (elaborated name: FSM_TX) ... (Module 20 of total 29)  done 
 Synthesizing module: Serializer (elaborated name: Serializer) ... (Module 21 of total 29)  done 
 Synthesizing module: Parity_Calc (elaborated name: Parity_Calc) ... (Module 22 of total 29)  done 
 Synthesizing module: MUX (elaborated name: MUX) ... (Module 23 of total 29)  done 
 Synthesizing module: UART_TX (elaborated name: UART_TX) ... (Module 24 of total 29)  done 
 Synthesizing module: UART (elaborated name: UART) ... (Module 25 of total 29)  done 
 Synthesizing module: RST_SYNC (elaborated name: RST_SYNC) ... (Module 26 of total 29)  done 
 Synthesizing module: CLK_DIV (elaborated name: CLK_DIV) ... (Module 27 of total 29)  done 
 Synthesizing module: prescale_mux (elaborated name: prescale_mux) ... (Module 28 of total 29)  done 
 Synthesizing module: SYSTEM_TOP (elaborated name: SYSTEM_TOP) ... (Module 29 of total 29)  done 
 Synthesis completed.
Checking Rule InferBlackBox (Rule 69 of total 130) .... done (Time = 0.00s, Memory = -36.7K)
Checking Rule SGDC_waive37 (Rule 70 of total 130) .... done (Time = 0.00s, Memory = 0.0K)
Checking Rule SGDC_waive24 (Rule 71 of total 130) .... done (Time = 0.00s, Memory = 2.5K)
Checking Rule SGDC_waive25 (Rule 72 of total 130) .... done (Time = 0.00s, Memory = 4.0K)
Checking Rule SGDC_waive31 (Rule 73 of total 130) .... done (Time = 0.00s, Memory = 0.0K)
Checking Rule SGDC_waive35 (Rule 74 of total 130) .... done (Time = 0.00s, Memory = 0.0K)
Checking Rule ReportSglibSummary (Rule 75 of total 130) .... done (Time = 0.00s, Memory = 0.0K)
Checking Rule SDC2SGDCPARSE for module Pulse_Gen (Rule 76 of total 130) .... done (Time = 0.00s, Memory = 0.0K)
Checking Rule SDC2SGDCPARSE for module DF_SYNC (Rule 76 of total 130) .... done (Time = 0.00s, Memory = 0.0K)
Checking Rule SDC2SGDCPARSE for module FIFO_MEM_CNTRL (Rule 76 of total 130) .... done (Time = 0.00s, Memory = 0.0K)
Checking Rule SDC2SGDCPARSE for module FIFO_WR (Rule 76 of total 130) .... done (Time = 0.00s, Memory = 0.0K)
Checking Rule SDC2SGDCPARSE for module FIFO_RD (Rule 76 of total 130) .... done (Time = 0.00s, Memory = 0.0K)
Checking Rule SDC2SGDCPARSE for module ASYNC_FIFO (Rule 76 of total 130) .... done (Time = 0.00s, Memory = 0.0K)
Checking Rule SDC2SGDCPARSE for module ALU (Rule 76 of total 130) .... done (Time = 0.00s, Memory = 0.0K)
Checking Rule SDC2SGDCPARSE for module CLK_GATE (Rule 76 of total 130) .... done (Time = 0.00s, Memory = 0.0K)
Checking Rule SDC2SGDCPARSE for module regfile (Rule 76 of total 130) .... done (Time = 0.00s, Memory = 0.0K)
Checking Rule SDC2SGDCPARSE for module SYS_CTRL (Rule 76 of total 130) .... done (Time = 0.00s, Memory = 0.0K)
Checking Rule SDC2SGDCPARSE for module DATA_SYNC (Rule 76 of total 130) .... done (Time = 0.00s, Memory = 0.0K)
Checking Rule SDC2SGDCPARSE for module FSM_RX (Rule 76 of total 130) .... done (Time = 0.00s, Memory = 0.0K)
Checking Rule SDC2SGDCPARSE for module edge_bit_counter (Rule 76 of total 130) .... done (Time = 0.00s, Memory = 0.0K)
Checking Rule SDC2SGDCPARSE for module deserializer (Rule 76 of total 130) .... done (Time = 0.00s, Memory = 0.0K)
Checking Rule SDC2SGDCPARSE for module data_sampling (Rule 76 of total 130) .... done (Time = 0.00s, Memory = 0.0K)
Checking Rule SDC2SGDCPARSE for module stop_checker (Rule 76 of total 130) .... done (Time = 0.00s, Memory = 0.0K)
Checking Rule SDC2SGDCPARSE for module strt_checker (Rule 76 of total 130) .... done (Time = 0.00s, Memory = 0.0K)
Checking Rule SDC2SGDCPARSE for module parity_checker (Rule 76 of total 130) .... done (Time = 0.00s, Memory = 0.0K)
Checking Rule SDC2SGDCPARSE for module UART_RX (Rule 76 of total 130) .... done (Time = 0.00s, Memory = 0.0K)
Checking Rule SDC2SGDCPARSE for module FSM_TX (Rule 76 of total 130) .... done (Time = 0.00s, Memory = 0.0K)
Checking Rule SDC2SGDCPARSE for module Serializer (Rule 76 of total 130) .... done (Time = 0.00s, Memory = 0.0K)
Checking Rule SDC2SGDCPARSE for module Parity_Calc (Rule 76 of total 130) .... done (Time = 0.00s, Memory = 0.0K)
Checking Rule SDC2SGDCPARSE for module MUX (Rule 76 of total 130) .... done (Time = 0.00s, Memory = 0.0K)
Checking Rule SDC2SGDCPARSE for module UART_TX (Rule 76 of total 130) .... done (Time = 0.00s, Memory = 0.0K)
Checking Rule SDC2SGDCPARSE for module UART (Rule 76 of total 130) .... done (Time = 0.00s, Memory = 0.0K)
Checking Rule SDC2SGDCPARSE for module RST_SYNC (Rule 76 of total 130) .... done (Time = 0.00s, Memory = 0.0K)
Checking Rule SDC2SGDCPARSE for module CLK_DIV (Rule 76 of total 130) .... done (Time = 0.00s, Memory = 0.0K)
Checking Rule SDC2SGDCPARSE for module prescale_mux (Rule 76 of total 130) .... done (Time = 0.00s, Memory = 0.0K)
Checking Rule SDC2SGDCPARSE for module SYSTEM_TOP (Rule 76 of total 130) .... done (Time = 0.00s, Memory = 0.0K)
Performing semantic checks on SGDC contents
Checking Rule SGDC_testmode03 (Rule 62 of total 130) .... done (Time = 0.00s, Memory = 0.0K)
Checking Rule checkSGDC_01 (Rule 77 of total 130) .... done (Time = 0.00s, Memory = 24.2K)
Checking Rule checkSGDC_03 (Rule 78 of total 130) .... done (Time = 0.00s, Memory = 0.0K)
Checking Rule checkSGDC_08 (Rule 79 of total 130) .... done (Time = 0.00s, Memory = 0.0K)
Checking Rule SGDC_memorywritepin04 (Rule 80 of total 130) .... done (Time = 0.00s, Memory = 7.0K)
Checking Rule SGDC_reset02 (Rule 81 of total 130) .... done (Time = 0.00s, Memory = -8.8K)
Checking Rule SGDC_reset03 (Rule 82 of total 130) .... done (Time = 0.00s, Memory = -32.0K)
Checking Rule SGDC_waive23 (Rule 83 of total 130) .... done (Time = 0.00s, Memory = 0.0K)
Checking Rule SGDC_waive26 (Rule 84 of total 130) .... done (Time = 0.00s, Memory = 0.8K)
Checking Rule SGDC_waive27 (Rule 85 of total 130) .... done (Time = 0.00s, Memory = 0.4K)
Checking Rule SGDC_waive29 (Rule 86 of total 130) .... done (Time = 0.00s, Memory = 0.0K)
Checking Rule SGDC_libgroup03 (Rule 87 of total 130) .... done (Time = 0.00s, Memory = 0.0K)
Checking Rule SGDC_ungroup02 (Rule 88 of total 130) .... done (Time = 0.00s, Memory = 0.0K)
Checking Rule _abstractPortSGDC (Rule 89 of total 130) .... done (Time = 0.43s, Memory = 20.6K)
Checking Rule SGDC_abstract_port03 (Rule 90 of total 130) .... done (Time = 0.00s, Memory = 0.0K)
Checking Rule SGDC_abstract_port04 (Rule 91 of total 130) .... done (Time = 0.00s, Memory = -0.2K)
Checking Rule SGDC_abstract_port05 (Rule 92 of total 130) .... done (Time = 0.00s, Memory = 0.0K)
Checking Rule SGDC_abstract_port07 (Rule 93 of total 130) .... done (Time = 0.00s, Memory = 0.0K)
Checking Rule SGDC_abstract_port08 (Rule 94 of total 130) .... done (Time = 0.00s, Memory = -32.0K)
Checking Rule SGDC_abstract_port10 (Rule 95 of total 130) .... done (Time = 0.00s, Memory = -0.4K)
Checking Rule SGDC_abstract_port11 (Rule 96 of total 130) .... done (Time = 0.00s, Memory = 1.9K)
Checking Rule SGDC_abstract_port12 (Rule 97 of total 130) .... done (Time = 0.00s, Memory = 0.0K)
Checking Rule SGDC_abstract_port13 (Rule 98 of total 130) .... done (Time = 0.00s, Memory = 0.4K)
Checking Rule ReportUngroup (Rule 99 of total 130) .... done (Time = 0.00s, Memory = 4.7K)
Checking Rule SGDC_abstract_port21 (Rule 100 of total 130) .... done (Time = 0.00s, Memory = 0.0K)
Checking Rule SDC2SGDC_WRN01 (Rule 101 of total 130) .... done (Time = 0.00s, Memory = 0.0K)
Checking Rule SDC2SGDC_STX01 (Rule 102 of total 130) .... done (Time = 0.00s, Memory = 0.0K)
 Flattening SYSTEM_TOP ....
 Flattening completed
Checking Rule Domain_Conflict01 (Rule 103 of total 130) .... done (Time = 0.00s, Memory = 0.6K)
Checking Rule Domain_Matrix01 (Rule 104 of total 130) .... done (Time = 0.00s, Memory = 32.0K)
Checking Rule Domain_Missing01 (Rule 105 of total 130) .... done (Time = 0.00s, Memory = 0.0K)
Checking Rule SDC_Mapping01 (Rule 106 of total 130) .... done (Time = 0.00s, Memory = 0.0K)
Checking Rule SDC2SGDCPARSEW (Rule 107 of total 130)
AtrDomain: Inferring Clock Domains...CLOCK_STA mode..Done. (Time Taken=0s)
AtrDomain: Generating Clock Domain Reports...Done. (Time Taken=0s)
 .... done (Time = 0.09s, Memory = 37.0K)
Checking Rule AnalyzeBBox (Rule 108 of total 130) .... done (Time = 0.00s, Memory = 0.0K)
Checking Rule ReportCheckDataSummary (Rule 59 of total 130) .... done (Time = 0.00s, Memory = 0.0K)

Generating data for Console...

SpyGlass Rule Checking Complete.

Generating moresimple report from './spyglass-1/Design_Read/spyglass.vdb' to './spyglass-1/Design_Read/spyglass_reports/moresimple.rpt' ....

Generating runsummary report from './spyglass-1/Design_Read/spyglass.vdb' ....

Generating no_msg_reporting_rules report from './spyglass-1/Design_Read/spyglass.vdb' to './spyglass-1/Design_Read/spyglass_reports/no_msg_reporting_rules.rpt' ....

Policy specific data (reports) are present in the directory './spyglass-1/Design_Read/spyglass_reports'.

SpyGlass critical reports for the current run are present in directory './spyglass-1/consolidated_reports/Design_Read/'.

---------------------------------------------------------------------------------------------
Results Summary:
---------------------------------------------------------------------------------------------
   Goal Run           :      Design_Read
   Command-line read  :      0 error,      0 warning,      0 information message 
   Design Read        :      0 error,      0 warning,      5 information messages
      Found 1 top module:
         SYSTEM_TOP   (file: /home/ICer/IC/Projects/System/rtl/SYSTEM_TOP.v)

   Blackbox Resolution:      0 error,      0 warning,      0 information message 
   SGDC Checks        :      0 error,      0 warning,      1 information message 
   -------------------------------------------------------------------------------------
   Total              :      0 error,      0 warning,      6 information messages

  Total Number of Generated Messages     :         6 (0 error, 0 warning, 6 Infos)
  Number of Reported Messages            :         6 (0 error, 0 warning, 6 Infos)

---------------------------------------------------------------------------------------------


run_goal: info: updating spyglass.log with goal summary
---------------------------------------------------------------------------------------------------
Results Summary:
---------------------------------------------------------------------------------------------------
   Goal Run           :      Design_Read
   Top Module         :      SYSTEM_TOP
---------------------------------------------------------------------------------------------------
   Reports Directory: 
   /home/ICer/IC/Projects/System/CDC/spyglass-1/consolidated_reports/Design_Read/ 

   SpyGlass LogFile: 
    /home/ICer/IC/Projects/System/CDC/spyglass-1/Design_Read/spyglass.log 

   Standard Reports: 
     moresimple.rpt          no_msg_reporting_rules.rpt       

   HTML report:
    /home/ICer/IC/Projects/System/CDC/spyglass-1/html_reports/goals_summary.html
  

   Technology Reports:  
     <Not Available>
   
   
---------------------------------------------------------------------------------------------------
   Goal Violation Summary:
       Waived   Messages:                      0 Errors,      0 Warnings,      0 Infos
       Reported Messages:         0 Fatals,    0 Errors,      0 Warnings,      6 Infos
---------------------------------------------------------------------------------------------------
   
---------------------------------------------------------------------------------------------------
 
run_goal: info: spyglass.log successfully updated with goal summary
run_goal: info: setting design top `SYSTEM_TOP' as current_design
run_goal: warning: save/restore disabled for the currently selected goal, design query data is not saved
link_design: info: single top `SYSTEM_TOP' found, setting it as top for subsequent analysis [set_option top SYSTEM_TOP]
0 {Rule-checking completed without errors or warnings}current_goal: info: current goal selection with -alltop has reset the last active top `SYSTEM_TOP'.
                    It is recommended to maintain goal runs with -alltop in a separate project file.
                    You can save this project after setting the top again with `set_option top SYSTEM_TOP',
                    and then start a different project for -alltop runs.
current_goal: warning: goal `cdc/cdc_setup_check' was run but not saved last time
                       run results and goal settings might not match
current_goal: info: loading goal `cdc/cdc_setup_check' (in progress)
current_goal: info: finished loading goal `cdc/cdc_setup_check' (ok)

INFO:    SpyGlass will run goal(s) 'cdc/cdc_setup_check'.


 Auto-compiling gates libraries

        "../std_cells/scmetro_tsmc_cl013g_rvt_ff_1p32v_m40c.lib"
        "../std_cells/scmetro_tsmc_cl013g_rvt_ss_1p08v_125c.lib"
        "../std_cells/scmetro_tsmc_cl013g_rvt_tt_1p2v_25c.lib"
    to
        "./spyglass-1/spyglass_cache/autogenerated_sglib/aggregate.sglib" ...already compiled

 Using this already compiled sglib for the current run ...

RULE-CHECKING IN MIXED MODE
Loading spyglass (SpyGlass_vL-2016.06) ... (picked from /home/synopsys/SpyGlass-L2016.06/SPYGLASS_HOME/policies/spyglass)
Loading clock-reset (SpyGlass_vL-2016.06) ... (picked from /home/synopsys/SpyGlass-L2016.06/SPYGLASS_HOME/policies/clock)
Loading txv (SpyGlass_vL-2016.06) ... (picked from /home/synopsys/SpyGlass-L2016.06/SPYGLASS_HOME/policies/txv)

TXV_INFO Parameter txv_extract_domain will be renamed to txv_domain_mode in future!

Loading timing (SpyGlass_vL-2016.06) ... (picked from /home/synopsys/SpyGlass-L2016.06/SPYGLASS_HOME/policies/timing)
Loading starcad-21 (SpyGlass_vL-2016.06) ... (picked from /home/synopsys/SpyGlass-L2016.06/SPYGLASS_HOME/policies/starcad-21)
Loading starc2005 (SpyGlass_vL-2016.06) ... (picked from /home/synopsys/SpyGlass-L2016.06/SPYGLASS_HOME/policies/starc2005)
Loading starc2002 (SpyGlass_vL-2016.06) ... (picked from /home/synopsys/SpyGlass-L2016.06/SPYGLASS_HOME/policies/starc2002)
Loading starc (SpyGlass_vL-2016.06) ... (picked from /home/synopsys/SpyGlass-L2016.06/SPYGLASS_HOME/policies/starc)
Loading simulation (SpyGlass_vL-2016.06) ... (picked from /home/synopsys/SpyGlass-L2016.06/SPYGLASS_HOME/policies/simulation)
Loading power_est (SpyGlass_vL-2016.06) ... (picked from /home/synopsys/SpyGlass-L2016.06/SPYGLASS_HOME/policies/power_est)
Loading openmore (SpyGlass_vL-2016.06) ... (picked from /home/synopsys/SpyGlass-L2016.06/SPYGLASS_HOME/policies/openmore)
Loading morelint (SpyGlass_vL-2016.06) ... (picked from /home/synopsys/SpyGlass-L2016.06/SPYGLASS_HOME/policies/morelint)
Loading miscellaneous (SpyGlass_vL-2016.06) ... (picked from /home/synopsys/SpyGlass-L2016.06/SPYGLASS_HOME/policies/miscellaneous)
Loading lowpower (SpyGlass_vL-2016.06) ... (picked from /home/synopsys/SpyGlass-L2016.06/SPYGLASS_HOME/policies/lowpower)
Loading lint (SpyGlass_vL-2016.06) ... (picked from /home/synopsys/SpyGlass-L2016.06/SPYGLASS_HOME/policies/lint)
Loading latch (SpyGlass_vL-2016.06) ... (picked from /home/synopsys/SpyGlass-L2016.06/SPYGLASS_HOME/policies/latch)
Loading erc (SpyGlass_vL-2016.06) ... (picked from /home/synopsys/SpyGlass-L2016.06/SPYGLASS_HOME/policies/erc)
Loading dft_dsm (SpyGlass_vL-2016.06) ... (picked from /home/synopsys/SpyGlass-L2016.06/SPYGLASS_HOME/policies/dft_dsm)
Loading dft (SpyGlass_vL-2016.06) ... (picked from /home/synopsys/SpyGlass-L2016.06/SPYGLASS_HOME/policies/dft)
Loading constraints (SpyGlass_vL-2016.06) ... (picked from /home/synopsys/SpyGlass-L2016.06/SPYGLASS_HOME/policies/constraints)
Loading const_intern1 (SpyGlass_vL-2016.06) ... (picked from /home/synopsys/SpyGlass-L2016.06/SPYGLASS_HOME/policies/constraints)
Loading area (SpyGlass_vL-2016.06) ... (picked from /home/synopsys/SpyGlass-L2016.06/SPYGLASS_HOME/policies/area)
Loading Audits (SpyGlass_vL-2016.06) ... (picked from /home/synopsys/SpyGlass-L2016.06/SPYGLASS_HOME/policies/Audits)
 Reading sgdc file "SYSTEM_TOP.sgdc" ...
Performing unification checks on SGDC... done
Reading specified sglib files(s) ....
   Processing library: 'scmetro_tsmc_cl013g_rvt_ff_1p32v_m40c' .... done
   Processing library: 'scmetro_tsmc_cl013g_rvt_ss_1p08v_125c' .... done
   Processing library: 'scmetro_tsmc_cl013g_rvt_tt_1p2v_25c' .... done
Checking Rule AutoGenerateSglib (Rule 1 of total 399) .... done (Time = 0.00s, Memory = 0.0K)

INFO [76]    Using `./spyglass-1/WORK/64' as the Work Directory for 64bit precompiled dump.
Checking Rule SGDC_power_est29 (Rule 2 of total 399) .... done (Time = 0.00s, Memory = -0.4K)
Checking Rule PECHECK04 (Rule 3 of total 399) .... done (Time = 0.00s, Memory = 40.1K)
Checking Rule PECHECK18 (Rule 4 of total 399) .... done (Time = 0.00s, Memory = -24.0K)
Checking Rule PEMVDD01 (Rule 5 of total 399) .... done (Time = 0.00s, Memory = 0.0K)
Checking Rule Param_clockreset07 (Rule 6 of total 399) .... done (Time = 0.00s, Memory = 0.0K)
Checking Rule Clock_setup01 (Rule 7 of total 399) .... done (Time = 0.04s, Memory = 41.5K)
Checking Rule Param_clockreset06 (Rule 8 of total 399) .... done (Time = 0.00s, Memory = 0.0K)
Checking Rule SGDC_meta_monitor_attributes01 (Rule 9 of total 399) .... done (Time = 0.00s, Memory = 0.0K)
Checking Rule LP_POWERDATA_CHECK (Rule 10 of total 399) .... done (Time = 0.00s, Memory = 0.0K)
Checking Rule LP_POWERDATA_READ (Rule 11 of total 399) .... done (Time = 0.00s, Memory = 0.0K)
Checking Rule PrecompileLibCheck01 (Rule 12 of total 399) .... done (Time = 0.00s, Memory = 0.0K)
Checking Rule PrecompileLibCheck02 (Rule 13 of total 399) .... done (Time = 0.00s, Memory = 0.0K)
Checking Rule PrecompileLibCheck03 (Rule 14 of total 399) .... done (Time = 0.00s, Memory = 0.0K)
Checking Rule PrecompileLibCheck04 (Rule 15 of total 399) .... done (Time = 0.00s, Memory = 0.0K)
Checking Rule ReportSglibVersionSummary (Rule 16 of total 399) .... done (Time = 0.00s, Memory = 0.0K)
Checking Rule SGDC_assume_path01 (Rule 17 of total 399) .... done (Time = 0.00s, Memory = 0.0K)
Checking Rule SGDC_sdcschema02 (Rule 18 of total 399) .... done (Time = 0.00s, Memory = 0.0K)
Checking Rule SGDC_clock05 (Rule 19 of total 399) .... done (Time = 0.00s, Memory = 0.0K)
Checking Rule SGDC_clock09 (Rule 20 of total 399) .... done (Time = 0.00s, Memory = 4.0K)
Checking Rule SGDC_force_ta05 (Rule 21 of total 399) .... done (Time = 0.00s, Memory = 0.0K)
Checking Rule SGDC_require_path03 (Rule 22 of total 399) .... done (Time = 0.00s, Memory = 24.0K)
Checking Rule SGDC_require_value03 (Rule 23 of total 399) .... done (Time = 0.00s, Memory = 7.5K)
Checking Rule SGDC_voltagedomain05 (Rule 24 of total 399) .... done (Time = 0.00s, Memory = 4.7K)
Checking Rule SGDC_voltagedomain06 (Rule 25 of total 399) .... done (Time = 0.00s, Memory = 1.8K)
Checking Rule SGDC_voltagedomain07 (Rule 26 of total 399) .... done (Time = 0.00s, Memory = 4.0K)
Checking Rule SGDC_powerdomainoutputs02 (Rule 27 of total 399) .... done (Time = 0.00s, Memory = 0.0K)
Checking Rule SGDC_supply01 (Rule 28 of total 399) .... done (Time = 0.00s, Memory = 0.0K)
Checking Rule SGDC_waive01 (Rule 29 of total 399) .... done (Time = 0.00s, Memory = -32.0K)
Checking Rule SGDC_waive02 (Rule 30 of total 399) .... done (Time = 0.00s, Memory = 0.0K)
Checking Rule SGDC_waive03 (Rule 31 of total 399) .... done (Time = 0.00s, Memory = 0.0K)
Checking Rule SGDC_waive04 (Rule 32 of total 399) .... done (Time = 0.00s, Memory = 0.0K)
Checking Rule SGDC_waive05 (Rule 33 of total 399) .... done (Time = 0.00s, Memory = 0.0K)
Checking Rule SGDC_waive06 (Rule 34 of total 399) .... done (Time = 0.00s, Memory = 0.0K)
Checking Rule SGDC_waive07 (Rule 35 of total 399) .... done (Time = 0.00s, Memory = 0.0K)
Checking Rule SGDC_waive08 (Rule 36 of total 399) .... done (Time = 0.00s, Memory = 0.0K)
Checking Rule SGDC_waive09 (Rule 37 of total 399) .... done (Time = 0.00s, Memory = 0.0K)
Checking Rule SGDC_waive10 (Rule 38 of total 399) .... done (Time = 0.00s, Memory = 0.0K)
Checking Rule SGDC_waive11 (Rule 39 of total 399) .... done (Time = 0.00s, Memory = 0.0K)
Checking Rule SGDC_waive12 (Rule 40 of total 399) .... done (Time = 0.00s, Memory = 4.0K)
Checking Rule SGDC_waive13 (Rule 41 of total 399) .... done (Time = 0.00s, Memory = 0.0K)
Checking Rule SGDC_waive21 (Rule 42 of total 399) .... done (Time = 0.00s, Memory = 0.0K)
Checking Rule SGDC_waive22 (Rule 43 of total 399) .... done (Time = 0.00s, Memory = -32.0K)
Checking Rule SGDC_waive30 (Rule 44 of total 399) .... done (Time = 0.00s, Memory = -32.0K)
Checking Rule SGDC_waive32 (Rule 45 of total 399) .... done (Time = 0.00s, Memory = -0.3K)
Checking Rule SGDC_waive33 (Rule 46 of total 399) .... done (Time = 0.00s, Memory = 0.0K)
Checking Rule SGDC_waive36 (Rule 47 of total 399) .... done (Time = 0.00s, Memory = -32.0K)
Checking Rule SGDC_waive38 (Rule 48 of total 399) .... done (Time = 0.00s, Memory = 0.0K)
Checking Rule SGDC_fifo01 (Rule 49 of total 399) .... done (Time = 0.00s, Memory = 15.0K)
Checking Rule SGDC_libgroup01 (Rule 50 of total 399) .... done (Time = 0.00s, Memory = 0.0K)
Checking Rule SGDC_libgroup02 (Rule 51 of total 399) .... done (Time = 0.00s, Memory = 0.0K)
Checking Rule SGDC_libgroup04 (Rule 52 of total 399) .... done (Time = 0.00s, Memory = 15.0K)
Checking Rule SGDC_power_data01 (Rule 53 of total 399) .... done (Time = 0.00s, Memory = 0.0K)
Checking Rule SGDC_ungroup01 (Rule 54 of total 399) .... done (Time = 0.00s, Memory = 15.0K)
Checking Rule SGDC_abstract_port06 (Rule 55 of total 399) .... done (Time = 0.00s, Memory = 0.8K)
Checking Rule SGDC_abstract_port14 (Rule 56 of total 399) .... done (Time = 0.00s, Memory = 15.0K)
Checking Rule SGDC_abstract_port15 (Rule 57 of total 399) .... done (Time = 0.00s, Memory = 0.0K)
Checking Rule SGDC_abstract_port18 (Rule 58 of total 399) .... done (Time = 0.00s, Memory = 4.0K)
Checking Rule SDC2SGDC_INFO (Rule 59 of total 399) .... done (Time = 0.00s, Memory = 83.0K)
Checking Rule SDC_ParamSanityCheck (Rule 60 of total 399) .... done (Time = 0.02s, Memory = -15.5K)
Checking Rule SDC_Sanity_Rule (Rule 61 of total 399)SDC-file translator read from path : /home/synopsys/SpyGlass-L2016.06/SPYGLASS_HOME/auxi/sdcparser
 .... done (Time = 0.00s, Memory = 0.0K)
Checking Rule sdc_init_rule (Rule 62 of total 399) .... done (Time = 0.03s, Memory = 81.8K)
Checking Rule CMD_ignorelibs01 (Rule 63 of total 399) .... done (Time = 0.00s, Memory = 0.0K)
Checking Rule ReportRuleNotRun (Rule 64 of total 399) .... done (Time = 0.00s, Memory = -2.5K)
Checking Rule SGDC_generated_clock03 (Rule 65 of total 399) .... done (Time = 0.00s, Memory = 0.0K)
Checking Rule SGDC_generated_clock04 (Rule 66 of total 399) .... done (Time = 0.00s, Memory = 17.7K)
Checking Rule SGDC_generated_clock05 (Rule 67 of total 399) .... done (Time = 0.00s, Memory = 0.0K)
Checking Rule SGDC_quasi_static_style02 (Rule 68 of total 399) .... done (Time = 0.00s, Memory = 3.3K)
Checking Rule SGDC_syncresetstyle01 (Rule 69 of total 399) .... done (Time = 0.00s, Memory = 0.0K)
Checking Rule SGDC_network_allowed_cells01 (Rule 70 of total 399) .... done (Time = 0.00s, Memory = 19.0K)
Checking Rule SGDC_numflops01 (Rule 71 of total 399) .... done (Time = 0.00s, Memory = 0.0K)
Checking Rule SGDC_numflops07 (Rule 72 of total 399) .... done (Time = 0.00s, Memory = 0.0K)
Checking Rule SGDC_numflops08 (Rule 73 of total 399) .... done (Time = 0.00s, Memory = 4.8K)
Checking Rule SGDC_numflops09 (Rule 74 of total 399) .... done (Time = 0.00s, Memory = 1.6K)
Checking Rule SGDC_clocksense04 (Rule 75 of total 399) .... done (Time = 0.00s, Memory = 0.0K)
Checking Rule SGDC_check_clock_relation05a (Rule 76 of total 399) .... done (Time = 0.00s, Memory = 0.0K)
Checking Rule SGDC_check_clock_relation05b (Rule 77 of total 399) .... done (Time = 0.00s, Memory = 0.0K)
Checking Rule SGDC_sync_cell08a (Rule 78 of total 399) .... done (Time = 0.00s, Memory = 8.0K)
Checking Rule SGDC_sync_cell09a (Rule 79 of total 399) .... done (Time = 0.00s, Memory = 0.0K)
Checking Rule SGDC_qualifier06 (Rule 80 of total 399) .... done (Time = 0.00s, Memory = 0.0K)
Checking Rule SGDC_cdc_waive03 (Rule 81 of total 399) .... done (Time = 0.00s, Memory = 32.5K)
Checking Rule SGDC_qualifier09 (Rule 82 of total 399) .... done (Time = 0.00s, Memory = 0.5K)
Checking Rule SGDC_qualifier15 (Rule 83 of total 399) .... done (Time = 0.00s, Memory = 0.9K)
Checking Rule SGDC_allow_combo_logic01 (Rule 84 of total 399) .... done (Time = 0.00s, Memory = 8.0K)
Checking Rule SGDC_reset_filter_path01 (Rule 85 of total 399) .... done (Time = 0.00s, Memory = 0.0K)
Checking Rule SGDC_cdc_false_path05 (Rule 86 of total 399) .... done (Time = 0.00s, Memory = 0.5K)
Checking Rule Param_clockreset05 (Rule 87 of total 399) .... done (Time = 0.00s, Memory = 0.0K)
Checking Rule Ac_sanity01 (Rule 88 of total 399) .... done (Time = 0.00s, Memory = 0.0K)
Checking Rule Ac_sanity06 (Rule 89 of total 399) .... done (Time = 0.00s, Memory = 4.0K)
Checking Rule Ac_license01 (Rule 90 of total 399) .... done (Time = 0.00s, Memory = -1.8K)
Checking Rule SGDC_reset_synchronizer07 (Rule 91 of total 399) .... done (Time = 0.00s, Memory = -2.4K)
Checking Rule ReportStopSummary (Rule 92 of total 399) .... done (Time = 0.00s, Memory = 0.0K)
Checking Rule ReportIgnoreSummary (Rule 93 of total 399) .... done (Time = 0.00s, Memory = 8.0K)
 Analyzing source file "/home/ICer/IC/Projects/System/rtl/ALU.v" ....
 Analyzing source file "/home/ICer/IC/Projects/System/rtl/ASYNC_FIFO.v" ....
 Analyzing source file "/home/ICer/IC/Projects/System/rtl/Clk_Div.v" ....
 Analyzing source file "/home/ICer/IC/Projects/System/rtl/CLK_GATE.v" ....
 Analyzing source file "/home/ICer/IC/Projects/System/rtl/data_sampling.v" ....
 Analyzing source file "/home/ICer/IC/Projects/System/rtl/DATA_SYNC.v" ....
 Analyzing source file "/home/ICer/IC/Projects/System/rtl/deserializer.v" ....
 Analyzing source file "/home/ICer/IC/Projects/System/rtl/DF_SYNC.v" ....
 Analyzing source file "/home/ICer/IC/Projects/System/rtl/edge_bit_counter.v" ....
 Analyzing source file "/home/ICer/IC/Projects/System/rtl/FIFO_MEM_CNTRL.v" ....
 Analyzing source file "/home/ICer/IC/Projects/System/rtl/FIFO_RD.v" ....
 Analyzing source file "/home/ICer/IC/Projects/System/rtl/FIFO_WR.v" ....
 Analyzing source file "/home/ICer/IC/Projects/System/rtl/FSM_RX.v" ....
 Analyzing source file "/home/ICer/IC/Projects/System/rtl/FSM_TX.sv" ....
 Analyzing source file "/home/ICer/IC/Projects/System/rtl/MUX.v" ....
 Analyzing source file "/home/ICer/IC/Projects/System/rtl/Parity_Calc.v" ....
 Analyzing source file "/home/ICer/IC/Projects/System/rtl/parity_checker.v" ....
 Analyzing source file "/home/ICer/IC/Projects/System/rtl/prescale_mux.v" ....
 Analyzing source file "/home/ICer/IC/Projects/System/rtl/Pulse_Gen.v" ....
 Analyzing source file "/home/ICer/IC/Projects/System/rtl/regfile.v" ....
 Analyzing source file "/home/ICer/IC/Projects/System/rtl/RST_SYNC.v" ....
 Analyzing source file "/home/ICer/IC/Projects/System/rtl/Serializer.v" ....
 Analyzing source file "/home/ICer/IC/Projects/System/rtl/stop_checker.v" ....
 Analyzing source file "/home/ICer/IC/Projects/System/rtl/strt_checker.v" ....
 Analyzing source file "/home/ICer/IC/Projects/System/rtl/SYS_CTRL.v" ....
 Analyzing source file "/home/ICer/IC/Projects/System/rtl/SYSTEM_TOP.v" ....
 Analyzing source file "/home/ICer/IC/Projects/System/rtl/UART.v" ....
 Analyzing source file "/home/ICer/IC/Projects/System/rtl/UART_RX.v" ....
 Analyzing source file "/home/ICer/IC/Projects/System/rtl/UART_TX.v" ....
 Elaborating Top Verilog Design Unit 'SYSTEM_TOP' .....
 done
Checking Rule ElabSummary (Rule 94 of total 399) .... done (Time = 0.01s, Memory = 5.5K)
Checking Rule ReportCheckDataSummary (Rule 95 of total 399) .... done (Time = 0.00s, Memory = -2.2K)
Checking Rule IgnoredLibCells (Rule 96 of total 399) .... done (Time = 0.02s, Memory = 0.2K)
 Reading waiver file "./spyglass-1/cdc/cdc_setup_check/spyglass_spysch/constraint/spg_autogenerated_waivers.sgdc" ...
 Generating WAIVER file "./spyglass-1/cdc/cdc_setup_check/spyglass_spysch/waiver/pragma2Waiver.swl" from pragmas in HDL source files ....
Checking Rule DetectTopDesignUnits (Rule 97 of total 399)
 Detected 1 top level design units:
     SYSTEM_TOP
 .... done (Time = 0.00s, Memory = 1.4K)
Performing semantic checks on SGDC contents
Checking Rule SGDC_testmode03 (Rule 98 of total 399) .... done (Time = 0.00s, Memory = 0.0K)
Checking Rule PECHECK09 (Rule 99 of total 399) .... done (Time = 0.00s, Memory = 4.0K)
Checking Rule ReportObsoletePragmas (Rule 100 of total 399) .... done (Time = 0.00s, Memory = 0.0K)
Checking Rule GenerateConfMap (Rule 101 of total 399) .... done (Time = 0.00s, Memory = 0.0K)
Checking Rule SGDC_sdcschema01 (Rule 102 of total 399) .... done (Time = 0.00s, Memory = 2.5K)
Checking Rule HdlLibDuCheck (Rule 103 of total 399) .... done (Time = 0.00s, Memory = -19.3K)
Checking Rule Ac_multitop01 (Rule 104 of total 399) .... done (Time = 0.02s, Memory = 0.2K)
Checking Rule RtlDesignInfo (Rule 105 of total 399) .... done (Time = 0.00s, Memory = 3.3K)
Checking Rule Ac_sanity05 (Rule 106 of total 399) .... done (Time = 0.00s, Memory = 8.0K)
Checking Rule Ac_sanity05 (Rule 107 of total 399) .... done (Time = 0.00s, Memory = 0.0K)
Checking Rule Prereqs_STARC-1.6.2.1 (Rule 108 of total 399) .... done (Time = 0.00s, Memory = 0.0K)
Checking Rule Prereqs_RegOutputs (Rule 109 of total 399) .... done (Time = 0.00s, Memory = 0.0K)
Checking Rule Latch_VePreReqRule (Rule 110 of total 399) .... done (Time = 0.00s, Memory = -9.0K)
Checking Rule Pragma_setupa (Rule 111 of total 399) .... done (Time = 0.00s, Memory = 0.0K)
Checking Rule Pragma_setupb (Rule 112 of total 399) .... done (Time = 0.00s, Memory = 0.0K)
Checking Rule CheckCelldefine (Rule 113 of total 399) .... done (Time = 0.00s, Memory = 0.0K)
Checking Rule SGDC_numflops12 (Rule 114 of total 399) .... done (Time = 0.00s, Memory = -0.5K)
Checking Rule SGDC_sync_cell11 (Rule 115 of total 399) .... done (Time = 0.00s, Memory = -0.6K)
Checking Rule _deltaDelay (Rule 116 of total 399) .... done (Time = 0.00s, Memory = 0.0K)
Checking Rule _deltaDelay (Rule 117 of total 399) .... done (Time = 0.00s, Memory = 0.0K)
Checking ELABDU Rules for designUnit SYSTEM_TOP
    Checking Rule Prereqs_ConstantInput-ML (Rule 118 of total 399) .... done (Time = 0.00s, Memory = -0.2K)
    Checking Rule Prereqs_ConstantInput-ML (Rule 119 of total 399) .... done (Time = 0.00s, Memory = 0.0K)
    Checking Rule GenTopLevelBlocksForAutoSoc (Rule 120 of total 399) .... done (Time = 0.00s, Memory = 2.8K)
    Checking Rule syncRstReq (Rule 121 of total 399) .... done (Time = 0.00s, Memory = -2.8K)
    Checking Rule syncRstReq (Rule 122 of total 399) .... done (Time = 0.00s, Memory = 0.0K)
    Checking Rule AcOvlRtl (Rule 123 of total 399) .... done (Time = 0.00s, Memory = 0.0K)
    Checking Rule AcOvlRtl (Rule 124 of total 399) .... done (Time = 0.00s, Memory = 0.2K)
Checking ELABDU Rules for designUnit prescale_mux
    Checking Rule Prereqs_ConstantInput-ML (Rule 118 of total 399) .... done (Time = 0.00s, Memory = -8.0K)
    Checking Rule Prereqs_ConstantInput-ML (Rule 119 of total 399) .... done (Time = 0.00s, Memory = 0.0K)
    Checking Rule GenTopLevelBlocksForAutoSoc (Rule 120 of total 399) .... done (Time = 0.00s, Memory = 4.0K)
    Checking Rule syncRstReq (Rule 121 of total 399) .... done (Time = 0.00s, Memory = -24.0K)
    Checking Rule syncRstReq (Rule 122 of total 399) .... done (Time = 0.00s, Memory = 0.0K)
    Checking Rule AcOvlRtl (Rule 123 of total 399) .... done (Time = 0.00s, Memory = 0.0K)
    Checking Rule AcOvlRtl (Rule 124 of total 399) .... done (Time = 0.00s, Memory = 0.2K)
Checking ELABDU Rules for designUnit CLK_DIV
    Checking Rule Prereqs_ConstantInput-ML (Rule 118 of total 399) .... done (Time = 0.00s, Memory = 0.0K)
    Checking Rule Prereqs_ConstantInput-ML (Rule 119 of total 399) .... done (Time = 0.00s, Memory = 0.0K)
    Checking Rule GenTopLevelBlocksForAutoSoc (Rule 120 of total 399) .... done (Time = 0.00s, Memory = 0.0K)
    Checking Rule syncRstReq (Rule 121 of total 399) .... done (Time = 0.00s, Memory = 0.9K)
    Checking Rule syncRstReq (Rule 122 of total 399) .... done (Time = 0.00s, Memory = 0.0K)
    Checking Rule AcOvlRtl (Rule 123 of total 399) .... done (Time = 0.00s, Memory = 0.0K)
    Checking Rule AcOvlRtl (Rule 124 of total 399) .... done (Time = 0.00s, Memory = 0.2K)
Checking ELABDU Rules for designUnit RST_SYNC
    Checking Rule Prereqs_ConstantInput-ML (Rule 118 of total 399) .... done (Time = 0.00s, Memory = 0.0K)
    Checking Rule Prereqs_ConstantInput-ML (Rule 119 of total 399) .... done (Time = 0.00s, Memory = 0.0K)
    Checking Rule GenTopLevelBlocksForAutoSoc (Rule 120 of total 399) .... done (Time = 0.00s, Memory = 0.0K)
    Checking Rule syncRstReq (Rule 121 of total 399) .... done (Time = 0.00s, Memory = 0.0K)
    Checking Rule syncRstReq (Rule 122 of total 399) .... done (Time = 0.00s, Memory = 0.0K)
    Checking Rule AcOvlRtl (Rule 123 of total 399) .... done (Time = 0.00s, Memory = 4.0K)
    Checking Rule AcOvlRtl (Rule 124 of total 399) .... done (Time = 0.00s, Memory = 0.2K)
Checking ELABDU Rules for designUnit UART
    Checking Rule Prereqs_ConstantInput-ML (Rule 118 of total 399) .... done (Time = 0.00s, Memory = -1.9K)
    Checking Rule Prereqs_ConstantInput-ML (Rule 119 of total 399) .... done (Time = 0.00s, Memory = 0.0K)
    Checking Rule GenTopLevelBlocksForAutoSoc (Rule 120 of total 399) .... done (Time = 0.00s, Memory = -1.5K)
    Checking Rule syncRstReq (Rule 121 of total 399) .... done (Time = 0.00s, Memory = 32.0K)
    Checking Rule syncRstReq (Rule 122 of total 399) .... done (Time = 0.00s, Memory = 0.0K)
    Checking Rule AcOvlRtl (Rule 123 of total 399) .... done (Time = 0.00s, Memory = 0.0K)
    Checking Rule AcOvlRtl (Rule 124 of total 399) .... done (Time = 0.00s, Memory = 0.2K)
Checking ELABDU Rules for designUnit UART_TX
    Checking Rule Prereqs_ConstantInput-ML (Rule 118 of total 399) .... done (Time = 0.00s, Memory = 0.0K)
    Checking Rule Prereqs_ConstantInput-ML (Rule 119 of total 399) .... done (Time = 0.00s, Memory = 0.0K)
    Checking Rule GenTopLevelBlocksForAutoSoc (Rule 120 of total 399) .... done (Time = 0.00s, Memory = -4.0K)
    Checking Rule syncRstReq (Rule 121 of total 399) .... done (Time = 0.00s, Memory = -24.0K)
    Checking Rule syncRstReq (Rule 122 of total 399) .... done (Time = 0.00s, Memory = 0.0K)
    Checking Rule AcOvlRtl (Rule 123 of total 399) .... done (Time = 0.00s, Memory = 0.0K)
    Checking Rule AcOvlRtl (Rule 124 of total 399) .... done (Time = 0.00s, Memory = 0.2K)
Checking ELABDU Rules for designUnit MUX
    Checking Rule Prereqs_ConstantInput-ML (Rule 118 of total 399) .... done (Time = 0.00s, Memory = 3.1K)
    Checking Rule Prereqs_ConstantInput-ML (Rule 119 of total 399) .... done (Time = 0.00s, Memory = 0.0K)
    Checking Rule GenTopLevelBlocksForAutoSoc (Rule 120 of total 399) .... done (Time = 0.00s, Memory = -1.6K)
    Checking Rule syncRstReq (Rule 121 of total 399) .... done (Time = 0.00s, Memory = 3.1K)
    Checking Rule syncRstReq (Rule 122 of total 399) .... done (Time = 0.00s, Memory = 0.0K)
    Checking Rule AcOvlRtl (Rule 123 of total 399) .... done (Time = 0.00s, Memory = -0.6K)
    Checking Rule AcOvlRtl (Rule 124 of total 399) .... done (Time = 0.00s, Memory = 0.2K)
Checking ELABDU Rules for designUnit Parity_Calc
    Checking Rule Prereqs_ConstantInput-ML (Rule 118 of total 399) .... done (Time = 0.00s, Memory = 0.0K)
    Checking Rule Prereqs_ConstantInput-ML (Rule 119 of total 399) .... done (Time = 0.00s, Memory = 0.0K)
    Checking Rule GenTopLevelBlocksForAutoSoc (Rule 120 of total 399) .... done (Time = 0.00s, Memory = 8.0K)
    Checking Rule syncRstReq (Rule 121 of total 399) .... done (Time = 0.00s, Memory = -8.0K)
    Checking Rule syncRstReq (Rule 122 of total 399) .... done (Time = 0.00s, Memory = 0.0K)
    Checking Rule AcOvlRtl (Rule 123 of total 399) .... done (Time = 0.00s, Memory = 1.6K)
    Checking Rule AcOvlRtl (Rule 124 of total 399) .... done (Time = 0.00s, Memory = 0.2K)
Checking ELABDU Rules for designUnit Serializer
    Checking Rule Prereqs_ConstantInput-ML (Rule 118 of total 399) .... done (Time = 0.00s, Memory = -27.3K)
    Checking Rule Prereqs_ConstantInput-ML (Rule 119 of total 399) .... done (Time = 0.00s, Memory = 0.0K)
    Checking Rule GenTopLevelBlocksForAutoSoc (Rule 120 of total 399) .... done (Time = 0.00s, Memory = 0.0K)
    Checking Rule syncRstReq (Rule 121 of total 399) .... done (Time = 0.00s, Memory = 0.0K)
    Checking Rule syncRstReq (Rule 122 of total 399) .... done (Time = 0.00s, Memory = 0.0K)
    Checking Rule AcOvlRtl (Rule 123 of total 399) .... done (Time = 0.00s, Memory = 0.0K)
    Checking Rule AcOvlRtl (Rule 124 of total 399) .... done (Time = 0.00s, Memory = 0.2K)
Checking ELABDU Rules for designUnit FSM_TX
    Checking Rule Prereqs_ConstantInput-ML (Rule 118 of total 399) .... done (Time = 0.00s, Memory = 0.0K)
    Checking Rule Prereqs_ConstantInput-ML (Rule 119 of total 399) .... done (Time = 0.00s, Memory = 0.0K)
    Checking Rule GenTopLevelBlocksForAutoSoc (Rule 120 of total 399) .... done (Time = 0.00s, Memory = 7.0K)
    Checking Rule syncRstReq (Rule 121 of total 399) .... done (Time = 0.00s, Memory = 0.0K)
    Checking Rule syncRstReq (Rule 122 of total 399) .... done (Time = 0.00s, Memory = 0.0K)
    Checking Rule AcOvlRtl (Rule 123 of total 399) .... done (Time = 0.00s, Memory = 0.0K)
    Checking Rule AcOvlRtl (Rule 124 of total 399) .... done (Time = 0.00s, Memory = 0.2K)
Checking ELABDU Rules for designUnit UART_RX
    Checking Rule Prereqs_ConstantInput-ML (Rule 118 of total 399) .... done (Time = 0.00s, Memory = -8.8K)
    Checking Rule Prereqs_ConstantInput-ML (Rule 119 of total 399) .... done (Time = 0.00s, Memory = 0.0K)
    Checking Rule GenTopLevelBlocksForAutoSoc (Rule 120 of total 399) .... done (Time = 0.00s, Memory = 0.0K)
    Checking Rule syncRstReq (Rule 121 of total 399) .... done (Time = 0.00s, Memory = 3.8K)
    Checking Rule syncRstReq (Rule 122 of total 399) .... done (Time = 0.00s, Memory = 0.0K)
    Checking Rule AcOvlRtl (Rule 123 of total 399) .... done (Time = 0.00s, Memory = 0.0K)
    Checking Rule AcOvlRtl (Rule 124 of total 399) .... done (Time = 0.00s, Memory = 0.2K)
Checking ELABDU Rules for designUnit parity_checker
    Checking Rule Prereqs_ConstantInput-ML (Rule 118 of total 399) .... done (Time = 0.00s, Memory = 0.0K)
    Checking Rule Prereqs_ConstantInput-ML (Rule 119 of total 399) .... done (Time = 0.00s, Memory = 0.0K)
    Checking Rule GenTopLevelBlocksForAutoSoc (Rule 120 of total 399) .... done (Time = 0.00s, Memory = -1.3K)
    Checking Rule syncRstReq (Rule 121 of total 399) .... done (Time = 0.00s, Memory = 0.0K)
    Checking Rule syncRstReq (Rule 122 of total 399) .... done (Time = 0.00s, Memory = 0.0K)
    Checking Rule AcOvlRtl (Rule 123 of total 399) .... done (Time = 0.00s, Memory = 0.0K)
    Checking Rule AcOvlRtl (Rule 124 of total 399) .... done (Time = 0.00s, Memory = 0.2K)
Checking ELABDU Rules for designUnit strt_checker
    Checking Rule Prereqs_ConstantInput-ML (Rule 118 of total 399) .... done (Time = 0.00s, Memory = 0.0K)
    Checking Rule Prereqs_ConstantInput-ML (Rule 119 of total 399) .... done (Time = 0.00s, Memory = 0.0K)
    Checking Rule GenTopLevelBlocksForAutoSoc (Rule 120 of total 399) .... done (Time = 0.00s, Memory = 0.0K)
    Checking Rule syncRstReq (Rule 121 of total 399) .... done (Time = 0.00s, Memory = 0.0K)
    Checking Rule syncRstReq (Rule 122 of total 399) .... done (Time = 0.00s, Memory = 0.0K)
    Checking Rule AcOvlRtl (Rule 123 of total 399) .... done (Time = 0.00s, Memory = 0.0K)
    Checking Rule AcOvlRtl (Rule 124 of total 399) .... done (Time = 0.00s, Memory = 0.2K)
Checking ELABDU Rules for designUnit stop_checker
    Checking Rule Prereqs_ConstantInput-ML (Rule 118 of total 399) .... done (Time = 0.00s, Memory = 0.0K)
    Checking Rule Prereqs_ConstantInput-ML (Rule 119 of total 399) .... done (Time = 0.00s, Memory = 0.0K)
    Checking Rule GenTopLevelBlocksForAutoSoc (Rule 120 of total 399) .... done (Time = 0.00s, Memory = 0.0K)
    Checking Rule syncRstReq (Rule 121 of total 399) .... done (Time = 0.00s, Memory = -0.5K)
    Checking Rule syncRstReq (Rule 122 of total 399) .... done (Time = 0.00s, Memory = 0.0K)
    Checking Rule AcOvlRtl (Rule 123 of total 399) .... done (Time = 0.00s, Memory = -5.7K)
    Checking Rule AcOvlRtl (Rule 124 of total 399) .... done (Time = 0.00s, Memory = 0.2K)
Checking ELABDU Rules for designUnit data_sampling
    Checking Rule Prereqs_ConstantInput-ML (Rule 118 of total 399) .... done (Time = 0.00s, Memory = -32.0K)
    Checking Rule Prereqs_ConstantInput-ML (Rule 119 of total 399) .... done (Time = 0.00s, Memory = 0.0K)
    Checking Rule GenTopLevelBlocksForAutoSoc (Rule 120 of total 399) .... done (Time = 0.00s, Memory = 8.0K)
    Checking Rule syncRstReq (Rule 121 of total 399) .... done (Time = 0.00s, Memory = 0.0K)
    Checking Rule syncRstReq (Rule 122 of total 399) .... done (Time = 0.00s, Memory = 0.0K)
    Checking Rule AcOvlRtl (Rule 123 of total 399) .... done (Time = 0.00s, Memory = -8.0K)
    Checking Rule AcOvlRtl (Rule 124 of total 399) .... done (Time = 0.00s, Memory = 0.2K)
Checking ELABDU Rules for designUnit deserializer
    Checking Rule Prereqs_ConstantInput-ML (Rule 118 of total 399) .... done (Time = 0.00s, Memory = -0.3K)
    Checking Rule Prereqs_ConstantInput-ML (Rule 119 of total 399) .... done (Time = 0.00s, Memory = 0.0K)
    Checking Rule GenTopLevelBlocksForAutoSoc (Rule 120 of total 399) .... done (Time = 0.00s, Memory = 0.0K)
    Checking Rule syncRstReq (Rule 121 of total 399) .... done (Time = 0.00s, Memory = 0.0K)
    Checking Rule syncRstReq (Rule 122 of total 399) .... done (Time = 0.00s, Memory = 0.0K)
    Checking Rule AcOvlRtl (Rule 123 of total 399) .... done (Time = 0.00s, Memory = 0.0K)
    Checking Rule AcOvlRtl (Rule 124 of total 399) .... done (Time = 0.00s, Memory = 0.2K)
Checking ELABDU Rules for designUnit edge_bit_counter
    Checking Rule Prereqs_ConstantInput-ML (Rule 118 of total 399) .... done (Time = 0.00s, Memory = 0.0K)
    Checking Rule Prereqs_ConstantInput-ML (Rule 119 of total 399) .... done (Time = 0.00s, Memory = 0.0K)
    Checking Rule GenTopLevelBlocksForAutoSoc (Rule 120 of total 399) .... done (Time = 0.00s, Memory = 0.0K)
    Checking Rule syncRstReq (Rule 121 of total 399) .... done (Time = 0.00s, Memory = 4.0K)
    Checking Rule syncRstReq (Rule 122 of total 399) .... done (Time = 0.00s, Memory = 0.0K)
    Checking Rule AcOvlRtl (Rule 123 of total 399) .... done (Time = 0.00s, Memory = 0.0K)
    Checking Rule AcOvlRtl (Rule 124 of total 399) .... done (Time = 0.00s, Memory = 0.2K)
Checking ELABDU Rules for designUnit FSM_RX
    Checking Rule Prereqs_ConstantInput-ML (Rule 118 of total 399) .... done (Time = 0.00s, Memory = -4.5K)
    Checking Rule Prereqs_ConstantInput-ML (Rule 119 of total 399) .... done (Time = 0.00s, Memory = 0.0K)
    Checking Rule GenTopLevelBlocksForAutoSoc (Rule 120 of total 399) .... done (Time = 0.00s, Memory = 0.0K)
    Checking Rule syncRstReq (Rule 121 of total 399) .... done (Time = 0.00s, Memory = 0.0K)
    Checking Rule syncRstReq (Rule 122 of total 399) .... done (Time = 0.00s, Memory = 0.0K)
    Checking Rule AcOvlRtl (Rule 123 of total 399) .... done (Time = 0.00s, Memory = 0.0K)
    Checking Rule AcOvlRtl (Rule 124 of total 399) .... done (Time = 0.00s, Memory = 0.2K)
Checking ELABDU Rules for designUnit DATA_SYNC
    Checking Rule Prereqs_ConstantInput-ML (Rule 118 of total 399) .... done (Time = 0.00s, Memory = 24.0K)
    Checking Rule Prereqs_ConstantInput-ML (Rule 119 of total 399) .... done (Time = 0.00s, Memory = 0.0K)
    Checking Rule GenTopLevelBlocksForAutoSoc (Rule 120 of total 399) .... done (Time = 0.00s, Memory = 0.0K)
    Checking Rule syncRstReq (Rule 121 of total 399) .... done (Time = 0.00s, Memory = 0.0K)
    Checking Rule syncRstReq (Rule 122 of total 399) .... done (Time = 0.00s, Memory = 0.0K)
    Checking Rule AcOvlRtl (Rule 123 of total 399) .... done (Time = 0.00s, Memory = 0.0K)
    Checking Rule AcOvlRtl (Rule 124 of total 399) .... done (Time = 0.00s, Memory = 0.2K)
Checking ELABDU Rules for designUnit SYS_CTRL
    Checking Rule Prereqs_ConstantInput-ML (Rule 118 of total 399) .... done (Time = 0.00s, Memory = -24.0K)
    Checking Rule Prereqs_ConstantInput-ML (Rule 119 of total 399) .... done (Time = 0.00s, Memory = 0.0K)
    Checking Rule GenTopLevelBlocksForAutoSoc (Rule 120 of total 399) .... done (Time = 0.00s, Memory = 128.0K)
    Checking Rule syncRstReq (Rule 121 of total 399) .... done (Time = 0.00s, Memory = -8.0K)
    Checking Rule syncRstReq (Rule 122 of total 399) .... done (Time = 0.00s, Memory = 0.0K)
    Checking Rule AcOvlRtl (Rule 123 of total 399) .... done (Time = 0.00s, Memory = 0.0K)
    Checking Rule AcOvlRtl (Rule 124 of total 399) .... done (Time = 0.00s, Memory = 0.2K)
Checking ELABDU Rules for designUnit regfile
    Checking Rule Prereqs_ConstantInput-ML (Rule 118 of total 399) .... done (Time = 0.00s, Memory = 0.8K)
    Checking Rule Prereqs_ConstantInput-ML (Rule 119 of total 399) .... done (Time = 0.00s, Memory = 0.0K)
    Checking Rule GenTopLevelBlocksForAutoSoc (Rule 120 of total 399) .... done (Time = 0.00s, Memory = -0.7K)
    Checking Rule syncRstReq (Rule 121 of total 399) .... done (Time = 0.00s, Memory = -8.0K)
    Checking Rule syncRstReq (Rule 122 of total 399) .... done (Time = 0.00s, Memory = 0.0K)
    Checking Rule AcOvlRtl (Rule 123 of total 399) .... done (Time = 0.00s, Memory = 0.0K)
    Checking Rule AcOvlRtl (Rule 124 of total 399) .... done (Time = 0.00s, Memory = 0.2K)
Checking ELABDU Rules for designUnit CLK_GATE
    Checking Rule Prereqs_ConstantInput-ML (Rule 118 of total 399) .... done (Time = 0.00s, Memory = -0.4K)
    Checking Rule Prereqs_ConstantInput-ML (Rule 119 of total 399) .... done (Time = 0.00s, Memory = 0.0K)
    Checking Rule GenTopLevelBlocksForAutoSoc (Rule 120 of total 399) .... done (Time = 0.00s, Memory = -1.9K)
    Checking Rule syncRstReq (Rule 121 of total 399) .... done (Time = 0.00s, Memory = 0.0K)
    Checking Rule syncRstReq (Rule 122 of total 399) .... done (Time = 0.00s, Memory = 0.0K)
    Checking Rule AcOvlRtl (Rule 123 of total 399) .... done (Time = 0.00s, Memory = 0.0K)
    Checking Rule AcOvlRtl (Rule 124 of total 399) .... done (Time = 0.00s, Memory = 0.2K)
Checking ELABDU Rules for designUnit ALU
    Checking Rule Prereqs_ConstantInput-ML (Rule 118 of total 399) .... done (Time = 0.00s, Memory = 0.0K)
    Checking Rule Prereqs_ConstantInput-ML (Rule 119 of total 399) .... done (Time = 0.00s, Memory = 0.0K)
    Checking Rule GenTopLevelBlocksForAutoSoc (Rule 120 of total 399) .... done (Time = 0.00s, Memory = 0.0K)
    Checking Rule syncRstReq (Rule 121 of total 399) .... done (Time = 0.00s, Memory = -6.0K)
    Checking Rule syncRstReq (Rule 122 of total 399) .... done (Time = 0.00s, Memory = 0.0K)
    Checking Rule AcOvlRtl (Rule 123 of total 399) .... done (Time = 0.00s, Memory = 0.0K)
    Checking Rule AcOvlRtl (Rule 124 of total 399) .... done (Time = 0.00s, Memory = 0.2K)
Checking ELABDU Rules for designUnit ASYNC_FIFO
    Checking Rule Prereqs_ConstantInput-ML (Rule 118 of total 399) .... done (Time = 0.00s, Memory = 0.0K)
    Checking Rule Prereqs_ConstantInput-ML (Rule 119 of total 399) .... done (Time = 0.00s, Memory = 0.0K)
    Checking Rule GenTopLevelBlocksForAutoSoc (Rule 120 of total 399) .... done (Time = 0.00s, Memory = 0.0K)
    Checking Rule syncRstReq (Rule 121 of total 399) .... done (Time = 0.00s, Memory = 0.0K)
    Checking Rule syncRstReq (Rule 122 of total 399) .... done (Time = 0.00s, Memory = 0.0K)
    Checking Rule AcOvlRtl (Rule 123 of total 399) .... done (Time = 0.00s, Memory = -0.5K)
    Checking Rule AcOvlRtl (Rule 124 of total 399) .... done (Time = 0.00s, Memory = 0.2K)
Checking ELABDU Rules for designUnit FIFO_RD
    Checking Rule Prereqs_ConstantInput-ML (Rule 118 of total 399) .... done (Time = 0.00s, Memory = 0.0K)
    Checking Rule Prereqs_ConstantInput-ML (Rule 119 of total 399) .... done (Time = 0.00s, Memory = 0.0K)
    Checking Rule GenTopLevelBlocksForAutoSoc (Rule 120 of total 399) .... done (Time = 0.00s, Memory = 0.0K)
    Checking Rule syncRstReq (Rule 121 of total 399) .... done (Time = 0.00s, Memory = -4.8K)
    Checking Rule syncRstReq (Rule 122 of total 399) .... done (Time = 0.00s, Memory = 0.0K)
    Checking Rule AcOvlRtl (Rule 123 of total 399) .... done (Time = 0.00s, Memory = 0.0K)
    Checking Rule AcOvlRtl (Rule 124 of total 399) .... done (Time = 0.00s, Memory = 0.2K)
Checking ELABDU Rules for designUnit FIFO_WR
    Checking Rule Prereqs_ConstantInput-ML (Rule 118 of total 399) .... done (Time = 0.00s, Memory = 0.0K)
    Checking Rule Prereqs_ConstantInput-ML (Rule 119 of total 399) .... done (Time = 0.00s, Memory = 0.0K)
    Checking Rule GenTopLevelBlocksForAutoSoc (Rule 120 of total 399) .... done (Time = 0.00s, Memory = 0.0K)
    Checking Rule syncRstReq (Rule 121 of total 399) .... done (Time = 0.00s, Memory = 0.0K)
    Checking Rule syncRstReq (Rule 122 of total 399) .... done (Time = 0.00s, Memory = 0.0K)
    Checking Rule AcOvlRtl (Rule 123 of total 399) .... done (Time = 0.00s, Memory = 0.0K)
    Checking Rule AcOvlRtl (Rule 124 of total 399) .... done (Time = 0.00s, Memory = 0.2K)
Checking ELABDU Rules for designUnit FIFO_MEM_CNTRL
    Checking Rule Prereqs_ConstantInput-ML (Rule 118 of total 399) .... done (Time = 0.00s, Memory = 0.0K)
    Checking Rule Prereqs_ConstantInput-ML (Rule 119 of total 399) .... done (Time = 0.00s, Memory = 0.0K)
    Checking Rule GenTopLevelBlocksForAutoSoc (Rule 120 of total 399) .... done (Time = 0.00s, Memory = 16.0K)
    Checking Rule syncRstReq (Rule 121 of total 399) .... done (Time = 0.00s, Memory = 8.0K)
    Checking Rule syncRstReq (Rule 122 of total 399) .... done (Time = 0.00s, Memory = 0.0K)
    Checking Rule AcOvlRtl (Rule 123 of total 399) .... done (Time = 0.00s, Memory = 3.9K)
    Checking Rule AcOvlRtl (Rule 124 of total 399) .... done (Time = 0.00s, Memory = 0.2K)
Checking ELABDU Rules for designUnit DF_SYNC
    Checking Rule Prereqs_ConstantInput-ML (Rule 118 of total 399) .... done (Time = 0.00s, Memory = 128.0K)
    Checking Rule Prereqs_ConstantInput-ML (Rule 119 of total 399) .... done (Time = 0.00s, Memory = 0.0K)
    Checking Rule GenTopLevelBlocksForAutoSoc (Rule 120 of total 399) .... done (Time = 0.00s, Memory = 0.0K)
    Checking Rule syncRstReq (Rule 121 of total 399) .... done (Time = 0.00s, Memory = 0.0K)
    Checking Rule syncRstReq (Rule 122 of total 399) .... done (Time = 0.00s, Memory = 0.0K)
    Checking Rule AcOvlRtl (Rule 123 of total 399) .... done (Time = 0.00s, Memory = 0.0K)
    Checking Rule AcOvlRtl (Rule 124 of total 399) .... done (Time = 0.00s, Memory = 0.2K)
Checking ELABDU Rules for designUnit Pulse_Gen
    Checking Rule Prereqs_ConstantInput-ML (Rule 118 of total 399) .... done (Time = 0.00s, Memory = -32.0K)
    Checking Rule Prereqs_ConstantInput-ML (Rule 119 of total 399) .... done (Time = 0.00s, Memory = 0.0K)
    Checking Rule GenTopLevelBlocksForAutoSoc (Rule 120 of total 399) .... done (Time = 0.00s, Memory = 0.0K)
    Checking Rule syncRstReq (Rule 121 of total 399) .... done (Time = 0.00s, Memory = 0.0K)
    Checking Rule syncRstReq (Rule 122 of total 399) .... done (Time = 0.00s, Memory = 0.0K)
    Checking Rule AcOvlRtl (Rule 123 of total 399) .... done (Time = 0.00s, Memory = 0.0K)
    Checking Rule AcOvlRtl (Rule 124 of total 399) .... done (Time = 0.00s, Memory = 0.2K)
Checking ELABDU Rules for designUnit SYSTEM_TOP
    Checking Rule Ac_setOvlDataInSynthesis (Rule 125 of total 399) .... done (Time = 0.00s, Memory = 31.7K)
Checking ELABDU Rules for designUnit prescale_mux
    Checking Rule Ac_setOvlDataInSynthesis (Rule 125 of total 399) .... done (Time = 0.00s, Memory = 3.1K)
Checking ELABDU Rules for designUnit CLK_DIV
    Checking Rule Ac_setOvlDataInSynthesis (Rule 125 of total 399) .... done (Time = 0.00s, Memory = -0.4K)
Checking ELABDU Rules for designUnit RST_SYNC
    Checking Rule Ac_setOvlDataInSynthesis (Rule 125 of total 399) .... done (Time = 0.00s, Memory = 0.0K)
Checking ELABDU Rules for designUnit UART
    Checking Rule Ac_setOvlDataInSynthesis (Rule 125 of total 399) .... done (Time = 0.00s, Memory = 0.0K)
Checking ELABDU Rules for designUnit UART_TX
    Checking Rule Ac_setOvlDataInSynthesis (Rule 125 of total 399) .... done (Time = 0.00s, Memory = -1.5K)
Checking ELABDU Rules for designUnit MUX
    Checking Rule Ac_setOvlDataInSynthesis (Rule 125 of total 399) .... done (Time = 0.00s, Memory = -34.6K)
Checking ELABDU Rules for designUnit Parity_Calc
    Checking Rule Ac_setOvlDataInSynthesis (Rule 125 of total 399) .... done (Time = 0.00s, Memory = 0.0K)
Checking ELABDU Rules for designUnit Serializer
    Checking Rule Ac_setOvlDataInSynthesis (Rule 125 of total 399) .... done (Time = 0.00s, Memory = 1.6K)
Checking ELABDU Rules for designUnit FSM_TX
    Checking Rule Ac_setOvlDataInSynthesis (Rule 125 of total 399) .... done (Time = 0.00s, Memory = 0.0K)
Checking ELABDU Rules for designUnit UART_RX
    Checking Rule Ac_setOvlDataInSynthesis (Rule 125 of total 399) .... done (Time = 0.00s, Memory = 4.7K)
Checking ELABDU Rules for designUnit parity_checker
    Checking Rule Ac_setOvlDataInSynthesis (Rule 125 of total 399) .... done (Time = 0.00s, Memory = 0.0K)
Checking ELABDU Rules for designUnit strt_checker
    Checking Rule Ac_setOvlDataInSynthesis (Rule 125 of total 399) .... done (Time = 0.00s, Memory = 0.0K)
Checking ELABDU Rules for designUnit stop_checker
    Checking Rule Ac_setOvlDataInSynthesis (Rule 125 of total 399) .... done (Time = 0.00s, Memory = -8.5K)
Checking ELABDU Rules for designUnit data_sampling
    Checking Rule Ac_setOvlDataInSynthesis (Rule 125 of total 399) .... done (Time = 0.00s, Memory = 0.0K)
Checking ELABDU Rules for designUnit deserializer
    Checking Rule Ac_setOvlDataInSynthesis (Rule 125 of total 399) .... done (Time = 0.00s, Memory = 3.9K)
Checking ELABDU Rules for designUnit edge_bit_counter
    Checking Rule Ac_setOvlDataInSynthesis (Rule 125 of total 399) .... done (Time = 0.00s, Memory = 0.0K)
Checking ELABDU Rules for designUnit FSM_RX
    Checking Rule Ac_setOvlDataInSynthesis (Rule 125 of total 399) .... done (Time = 0.00s, Memory = 0.0K)
Checking ELABDU Rules for designUnit DATA_SYNC
    Checking Rule Ac_setOvlDataInSynthesis (Rule 125 of total 399) .... done (Time = 0.00s, Memory = -7.5K)
Checking ELABDU Rules for designUnit SYS_CTRL
    Checking Rule Ac_setOvlDataInSynthesis (Rule 125 of total 399) .... done (Time = 0.00s, Memory = 0.0K)
Checking ELABDU Rules for designUnit regfile
    Checking Rule Ac_setOvlDataInSynthesis (Rule 125 of total 399) .... done (Time = 0.00s, Memory = 0.0K)
Checking ELABDU Rules for designUnit CLK_GATE
    Checking Rule Ac_setOvlDataInSynthesis (Rule 125 of total 399) .... done (Time = 0.00s, Memory = 0.0K)
Checking ELABDU Rules for designUnit ALU
    Checking Rule Ac_setOvlDataInSynthesis (Rule 125 of total 399) .... done (Time = 0.00s, Memory = 0.0K)
Checking ELABDU Rules for designUnit ASYNC_FIFO
    Checking Rule Ac_setOvlDataInSynthesis (Rule 125 of total 399) .... done (Time = 0.00s, Memory = 0.0K)
Checking ELABDU Rules for designUnit FIFO_RD
    Checking Rule Ac_setOvlDataInSynthesis (Rule 125 of total 399) .... done (Time = 0.00s, Memory = 0.0K)
Checking ELABDU Rules for designUnit FIFO_WR
    Checking Rule Ac_setOvlDataInSynthesis (Rule 125 of total 399) .... done (Time = 0.00s, Memory = 0.0K)
Checking ELABDU Rules for designUnit FIFO_MEM_CNTRL
    Checking Rule Ac_setOvlDataInSynthesis (Rule 125 of total 399) .... done (Time = 0.00s, Memory = 0.0K)
Checking ELABDU Rules for designUnit DF_SYNC
    Checking Rule Ac_setOvlDataInSynthesis (Rule 125 of total 399) .... done (Time = 0.00s, Memory = 32.0K)
Checking ELABDU Rules for designUnit Pulse_Gen
    Checking Rule Ac_setOvlDataInSynthesis (Rule 125 of total 399) .... done (Time = 0.00s, Memory = -11.8K)
Checking Rule SGDC_meta_design_hier01 (Rule 126 of total 399) .... done (Time = 0.00s, Memory = 4.0K)
 Synthesizing Library Cells specified through SgLib  ......
 Synthesis of Library Cells specified through SgLib completed 
 Synthesizing module: Pulse_Gen (elaborated name: Pulse_Gen) ... (Module 1 of total 29)  done 
 Synthesizing module: DF_SYNC (elaborated name: DF_SYNC) ... (Module 2 of total 29)  done 
 Synthesizing module: FIFO_MEM_CNTRL (elaborated name: FIFO_MEM_CNTRL) ... (Module 3 of total 29)  done 
 Synthesizing module: FIFO_WR (elaborated name: FIFO_WR) ... (Module 4 of total 29)  done 
 Synthesizing module: FIFO_RD (elaborated name: FIFO_RD) ... (Module 5 of total 29)  done 
 Synthesizing module: ASYNC_FIFO (elaborated name: ASYNC_FIFO) ... (Module 6 of total 29)  done 
 Synthesizing module: ALU (elaborated name: ALU) ... (Module 7 of total 29)  done 
 Synthesizing module: CLK_GATE (elaborated name: CLK_GATE) ... (Module 8 of total 29)  done 
 Synthesizing module: regfile (elaborated name: regfile) ... (Module 9 of total 29)  done 
 Synthesizing module: SYS_CTRL (elaborated name: SYS_CTRL) ... (Module 10 of total 29)  done 
 Synthesizing module: DATA_SYNC (elaborated name: DATA_SYNC) ... (Module 11 of total 29)  done 
 Synthesizing module: FSM_RX (elaborated name: FSM_RX) ... (Module 12 of total 29)  done 
 Synthesizing module: edge_bit_counter (elaborated name: edge_bit_counter) ... (Module 13 of total 29)  done 
 Synthesizing module: deserializer (elaborated name: deserializer) ... (Module 14 of total 29)  done 
 Synthesizing module: data_sampling (elaborated name: data_sampling) ... (Module 15 of total 29)  done 
 Synthesizing module: stop_checker (elaborated name: stop_checker) ... (Module 16 of total 29)  done 
 Synthesizing module: strt_checker (elaborated name: strt_checker) ... (Module 17 of total 29)  done 
 Synthesizing module: parity_checker (elaborated name: parity_checker) ... (Module 18 of total 29)  done 
 Synthesizing module: UART_RX (elaborated name: UART_RX) ... (Module 19 of total 29)  done 
 Synthesizing module: FSM_TX (elaborated name: FSM_TX) ... (Module 20 of total 29)  done 
 Synthesizing module: Serializer (elaborated name: Serializer) ... (Module 21 of total 29)  done 
 Synthesizing module: Parity_Calc (elaborated name: Parity_Calc) ... (Module 22 of total 29)  done 
 Synthesizing module: MUX (elaborated name: MUX) ... (Module 23 of total 29)  done 
 Synthesizing module: UART_TX (elaborated name: UART_TX) ... (Module 24 of total 29)  done 
 Synthesizing module: UART (elaborated name: UART) ... (Module 25 of total 29)  done 
 Synthesizing module: RST_SYNC (elaborated name: RST_SYNC) ... (Module 26 of total 29)  done 
 Synthesizing module: CLK_DIV (elaborated name: CLK_DIV) ... (Module 27 of total 29)  done 
 Synthesizing module: prescale_mux (elaborated name: prescale_mux) ... (Module 28 of total 29)  done 
 Synthesizing module: SYSTEM_TOP (elaborated name: SYSTEM_TOP) ... (Module 29 of total 29)  done 
 Synthesis completed.
Checking Rule InferBlackBox (Rule 127 of total 399) .... done (Time = 0.01s, Memory = -4.7K)

INFO [234]    Saving design database in directory './spyglass-1/.SG_SaveRestoreDB/autogenerated__default_snapshot' ...
              done

Checking Rule SGDC_waive37 (Rule 128 of total 399) .... done (Time = 0.00s, Memory = 0.0K)
Checking Rule SGDC_waive24 (Rule 129 of total 399) .... done (Time = 0.00s, Memory = 0.0K)
Checking Rule SGDC_waive25 (Rule 130 of total 399) .... done (Time = 0.00s, Memory = 0.0K)
Checking Rule SGDC_waive31 (Rule 131 of total 399) .... done (Time = 0.00s, Memory = -1.5K)
Checking Rule SGDC_waive35 (Rule 132 of total 399) .... done (Time = 0.00s, Memory = 0.0K)
Checking Rule ReportSglibSummary (Rule 133 of total 399) .... done (Time = 0.00s, Memory = -8.0K)
Checking Rule Txv_SvaSetup01 for module Pulse_Gen (Rule 134 of total 399) .... done (Time = 0.00s, Memory = 0.0K)
Checking Rule LogNMuxPrereq for module Pulse_Gen (Rule 135 of total 399) .... done (Time = 0.00s, Memory = 0.0K)
Checking Rule PESVASETUP01 for module Pulse_Gen (Rule 136 of total 399) .... done (Time = 0.00s, Memory = 0.0K)
Checking Rule HangingNetPreReq-ML for module Pulse_Gen (Rule 137 of total 399) .... done (Time = 0.00s, Memory = 0.0K)
Checking Rule _meta_delay01 for module Pulse_Gen (Rule 138 of total 399) .... done (Time = 0.00s, Memory = 0.0K)
Checking Rule SDC2SGDCPARSE for module Pulse_Gen (Rule 139 of total 399) .... done (Time = 0.00s, Memory = 0.0K)
Checking Rule _cdc_save_license01 for module Pulse_Gen (Rule 140 of total 399) .... done (Time = 0.00s, Memory = 0.0K)
Checking Rule Reset_check05 for module Pulse_Gen (Rule 141 of total 399) .... done (Time = 0.00s, Memory = 0.0K)
Checking Rule _syncResetStyleRTL for module Pulse_Gen (Rule 142 of total 399) .... done (Time = 0.00s, Memory = 0.0K)
Checking Rule Ac_svasetup01 for module Pulse_Gen (Rule 143 of total 399) .... done (Time = 0.00s, Memory = 0.0K)
Checking Rule Txv_SvaSetup01 for module DF_SYNC (Rule 134 of total 399) .... done (Time = 0.00s, Memory = 0.0K)
Checking Rule LogNMuxPrereq for module DF_SYNC (Rule 135 of total 399) .... done (Time = 0.00s, Memory = 0.0K)
Checking Rule PESVASETUP01 for module DF_SYNC (Rule 136 of total 399) .... done (Time = 0.00s, Memory = 0.0K)
Checking Rule HangingNetPreReq-ML for module DF_SYNC (Rule 137 of total 399) .... done (Time = 0.00s, Memory = 0.0K)
Checking Rule _meta_delay01 for module DF_SYNC (Rule 138 of total 399) .... done (Time = 0.00s, Memory = 0.0K)
Checking Rule SDC2SGDCPARSE for module DF_SYNC (Rule 139 of total 399) .... done (Time = 0.00s, Memory = 0.0K)
Checking Rule _cdc_save_license01 for module DF_SYNC (Rule 140 of total 399) .... done (Time = 0.00s, Memory = 0.0K)
Checking Rule Reset_check05 for module DF_SYNC (Rule 141 of total 399) .... done (Time = 0.00s, Memory = 0.0K)
Checking Rule _syncResetStyleRTL for module DF_SYNC (Rule 142 of total 399) .... done (Time = 0.00s, Memory = 0.0K)
Checking Rule Ac_svasetup01 for module DF_SYNC (Rule 143 of total 399) .... done (Time = 0.00s, Memory = 0.0K)
Checking Rule Txv_SvaSetup01 for module FIFO_MEM_CNTRL (Rule 134 of total 399) .... done (Time = 0.00s, Memory = 0.0K)
Checking Rule LogNMuxPrereq for module FIFO_MEM_CNTRL (Rule 135 of total 399) .... done (Time = 0.00s, Memory = 0.0K)
Checking Rule PESVASETUP01 for module FIFO_MEM_CNTRL (Rule 136 of total 399) .... done (Time = 0.00s, Memory = 0.0K)
Checking Rule HangingNetPreReq-ML for module FIFO_MEM_CNTRL (Rule 137 of total 399) .... done (Time = 0.00s, Memory = 0.0K)
Checking Rule _meta_delay01 for module FIFO_MEM_CNTRL (Rule 138 of total 399) .... done (Time = 0.00s, Memory = 0.0K)
Checking Rule SDC2SGDCPARSE for module FIFO_MEM_CNTRL (Rule 139 of total 399) .... done (Time = 0.00s, Memory = 0.0K)
Checking Rule _cdc_save_license01 for module FIFO_MEM_CNTRL (Rule 140 of total 399) .... done (Time = 0.00s, Memory = 0.0K)
Checking Rule Reset_check05 for module FIFO_MEM_CNTRL (Rule 141 of total 399) .... done (Time = 0.00s, Memory = 0.0K)
Checking Rule _syncResetStyleRTL for module FIFO_MEM_CNTRL (Rule 142 of total 399) .... done (Time = 0.00s, Memory = 0.0K)
Checking Rule Ac_svasetup01 for module FIFO_MEM_CNTRL (Rule 143 of total 399) .... done (Time = 0.00s, Memory = 0.0K)
Checking Rule Txv_SvaSetup01 for module FIFO_WR (Rule 134 of total 399) .... done (Time = 0.00s, Memory = 0.0K)
Checking Rule LogNMuxPrereq for module FIFO_WR (Rule 135 of total 399) .... done (Time = 0.00s, Memory = 0.0K)
Checking Rule PESVASETUP01 for module FIFO_WR (Rule 136 of total 399) .... done (Time = 0.00s, Memory = 0.0K)
Checking Rule HangingNetPreReq-ML for module FIFO_WR (Rule 137 of total 399) .... done (Time = 0.00s, Memory = 0.0K)
Checking Rule _meta_delay01 for module FIFO_WR (Rule 138 of total 399) .... done (Time = 0.00s, Memory = 0.0K)
Checking Rule SDC2SGDCPARSE for module FIFO_WR (Rule 139 of total 399) .... done (Time = 0.00s, Memory = 0.0K)
Checking Rule _cdc_save_license01 for module FIFO_WR (Rule 140 of total 399) .... done (Time = 0.00s, Memory = 0.0K)
Checking Rule Reset_check05 for module FIFO_WR (Rule 141 of total 399) .... done (Time = 0.00s, Memory = 0.0K)
Checking Rule _syncResetStyleRTL for module FIFO_WR (Rule 142 of total 399) .... done (Time = 0.00s, Memory = 0.0K)
Checking Rule Ac_svasetup01 for module FIFO_WR (Rule 143 of total 399) .... done (Time = 0.00s, Memory = 0.0K)
Checking Rule Txv_SvaSetup01 for module FIFO_RD (Rule 134 of total 399) .... done (Time = 0.00s, Memory = 0.0K)
Checking Rule LogNMuxPrereq for module FIFO_RD (Rule 135 of total 399) .... done (Time = 0.00s, Memory = 0.0K)
Checking Rule PESVASETUP01 for module FIFO_RD (Rule 136 of total 399) .... done (Time = 0.00s, Memory = 0.0K)
Checking Rule HangingNetPreReq-ML for module FIFO_RD (Rule 137 of total 399) .... done (Time = 0.00s, Memory = 0.0K)
Checking Rule _meta_delay01 for module FIFO_RD (Rule 138 of total 399) .... done (Time = 0.00s, Memory = 0.0K)
Checking Rule SDC2SGDCPARSE for module FIFO_RD (Rule 139 of total 399) .... done (Time = 0.00s, Memory = 0.0K)
Checking Rule _cdc_save_license01 for module FIFO_RD (Rule 140 of total 399) .... done (Time = 0.00s, Memory = 0.0K)
Checking Rule Reset_check05 for module FIFO_RD (Rule 141 of total 399) .... done (Time = 0.00s, Memory = 0.0K)
Checking Rule _syncResetStyleRTL for module FIFO_RD (Rule 142 of total 399) .... done (Time = 0.00s, Memory = 0.0K)
Checking Rule Ac_svasetup01 for module FIFO_RD (Rule 143 of total 399) .... done (Time = 0.00s, Memory = 0.0K)
Checking Rule Txv_SvaSetup01 for module ASYNC_FIFO (Rule 134 of total 399) .... done (Time = 0.00s, Memory = 0.0K)
Checking Rule LogNMuxPrereq for module ASYNC_FIFO (Rule 135 of total 399) .... done (Time = 0.00s, Memory = 0.0K)
Checking Rule PESVASETUP01 for module ASYNC_FIFO (Rule 136 of total 399) .... done (Time = 0.00s, Memory = 0.0K)
Checking Rule HangingNetPreReq-ML for module ASYNC_FIFO (Rule 137 of total 399) .... done (Time = 0.00s, Memory = 0.0K)
Checking Rule _meta_delay01 for module ASYNC_FIFO (Rule 138 of total 399) .... done (Time = 0.00s, Memory = 0.0K)
Checking Rule SDC2SGDCPARSE for module ASYNC_FIFO (Rule 139 of total 399) .... done (Time = 0.00s, Memory = 0.0K)
Checking Rule _cdc_save_license01 for module ASYNC_FIFO (Rule 140 of total 399) .... done (Time = 0.00s, Memory = 0.0K)
Checking Rule Reset_check05 for module ASYNC_FIFO (Rule 141 of total 399) .... done (Time = 0.00s, Memory = 0.0K)
Checking Rule _syncResetStyleRTL for module ASYNC_FIFO (Rule 142 of total 399) .... done (Time = 0.00s, Memory = 0.0K)
Checking Rule Ac_svasetup01 for module ASYNC_FIFO (Rule 143 of total 399) .... done (Time = 0.00s, Memory = 0.0K)
Checking Rule Txv_SvaSetup01 for module ALU (Rule 134 of total 399) .... done (Time = 0.00s, Memory = 0.0K)
Checking Rule LogNMuxPrereq for module ALU (Rule 135 of total 399) .... done (Time = 0.00s, Memory = 0.0K)
Checking Rule PESVASETUP01 for module ALU (Rule 136 of total 399) .... done (Time = 0.00s, Memory = 0.0K)
Checking Rule HangingNetPreReq-ML for module ALU (Rule 137 of total 399) .... done (Time = 0.00s, Memory = 0.0K)
Checking Rule _meta_delay01 for module ALU (Rule 138 of total 399) .... done (Time = 0.00s, Memory = 0.0K)
Checking Rule SDC2SGDCPARSE for module ALU (Rule 139 of total 399) .... done (Time = 0.00s, Memory = 0.0K)
Checking Rule _cdc_save_license01 for module ALU (Rule 140 of total 399) .... done (Time = 0.00s, Memory = 0.0K)
Checking Rule Reset_check05 for module ALU (Rule 141 of total 399) .... done (Time = 0.00s, Memory = 0.0K)
Checking Rule _syncResetStyleRTL for module ALU (Rule 142 of total 399) .... done (Time = 0.00s, Memory = 0.0K)
Checking Rule Ac_svasetup01 for module ALU (Rule 143 of total 399) .... done (Time = 0.00s, Memory = 0.0K)
Checking Rule Txv_SvaSetup01 for module CLK_GATE (Rule 134 of total 399) .... done (Time = 0.00s, Memory = 0.0K)
Checking Rule LogNMuxPrereq for module CLK_GATE (Rule 135 of total 399) .... done (Time = 0.00s, Memory = 0.0K)
Checking Rule PESVASETUP01 for module CLK_GATE (Rule 136 of total 399) .... done (Time = 0.00s, Memory = 0.0K)
Checking Rule HangingNetPreReq-ML for module CLK_GATE (Rule 137 of total 399) .... done (Time = 0.00s, Memory = 0.0K)
Checking Rule _meta_delay01 for module CLK_GATE (Rule 138 of total 399) .... done (Time = 0.00s, Memory = 0.0K)
Checking Rule SDC2SGDCPARSE for module CLK_GATE (Rule 139 of total 399) .... done (Time = 0.00s, Memory = 0.0K)
Checking Rule _cdc_save_license01 for module CLK_GATE (Rule 140 of total 399) .... done (Time = 0.00s, Memory = 0.0K)
Checking Rule Reset_check05 for module CLK_GATE (Rule 141 of total 399) .... done (Time = 0.00s, Memory = 0.0K)
Checking Rule _syncResetStyleRTL for module CLK_GATE (Rule 142 of total 399) .... done (Time = 0.00s, Memory = 0.0K)
Checking Rule Ac_svasetup01 for module CLK_GATE (Rule 143 of total 399) .... done (Time = 0.00s, Memory = 0.0K)
Checking Rule Txv_SvaSetup01 for module regfile (Rule 134 of total 399) .... done (Time = 0.00s, Memory = 0.0K)
Checking Rule LogNMuxPrereq for module regfile (Rule 135 of total 399) .... done (Time = 0.00s, Memory = 0.0K)
Checking Rule PESVASETUP01 for module regfile (Rule 136 of total 399) .... done (Time = 0.00s, Memory = 0.0K)
Checking Rule HangingNetPreReq-ML for module regfile (Rule 137 of total 399) .... done (Time = 0.00s, Memory = 0.0K)
Checking Rule _meta_delay01 for module regfile (Rule 138 of total 399) .... done (Time = 0.00s, Memory = 0.0K)
Checking Rule SDC2SGDCPARSE for module regfile (Rule 139 of total 399) .... done (Time = 0.00s, Memory = 0.0K)
Checking Rule _cdc_save_license01 for module regfile (Rule 140 of total 399) .... done (Time = 0.00s, Memory = 0.0K)
Checking Rule Reset_check05 for module regfile (Rule 141 of total 399) .... done (Time = 0.00s, Memory = 0.0K)
Checking Rule _syncResetStyleRTL for module regfile (Rule 142 of total 399) .... done (Time = 0.00s, Memory = 0.0K)
Checking Rule Ac_svasetup01 for module regfile (Rule 143 of total 399) .... done (Time = 0.00s, Memory = 0.0K)
Checking Rule Txv_SvaSetup01 for module SYS_CTRL (Rule 134 of total 399) .... done (Time = 0.00s, Memory = 0.0K)
Checking Rule LogNMuxPrereq for module SYS_CTRL (Rule 135 of total 399) .... done (Time = 0.00s, Memory = 0.0K)
Checking Rule PESVASETUP01 for module SYS_CTRL (Rule 136 of total 399) .... done (Time = 0.00s, Memory = 0.0K)
Checking Rule HangingNetPreReq-ML for module SYS_CTRL (Rule 137 of total 399) .... done (Time = 0.00s, Memory = 0.0K)
Checking Rule _meta_delay01 for module SYS_CTRL (Rule 138 of total 399) .... done (Time = 0.00s, Memory = 0.0K)
Checking Rule SDC2SGDCPARSE for module SYS_CTRL (Rule 139 of total 399) .... done (Time = 0.00s, Memory = 0.0K)
Checking Rule _cdc_save_license01 for module SYS_CTRL (Rule 140 of total 399) .... done (Time = 0.00s, Memory = 0.0K)
Checking Rule Reset_check05 for module SYS_CTRL (Rule 141 of total 399) .... done (Time = 0.00s, Memory = 0.0K)
Checking Rule _syncResetStyleRTL for module SYS_CTRL (Rule 142 of total 399) .... done (Time = 0.00s, Memory = 0.0K)
Checking Rule Ac_svasetup01 for module SYS_CTRL (Rule 143 of total 399) .... done (Time = 0.00s, Memory = 0.0K)
Checking Rule Txv_SvaSetup01 for module DATA_SYNC (Rule 134 of total 399) .... done (Time = 0.00s, Memory = 0.0K)
Checking Rule LogNMuxPrereq for module DATA_SYNC (Rule 135 of total 399) .... done (Time = 0.00s, Memory = 0.0K)
Checking Rule PESVASETUP01 for module DATA_SYNC (Rule 136 of total 399) .... done (Time = 0.00s, Memory = 0.0K)
Checking Rule HangingNetPreReq-ML for module DATA_SYNC (Rule 137 of total 399) .... done (Time = 0.00s, Memory = 0.0K)
Checking Rule _meta_delay01 for module DATA_SYNC (Rule 138 of total 399) .... done (Time = 0.00s, Memory = 0.0K)
Checking Rule SDC2SGDCPARSE for module DATA_SYNC (Rule 139 of total 399) .... done (Time = 0.00s, Memory = 0.0K)
Checking Rule _cdc_save_license01 for module DATA_SYNC (Rule 140 of total 399) .... done (Time = 0.00s, Memory = 0.0K)
Checking Rule Reset_check05 for module DATA_SYNC (Rule 141 of total 399) .... done (Time = 0.00s, Memory = 0.0K)
Checking Rule _syncResetStyleRTL for module DATA_SYNC (Rule 142 of total 399) .... done (Time = 0.00s, Memory = 0.0K)
Checking Rule Ac_svasetup01 for module DATA_SYNC (Rule 143 of total 399) .... done (Time = 0.00s, Memory = 0.0K)
Checking Rule Txv_SvaSetup01 for module FSM_RX (Rule 134 of total 399) .... done (Time = 0.00s, Memory = 0.0K)
Checking Rule LogNMuxPrereq for module FSM_RX (Rule 135 of total 399) .... done (Time = 0.00s, Memory = 0.0K)
Checking Rule PESVASETUP01 for module FSM_RX (Rule 136 of total 399) .... done (Time = 0.00s, Memory = 0.0K)
Checking Rule HangingNetPreReq-ML for module FSM_RX (Rule 137 of total 399) .... done (Time = 0.00s, Memory = 0.0K)
Checking Rule _meta_delay01 for module FSM_RX (Rule 138 of total 399) .... done (Time = 0.00s, Memory = 0.0K)
Checking Rule SDC2SGDCPARSE for module FSM_RX (Rule 139 of total 399) .... done (Time = 0.00s, Memory = 0.0K)
Checking Rule _cdc_save_license01 for module FSM_RX (Rule 140 of total 399) .... done (Time = 0.00s, Memory = 0.0K)
Checking Rule Reset_check05 for module FSM_RX (Rule 141 of total 399) .... done (Time = 0.00s, Memory = 0.0K)
Checking Rule _syncResetStyleRTL for module FSM_RX (Rule 142 of total 399) .... done (Time = 0.00s, Memory = 0.0K)
Checking Rule Ac_svasetup01 for module FSM_RX (Rule 143 of total 399) .... done (Time = 0.00s, Memory = 0.0K)
Checking Rule Txv_SvaSetup01 for module edge_bit_counter (Rule 134 of total 399) .... done (Time = 0.00s, Memory = 0.0K)
Checking Rule LogNMuxPrereq for module edge_bit_counter (Rule 135 of total 399) .... done (Time = 0.00s, Memory = 0.0K)
Checking Rule PESVASETUP01 for module edge_bit_counter (Rule 136 of total 399) .... done (Time = 0.00s, Memory = 0.0K)
Checking Rule HangingNetPreReq-ML for module edge_bit_counter (Rule 137 of total 399) .... done (Time = 0.00s, Memory = 0.0K)
Checking Rule _meta_delay01 for module edge_bit_counter (Rule 138 of total 399) .... done (Time = 0.00s, Memory = 0.0K)
Checking Rule SDC2SGDCPARSE for module edge_bit_counter (Rule 139 of total 399) .... done (Time = 0.00s, Memory = 0.0K)
Checking Rule _cdc_save_license01 for module edge_bit_counter (Rule 140 of total 399) .... done (Time = 0.00s, Memory = 0.0K)
Checking Rule Reset_check05 for module edge_bit_counter (Rule 141 of total 399) .... done (Time = 0.00s, Memory = 0.0K)
Checking Rule _syncResetStyleRTL for module edge_bit_counter (Rule 142 of total 399) .... done (Time = 0.00s, Memory = 0.0K)
Checking Rule Ac_svasetup01 for module edge_bit_counter (Rule 143 of total 399) .... done (Time = 0.00s, Memory = 0.0K)
Checking Rule Txv_SvaSetup01 for module deserializer (Rule 134 of total 399) .... done (Time = 0.00s, Memory = 0.0K)
Checking Rule LogNMuxPrereq for module deserializer (Rule 135 of total 399) .... done (Time = 0.00s, Memory = 0.0K)
Checking Rule PESVASETUP01 for module deserializer (Rule 136 of total 399) .... done (Time = 0.00s, Memory = 0.0K)
Checking Rule HangingNetPreReq-ML for module deserializer (Rule 137 of total 399) .... done (Time = 0.00s, Memory = 0.0K)
Checking Rule _meta_delay01 for module deserializer (Rule 138 of total 399) .... done (Time = 0.00s, Memory = 0.0K)
Checking Rule SDC2SGDCPARSE for module deserializer (Rule 139 of total 399) .... done (Time = 0.00s, Memory = 0.0K)
Checking Rule _cdc_save_license01 for module deserializer (Rule 140 of total 399) .... done (Time = 0.00s, Memory = 0.0K)
Checking Rule Reset_check05 for module deserializer (Rule 141 of total 399) .... done (Time = 0.00s, Memory = 0.0K)
Checking Rule _syncResetStyleRTL for module deserializer (Rule 142 of total 399) .... done (Time = 0.00s, Memory = 0.0K)
Checking Rule Ac_svasetup01 for module deserializer (Rule 143 of total 399) .... done (Time = 0.00s, Memory = 0.0K)
Checking Rule Txv_SvaSetup01 for module data_sampling (Rule 134 of total 399) .... done (Time = 0.00s, Memory = 0.0K)
Checking Rule LogNMuxPrereq for module data_sampling (Rule 135 of total 399) .... done (Time = 0.00s, Memory = 0.0K)
Checking Rule PESVASETUP01 for module data_sampling (Rule 136 of total 399) .... done (Time = 0.00s, Memory = 0.0K)
Checking Rule HangingNetPreReq-ML for module data_sampling (Rule 137 of total 399) .... done (Time = 0.00s, Memory = 0.0K)
Checking Rule _meta_delay01 for module data_sampling (Rule 138 of total 399) .... done (Time = 0.00s, Memory = 0.0K)
Checking Rule SDC2SGDCPARSE for module data_sampling (Rule 139 of total 399) .... done (Time = 0.00s, Memory = 0.0K)
Checking Rule _cdc_save_license01 for module data_sampling (Rule 140 of total 399) .... done (Time = 0.00s, Memory = 0.0K)
Checking Rule Reset_check05 for module data_sampling (Rule 141 of total 399) .... done (Time = 0.00s, Memory = 0.0K)
Checking Rule _syncResetStyleRTL for module data_sampling (Rule 142 of total 399) .... done (Time = 0.00s, Memory = 0.0K)
Checking Rule Ac_svasetup01 for module data_sampling (Rule 143 of total 399) .... done (Time = 0.00s, Memory = 0.0K)
Checking Rule Txv_SvaSetup01 for module stop_checker (Rule 134 of total 399) .... done (Time = 0.00s, Memory = 0.0K)
Checking Rule LogNMuxPrereq for module stop_checker (Rule 135 of total 399) .... done (Time = 0.00s, Memory = 0.0K)
Checking Rule PESVASETUP01 for module stop_checker (Rule 136 of total 399) .... done (Time = 0.00s, Memory = 0.0K)
Checking Rule HangingNetPreReq-ML for module stop_checker (Rule 137 of total 399) .... done (Time = 0.00s, Memory = 0.0K)
Checking Rule _meta_delay01 for module stop_checker (Rule 138 of total 399) .... done (Time = 0.00s, Memory = 0.0K)
Checking Rule SDC2SGDCPARSE for module stop_checker (Rule 139 of total 399) .... done (Time = 0.00s, Memory = 0.0K)
Checking Rule _cdc_save_license01 for module stop_checker (Rule 140 of total 399) .... done (Time = 0.00s, Memory = 0.0K)
Checking Rule Reset_check05 for module stop_checker (Rule 141 of total 399) .... done (Time = 0.00s, Memory = 0.0K)
Checking Rule _syncResetStyleRTL for module stop_checker (Rule 142 of total 399) .... done (Time = 0.00s, Memory = 0.0K)
Checking Rule Ac_svasetup01 for module stop_checker (Rule 143 of total 399) .... done (Time = 0.00s, Memory = 0.0K)
Checking Rule Txv_SvaSetup01 for module strt_checker (Rule 134 of total 399) .... done (Time = 0.00s, Memory = 0.0K)
Checking Rule LogNMuxPrereq for module strt_checker (Rule 135 of total 399) .... done (Time = 0.00s, Memory = 0.0K)
Checking Rule PESVASETUP01 for module strt_checker (Rule 136 of total 399) .... done (Time = 0.00s, Memory = 0.0K)
Checking Rule HangingNetPreReq-ML for module strt_checker (Rule 137 of total 399) .... done (Time = 0.00s, Memory = 0.0K)
Checking Rule _meta_delay01 for module strt_checker (Rule 138 of total 399) .... done (Time = 0.00s, Memory = 0.0K)
Checking Rule SDC2SGDCPARSE for module strt_checker (Rule 139 of total 399) .... done (Time = 0.00s, Memory = 0.0K)
Checking Rule _cdc_save_license01 for module strt_checker (Rule 140 of total 399) .... done (Time = 0.00s, Memory = 0.0K)
Checking Rule Reset_check05 for module strt_checker (Rule 141 of total 399) .... done (Time = 0.00s, Memory = 0.0K)
Checking Rule _syncResetStyleRTL for module strt_checker (Rule 142 of total 399) .... done (Time = 0.00s, Memory = 0.0K)
Checking Rule Ac_svasetup01 for module strt_checker (Rule 143 of total 399) .... done (Time = 0.00s, Memory = 0.0K)
Checking Rule Txv_SvaSetup01 for module parity_checker (Rule 134 of total 399) .... done (Time = 0.00s, Memory = 0.0K)
Checking Rule LogNMuxPrereq for module parity_checker (Rule 135 of total 399) .... done (Time = 0.00s, Memory = 0.0K)
Checking Rule PESVASETUP01 for module parity_checker (Rule 136 of total 399) .... done (Time = 0.00s, Memory = 0.0K)
Checking Rule HangingNetPreReq-ML for module parity_checker (Rule 137 of total 399) .... done (Time = 0.00s, Memory = 0.0K)
Checking Rule _meta_delay01 for module parity_checker (Rule 138 of total 399) .... done (Time = 0.00s, Memory = 0.0K)
Checking Rule SDC2SGDCPARSE for module parity_checker (Rule 139 of total 399) .... done (Time = 0.00s, Memory = 0.0K)
Checking Rule _cdc_save_license01 for module parity_checker (Rule 140 of total 399) .... done (Time = 0.00s, Memory = 0.0K)
Checking Rule Reset_check05 for module parity_checker (Rule 141 of total 399) .... done (Time = 0.00s, Memory = 0.0K)
Checking Rule _syncResetStyleRTL for module parity_checker (Rule 142 of total 399) .... done (Time = 0.00s, Memory = 0.0K)
Checking Rule Ac_svasetup01 for module parity_checker (Rule 143 of total 399) .... done (Time = 0.00s, Memory = 0.0K)
Checking Rule Txv_SvaSetup01 for module UART_RX (Rule 134 of total 399) .... done (Time = 0.00s, Memory = 0.0K)
Checking Rule LogNMuxPrereq for module UART_RX (Rule 135 of total 399) .... done (Time = 0.00s, Memory = 0.0K)
Checking Rule PESVASETUP01 for module UART_RX (Rule 136 of total 399) .... done (Time = 0.00s, Memory = 0.0K)
Checking Rule HangingNetPreReq-ML for module UART_RX (Rule 137 of total 399) .... done (Time = 0.00s, Memory = 0.0K)
Checking Rule _meta_delay01 for module UART_RX (Rule 138 of total 399) .... done (Time = 0.00s, Memory = 0.0K)
Checking Rule SDC2SGDCPARSE for module UART_RX (Rule 139 of total 399) .... done (Time = 0.00s, Memory = 0.0K)
Checking Rule _cdc_save_license01 for module UART_RX (Rule 140 of total 399) .... done (Time = 0.00s, Memory = 0.0K)
Checking Rule Reset_check05 for module UART_RX (Rule 141 of total 399) .... done (Time = 0.00s, Memory = 0.0K)
Checking Rule _syncResetStyleRTL for module UART_RX (Rule 142 of total 399) .... done (Time = 0.00s, Memory = 0.0K)
Checking Rule Ac_svasetup01 for module UART_RX (Rule 143 of total 399) .... done (Time = 0.00s, Memory = 0.0K)
Checking Rule Txv_SvaSetup01 for module FSM_TX (Rule 134 of total 399) .... done (Time = 0.00s, Memory = 0.0K)
Checking Rule LogNMuxPrereq for module FSM_TX (Rule 135 of total 399) .... done (Time = 0.00s, Memory = 0.0K)
Checking Rule PESVASETUP01 for module FSM_TX (Rule 136 of total 399) .... done (Time = 0.00s, Memory = 0.0K)
Checking Rule HangingNetPreReq-ML for module FSM_TX (Rule 137 of total 399) .... done (Time = 0.00s, Memory = 0.0K)
Checking Rule _meta_delay01 for module FSM_TX (Rule 138 of total 399) .... done (Time = 0.00s, Memory = 0.0K)
Checking Rule SDC2SGDCPARSE for module FSM_TX (Rule 139 of total 399) .... done (Time = 0.00s, Memory = 0.0K)
Checking Rule _cdc_save_license01 for module FSM_TX (Rule 140 of total 399) .... done (Time = 0.00s, Memory = 0.0K)
Checking Rule Reset_check05 for module FSM_TX (Rule 141 of total 399) .... done (Time = 0.00s, Memory = 0.0K)
Checking Rule _syncResetStyleRTL for module FSM_TX (Rule 142 of total 399) .... done (Time = 0.00s, Memory = 0.0K)
Checking Rule Ac_svasetup01 for module FSM_TX (Rule 143 of total 399) .... done (Time = 0.00s, Memory = 0.0K)
Checking Rule Txv_SvaSetup01 for module Serializer (Rule 134 of total 399) .... done (Time = 0.00s, Memory = 0.0K)
Checking Rule LogNMuxPrereq for module Serializer (Rule 135 of total 399) .... done (Time = 0.00s, Memory = 0.0K)
Checking Rule PESVASETUP01 for module Serializer (Rule 136 of total 399) .... done (Time = 0.00s, Memory = 0.0K)
Checking Rule HangingNetPreReq-ML for module Serializer (Rule 137 of total 399) .... done (Time = 0.00s, Memory = 0.0K)
Checking Rule _meta_delay01 for module Serializer (Rule 138 of total 399) .... done (Time = 0.00s, Memory = 0.0K)
Checking Rule SDC2SGDCPARSE for module Serializer (Rule 139 of total 399) .... done (Time = 0.00s, Memory = 0.0K)
Checking Rule _cdc_save_license01 for module Serializer (Rule 140 of total 399) .... done (Time = 0.00s, Memory = 0.0K)
Checking Rule Reset_check05 for module Serializer (Rule 141 of total 399) .... done (Time = 0.00s, Memory = 0.0K)
Checking Rule _syncResetStyleRTL for module Serializer (Rule 142 of total 399) .... done (Time = 0.00s, Memory = 0.0K)
Checking Rule Ac_svasetup01 for module Serializer (Rule 143 of total 399) .... done (Time = 0.00s, Memory = 0.0K)
Checking Rule Txv_SvaSetup01 for module Parity_Calc (Rule 134 of total 399) .... done (Time = 0.00s, Memory = 0.0K)
Checking Rule LogNMuxPrereq for module Parity_Calc (Rule 135 of total 399) .... done (Time = 0.00s, Memory = 0.0K)
Checking Rule PESVASETUP01 for module Parity_Calc (Rule 136 of total 399) .... done (Time = 0.00s, Memory = 0.0K)
Checking Rule HangingNetPreReq-ML for module Parity_Calc (Rule 137 of total 399) .... done (Time = 0.00s, Memory = 0.0K)
Checking Rule _meta_delay01 for module Parity_Calc (Rule 138 of total 399) .... done (Time = 0.00s, Memory = 0.0K)
Checking Rule SDC2SGDCPARSE for module Parity_Calc (Rule 139 of total 399) .... done (Time = 0.00s, Memory = 0.0K)
Checking Rule _cdc_save_license01 for module Parity_Calc (Rule 140 of total 399) .... done (Time = 0.00s, Memory = 0.0K)
Checking Rule Reset_check05 for module Parity_Calc (Rule 141 of total 399) .... done (Time = 0.00s, Memory = 0.0K)
Checking Rule _syncResetStyleRTL for module Parity_Calc (Rule 142 of total 399) .... done (Time = 0.00s, Memory = 0.0K)
Checking Rule Ac_svasetup01 for module Parity_Calc (Rule 143 of total 399) .... done (Time = 0.00s, Memory = 0.0K)
Checking Rule Txv_SvaSetup01 for module MUX (Rule 134 of total 399) .... done (Time = 0.00s, Memory = 0.0K)
Checking Rule LogNMuxPrereq for module MUX (Rule 135 of total 399) .... done (Time = 0.00s, Memory = 0.0K)
Checking Rule PESVASETUP01 for module MUX (Rule 136 of total 399) .... done (Time = 0.00s, Memory = 0.0K)
Checking Rule HangingNetPreReq-ML for module MUX (Rule 137 of total 399) .... done (Time = 0.00s, Memory = 0.0K)
Checking Rule _meta_delay01 for module MUX (Rule 138 of total 399) .... done (Time = 0.00s, Memory = 0.0K)
Checking Rule SDC2SGDCPARSE for module MUX (Rule 139 of total 399) .... done (Time = 0.00s, Memory = 0.0K)
Checking Rule _cdc_save_license01 for module MUX (Rule 140 of total 399) .... done (Time = 0.00s, Memory = 0.0K)
Checking Rule Reset_check05 for module MUX (Rule 141 of total 399) .... done (Time = 0.00s, Memory = 0.0K)
Checking Rule _syncResetStyleRTL for module MUX (Rule 142 of total 399) .... done (Time = 0.00s, Memory = 0.0K)
Checking Rule Ac_svasetup01 for module MUX (Rule 143 of total 399) .... done (Time = 0.00s, Memory = 0.0K)
Checking Rule Txv_SvaSetup01 for module UART_TX (Rule 134 of total 399) .... done (Time = 0.00s, Memory = 0.0K)
Checking Rule LogNMuxPrereq for module UART_TX (Rule 135 of total 399) .... done (Time = 0.00s, Memory = 0.0K)
Checking Rule PESVASETUP01 for module UART_TX (Rule 136 of total 399) .... done (Time = 0.00s, Memory = 0.0K)
Checking Rule HangingNetPreReq-ML for module UART_TX (Rule 137 of total 399) .... done (Time = 0.00s, Memory = 0.0K)
Checking Rule _meta_delay01 for module UART_TX (Rule 138 of total 399) .... done (Time = 0.00s, Memory = 0.0K)
Checking Rule SDC2SGDCPARSE for module UART_TX (Rule 139 of total 399) .... done (Time = 0.00s, Memory = 0.0K)
Checking Rule _cdc_save_license01 for module UART_TX (Rule 140 of total 399) .... done (Time = 0.00s, Memory = 0.0K)
Checking Rule Reset_check05 for module UART_TX (Rule 141 of total 399) .... done (Time = 0.00s, Memory = 0.0K)
Checking Rule _syncResetStyleRTL for module UART_TX (Rule 142 of total 399) .... done (Time = 0.00s, Memory = 0.0K)
Checking Rule Ac_svasetup01 for module UART_TX (Rule 143 of total 399) .... done (Time = 0.00s, Memory = 0.0K)
Checking Rule Txv_SvaSetup01 for module UART (Rule 134 of total 399) .... done (Time = 0.00s, Memory = 0.0K)
Checking Rule LogNMuxPrereq for module UART (Rule 135 of total 399) .... done (Time = 0.00s, Memory = 0.0K)
Checking Rule PESVASETUP01 for module UART (Rule 136 of total 399) .... done (Time = 0.00s, Memory = 0.0K)
Checking Rule HangingNetPreReq-ML for module UART (Rule 137 of total 399) .... done (Time = 0.00s, Memory = 0.0K)
Checking Rule _meta_delay01 for module UART (Rule 138 of total 399) .... done (Time = 0.00s, Memory = 0.0K)
Checking Rule SDC2SGDCPARSE for module UART (Rule 139 of total 399) .... done (Time = 0.00s, Memory = 0.0K)
Checking Rule _cdc_save_license01 for module UART (Rule 140 of total 399) .... done (Time = 0.00s, Memory = 0.0K)
Checking Rule Reset_check05 for module UART (Rule 141 of total 399) .... done (Time = 0.00s, Memory = 0.0K)
Checking Rule _syncResetStyleRTL for module UART (Rule 142 of total 399) .... done (Time = 0.00s, Memory = 0.0K)
Checking Rule Ac_svasetup01 for module UART (Rule 143 of total 399) .... done (Time = 0.00s, Memory = 0.0K)
Checking Rule Txv_SvaSetup01 for module RST_SYNC (Rule 134 of total 399) .... done (Time = 0.00s, Memory = 0.0K)
Checking Rule LogNMuxPrereq for module RST_SYNC (Rule 135 of total 399) .... done (Time = 0.00s, Memory = 0.0K)
Checking Rule PESVASETUP01 for module RST_SYNC (Rule 136 of total 399) .... done (Time = 0.00s, Memory = 0.0K)
Checking Rule HangingNetPreReq-ML for module RST_SYNC (Rule 137 of total 399) .... done (Time = 0.00s, Memory = 0.0K)
Checking Rule _meta_delay01 for module RST_SYNC (Rule 138 of total 399) .... done (Time = 0.00s, Memory = 0.0K)
Checking Rule SDC2SGDCPARSE for module RST_SYNC (Rule 139 of total 399) .... done (Time = 0.00s, Memory = 0.0K)
Checking Rule _cdc_save_license01 for module RST_SYNC (Rule 140 of total 399) .... done (Time = 0.00s, Memory = 0.0K)
Checking Rule Reset_check05 for module RST_SYNC (Rule 141 of total 399) .... done (Time = 0.00s, Memory = 0.0K)
Checking Rule _syncResetStyleRTL for module RST_SYNC (Rule 142 of total 399) .... done (Time = 0.00s, Memory = 0.0K)
Checking Rule Ac_svasetup01 for module RST_SYNC (Rule 143 of total 399) .... done (Time = 0.00s, Memory = 0.0K)
Checking Rule Txv_SvaSetup01 for module CLK_DIV (Rule 134 of total 399) .... done (Time = 0.00s, Memory = 0.0K)
Checking Rule LogNMuxPrereq for module CLK_DIV (Rule 135 of total 399) .... done (Time = 0.00s, Memory = 0.0K)
Checking Rule PESVASETUP01 for module CLK_DIV (Rule 136 of total 399) .... done (Time = 0.00s, Memory = 0.0K)
Checking Rule HangingNetPreReq-ML for module CLK_DIV (Rule 137 of total 399) .... done (Time = 0.00s, Memory = 0.0K)
Checking Rule _meta_delay01 for module CLK_DIV (Rule 138 of total 399) .... done (Time = 0.00s, Memory = 0.0K)
Checking Rule SDC2SGDCPARSE for module CLK_DIV (Rule 139 of total 399) .... done (Time = 0.00s, Memory = 0.0K)
Checking Rule _cdc_save_license01 for module CLK_DIV (Rule 140 of total 399) .... done (Time = 0.00s, Memory = 0.0K)
Checking Rule Reset_check05 for module CLK_DIV (Rule 141 of total 399) .... done (Time = 0.00s, Memory = 0.0K)
Checking Rule _syncResetStyleRTL for module CLK_DIV (Rule 142 of total 399) .... done (Time = 0.00s, Memory = 0.0K)
Checking Rule Ac_svasetup01 for module CLK_DIV (Rule 143 of total 399) .... done (Time = 0.00s, Memory = 0.0K)
Checking Rule Txv_SvaSetup01 for module prescale_mux (Rule 134 of total 399) .... done (Time = 0.00s, Memory = 0.0K)
Checking Rule LogNMuxPrereq for module prescale_mux (Rule 135 of total 399) .... done (Time = 0.00s, Memory = 0.0K)
Checking Rule PESVASETUP01 for module prescale_mux (Rule 136 of total 399) .... done (Time = 0.00s, Memory = 0.0K)
Checking Rule HangingNetPreReq-ML for module prescale_mux (Rule 137 of total 399) .... done (Time = 0.00s, Memory = 0.0K)
Checking Rule _meta_delay01 for module prescale_mux (Rule 138 of total 399) .... done (Time = 0.00s, Memory = 0.0K)
Checking Rule SDC2SGDCPARSE for module prescale_mux (Rule 139 of total 399) .... done (Time = 0.00s, Memory = 0.0K)
Checking Rule _cdc_save_license01 for module prescale_mux (Rule 140 of total 399) .... done (Time = 0.00s, Memory = 0.0K)
Checking Rule Reset_check05 for module prescale_mux (Rule 141 of total 399) .... done (Time = 0.00s, Memory = 0.0K)
Checking Rule _syncResetStyleRTL for module prescale_mux (Rule 142 of total 399) .... done (Time = 0.00s, Memory = 0.0K)
Checking Rule Ac_svasetup01 for module prescale_mux (Rule 143 of total 399) .... done (Time = 0.00s, Memory = 0.0K)
Checking Rule Txv_SvaSetup01 for module SYSTEM_TOP (Rule 134 of total 399) .... done (Time = 0.00s, Memory = 0.0K)
Checking Rule LogNMuxPrereq for module SYSTEM_TOP (Rule 135 of total 399) .... done (Time = 0.00s, Memory = 0.0K)
Checking Rule PESVASETUP01 for module SYSTEM_TOP (Rule 136 of total 399) .... done (Time = 0.00s, Memory = 0.0K)
Checking Rule HangingNetPreReq-ML for module SYSTEM_TOP (Rule 137 of total 399) .... done (Time = 0.00s, Memory = 0.0K)
Checking Rule _meta_delay01 for module SYSTEM_TOP (Rule 138 of total 399) .... done (Time = 0.00s, Memory = 0.0K)
Checking Rule SDC2SGDCPARSE for module SYSTEM_TOP (Rule 139 of total 399) .... done (Time = 0.00s, Memory = 0.0K)
Checking Rule _cdc_save_license01 for module SYSTEM_TOP (Rule 140 of total 399) .... done (Time = 0.00s, Memory = 0.0K)
Checking Rule Reset_check05 for module SYSTEM_TOP (Rule 141 of total 399) .... done (Time = 0.00s, Memory = 0.0K)
Checking Rule _syncResetStyleRTL for module SYSTEM_TOP (Rule 142 of total 399) .... done (Time = 0.00s, Memory = 0.0K)
Checking Rule Ac_svasetup01 for module SYSTEM_TOP (Rule 143 of total 399) .... done (Time = 0.00s, Memory = 0.0K)
Performing semantic checks on SGDC contents
Checking Rule SGDC_testmode03 (Rule 98 of total 399) .... done (Time = 0.00s, Memory = 0.0K)
Checking Rule checkSGDC_01 (Rule 144 of total 399) .... done (Time = 0.00s, Memory = -8.0K)
Checking Rule checkSGDC_03 (Rule 145 of total 399) .... done (Time = 0.00s, Memory = 0.0K)
Checking Rule checkSGDC_08 (Rule 146 of total 399) .... done (Time = 0.00s, Memory = -0.3K)
Checking Rule SGDC_memorywritepin04 (Rule 147 of total 399) .... done (Time = 0.00s, Memory = 1.6K)
Checking Rule SGDC_reset02 (Rule 148 of total 399) .... done (Time = 0.00s, Memory = 3.7K)
Checking Rule SGDC_reset03 (Rule 149 of total 399) .... done (Time = 0.00s, Memory = 7.5K)
Checking Rule SGDC_waive23 (Rule 150 of total 399) .... done (Time = 0.00s, Memory = 0.0K)
Checking Rule SGDC_waive26 (Rule 151 of total 399) .... done (Time = 0.00s, Memory = 0.9K)
Checking Rule SGDC_waive27 (Rule 152 of total 399) .... done (Time = 0.00s, Memory = 0.0K)
Checking Rule SGDC_waive29 (Rule 153 of total 399) .... done (Time = 0.00s, Memory = 0.0K)
Checking Rule SGDC_libgroup03 (Rule 154 of total 399) .... done (Time = 0.00s, Memory = 32.0K)
Checking Rule SGDC_ungroup02 (Rule 155 of total 399) .... done (Time = 0.00s, Memory = 0.0K)
Checking Rule _abstractPortSGDC (Rule 156 of total 399) .... done (Time = 0.00s, Memory = -17.2K)
Checking Rule SGDC_abstract_port03 (Rule 157 of total 399) .... done (Time = 0.00s, Memory = 0.0K)
Checking Rule SGDC_abstract_port04 (Rule 158 of total 399) .... done (Time = 0.00s, Memory = -32.0K)
Checking Rule SGDC_abstract_port05 (Rule 159 of total 399) .... done (Time = 0.00s, Memory = -31.6K)
Checking Rule SGDC_abstract_port07 (Rule 160 of total 399) .... done (Time = 0.00s, Memory = 0.0K)
Checking Rule SGDC_abstract_port08 (Rule 161 of total 399) .... done (Time = 0.00s, Memory = -32.0K)
Checking Rule SGDC_abstract_port10 (Rule 162 of total 399) .... done (Time = 0.00s, Memory = 0.0K)
Checking Rule SGDC_abstract_port11 (Rule 163 of total 399) .... done (Time = 0.00s, Memory = 0.4K)
Checking Rule SGDC_abstract_port12 (Rule 164 of total 399) .... done (Time = 0.00s, Memory = 0.0K)
Checking Rule SGDC_abstract_port13 (Rule 165 of total 399) .... done (Time = 0.00s, Memory = 0.0K)
Checking Rule _deltaDelayNom (Rule 166 of total 399) .... done (Time = 0.00s, Memory = 0.0K)
Checking Rule ReportUngroup (Rule 167 of total 399) .... done (Time = 0.00s, Memory = -5.0K)
Checking Rule SGDC_allow_combo_logic02 (Rule 168 of total 399) .... done (Time = 0.00s, Memory = 0.0K)
Checking Rule _portRetenClocknReset (Rule 169 of total 399) .... done (Time = 0.00s, Memory = 8.0K)
Checking Rule _portReten (Rule 170 of total 399) .... done (Time = 0.01s, Memory = -29.7K)
Checking Rule LP_POWERDATA_INFO (Rule 171 of total 399) .... done (Time = 0.00s, Memory = 0.0K)
Checking Rule SGDC_abstract_port21 (Rule 172 of total 399) .... done (Time = 0.00s, Memory = -12.0K)
Checking Rule SDC2SGDC_WRN01 (Rule 173 of total 399) .... done (Time = 0.00s, Memory = 0.0K)
Checking Rule SDC2SGDC_STX01 (Rule 174 of total 399) .... done (Time = 0.00s, Memory = 0.0K)
Checking Rule SGDC_input02 (Rule 175 of total 399) .... done (Time = 0.00s, Memory = 0.0K)
Checking Rule SGDC_input03 (Rule 176 of total 399) .... done (Time = 0.00s, Memory = 0.0K)
Checking Rule SGDC_output02 (Rule 177 of total 399) .... done (Time = 0.00s, Memory = 0.0K)
Checking Rule SGDC_output04 (Rule 178 of total 399) .... done (Time = 0.00s, Memory = 0.0K)
Checking Rule SGDC_numflops03a (Rule 179 of total 399) .... done (Time = 0.00s, Memory = 0.0K)
Checking Rule SGDC_numflops03b (Rule 180 of total 399) .... done (Time = 0.00s, Memory = 0.0K)
Checking Rule SGDC_sync_cell02b (Rule 181 of total 399) .... done (Time = 0.00s, Memory = 0.0K)
Checking Rule SGDC_qualifier02c (Rule 182 of total 399) .... done (Time = 0.00s, Memory = 0.0K)
Checking Rule SGDC_qualifier03c (Rule 183 of total 399) .... done (Time = 0.00s, Memory = 0.0K)
Checking Rule LPwrRulesSetup (Rule 184 of total 399) .... done (Time = 0.00s, Memory = 0.0K)
 Flattening SYSTEM_TOP ....
 Flattening completed
Checking Rule Domain_Conflict01 (Rule 185 of total 399) .... done (Time = 0.00s, Memory = 0.6K)
Checking Rule Domain_Matrix01 (Rule 186 of total 399) .... done (Time = 0.00s, Memory = 0.0K)
Checking Rule Domain_Missing01 (Rule 187 of total 399) .... done (Time = 0.00s, Memory = -0.3K)
Checking Rule SDC_Mapping01 (Rule 188 of total 399) .... done (Time = 0.00s, Memory = 0.0K)
Checking Rule SDC2SGDCPARSEW (Rule 189 of total 399)
AtrDomain: Inferring Clock Domains...CLOCK_STA mode..Done. (Time Taken=0s)
AtrDomain: Generating Clock Domain Reports...Done. (Time Taken=0s)
 .... done (Time = 0.01s, Memory = 43.1K)
 Flattening SYSTEM_TOP (.lib instances separately flattened) ....
 Flattening completed
Checking Rule SGDC_quasi_static_style01 (Rule 190 of total 399) .... done (Time = 0.00s, Memory = 0.0K)
Checking Rule SignalTypeSetup (Rule 191 of total 399) .... done (Time = 0.00s, Memory = 8.0K)
Checking Rule _allowInst (Rule 192 of total 399) .... done (Time = 0.00s, Memory = 0.0K)
Checking Rule _ipblock (Rule 193 of total 399) .... done (Time = 0.00s, Memory = 4.5K)
Checking Rule _rstSyncCellInst (Rule 194 of total 399) .... done (Time = 0.00s, Memory = 24.0K)
Checking Rule _syncCellDelayedQualifier (Rule 195 of total 399) .... done (Time = 0.00s, Memory = 0.0K)
Checking Rule _repeaterCellInst (Rule 196 of total 399) .... done (Time = 0.00s, Memory = 8.0K)
Checking Rule _abstract_port (Rule 197 of total 399) .... done (Time = 0.00s, Memory = 15.7K)
Checking Rule Clock_setup02 (Rule 198 of total 399) .... done (Time = 0.00s, Memory = -13.1K)
Checking Rule Clockmatrix01 (Rule 199 of total 399) .... done (Time = 0.00s, Memory = 25.9K)
Checking Rule Clock_prop (Rule 200 of total 399) .... done (Time = 0.00s, Memory = 581.8K)
Checking Rule Reset_prop (Rule 201 of total 399) .... done (Time = 0.01s, Memory = 81.9K)
Checking Rule SGDC_generated_clock06 (Rule 202 of total 399) .... done (Time = 0.00s, Memory = 0.0K)
Checking Rule Propagate_Clocks (Rule 203 of total 399) .... done (Time = 0.00s, Memory = 372.1K)
Checking Rule _syncreset_prop (Rule 204 of total 399) .... done (Time = 0.00s, Memory = 8.7K)
Checking Rule _syncc (Rule 205 of total 399) .... done (Time = 0.01s, Memory = -8.6K)
Checking Rule _syncb (Rule 206 of total 399) .... done (Time = 0.00s, Memory = 1.6K)
Checking Rule _resetPathCross (Rule 207 of total 399) .... done (Time = 0.00s, Memory = 0.0K)
Checking Rule FalsePathSetup (Rule 208 of total 399) .... done (Time = 0.00s, Memory = 0.0K)
Checking Rule _fifo01 (Rule 209 of total 399) .... done (Time = 0.00s, Memory = 0.0K)
Checking Rule _syncfifo (Rule 210 of total 399) .... done (Time = 0.00s, Memory = -1.4K)
Checking Rule _syncUDfifo (Rule 211 of total 399) .... done (Time = 0.00s, Memory = 24.0K)
Checking Rule _syncdw (Rule 212 of total 399) .... done (Time = 0.00s, Memory = 0.0K)
Checking Rule _syncd (Rule 213 of total 399) .... done (Time = 0.00s, Memory = -28.0K)
Checking Rule _syncg (Rule 214 of total 399) .... done (Time = 0.00s, Memory = -18.5K)
Checking Rule _sync_clock (Rule 215 of total 399) .... done (Time = 0.00s, Memory = 3.1K)
Checking Rule _sync_gp (Rule 216 of total 399) .... done (Time = 0.00s, Memory = 0.0K)
Checking Rule _sync_and (Rule 217 of total 399) .... done (Time = 0.00s, Memory = 24.0K)
Checking Rule _synci (Rule 218 of total 399) .... done (Time = 0.00s, Memory = 0.0K)
Checking Rule _sync_qualifier (Rule 219 of total 399) .... done (Time = 0.00s, Memory = 0.0K)
Checking Rule SGDC_fifo11 (Rule 220 of total 399) .... done (Time = 0.00s, Memory = -1.4K)
Checking Rule SGDC_fifo12 (Rule 221 of total 399) .... done (Time = 0.00s, Memory = -32.0K)
Checking Rule SGDC_fifo13 (Rule 222 of total 399) .... done (Time = 0.00s, Memory = -0.7K)
Checking Rule SGDC_fifo14 (Rule 223 of total 399) .... done (Time = 0.00s, Memory = 512.0K)
Checking Rule Gen_diff01 (Rule 224 of total 399) .... done (Time = 0.00s, Memory = 0.0K)
Checking Rule _debugData (Rule 225 of total 399) .... done (Time = 0.01s, Memory = 66.4K)
Checking Rule Ac_Sync_Init (Rule 226 of total 399) .... done (Time = 0.01s, Memory = 490.5K)
Checking Rule _propagate_cdcAttrib (Rule 227 of total 399) .... done (Time = 0.00s, Memory = 0.0K)
Checking Rule Ar_Cross_Init (Rule 228 of total 399) .... done (Time = 0.00s, Memory = 0.0K)
Checking Rule SGDC_cdc_define_transition01 (Rule 229 of total 399) .... done (Time = 0.00s, Memory = 0.0K)
Checking Rule UPF_lowpower08PR (Rule 230 of total 399) .... done (Time = 0.00s, Memory = 11.8K)
Checking Rule UPF_lowpower08 (Rule 231 of total 399) .... done (Time = 0.00s, Memory = 31.0K)
Checking Rule Setup_check01 (Rule 232 of total 399) .... done (Time = 0.00s, Memory = -1.3K)
Checking Rule Setup_check02 (Rule 233 of total 399) .... done (Time = 0.00s, Memory = 0.0K)
Checking Rule Info_Case_Analysis (Rule 234 of total 399) .... done (Time = 0.01s, Memory = -30.0K)
Checking Rule SGDC_set_case_analysis_LC (Rule 235 of total 399) .... done (Time = 0.00s, Memory = 49.4K)
Checking Rule SGDC_signal_in_domain02 (Rule 236 of total 399) .... done (Time = 0.00s, Memory = 0.0K)
Checking Rule SGDC_signal_in_domain04 (Rule 237 of total 399) .... done (Time = 0.00s, Memory = 0.0K)
Checking Rule SGDC_numflops03c (Rule 238 of total 399) .... done (Time = 0.00s, Memory = 0.0K)
Checking Rule SGDC_numflops04 (Rule 239 of total 399) .... done (Time = 0.00s, Memory = 0.0K)
Checking Rule SGDC_numflops05 (Rule 240 of total 399) .... done (Time = 0.00s, Memory = 0.0K)
Checking Rule SGDC_numflops06 (Rule 241 of total 399) .... done (Time = 0.00s, Memory = 8.0K)
Checking Rule SGDC_numflops11 (Rule 242 of total 399) .... done (Time = 0.00s, Memory = -8.0K)
Checking Rule SGDC_numflops13 (Rule 243 of total 399) .... done (Time = 0.00s, Memory = 8.0K)
Checking Rule SGDC_numflops14 (Rule 244 of total 399) .... done (Time = 0.00s, Memory = 0.0K)
Checking Rule SGDC_clocksense02 (Rule 245 of total 399) .... done (Time = 0.00s, Memory = 0.0K)
Checking Rule SGDC_clocksense03 (Rule 246 of total 399) .... done (Time = 0.00s, Memory = 0.0K)
Checking Rule SGDC_sgclkgroup01 (Rule 247 of total 399) .... done (Time = 0.00s, Memory = 32.0K)
Checking Rule SGDC_sgclkgroup02 (Rule 248 of total 399) .... done (Time = 0.00s, Memory = -32.0K)
Checking Rule SGDC_sgclkgroup03 (Rule 249 of total 399) .... done (Time = 0.00s, Memory = 0.0K)
Checking Rule SGDC_check_clock_relation01a (Rule 250 of total 399) .... done (Time = 0.00s, Memory = 0.0K)
Checking Rule SGDC_check_clock_relation01b (Rule 251 of total 399) .... done (Time = 0.00s, Memory = 0.0K)
Checking Rule SGDC_check_clock_relation01c (Rule 252 of total 399) .... done (Time = 0.00s, Memory = -1.1K)
Checking Rule SGDC_check_clock_relation02a (Rule 253 of total 399) .... done (Time = 0.00s, Memory = 0.0K)
Checking Rule SGDC_check_clock_relation02b (Rule 254 of total 399) .... done (Time = 0.00s, Memory = 0.0K)
Checking Rule SGDC_check_clock_relation02c (Rule 255 of total 399) .... done (Time = 0.00s, Memory = 0.0K)
Checking Rule SGDC_check_clock_relation03b (Rule 256 of total 399) .... done (Time = 0.00s, Memory = 0.0K)
Checking Rule SGDC_check_clock_relation04b (Rule 257 of total 399) .... done (Time = 0.00s, Memory = 0.0K)
Checking Rule CheckClockRelationSetup (Rule 258 of total 399) .... done (Time = 0.00s, Memory = 0.0K)
Checking Rule SGDC_gray_signals01 (Rule 259 of total 399) .... done (Time = 0.00s, Memory = 0.0K)
Checking Rule SGDC_gray_signals02 (Rule 260 of total 399) .... done (Time = 0.00s, Memory = 0.0K)
Checking Rule SGDC_gray_signals03 (Rule 261 of total 399) .... done (Time = 0.00s, Memory = 4.0K)
Checking Rule SGDC_qualifier02a (Rule 262 of total 399) .... done (Time = 0.00s, Memory = -32.0K)
Checking Rule SGDC_qualifier03a (Rule 263 of total 399) .... done (Time = 0.00s, Memory = 0.0K)
Checking Rule SGDC_qualifier04 (Rule 264 of total 399) .... done (Time = 0.00s, Memory = -3.0K)
Checking Rule SGDC_qualifier05 (Rule 265 of total 399) .... done (Time = 0.00s, Memory = -32.0K)
Checking Rule SGDC_qualifier08 (Rule 266 of total 399) .... done (Time = 0.00s, Memory = 0.0K)
Checking Rule QualifierSetup (Rule 267 of total 399) .... done (Time = 0.00s, Memory = -32.0K)
Checking Rule ResetSynchronizerSetup (Rule 268 of total 399) .... done (Time = 0.00s, Memory = 0.0K)
Checking Rule SGDC_validation_filter_path03 (Rule 269 of total 399) .... done (Time = 0.00s, Memory = 8.0K)
Checking Rule SGDC_qualifier10 (Rule 270 of total 399) .... done (Time = 0.00s, Memory = 0.0K)
Checking Rule SGDC_qualifier11 (Rule 271 of total 399) .... done (Time = 0.00s, Memory = 0.0K)
Checking Rule SGDC_qualifier12 (Rule 272 of total 399) .... done (Time = 0.00s, Memory = 0.0K)
Checking Rule SGDC_qualifier13 (Rule 273 of total 399) .... done (Time = 0.00s, Memory = 0.0K)
Checking Rule SGDC_qualifier14 (Rule 274 of total 399) .... done (Time = 0.00s, Memory = 0.0K)
Checking Rule SGDC_qualifier16 (Rule 275 of total 399) .... done (Time = 0.00s, Memory = 0.0K)
Checking Rule SGDC_qualifier18 (Rule 276 of total 399) .... done (Time = 0.00s, Memory = 0.0K)
Checking Rule SGDC_qualifier19a (Rule 277 of total 399) .... done (Time = 0.00s, Memory = -1.1K)
Checking Rule SGDC_qualifier19b (Rule 278 of total 399) .... done (Time = 0.00s, Memory = 0.0K)
Checking Rule SGDC_qualifier19c (Rule 279 of total 399) .... done (Time = 0.00s, Memory = 0.0K)
Checking Rule SGDC_qualifier20b (Rule 280 of total 399) .... done (Time = 0.00s, Memory = 32.0K)
Checking Rule SGDC_qualifier21 (Rule 281 of total 399) .... done (Time = 0.00s, Memory = -4.9K)
Checking Rule SGDC_qualifier22 (Rule 282 of total 399) .... done (Time = 0.00s, Memory = 8.0K)
Checking Rule SGDC_qualifier23 (Rule 283 of total 399) .... done (Time = 0.00s, Memory = -32.0K)
Checking Rule SGDC_virtualclock01 (Rule 284 of total 399) .... done (Time = 0.00s, Memory = 0.0K)
Checking Rule SGDC_virtualreset01 (Rule 285 of total 399) .... done (Time = 0.00s, Memory = 4.7K)
Checking Rule SGDC_abstract_port19 (Rule 286 of total 399) .... done (Time = 0.00s, Memory = 0.0K)
Checking Rule SGDC_abstract_port20 (Rule 287 of total 399) .... done (Time = 0.00s, Memory = 0.0K)
Checking Rule RFPSetup (Rule 288 of total 399) .... done (Time = 0.00s, Memory = 0.0K)
Checking Rule SGDC_reset_filter_path02a (Rule 289 of total 399) .... done (Time = 0.00s, Memory = 0.0K)
Checking Rule SGDC_reset_filter_path02b (Rule 290 of total 399) .... done (Time = 0.00s, Memory = 8.0K)
Checking Rule SGDC_reset_filter_path02c (Rule 291 of total 399) .... done (Time = 0.00s, Memory = 8.0K)
Checking Rule SGDC_reset_filter_path03a (Rule 292 of total 399) .... done (Time = 0.00s, Memory = -0.9K)
Checking Rule SGDC_reset_filter_path03b (Rule 293 of total 399) .... done (Time = 0.00s, Memory = 0.0K)
Checking Rule SGDC_reset_filter_path03c (Rule 294 of total 399) .... done (Time = 0.00s, Memory = 0.0K)
Checking Rule SGDC_reset_filter_path04b (Rule 295 of total 399) .... done (Time = 0.00s, Memory = -1.8K)
Checking Rule SGDC_reset_filter_path07a (Rule 296 of total 399) .... done (Time = 0.00s, Memory = 0.0K)
Checking Rule SGDC_reset_filter_path07b (Rule 297 of total 399) .... done (Time = 0.00s, Memory = 32.0K)
Checking Rule SGDC_reset_filter_path07c (Rule 298 of total 399) .... done (Time = 0.00s, Memory = 0.0K)
Checking Rule SGDC_define_reset_order03 (Rule 299 of total 399) .... done (Time = 0.00s, Memory = 0.0K)
Checking Rule SGDC_define_reset_order04 (Rule 300 of total 399) .... done (Time = 0.00s, Memory = 0.0K)
Checking Rule SGDC_define_reset_order05 (Rule 301 of total 399) .... done (Time = 0.00s, Memory = -0.9K)
Checking Rule SGDC_cdc_false_path06 (Rule 302 of total 399) .... done (Time = 0.00s, Memory = 0.0K)
Checking Rule SGDC_cdc_false_path07 (Rule 303 of total 399) .... done (Time = 0.00s, Memory = -0.9K)
Checking Rule SGDC_cdc_false_path08 (Rule 304 of total 399) .... done (Time = 0.00s, Memory = 7.6K)
Checking Rule CDCSet_License01 (Rule 305 of total 399) .... done (Time = 0.00s, Memory = 0.0K)
Checking Rule Clock_info03a (Rule 306 of total 399) .... done (Time = 0.00s, Memory = 4.7K)
Checking Rule Clock_info03b (Rule 307 of total 399) .... done (Time = 0.03s, Memory = -2.3K)
Checking Rule Clock_info03c (Rule 308 of total 399) .... done (Time = 0.00s, Memory = 0.0K)
Checking Rule Propagate_Resets (Rule 309 of total 399) .... done (Time = 0.01s, Memory = 11.6K)
Checking Rule _reset_sync (Rule 310 of total 399) .... done (Time = 0.01s, Memory = -1.3K)
Checking Rule Setup_port01 (Rule 311 of total 399) .... done (Time = 0.00s, Memory = 0.0K)
Checking Rule Setup_blackbox01 (Rule 312 of total 399) .... done (Time = 0.00s, Memory = 0.0K)
Checking Rule Setup_library01 (Rule 313 of total 399) .... done (Time = 0.00s, Memory = -1.6K)
Checking Rule Reset_check11 (Rule 314 of total 399) .... done (Time = 0.00s, Memory = 15.8K)
Checking Rule Reset_info09a (Rule 315 of total 399) .... done (Time = 0.00s, Memory = 0.0K)
Checking Rule Clock_info02 (Rule 316 of total 399) .... done (Time = 0.01s, Memory = -29.3K)
Checking Rule Reset_info02 (Rule 317 of total 399) .... done (Time = 0.00s, Memory = -1.7K)
Checking Rule Clock_info05 (Rule 318 of total 399) .... done (Time = 0.00s, Memory = 0.0K)
Checking Rule Clock_info05b (Rule 319 of total 399) .... done (Time = 0.00s, Memory = 0.0K)
Checking Rule Reset_check03 (Rule 320 of total 399) .... done (Time = 0.00s, Memory = 14.0K)
Checking Rule _clkWrapModules (Rule 321 of total 399) .... done (Time = 0.00s, Memory = 0.5K)
Checking Rule _clock_hier_rules (Rule 322 of total 399) .... done (Time = 0.00s, Memory = 0.0K)
Checking Rule Reset_check12 (Rule 323 of total 399) .... done (Time = 0.00s, Memory = 71.5K)
Checking Rule Ar_sync_init (Rule 324 of total 399) .... done (Time = 0.00s, Memory = 15.8K)
Checking Rule _constrCoverage (Rule 325 of total 399) .... done (Time = 0.00s, Memory = 16.6K)
Checking Rule Clock_info15 (Rule 326 of total 399) .... done (Time = 0.00s, Memory = 1.0K)
Checking Rule Reset_check10 (Rule 327 of total 399) .... done (Time = 0.00s, Memory = 50.0K)
Checking Rule SGDC_clockreset02 (Rule 328 of total 399) .... done (Time = 0.00s, Memory = 0.0K)
Checking Rule Param_clockreset02 (Rule 329 of total 399) .... done (Time = 0.00s, Memory = 0.8K)
Checking Rule Param_clockreset04 (Rule 330 of total 399) .... done (Time = 0.00s, Memory = 0.0K)
Checking Rule Setup_clockreset01 (Rule 331 of total 399) .... done (Time = 0.00s, Memory = 0.0K)
Checking Rule Clock_check07 (Rule 332 of total 399) .... done (Time = 0.00s, Memory = -0.9K)
Checking Rule Clock_check10 (Rule 333 of total 399) .... done (Time = 0.00s, Memory = -0.9K)
Checking Rule Reset_check08 (Rule 334 of total 399) .... done (Time = 0.00s, Memory = 0.0K)
Checking Rule Clock_converge01 (Rule 335 of total 399) .... done (Time = 0.00s, Memory = 0.0K)
Checking Rule Ar_converge01 (Rule 336 of total 399) .... done (Time = 0.00s, Memory = 5.2K)
Checking Rule SGDC_noclockcell_start01 (Rule 337 of total 399) .... done (Time = 0.00s, Memory = 0.0K)
Checking Rule Ac_initseq01 (Rule 338 of total 399) .... done (Time = 0.00s, Memory = 0.0K)
Checking Rule Ac_init01 (Rule 339 of total 399) .... done (Time = 0.00s, Memory = 0.0K)
Checking Rule _ac_Auxi01 (Rule 340 of total 399) .... done (Time = 0.00s, Memory = 0.0K)
Checking Rule Ac_sanity02 (Rule 341 of total 399) .... done (Time = 0.00s, Memory = 0.0K)
Checking Rule _glitch_init (Rule 342 of total 399) .... done (Time = 0.00s, Memory = 0.0K)
Checking Rule Ac_initstate01 (Rule 343 of total 399) .... done (Time = 0.00s, Memory = -3.5K)
Checking Rule Ac_conv02setup01 (Rule 344 of total 399) .... done (Time = 0.00s, Memory = 0.0K)
Checking Rule Ac_abs01 (Rule 345 of total 399) .... done (Time = 0.00s, Memory = 0.0K)
Checking Rule Ac_report01 (Rule 346 of total 399) .... done (Time = 0.00s, Memory = 0.0K)
Checking Rule AllowComboLogicSetup (Rule 347 of total 399) .... done (Time = 0.00s, Memory = 0.0K)
Checking Rule Ac_resetvalue01 (Rule 348 of total 399) .... done (Time = 0.00s, Memory = 0.0K)
Checking Rule Ac_upfsetup02 (Rule 349 of total 399) .... done (Time = 0.00s, Memory = 66.0K)
Checking Rule Ac_upfsetup01 (Rule 350 of total 399) .... done (Time = 0.00s, Memory = 4.7K)
Checking Rule Ac_psync_init (Rule 351 of total 399) .... done (Time = 0.00s, Memory = -2.0K)
Checking Rule Ac_psetup01 (Rule 352 of total 399) .... done (Time = 0.00s, Memory = 24.0K)
Checking Rule Clock_exit01 (Rule 353 of total 399) .... done (Time = 0.00s, Memory = 8.0K)
Checking Rule SGDC_reset_synchronizer02 (Rule 354 of total 399) .... done (Time = 0.00s, Memory = 0.0K)
Checking Rule SGDC_reset_synchronizer04 (Rule 355 of total 399) .... done (Time = 0.00s, Memory = 4.0K)
Checking Rule SGDC_reset_synchronizer06 (Rule 356 of total 399) .... done (Time = 0.00s, Memory = 16.8K)
Checking Rule SGDC_reset_synchronizer08 (Rule 357 of total 399) .... done (Time = 0.00s, Memory = 0.0K)
Checking Rule SGDC_reset_synchronizer10 (Rule 358 of total 399) .... done (Time = 0.00s, Memory = 32.0K)
Checking Rule AnalyzeBBox (Rule 359 of total 399) .... done (Time = 0.00s, Memory = 29.8K)
Checking Rule ReportCheckDataSummary (Rule 95 of total 399) .... done (Time = 0.00s, Memory = -2.2K)

Generating data for Console...

SpyGlass Rule Checking Complete.

Generating moresimple report from './spyglass-1/cdc/cdc_setup_check/spyglass.vdb' to './spyglass-1/cdc/cdc_setup_check/spyglass_reports/moresimple.rpt' ....

Generating runsummary report from './spyglass-1/cdc/cdc_setup_check/spyglass.vdb' ....

Generating no_msg_reporting_rules report from './spyglass-1/cdc/cdc_setup_check/spyglass.vdb' to './spyglass-1/cdc/cdc_setup_check/spyglass_reports/no_msg_reporting_rules.rpt' ....

Generating CDC-report report from './spyglass-1/cdc/cdc_setup_check/spyglass.vdb' to './spyglass-1/cdc/cdc_setup_check/spyglass_reports/CDC-report.rpt' ....

Generating CKSGDCInfo report from './spyglass-1/cdc/cdc_setup_check/spyglass.vdb' to './spyglass-1/cdc/cdc_setup_check/spyglass_reports/CKSGDCInfo.rpt' ....

Generating RSTree report from './spyglass-1/cdc/cdc_setup_check/spyglass.vdb' to './spyglass-1/cdc/cdc_setup_check/spyglass_reports/RSTree.rpt' ....

Generating CKTree report from './spyglass-1/cdc/cdc_setup_check/spyglass.vdb' to './spyglass-1/cdc/cdc_setup_check/spyglass_reports/CKTree.rpt' ....

Policy specific data (reports) are present in the directory './spyglass-1/cdc/cdc_setup_check/spyglass_reports'.

SpyGlass critical reports for the current run are present in directory './spyglass-1/consolidated_reports/cdc_cdc_setup_check/'.

---------------------------------------------------------------------------------------------
Results Summary:
---------------------------------------------------------------------------------------------
   Goal Run           :      cdc/cdc_setup_check
   Command-line read  :      0 error,      0 warning,      0 information message 
   Design Read        :      0 error,      0 warning,      6 information messages
      Found 1 top module:
         SYSTEM_TOP   (file: /home/ICer/IC/Projects/System/rtl/SYSTEM_TOP.v)

   Blackbox Resolution:      0 error,      0 warning,      0 information message 
   SGDC Checks        :      0 error,      0 warning,      1 information message 
   Policy clock-reset :      0 error,      0 warning,     14 information messages
   -------------------------------------------------------------------------------------
   Total              :      0 error,      0 warning,     21 information messages

  Total Number of Generated Messages     :        21 (0 error, 0 warning, 21 Infos)
  Number of Reported Messages            :        21 (0 error, 0 warning, 21 Infos)

---------------------------------------------------------------------------------------------


run_goal: info: updating spyglass.log with goal summary
---------------------------------------------------------------------------------------------------
Results Summary:
---------------------------------------------------------------------------------------------------
   Goal Run           :      cdc/cdc_setup_check
   Top Module         :      SYSTEM_TOP
---------------------------------------------------------------------------------------------------
   Reports Directory: 
   /home/ICer/IC/Projects/System/CDC/spyglass-1/consolidated_reports/cdc_cdc_setup_check/ 

   SpyGlass LogFile: 
    /home/ICer/IC/Projects/System/CDC/spyglass-1/cdc/cdc_setup_check/spyglass.log 

   Standard Reports: 
     moresimple.rpt          no_msg_reporting_rules.rpt       

   HTML report:
    /home/ICer/IC/Projects/System/CDC/spyglass-1/html_reports/goals_summary.html
  

   Technology Reports:    CDC( Advance CDC  Setup Check )
     CDC-report.rpt          CKSGDCInfo.rpt          CKTree.rpt      
     RSTree.rpt        
   
---------------------------------------------------------------------------------------------------
   Goal Violation Summary:
       Waived   Messages:                      0 Errors,      0 Warnings,      0 Infos
       Reported Messages:         0 Fatals,    0 Errors,      0 Warnings,     21 Infos
---------------------------------------------------------------------------------------------------
   
   Technology Summary: CDC( Advance CDC  Setup Check )   
       Unclocked Registers= 0
---------------------------------------------------------------------------------------------------
 
run_goal: info: spyglass.log successfully updated with goal summary
0 {Rule-checking completed without errors or warnings}current_goal: warning: design query data not saved for last active goal `cdc/cdc_setup_check'
                       (use `save_goal' command or enable `auto_save' option to save design query data for subsequent goals)
current_goal: warning: goal `cdc/clock_reset_integrity' was run but not saved last time
                       run results and goal settings might not match
current_goal: info: loading goal `cdc/clock_reset_integrity' (in progress)
current_goal: info: finished loading goal `cdc/clock_reset_integrity' (ok)

INFO:    SpyGlass will run goal(s) 'cdc/clock_reset_integrity'.


 Auto-compiling gates libraries

        "../std_cells/scmetro_tsmc_cl013g_rvt_ff_1p32v_m40c.lib"
        "../std_cells/scmetro_tsmc_cl013g_rvt_ss_1p08v_125c.lib"
        "../std_cells/scmetro_tsmc_cl013g_rvt_tt_1p2v_25c.lib"
    to
        "./spyglass-1/spyglass_cache/autogenerated_sglib/aggregate.sglib" ...already compiled

 Using this already compiled sglib for the current run ...

RULE-CHECKING IN MIXED MODE
Loading spyglass (SpyGlass_vL-2016.06) ... (picked from /home/synopsys/SpyGlass-L2016.06/SPYGLASS_HOME/policies/spyglass)
Loading clock-reset (SpyGlass_vL-2016.06) ... (picked from /home/synopsys/SpyGlass-L2016.06/SPYGLASS_HOME/policies/clock)
Loading timing (SpyGlass_vL-2016.06) ... (picked from /home/synopsys/SpyGlass-L2016.06/SPYGLASS_HOME/policies/timing)
 Reading sgdc file "SYSTEM_TOP.sgdc" ...
Performing unification checks on SGDC... done
Reading specified sglib files(s) ....
   Processing library: 'scmetro_tsmc_cl013g_rvt_ff_1p32v_m40c' .... done
   Processing library: 'scmetro_tsmc_cl013g_rvt_ss_1p08v_125c' .... done
   Processing library: 'scmetro_tsmc_cl013g_rvt_tt_1p2v_25c' .... done
Checking Rule AutoGenerateSglib (Rule 1 of total 382) .... done (Time = 0.00s, Memory = 0.0K)

INFO [76]    Using `./spyglass-1/WORK/64' as the Work Directory for 64bit precompiled dump.
Checking Rule Param_clockreset07 (Rule 2 of total 382) .... done (Time = 0.00s, Memory = 2.8K)
Checking Rule Clock_setup01 (Rule 3 of total 382) .... done (Time = 0.00s, Memory = 33.3K)
Checking Rule Param_clockreset06 (Rule 4 of total 382) .... done (Time = 0.00s, Memory = 0.0K)
Checking Rule SGDC_meta_monitor_attributes01 (Rule 5 of total 382) .... done (Time = 0.00s, Memory = -10.0K)
Checking Rule LP_POWERDATA_CHECK (Rule 6 of total 382) .... done (Time = 0.00s, Memory = 0.0K)
Checking Rule LP_POWERDATA_READ (Rule 7 of total 382) .... done (Time = 0.00s, Memory = 0.0K)
Checking Rule PrecompileLibCheck01 (Rule 8 of total 382) .... done (Time = 0.00s, Memory = 0.0K)
Checking Rule PrecompileLibCheck02 (Rule 9 of total 382) .... done (Time = 0.00s, Memory = -17.5K)
Checking Rule PrecompileLibCheck03 (Rule 10 of total 382) .... done (Time = 0.00s, Memory = 0.0K)
Checking Rule PrecompileLibCheck04 (Rule 11 of total 382) .... done (Time = 0.00s, Memory = 0.0K)
Checking Rule ElabSummary (Rule 12 of total 382) .... done (Time = 0.00s, Memory = 31.6K)
Checking Rule ReportSglibVersionSummary (Rule 13 of total 382) .... done (Time = 0.00s, Memory = -27.0K)
Checking Rule SGDC_assume_path01 (Rule 14 of total 382) .... done (Time = 0.00s, Memory = 8.0K)
Checking Rule SGDC_sdcschema02 (Rule 15 of total 382) .... done (Time = 0.00s, Memory = 1.0K)
Checking Rule SGDC_clock05 (Rule 16 of total 382) .... done (Time = 0.00s, Memory = 1.5K)
Checking Rule SGDC_clock09 (Rule 17 of total 382) .... done (Time = 0.00s, Memory = -0.9K)
Checking Rule SGDC_force_ta05 (Rule 18 of total 382) .... done (Time = 0.00s, Memory = 0.0K)
Checking Rule SGDC_require_path03 (Rule 19 of total 382) .... done (Time = 0.00s, Memory = 0.0K)
Checking Rule SGDC_require_value03 (Rule 20 of total 382) .... done (Time = 0.00s, Memory = 0.0K)
Checking Rule SGDC_voltagedomain05 (Rule 21 of total 382) .... done (Time = 0.00s, Memory = -3.7K)
Checking Rule SGDC_voltagedomain06 (Rule 22 of total 382) .... done (Time = 0.00s, Memory = 0.0K)
Checking Rule SGDC_voltagedomain07 (Rule 23 of total 382) .... done (Time = 0.00s, Memory = 7.5K)
Checking Rule SGDC_powerdomainoutputs02 (Rule 24 of total 382) .... done (Time = 0.00s, Memory = 7.5K)
Checking Rule SGDC_supply01 (Rule 25 of total 382) .... done (Time = 0.00s, Memory = 0.0K)
Checking Rule SGDC_waive01 (Rule 26 of total 382) .... done (Time = 0.00s, Memory = 4.0K)
Checking Rule SGDC_waive02 (Rule 27 of total 382) .... done (Time = 0.00s, Memory = 0.0K)
Checking Rule SGDC_waive03 (Rule 28 of total 382) .... done (Time = 0.00s, Memory = 0.0K)
Checking Rule SGDC_waive04 (Rule 29 of total 382) .... done (Time = 0.00s, Memory = 0.0K)
Checking Rule SGDC_waive05 (Rule 30 of total 382) .... done (Time = 0.00s, Memory = 8.0K)
Checking Rule SGDC_waive06 (Rule 31 of total 382) .... done (Time = 0.00s, Memory = 8.0K)
Checking Rule SGDC_waive07 (Rule 32 of total 382) .... done (Time = 0.00s, Memory = 0.0K)
Checking Rule SGDC_waive08 (Rule 33 of total 382) .... done (Time = 0.00s, Memory = 1.6K)
Checking Rule SGDC_waive09 (Rule 34 of total 382) .... done (Time = 0.00s, Memory = 33.2K)
Checking Rule SGDC_waive10 (Rule 35 of total 382) .... done (Time = 0.00s, Memory = 0.0K)
Checking Rule SGDC_waive11 (Rule 36 of total 382) .... done (Time = 0.00s, Memory = 2.8K)
Checking Rule SGDC_waive12 (Rule 37 of total 382) .... done (Time = 0.00s, Memory = -8.0K)
Checking Rule SGDC_waive13 (Rule 38 of total 382) .... done (Time = 0.00s, Memory = -2.0K)
Checking Rule SGDC_waive21 (Rule 39 of total 382) .... done (Time = 0.00s, Memory = 0.0K)
Checking Rule SGDC_waive22 (Rule 40 of total 382) .... done (Time = 0.00s, Memory = 0.0K)
Checking Rule SGDC_waive30 (Rule 41 of total 382) .... done (Time = 0.00s, Memory = 0.0K)
Checking Rule SGDC_waive32 (Rule 42 of total 382) .... done (Time = 0.00s, Memory = 0.0K)
Checking Rule SGDC_waive33 (Rule 43 of total 382) .... done (Time = 0.00s, Memory = 0.0K)
Checking Rule SGDC_waive36 (Rule 44 of total 382) .... done (Time = 0.00s, Memory = 0.0K)
Checking Rule SGDC_waive38 (Rule 45 of total 382) .... done (Time = 0.00s, Memory = 0.0K)
Checking Rule SGDC_fifo01 (Rule 46 of total 382) .... done (Time = 0.00s, Memory = 0.0K)
Checking Rule SGDC_libgroup01 (Rule 47 of total 382) .... done (Time = 0.00s, Memory = 0.0K)
Checking Rule SGDC_libgroup02 (Rule 48 of total 382) .... done (Time = 0.00s, Memory = 0.0K)
Checking Rule SGDC_libgroup04 (Rule 49 of total 382) .... done (Time = 0.00s, Memory = 0.0K)
Checking Rule SGDC_power_data01 (Rule 50 of total 382) .... done (Time = 0.00s, Memory = 7.5K)
Checking Rule SGDC_ungroup01 (Rule 51 of total 382) .... done (Time = 0.00s, Memory = 0.0K)
Checking Rule SGDC_abstract_port06 (Rule 52 of total 382) .... done (Time = 0.00s, Memory = 6.9K)
Checking Rule SGDC_abstract_port14 (Rule 53 of total 382) .... done (Time = 0.00s, Memory = 0.0K)
Checking Rule SGDC_abstract_port15 (Rule 54 of total 382) .... done (Time = 0.00s, Memory = 0.0K)
Checking Rule SGDC_abstract_port18 (Rule 55 of total 382) .... done (Time = 0.00s, Memory = 0.0K)
Checking Rule SDC2SGDC_INFO (Rule 56 of total 382) .... done (Time = 0.00s, Memory = 83.0K)
Checking Rule SDC_ParamSanityCheck (Rule 57 of total 382) .... done (Time = 0.01s, Memory = 3.7K)
Checking Rule SDC_Sanity_Rule (Rule 58 of total 382)SDC-file translator read from path : /home/synopsys/SpyGlass-L2016.06/SPYGLASS_HOME/auxi/sdcparser
 .... done (Time = 0.00s, Memory = 0.0K)
Checking Rule sdc_init_rule (Rule 59 of total 382) .... done (Time = 0.02s, Memory = 6.0K)
Checking Rule CMD_ignorelibs01 (Rule 60 of total 382) .... done (Time = 0.00s, Memory = 6.6K)
Checking Rule ReportRuleNotRun (Rule 61 of total 382) .... done (Time = 0.00s, Memory = 5.8K)
Checking Rule SGDC_generated_clock03 (Rule 62 of total 382) .... done (Time = 0.00s, Memory = 0.0K)
Checking Rule SGDC_generated_clock04 (Rule 63 of total 382) .... done (Time = 0.00s, Memory = 11.5K)
Checking Rule SGDC_generated_clock05 (Rule 64 of total 382) .... done (Time = 0.00s, Memory = 0.0K)
Checking Rule SGDC_quasi_static_style02 (Rule 65 of total 382) .... done (Time = 0.00s, Memory = 9.6K)
Checking Rule SGDC_syncresetstyle01 (Rule 66 of total 382) .... done (Time = 0.00s, Memory = 4.7K)
Checking Rule SGDC_network_allowed_cells01 (Rule 67 of total 382) .... done (Time = 0.00s, Memory = 19.5K)
Checking Rule SGDC_numflops01 (Rule 68 of total 382) .... done (Time = 0.00s, Memory = -0.5K)
Checking Rule SGDC_numflops07 (Rule 69 of total 382) .... done (Time = 0.00s, Memory = 1.6K)
Checking Rule SGDC_numflops08 (Rule 70 of total 382) .... done (Time = 0.00s, Memory = 4.0K)
Checking Rule SGDC_numflops09 (Rule 71 of total 382) .... done (Time = 0.00s, Memory = 2.5K)
Checking Rule SGDC_clocksense04 (Rule 72 of total 382) .... done (Time = 0.00s, Memory = 0.0K)
Checking Rule SGDC_check_clock_relation05a (Rule 73 of total 382) .... done (Time = 0.00s, Memory = 0.0K)
Checking Rule SGDC_check_clock_relation05b (Rule 74 of total 382) .... done (Time = 0.00s, Memory = 39.5K)
Checking Rule SGDC_sync_cell08a (Rule 75 of total 382) .... done (Time = 0.00s, Memory = 11.5K)
Checking Rule SGDC_sync_cell09a (Rule 76 of total 382) .... done (Time = 0.00s, Memory = 0.0K)
Checking Rule SGDC_qualifier06 (Rule 77 of total 382) .... done (Time = 0.00s, Memory = 4.0K)
Checking Rule SGDC_cdc_waive03 (Rule 78 of total 382) .... done (Time = 0.00s, Memory = 0.0K)
Checking Rule SGDC_qualifier09 (Rule 79 of total 382) .... done (Time = 0.00s, Memory = 0.5K)
Checking Rule SGDC_qualifier15 (Rule 80 of total 382) .... done (Time = 0.00s, Memory = 1.7K)
Checking Rule SGDC_allow_combo_logic01 (Rule 81 of total 382) .... done (Time = 0.00s, Memory = 0.0K)
Checking Rule SGDC_reset_filter_path01 (Rule 82 of total 382) .... done (Time = 0.00s, Memory = 0.0K)
Checking Rule SGDC_cdc_false_path05 (Rule 83 of total 382) .... done (Time = 0.00s, Memory = 7.5K)
Checking Rule Param_clockreset05 (Rule 84 of total 382) .... done (Time = 0.00s, Memory = 0.0K)
Checking Rule Ac_sanity01 (Rule 85 of total 382) .... done (Time = 0.00s, Memory = -4.0K)
Checking Rule Ac_sanity06 (Rule 86 of total 382) .... done (Time = 0.00s, Memory = 0.0K)
Checking Rule Ac_license01 (Rule 87 of total 382) .... done (Time = 0.00s, Memory = -8.0K)
Checking Rule SGDC_reset_synchronizer07 (Rule 88 of total 382) .... done (Time = 0.00s, Memory = 224.0K)
 Reading waiver file "./spyglass-1/cdc/clock_reset_integrity/spyglass_spysch/waiver/pragma2Waiver.swl" ...
 Reading included SGDC file "./spyglass-1/cdc/clock_reset_integrity/spyglass_spysch/waiver/pragma2Waiver_varfile.swl" ....
Checking Rule ReportStopSummary (Rule 89 of total 382) .... done (Time = 0.00s, Memory = 0.0K)
Checking Rule ReportIgnoreSummary (Rule 90 of total 382) .... done (Time = 0.00s, Memory = 0.0K)

INFO [235]    Restoring design database from directory './spyglass-1/.SG_SaveRestoreDB/autogenerated__default_snapshot' ...
              done

Checking Rule InferBlackBox (Rule 91 of total 382) .... done (Time = 0.01s, Memory = 0.0K)
Checking Rule SGDC_waive37 (Rule 92 of total 382) .... done (Time = 0.00s, Memory = 0.0K)
Checking Rule SGDC_waive24 (Rule 93 of total 382) .... done (Time = 0.00s, Memory = 0.0K)
Checking Rule SGDC_waive25 (Rule 94 of total 382) .... done (Time = 0.00s, Memory = 0.0K)
Checking Rule SGDC_waive31 (Rule 95 of total 382) .... done (Time = 0.00s, Memory = 0.0K)
Checking Rule SGDC_waive35 (Rule 96 of total 382) .... done (Time = 0.00s, Memory = 4.0K)
Checking Rule ReportSglibSummary (Rule 97 of total 382) .... done (Time = 0.00s, Memory = 0.0K)
Checking Rule DetectTopDesignUnits (Rule 98 of total 382)
 Detected 1 top level design units:
     SYSTEM_TOP
 .... done (Time = 0.00s, Memory = -0.4K)
Checking Rule GenerateConfMap (Rule 99 of total 382) .... done (Time = 0.00s, Memory = 0.0K)
Checking Rule Pragma_setupa for module Pulse_Gen (Rule 100 of total 382) .... done (Time = 0.00s, Memory = 0.0K)
Checking Rule SDC2SGDCPARSE for module Pulse_Gen (Rule 101 of total 382) .... done (Time = 0.00s, Memory = 0.0K)
Checking Rule Reset_check01 for module Pulse_Gen (Rule 102 of total 382) .... done (Time = 0.00s, Memory = 0.0K)
Checking Rule Pragma_setupa for module DF_SYNC (Rule 100 of total 382) .... done (Time = 0.00s, Memory = 0.0K)
Checking Rule SDC2SGDCPARSE for module DF_SYNC (Rule 101 of total 382) .... done (Time = 0.00s, Memory = 0.0K)
Checking Rule Reset_check01 for module DF_SYNC (Rule 102 of total 382) .... done (Time = 0.00s, Memory = 0.0K)
Checking Rule Pragma_setupa for module FIFO_MEM_CNTRL (Rule 100 of total 382) .... done (Time = 0.00s, Memory = 0.0K)
Checking Rule SDC2SGDCPARSE for module FIFO_MEM_CNTRL (Rule 101 of total 382) .... done (Time = 0.00s, Memory = 0.0K)
Checking Rule Reset_check01 for module FIFO_MEM_CNTRL (Rule 102 of total 382) .... done (Time = 0.00s, Memory = 0.0K)
Checking Rule Pragma_setupa for module FIFO_WR (Rule 100 of total 382) .... done (Time = 0.00s, Memory = 0.0K)
Checking Rule SDC2SGDCPARSE for module FIFO_WR (Rule 101 of total 382) .... done (Time = 0.00s, Memory = 0.0K)
Checking Rule Reset_check01 for module FIFO_WR (Rule 102 of total 382) .... done (Time = 0.00s, Memory = 0.0K)
Checking Rule Pragma_setupa for module FIFO_RD (Rule 100 of total 382) .... done (Time = 0.00s, Memory = 0.0K)
Checking Rule SDC2SGDCPARSE for module FIFO_RD (Rule 101 of total 382) .... done (Time = 0.00s, Memory = 0.0K)
Checking Rule Reset_check01 for module FIFO_RD (Rule 102 of total 382) .... done (Time = 0.00s, Memory = 0.0K)
Checking Rule Pragma_setupa for module ASYNC_FIFO (Rule 100 of total 382) .... done (Time = 0.00s, Memory = 0.0K)
Checking Rule SDC2SGDCPARSE for module ASYNC_FIFO (Rule 101 of total 382) .... done (Time = 0.00s, Memory = 0.0K)
Checking Rule Reset_check01 for module ASYNC_FIFO (Rule 102 of total 382) .... done (Time = 0.00s, Memory = 0.0K)
Checking Rule Pragma_setupa for module ALU (Rule 100 of total 382) .... done (Time = 0.00s, Memory = 0.0K)
Checking Rule SDC2SGDCPARSE for module ALU (Rule 101 of total 382) .... done (Time = 0.00s, Memory = 0.0K)
Checking Rule Reset_check01 for module ALU (Rule 102 of total 382) .... done (Time = 0.00s, Memory = 0.0K)
Checking Rule Pragma_setupa for module CLK_GATE (Rule 100 of total 382) .... done (Time = 0.00s, Memory = 0.0K)
Checking Rule SDC2SGDCPARSE for module CLK_GATE (Rule 101 of total 382) .... done (Time = 0.00s, Memory = 0.0K)
Checking Rule Reset_check01 for module CLK_GATE (Rule 102 of total 382) .... done (Time = 0.00s, Memory = 0.0K)
Checking Rule Pragma_setupa for module regfile (Rule 100 of total 382) .... done (Time = 0.00s, Memory = 0.0K)
Checking Rule SDC2SGDCPARSE for module regfile (Rule 101 of total 382) .... done (Time = 0.00s, Memory = 0.0K)
Checking Rule Reset_check01 for module regfile (Rule 102 of total 382) .... done (Time = 0.00s, Memory = 0.0K)
Checking Rule Pragma_setupa for module SYS_CTRL (Rule 100 of total 382) .... done (Time = 0.00s, Memory = 0.0K)
Checking Rule SDC2SGDCPARSE for module SYS_CTRL (Rule 101 of total 382) .... done (Time = 0.00s, Memory = 0.0K)
Checking Rule Reset_check01 for module SYS_CTRL (Rule 102 of total 382) .... done (Time = 0.00s, Memory = 0.0K)
Checking Rule Pragma_setupa for module DATA_SYNC (Rule 100 of total 382) .... done (Time = 0.00s, Memory = 0.0K)
Checking Rule SDC2SGDCPARSE for module DATA_SYNC (Rule 101 of total 382) .... done (Time = 0.00s, Memory = 0.0K)
Checking Rule Reset_check01 for module DATA_SYNC (Rule 102 of total 382) .... done (Time = 0.00s, Memory = 0.0K)
Checking Rule Pragma_setupa for module FSM_RX (Rule 100 of total 382) .... done (Time = 0.00s, Memory = 0.0K)
Checking Rule SDC2SGDCPARSE for module FSM_RX (Rule 101 of total 382) .... done (Time = 0.00s, Memory = 0.0K)
Checking Rule Reset_check01 for module FSM_RX (Rule 102 of total 382) .... done (Time = 0.00s, Memory = 0.0K)
Checking Rule Pragma_setupa for module edge_bit_counter (Rule 100 of total 382) .... done (Time = 0.00s, Memory = 0.0K)
Checking Rule SDC2SGDCPARSE for module edge_bit_counter (Rule 101 of total 382) .... done (Time = 0.00s, Memory = 0.0K)
Checking Rule Reset_check01 for module edge_bit_counter (Rule 102 of total 382) .... done (Time = 0.00s, Memory = 0.0K)
Checking Rule Pragma_setupa for module deserializer (Rule 100 of total 382) .... done (Time = 0.00s, Memory = 0.0K)
Checking Rule SDC2SGDCPARSE for module deserializer (Rule 101 of total 382) .... done (Time = 0.00s, Memory = 0.0K)
Checking Rule Reset_check01 for module deserializer (Rule 102 of total 382) .... done (Time = 0.00s, Memory = 0.0K)
Checking Rule Pragma_setupa for module data_sampling (Rule 100 of total 382) .... done (Time = 0.00s, Memory = 0.0K)
Checking Rule SDC2SGDCPARSE for module data_sampling (Rule 101 of total 382) .... done (Time = 0.00s, Memory = 0.0K)
Checking Rule Reset_check01 for module data_sampling (Rule 102 of total 382) .... done (Time = 0.00s, Memory = 0.0K)
Checking Rule Pragma_setupa for module stop_checker (Rule 100 of total 382) .... done (Time = 0.00s, Memory = 0.0K)
Checking Rule SDC2SGDCPARSE for module stop_checker (Rule 101 of total 382) .... done (Time = 0.00s, Memory = 0.0K)
Checking Rule Reset_check01 for module stop_checker (Rule 102 of total 382) .... done (Time = 0.00s, Memory = 0.0K)
Checking Rule Pragma_setupa for module strt_checker (Rule 100 of total 382) .... done (Time = 0.00s, Memory = 0.0K)
Checking Rule SDC2SGDCPARSE for module strt_checker (Rule 101 of total 382) .... done (Time = 0.00s, Memory = 0.0K)
Checking Rule Reset_check01 for module strt_checker (Rule 102 of total 382) .... done (Time = 0.00s, Memory = 0.0K)
Checking Rule Pragma_setupa for module parity_checker (Rule 100 of total 382) .... done (Time = 0.00s, Memory = 0.0K)
Checking Rule SDC2SGDCPARSE for module parity_checker (Rule 101 of total 382) .... done (Time = 0.00s, Memory = 0.0K)
Checking Rule Reset_check01 for module parity_checker (Rule 102 of total 382) .... done (Time = 0.00s, Memory = 0.0K)
Checking Rule Pragma_setupa for module UART_RX (Rule 100 of total 382) .... done (Time = 0.00s, Memory = 0.0K)
Checking Rule SDC2SGDCPARSE for module UART_RX (Rule 101 of total 382) .... done (Time = 0.00s, Memory = 0.0K)
Checking Rule Reset_check01 for module UART_RX (Rule 102 of total 382) .... done (Time = 0.00s, Memory = 0.0K)
Checking Rule Pragma_setupa for module FSM_TX (Rule 100 of total 382) .... done (Time = 0.00s, Memory = 0.0K)
Checking Rule SDC2SGDCPARSE for module FSM_TX (Rule 101 of total 382) .... done (Time = 0.00s, Memory = 0.0K)
Checking Rule Reset_check01 for module FSM_TX (Rule 102 of total 382) .... done (Time = 0.00s, Memory = 0.0K)
Checking Rule Pragma_setupa for module Serializer (Rule 100 of total 382) .... done (Time = 0.00s, Memory = 0.0K)
Checking Rule SDC2SGDCPARSE for module Serializer (Rule 101 of total 382) .... done (Time = 0.00s, Memory = 0.0K)
Checking Rule Reset_check01 for module Serializer (Rule 102 of total 382) .... done (Time = 0.00s, Memory = 0.0K)
Checking Rule Pragma_setupa for module Parity_Calc (Rule 100 of total 382) .... done (Time = 0.00s, Memory = 0.0K)
Checking Rule SDC2SGDCPARSE for module Parity_Calc (Rule 101 of total 382) .... done (Time = 0.00s, Memory = 0.0K)
Checking Rule Reset_check01 for module Parity_Calc (Rule 102 of total 382) .... done (Time = 0.00s, Memory = 0.0K)
Checking Rule Pragma_setupa for module MUX (Rule 100 of total 382) .... done (Time = 0.00s, Memory = 0.0K)
Checking Rule SDC2SGDCPARSE for module MUX (Rule 101 of total 382) .... done (Time = 0.00s, Memory = 0.0K)
Checking Rule Reset_check01 for module MUX (Rule 102 of total 382) .... done (Time = 0.00s, Memory = 0.0K)
Checking Rule Pragma_setupa for module UART_TX (Rule 100 of total 382) .... done (Time = 0.00s, Memory = 0.0K)
Checking Rule SDC2SGDCPARSE for module UART_TX (Rule 101 of total 382) .... done (Time = 0.00s, Memory = 0.0K)
Checking Rule Reset_check01 for module UART_TX (Rule 102 of total 382) .... done (Time = 0.00s, Memory = 0.0K)
Checking Rule Pragma_setupa for module UART (Rule 100 of total 382) .... done (Time = 0.00s, Memory = 0.0K)
Checking Rule SDC2SGDCPARSE for module UART (Rule 101 of total 382) .... done (Time = 0.00s, Memory = 0.0K)
Checking Rule Reset_check01 for module UART (Rule 102 of total 382) .... done (Time = 0.00s, Memory = 0.0K)
Checking Rule Pragma_setupa for module RST_SYNC (Rule 100 of total 382) .... done (Time = 0.00s, Memory = 0.0K)
Checking Rule SDC2SGDCPARSE for module RST_SYNC (Rule 101 of total 382) .... done (Time = 0.00s, Memory = 0.0K)
Checking Rule Reset_check01 for module RST_SYNC (Rule 102 of total 382) .... done (Time = 0.00s, Memory = 0.0K)
Checking Rule Pragma_setupa for module CLK_DIV (Rule 100 of total 382) .... done (Time = 0.00s, Memory = 0.0K)
Checking Rule SDC2SGDCPARSE for module CLK_DIV (Rule 101 of total 382) .... done (Time = 0.00s, Memory = 0.0K)
Checking Rule Reset_check01 for module CLK_DIV (Rule 102 of total 382) .... done (Time = 0.00s, Memory = 0.0K)
Checking Rule Pragma_setupa for module prescale_mux (Rule 100 of total 382) .... done (Time = 0.00s, Memory = 0.0K)
Checking Rule SDC2SGDCPARSE for module prescale_mux (Rule 101 of total 382) .... done (Time = 0.00s, Memory = 0.0K)
Checking Rule Reset_check01 for module prescale_mux (Rule 102 of total 382) .... done (Time = 0.00s, Memory = 0.0K)
Checking Rule Pragma_setupa for module SYSTEM_TOP (Rule 100 of total 382) .... done (Time = 0.00s, Memory = 0.0K)
Checking Rule SDC2SGDCPARSE for module SYSTEM_TOP (Rule 101 of total 382) .... done (Time = 0.00s, Memory = 0.0K)
Checking Rule Reset_check01 for module SYSTEM_TOP (Rule 102 of total 382) .... done (Time = 0.00s, Memory = 0.0K)
Performing semantic checks on SGDC contents
Checking Rule SGDC_testmode03 (Rule 103 of total 382) .... done (Time = 0.00s, Memory = 0.0K)
Checking Rule Pragma_setupb (Rule 104 of total 382) .... done (Time = 0.00s, Memory = 4.7K)
Checking Rule _vhMeta01 (Rule 105 of total 382) .... done (Time = 0.00s, Memory = 0.0K)
Checking Rule _meta_delay01 (Rule 106 of total 382) .... done (Time = 0.00s, Memory = 0.0K)
Checking Rule LogNMuxPrereq (Rule 107 of total 382) .... done (Time = 0.00s, Memory = 4.9K)
Checking Rule CheckCelldefine (Rule 108 of total 382) .... done (Time = 0.00s, Memory = 0.0K)
Checking Rule checkSGDC_01 (Rule 109 of total 382) .... done (Time = 0.00s, Memory = 0.0K)
Checking Rule checkSGDC_03 (Rule 110 of total 382) .... done (Time = 0.00s, Memory = 0.0K)
Checking Rule checkSGDC_08 (Rule 111 of total 382) .... done (Time = 0.00s, Memory = 0.0K)
Checking Rule SGDC_memorywritepin04 (Rule 112 of total 382) .... done (Time = 0.00s, Memory = 7.5K)
Checking Rule SGDC_reset02 (Rule 113 of total 382) .... done (Time = 0.00s, Memory = -0.9K)
Checking Rule SGDC_reset03 (Rule 114 of total 382) .... done (Time = 0.00s, Memory = 32.0K)
Checking Rule SGDC_waive23 (Rule 115 of total 382) .... done (Time = 0.00s, Memory = 4.8K)
Checking Rule SGDC_waive26 (Rule 116 of total 382) .... done (Time = 0.00s, Memory = -1.7K)
Checking Rule SGDC_waive27 (Rule 117 of total 382) .... done (Time = 0.00s, Memory = -8.0K)
Checking Rule SGDC_waive29 (Rule 118 of total 382) .... done (Time = 0.00s, Memory = 0.0K)
Checking Rule SGDC_libgroup03 (Rule 119 of total 382) .... done (Time = 0.00s, Memory = 4.0K)
Checking Rule SGDC_ungroup02 (Rule 120 of total 382) .... done (Time = 0.00s, Memory = 35.9K)
Checking Rule _abstractPortSGDC (Rule 121 of total 382) .... done (Time = 0.00s, Memory = 2.7K)
Checking Rule SGDC_abstract_port03 (Rule 122 of total 382) .... done (Time = 0.00s, Memory = -0.6K)
Checking Rule SGDC_abstract_port04 (Rule 123 of total 382) .... done (Time = 0.00s, Memory = 0.9K)
Checking Rule SGDC_abstract_port05 (Rule 124 of total 382) .... done (Time = 0.00s, Memory = 0.0K)
Checking Rule SGDC_abstract_port07 (Rule 125 of total 382) .... done (Time = 0.00s, Memory = 0.0K)
Checking Rule SGDC_abstract_port08 (Rule 126 of total 382) .... done (Time = 0.00s, Memory = 0.0K)
Checking Rule SGDC_abstract_port10 (Rule 127 of total 382) .... done (Time = 0.00s, Memory = 0.0K)
Checking Rule SGDC_abstract_port11 (Rule 128 of total 382) .... done (Time = 0.00s, Memory = -1.1K)
Checking Rule SGDC_abstract_port12 (Rule 129 of total 382) .... done (Time = 0.00s, Memory = 0.0K)
Checking Rule SGDC_abstract_port13 (Rule 130 of total 382) .... done (Time = 0.00s, Memory = 0.0K)
Checking Rule SGDC_sdcschema01 (Rule 131 of total 382) .... done (Time = 0.00s, Memory = 38.0K)
Checking Rule _cdc_save_license01 (Rule 132 of total 382) .... done (Time = 0.00s, Memory = 4.4K)
Checking Rule syncRstReq (Rule 133 of total 382) .... done (Time = 0.00s, Memory = -2.2K)
Checking Rule syncRstReq (Rule 134 of total 382) .... done (Time = 0.00s, Memory = -24.0K)
Checking Rule _syncResetStyleRTL (Rule 135 of total 382) .... done (Time = 0.00s, Memory = 0.0K)
Checking Rule _deltaDelay (Rule 136 of total 382) .... done (Time = 0.03s, Memory = 117.0K)
Checking Rule _deltaDelay (Rule 137 of total 382) .... done (Time = 0.00s, Memory = 0.0K)
Checking Rule _deltaDelayNom (Rule 138 of total 382) .... done (Time = 0.00s, Memory = 0.0K)
Checking Rule Ac_multitop01 (Rule 139 of total 382) .... done (Time = 0.00s, Memory = 11.8K)
Checking Rule AcOvlRtl (Rule 140 of total 382) .... done (Time = 0.00s, Memory = 0.0K)
Checking Rule AcOvlRtl (Rule 141 of total 382) .... done (Time = 0.00s, Memory = 0.0K)
Checking Rule Ac_svasetup01 (Rule 142 of total 382) .... done (Time = 0.00s, Memory = -1.8K)
Checking Rule ReportUngroup (Rule 143 of total 382) .... done (Time = 0.00s, Memory = 0.0K)
Checking Rule SGDC_allow_combo_logic02 (Rule 144 of total 382) .... done (Time = 0.00s, Memory = 0.0K)
Checking Rule _portRetenClocknReset (Rule 145 of total 382) .... done (Time = 0.00s, Memory = 0.0K)
Checking Rule _portReten (Rule 146 of total 382) .... done (Time = 0.00s, Memory = 1.1K)
Checking Rule SGDC_meta_design_hier01 (Rule 147 of total 382) .... done (Time = 0.00s, Memory = 0.0K)
Checking Rule LP_POWERDATA_INFO (Rule 148 of total 382) .... done (Time = 0.00s, Memory = 0.0K)
Checking Rule SGDC_abstract_port21 (Rule 149 of total 382) .... done (Time = 0.00s, Memory = -8.4K)
Checking Rule SDC2SGDC_WRN01 (Rule 150 of total 382) .... done (Time = 0.00s, Memory = 4.0K)
Checking Rule SDC2SGDC_STX01 (Rule 151 of total 382) .... done (Time = 0.00s, Memory = 0.0K)
Checking Rule SGDC_input02 (Rule 152 of total 382) .... done (Time = 0.00s, Memory = 0.0K)
Checking Rule SGDC_input03 (Rule 153 of total 382) .... done (Time = 0.00s, Memory = 32.0K)
Checking Rule SGDC_output02 (Rule 154 of total 382) .... done (Time = 0.00s, Memory = 0.0K)
Checking Rule SGDC_output04 (Rule 155 of total 382) .... done (Time = 0.00s, Memory = -0.9K)
Checking Rule SGDC_numflops03a (Rule 156 of total 382) .... done (Time = 0.00s, Memory = -1.9K)
Checking Rule SGDC_numflops03b (Rule 157 of total 382) .... done (Time = 0.00s, Memory = 0.0K)
Checking Rule SGDC_numflops12 (Rule 158 of total 382) .... done (Time = 0.00s, Memory = 0.0K)
Checking Rule SGDC_sync_cell02b (Rule 159 of total 382) .... done (Time = 0.00s, Memory = 0.0K)
Checking Rule SGDC_sync_cell11 (Rule 160 of total 382) .... done (Time = 0.00s, Memory = -2.3K)
Checking Rule SGDC_qualifier02c (Rule 161 of total 382) .... done (Time = 0.00s, Memory = -2.8K)
Checking Rule SGDC_qualifier03c (Rule 162 of total 382) .... done (Time = 0.00s, Memory = 0.0K)
Checking Rule LPwrRulesSetup (Rule 163 of total 382) .... done (Time = 0.00s, Memory = 0.0K)
 Flattening SYSTEM_TOP ....
 Flattening completed
Checking Rule Domain_Conflict01 (Rule 164 of total 382) .... done (Time = 0.00s, Memory = 0.6K)
Checking Rule Domain_Matrix01 (Rule 165 of total 382) .... done (Time = 0.00s, Memory = 0.0K)
Checking Rule Domain_Missing01 (Rule 166 of total 382) .... done (Time = 0.00s, Memory = 0.0K)
Checking Rule SDC_Mapping01 (Rule 167 of total 382) .... done (Time = 0.00s, Memory = -12.0K)
Checking Rule SDC2SGDCPARSEW (Rule 168 of total 382)
AtrDomain: Inferring Clock Domains...CLOCK_STA mode..Done. (Time Taken=0s)
AtrDomain: Generating Clock Domain Reports...Done. (Time Taken=0s)
 .... done (Time = 0.03s, Memory = 59.7K)
 Flattening SYSTEM_TOP (.lib instances separately flattened) ....
 Flattening completed
Checking Rule SGDC_quasi_static_style01 (Rule 169 of total 382) .... done (Time = 0.00s, Memory = 0.0K)
Checking Rule SignalTypeSetup (Rule 170 of total 382) .... done (Time = 0.00s, Memory = 8.0K)
Checking Rule _allowInst (Rule 171 of total 382) .... done (Time = 0.00s, Memory = 0.0K)
Checking Rule _ipblock (Rule 172 of total 382) .... done (Time = 0.00s, Memory = 0.0K)
Checking Rule _rstSyncCellInst (Rule 173 of total 382) .... done (Time = 0.00s, Memory = 0.0K)
Checking Rule _syncCellDelayedQualifier (Rule 174 of total 382) .... done (Time = 0.00s, Memory = 0.0K)
Checking Rule _repeaterCellInst (Rule 175 of total 382) .... done (Time = 0.00s, Memory = 0.0K)
Checking Rule _abstract_port (Rule 176 of total 382) .... done (Time = 0.00s, Memory = 8.8K)
Checking Rule Clock_setup02 (Rule 177 of total 382) .... done (Time = 0.01s, Memory = 44.1K)
Checking Rule Clockmatrix01 (Rule 178 of total 382) .... done (Time = 0.00s, Memory = -8.0K)
Checking Rule Clock_prop (Rule 179 of total 382) .... done (Time = 0.00s, Memory = 582.3K)
Checking Rule Reset_prop (Rule 180 of total 382) .... done (Time = 0.00s, Memory = 86.1K)
Checking Rule SGDC_generated_clock06 (Rule 181 of total 382) .... done (Time = 0.00s, Memory = 0.0K)
Checking Rule Propagate_Clocks (Rule 182 of total 382) .... done (Time = 0.00s, Memory = 186.2K)
Checking Rule _syncreset_prop (Rule 183 of total 382) .... done (Time = 0.00s, Memory = 18.4K)
Checking Rule _syncc (Rule 184 of total 382) .... done (Time = 0.00s, Memory = 7.6K)
Checking Rule _syncb (Rule 185 of total 382) .... done (Time = 0.00s, Memory = 0.6K)
Checking Rule _resetPathCross (Rule 186 of total 382) .... done (Time = 0.00s, Memory = 0.0K)
Checking Rule FalsePathSetup (Rule 187 of total 382) .... done (Time = 0.00s, Memory = 1.6K)
Checking Rule _fifo01 (Rule 188 of total 382) .... done (Time = 0.00s, Memory = 0.0K)
Checking Rule _syncfifo (Rule 189 of total 382) .... done (Time = 0.00s, Memory = 0.0K)
Checking Rule _syncUDfifo (Rule 190 of total 382) .... done (Time = 0.00s, Memory = -0.4K)
Checking Rule _syncdw (Rule 191 of total 382) .... done (Time = 0.00s, Memory = 0.0K)
Checking Rule _syncd (Rule 192 of total 382) .... done (Time = 0.00s, Memory = 5.1K)
Checking Rule _syncg (Rule 193 of total 382) .... done (Time = 0.00s, Memory = -2.8K)
Checking Rule _sync_clock (Rule 194 of total 382) .... done (Time = 0.00s, Memory = 0.0K)
Checking Rule _sync_gp (Rule 195 of total 382) .... done (Time = 0.00s, Memory = 32.0K)
Checking Rule _sync_and (Rule 196 of total 382) .... done (Time = 0.00s, Memory = 0.0K)
Checking Rule _synci (Rule 197 of total 382) .... done (Time = 0.00s, Memory = 0.0K)
Checking Rule _sync_qualifier (Rule 198 of total 382) .... done (Time = 0.00s, Memory = -1.5K)
Checking Rule SGDC_fifo11 (Rule 199 of total 382) .... done (Time = 0.00s, Memory = 0.0K)
Checking Rule SGDC_fifo12 (Rule 200 of total 382) .... done (Time = 0.00s, Memory = 0.0K)
Checking Rule SGDC_fifo13 (Rule 201 of total 382) .... done (Time = 0.00s, Memory = 0.0K)
Checking Rule SGDC_fifo14 (Rule 202 of total 382) .... done (Time = 0.00s, Memory = 0.0K)
Checking Rule Gen_diff01 (Rule 203 of total 382) .... done (Time = 0.00s, Memory = 0.0K)
Checking Rule _debugData (Rule 204 of total 382) .... done (Time = 0.00s, Memory = 0.0K)
Checking Rule Ac_Sync_Init (Rule 205 of total 382) .... done (Time = 0.00s, Memory = 3.9K)
Checking Rule _propagate_cdcAttrib (Rule 206 of total 382) .... done (Time = 0.00s, Memory = 0.0K)
Checking Rule Ar_Cross_Init (Rule 207 of total 382) .... done (Time = 0.00s, Memory = 4.0K)
Checking Rule SGDC_cdc_define_transition01 (Rule 208 of total 382) .... done (Time = 0.00s, Memory = -24.0K)
Checking Rule UPF_lowpower08PR (Rule 209 of total 382) .... done (Time = 0.00s, Memory = 12.4K)
Checking Rule UPF_lowpower08 (Rule 210 of total 382) .... done (Time = 0.00s, Memory = -24.0K)
Checking Rule Setup_check01 (Rule 211 of total 382) .... done (Time = 0.00s, Memory = -0.3K)
Checking Rule Setup_check02 (Rule 212 of total 382) .... done (Time = 0.00s, Memory = 0.0K)
Checking Rule Info_Case_Analysis (Rule 213 of total 382) .... done (Time = 0.01s, Memory = 17.5K)
Checking Rule SGDC_set_case_analysis_LC (Rule 214 of total 382) .... done (Time = 0.00s, Memory = 13.3K)
Checking Rule SGDC_signal_in_domain02 (Rule 215 of total 382) .... done (Time = 0.00s, Memory = 0.0K)
Checking Rule SGDC_signal_in_domain04 (Rule 216 of total 382) .... done (Time = 0.00s, Memory = 0.0K)
Checking Rule SGDC_numflops03c (Rule 217 of total 382) .... done (Time = 0.00s, Memory = -24.0K)
Checking Rule SGDC_numflops04 (Rule 218 of total 382) .... done (Time = 0.00s, Memory = 24.0K)
Checking Rule SGDC_numflops05 (Rule 219 of total 382) .... done (Time = 0.00s, Memory = 32.0K)
Checking Rule SGDC_numflops06 (Rule 220 of total 382) .... done (Time = 0.00s, Memory = -32.0K)
Checking Rule SGDC_numflops11 (Rule 221 of total 382) .... done (Time = 0.00s, Memory = 0.0K)
Checking Rule SGDC_numflops13 (Rule 222 of total 382) .... done (Time = 0.00s, Memory = -0.8K)
Checking Rule SGDC_numflops14 (Rule 223 of total 382) .... done (Time = 0.00s, Memory = 0.0K)
Checking Rule SGDC_clocksense02 (Rule 224 of total 382) .... done (Time = 0.00s, Memory = 0.0K)
Checking Rule SGDC_clocksense03 (Rule 225 of total 382) .... done (Time = 0.00s, Memory = 0.0K)
Checking Rule SGDC_sgclkgroup01 (Rule 226 of total 382) .... done (Time = 0.00s, Memory = 0.0K)
Checking Rule SGDC_sgclkgroup02 (Rule 227 of total 382) .... done (Time = 0.00s, Memory = 0.0K)
Checking Rule SGDC_sgclkgroup03 (Rule 228 of total 382) .... done (Time = 0.00s, Memory = 0.0K)
Checking Rule SGDC_check_clock_relation01a (Rule 229 of total 382) .... done (Time = 0.00s, Memory = 128.0K)
Checking Rule SGDC_check_clock_relation01b (Rule 230 of total 382) .... done (Time = 0.00s, Memory = 0.0K)
Checking Rule SGDC_check_clock_relation01c (Rule 231 of total 382) .... done (Time = 0.00s, Memory = 0.0K)
Checking Rule SGDC_check_clock_relation02a (Rule 232 of total 382) .... done (Time = 0.00s, Memory = 0.0K)
Checking Rule SGDC_check_clock_relation02b (Rule 233 of total 382) .... done (Time = 0.00s, Memory = 0.0K)
Checking Rule SGDC_check_clock_relation02c (Rule 234 of total 382) .... done (Time = 0.00s, Memory = 0.0K)
Checking Rule SGDC_check_clock_relation03b (Rule 235 of total 382) .... done (Time = 0.00s, Memory = 0.0K)
Checking Rule SGDC_check_clock_relation04b (Rule 236 of total 382) .... done (Time = 0.00s, Memory = 0.0K)
Checking Rule CheckClockRelationSetup (Rule 237 of total 382) .... done (Time = 0.00s, Memory = 0.0K)
Checking Rule SGDC_gray_signals01 (Rule 238 of total 382) .... done (Time = 0.00s, Memory = -3.0K)
Checking Rule SGDC_gray_signals02 (Rule 239 of total 382) .... done (Time = 0.00s, Memory = 8.0K)
Checking Rule SGDC_gray_signals03 (Rule 240 of total 382) .... done (Time = 0.00s, Memory = 0.0K)
Checking Rule SGDC_qualifier02a (Rule 241 of total 382) .... done (Time = 0.00s, Memory = 0.0K)
Checking Rule SGDC_qualifier03a (Rule 242 of total 382) .... done (Time = 0.00s, Memory = 0.0K)
Checking Rule SGDC_qualifier04 (Rule 243 of total 382) .... done (Time = 0.00s, Memory = -1.7K)
Checking Rule SGDC_qualifier05 (Rule 244 of total 382) .... done (Time = 0.00s, Memory = 0.0K)
Checking Rule SGDC_qualifier08 (Rule 245 of total 382) .... done (Time = 0.00s, Memory = 0.0K)
Checking Rule QualifierSetup (Rule 246 of total 382) .... done (Time = 0.00s, Memory = 0.0K)
Checking Rule ResetSynchronizerSetup (Rule 247 of total 382) .... done (Time = 0.00s, Memory = 0.0K)
Checking Rule SGDC_validation_filter_path03 (Rule 248 of total 382) .... done (Time = 0.00s, Memory = 0.0K)
Checking Rule SGDC_qualifier10 (Rule 249 of total 382) .... done (Time = 0.00s, Memory = 0.0K)
Checking Rule SGDC_qualifier11 (Rule 250 of total 382) .... done (Time = 0.00s, Memory = -0.8K)
Checking Rule SGDC_qualifier12 (Rule 251 of total 382) .... done (Time = 0.00s, Memory = 0.0K)
Checking Rule SGDC_qualifier13 (Rule 252 of total 382) .... done (Time = 0.00s, Memory = 0.0K)
Checking Rule SGDC_qualifier14 (Rule 253 of total 382) .... done (Time = 0.00s, Memory = 0.0K)
Checking Rule SGDC_qualifier16 (Rule 254 of total 382) .... done (Time = 0.00s, Memory = 8.0K)
Checking Rule SGDC_qualifier18 (Rule 255 of total 382) .... done (Time = 0.00s, Memory = 0.0K)
Checking Rule SGDC_qualifier19a (Rule 256 of total 382) .... done (Time = 0.00s, Memory = 8.0K)
Checking Rule SGDC_qualifier19b (Rule 257 of total 382) .... done (Time = 0.00s, Memory = 0.0K)
Checking Rule SGDC_qualifier19c (Rule 258 of total 382) .... done (Time = 0.00s, Memory = 0.0K)
Checking Rule SGDC_qualifier20b (Rule 259 of total 382) .... done (Time = 0.00s, Memory = 0.0K)
Checking Rule SGDC_qualifier21 (Rule 260 of total 382) .... done (Time = 0.00s, Memory = -32.0K)
Checking Rule SGDC_qualifier22 (Rule 261 of total 382) .... done (Time = 0.00s, Memory = 0.8K)
Checking Rule SGDC_qualifier23 (Rule 262 of total 382) .... done (Time = 0.00s, Memory = 5.8K)
Checking Rule SGDC_virtualclock01 (Rule 263 of total 382) .... done (Time = 0.00s, Memory = 0.0K)
Checking Rule SGDC_virtualreset01 (Rule 264 of total 382) .... done (Time = 0.00s, Memory = 0.0K)
Checking Rule SGDC_abstract_port19 (Rule 265 of total 382) .... done (Time = 0.00s, Memory = 0.0K)
Checking Rule SGDC_abstract_port20 (Rule 266 of total 382) .... done (Time = 0.00s, Memory = -0.9K)
Checking Rule RFPSetup (Rule 267 of total 382) .... done (Time = 0.00s, Memory = 0.0K)
Checking Rule SGDC_reset_filter_path02a (Rule 268 of total 382) .... done (Time = 0.00s, Memory = -2.0K)
Checking Rule SGDC_reset_filter_path02b (Rule 269 of total 382) .... done (Time = 0.00s, Memory = -0.3K)
Checking Rule SGDC_reset_filter_path02c (Rule 270 of total 382) .... done (Time = 0.00s, Memory = 0.0K)
Checking Rule SGDC_reset_filter_path03a (Rule 271 of total 382) .... done (Time = 0.00s, Memory = 0.0K)
Checking Rule SGDC_reset_filter_path03b (Rule 272 of total 382) .... done (Time = 0.00s, Memory = 0.0K)
Checking Rule SGDC_reset_filter_path03c (Rule 273 of total 382) .... done (Time = 0.00s, Memory = 0.0K)
Checking Rule SGDC_reset_filter_path04b (Rule 274 of total 382) .... done (Time = 0.00s, Memory = 0.0K)
Checking Rule SGDC_reset_filter_path07a (Rule 275 of total 382) .... done (Time = 0.00s, Memory = 24.0K)
Checking Rule SGDC_reset_filter_path07b (Rule 276 of total 382) .... done (Time = 0.00s, Memory = 4.0K)
Checking Rule SGDC_reset_filter_path07c (Rule 277 of total 382) .... done (Time = 0.00s, Memory = 8.0K)
Checking Rule SGDC_define_reset_order03 (Rule 278 of total 382) .... done (Time = 0.00s, Memory = -32.0K)
Checking Rule SGDC_define_reset_order04 (Rule 279 of total 382) .... done (Time = 0.00s, Memory = 8.0K)
Checking Rule SGDC_define_reset_order05 (Rule 280 of total 382) .... done (Time = 0.00s, Memory = -2.1K)
Checking Rule SGDC_cdc_false_path06 (Rule 281 of total 382) .... done (Time = 0.00s, Memory = 0.0K)
Checking Rule SGDC_cdc_false_path07 (Rule 282 of total 382) .... done (Time = 0.00s, Memory = 0.0K)
Checking Rule SGDC_cdc_false_path08 (Rule 283 of total 382) .... done (Time = 0.00s, Memory = -0.0K)
Checking Rule CDCSet_License01 (Rule 284 of total 382) .... done (Time = 0.00s, Memory = -0.5K)
Checking Rule Clock_check01 (Rule 285 of total 382) .... done (Time = 0.00s, Memory = 24.2K)
Checking Rule Propagate_Resets (Rule 286 of total 382) .... done (Time = 0.00s, Memory = -30.2K)
Checking Rule _reset_sync (Rule 287 of total 382) .... done (Time = 0.00s, Memory = 0.0K)
Checking Rule Reset_check02 (Rule 288 of total 382) .... done (Time = 0.01s, Memory = -10.2K)
Checking Rule Clock_info05b (Rule 289 of total 382) .... done (Time = 0.00s, Memory = 0.0K)
Checking Rule Clock_glitch02 (Rule 290 of total 382) .... done (Time = 0.00s, Memory = 613.8K)
Checking Rule Clock_glitch03 (Rule 291 of total 382) .... done (Time = 0.00s, Memory = -24.0K)
Checking Rule Clock_glitch04 (Rule 292 of total 382) .... done (Time = 0.00s, Memory = 7.4K)
Checking Rule Clock_Reset_info01 (Rule 293 of total 382) .... done (Time = 0.00s, Memory = 18.1K)
Checking Rule Reset_check03 (Rule 294 of total 382) .... done (Time = 0.00s, Memory = 42.0K)
Checking Rule Clock_Reset_check02 (Rule 295 of total 382) .... done (Time = 0.00s, Memory = 2.8K)
Checking Rule Clock_Reset_check03 (Rule 296 of total 382) .... done (Time = 0.00s, Memory = -16.5K)
Checking Rule Clock_check04 (Rule 297 of total 382) .... done (Time = 0.00s, Memory = 0.0K)
Checking Rule _clkWrapModules (Rule 298 of total 382) .... done (Time = 0.00s, Memory = 1.0K)
Checking Rule _clock_hier_rules (Rule 299 of total 382) .... done (Time = 0.00s, Memory = 0.0K)
Checking Rule Reset_check06 (Rule 300 of total 382) .... done (Time = 0.00s, Memory = 0.0K)
Checking Rule Ar_sync_init (Rule 301 of total 382) .... done (Time = 0.01s, Memory = 31.7K)
Checking Rule _constrCoverage (Rule 302 of total 382) .... done (Time = 0.00s, Memory = 16.4K)
Checking Rule Reset_check07 (Rule 303 of total 382) .... done (Time = 0.00s, Memory = -1.1K)
Checking Rule Reset_check04 (Rule 304 of total 382) .... done (Time = 0.00s, Memory = -6.5K)
Checking Rule Clock_Reset_check01 (Rule 305 of total 382) .... done (Time = 0.00s, Memory = 0.0K)
Checking Rule SGDC_clockreset02 (Rule 306 of total 382) .... done (Time = 0.00s, Memory = 0.0K)
Checking Rule Param_clockreset02 (Rule 307 of total 382) .... done (Time = 0.00s, Memory = 0.0K)
Checking Rule Param_clockreset04 (Rule 308 of total 382) .... done (Time = 0.00s, Memory = 0.0K)
Checking Rule Setup_clockreset01 (Rule 309 of total 382) .... done (Time = 0.00s, Memory = 0.0K)
Checking Rule Clock_check07 (Rule 310 of total 382) .... done (Time = 0.00s, Memory = 0.0K)
Checking Rule Reset_check08 (Rule 311 of total 382) .... done (Time = 0.00s, Memory = 0.0K)
Checking Rule Clock_converge01 (Rule 312 of total 382) .... done (Time = 0.00s, Memory = 0.0K)
Checking Rule Ar_converge01 (Rule 313 of total 382) .... done (Time = 0.01s, Memory = 1.9K)
Checking Rule SGDC_noclockcell_start01 (Rule 314 of total 382) .... done (Time = 0.00s, Memory = 3.1K)
Checking Rule Ac_initseq01 (Rule 315 of total 382) .... done (Time = 0.00s, Memory = 0.0K)
Checking Rule Ac_init01 (Rule 316 of total 382) .... done (Time = 0.00s, Memory = 0.0K)
Checking Rule _ac_Auxi01 (Rule 317 of total 382) .... done (Time = 0.00s, Memory = 4.0K)
Checking Rule Ac_sanity02 (Rule 318 of total 382) .... done (Time = 0.00s, Memory = 3.1K)
Checking Rule _glitch_init (Rule 319 of total 382) .... done (Time = 0.00s, Memory = 0.0K)
Checking Rule Ac_initstate01 (Rule 320 of total 382) .... done (Time = 0.00s, Memory = 0.0K)
Checking Rule Ac_conv02setup01 (Rule 321 of total 382) .... done (Time = 0.00s, Memory = 0.0K)
Checking Rule Ac_abs01 (Rule 322 of total 382) .... done (Time = 0.00s, Memory = -0.5K)
Checking Rule Ac_report01 (Rule 323 of total 382) .... done (Time = 0.00s, Memory = 0.0K)
Checking Rule AllowComboLogicSetup (Rule 324 of total 382) .... done (Time = 0.00s, Memory = 0.0K)
Checking Rule Ac_upfsetup02 (Rule 325 of total 382) .... done (Time = 0.00s, Memory = -2.6K)
Checking Rule Ac_upfsetup01 (Rule 326 of total 382) .... done (Time = 0.00s, Memory = 0.0K)
Checking Rule Ac_psync_init (Rule 327 of total 382) .... done (Time = 0.00s, Memory = 0.0K)
Checking Rule Ac_psetup01 (Rule 328 of total 382) .... done (Time = 0.00s, Memory = -0.9K)
Checking Rule Clock_exit01 (Rule 329 of total 382) .... done (Time = 0.00s, Memory = 0.0K)
Checking Rule SGDC_reset_synchronizer02 (Rule 330 of total 382) .... done (Time = 0.00s, Memory = 0.0K)
Checking Rule SGDC_reset_synchronizer04 (Rule 331 of total 382) .... done (Time = 0.00s, Memory = 0.0K)
Checking Rule SGDC_reset_synchronizer06 (Rule 332 of total 382) .... done (Time = 0.00s, Memory = 0.0K)
Checking Rule SGDC_reset_synchronizer08 (Rule 333 of total 382) .... done (Time = 0.00s, Memory = 0.0K)
Checking Rule SGDC_reset_synchronizer10 (Rule 334 of total 382) .... done (Time = 0.00s, Memory = 0.0K)
Checking Rule ClockEnableRace (Rule 335 of total 382) .... done (Time = 0.00s, Memory = -1.1K)
Checking Rule AnalyzeBBox (Rule 336 of total 382) .... done (Time = 0.00s, Memory = -12.0K)
Checking Rule ReportCheckDataSummary (Rule 337 of total 382) .... done (Time = 0.00s, Memory = 0.0K)

Generating data for Console...

SpyGlass Rule Checking Complete.

Generating moresimple report from './spyglass-1/cdc/clock_reset_integrity/spyglass.vdb' to './spyglass-1/cdc/clock_reset_integrity/spyglass_reports/moresimple.rpt' ....

Generating runsummary report from './spyglass-1/cdc/clock_reset_integrity/spyglass.vdb' ....

Generating no_msg_reporting_rules report from './spyglass-1/cdc/clock_reset_integrity/spyglass.vdb' to './spyglass-1/cdc/clock_reset_integrity/spyglass_reports/no_msg_reporting_rules.rpt' ....

Generating CDC-report report from './spyglass-1/cdc/clock_reset_integrity/spyglass.vdb' to './spyglass-1/cdc/clock_reset_integrity/spyglass_reports/CDC-report.rpt' ....

Generating CKSGDCInfo report from './spyglass-1/cdc/clock_reset_integrity/spyglass.vdb' to './spyglass-1/cdc/clock_reset_integrity/spyglass_reports/CKSGDCInfo.rpt' ....

Policy specific data (reports) are present in the directory './spyglass-1/cdc/clock_reset_integrity/spyglass_reports'.

SpyGlass critical reports for the current run are present in directory './spyglass-1/consolidated_reports/cdc_clock_reset_integrity/'.

---------------------------------------------------------------------------------------------
Results Summary:
---------------------------------------------------------------------------------------------
   Goal Run           :      cdc/clock_reset_integrity
   Command-line read  :      0 error,      0 warning,      0 information message 
   Design Read        :      0 error,      0 warning,      6 information messages
      Found 1 top module:
         SYSTEM_TOP   (file: /home/ICer/IC/Projects/System/rtl/SYSTEM_TOP.v)

   Blackbox Resolution:      0 error,      0 warning,      0 information message 
   SGDC Checks        :      0 error,      0 warning,      1 information message 
   Policy clock-reset :      0 error,      0 warning,      4 information messages
   -------------------------------------------------------------------------------------
   Total              :      0 error,      0 warning,     11 information messages

  Total Number of Generated Messages     :        11 (0 error, 0 warning, 11 Infos)
  Number of Reported Messages            :        11 (0 error, 0 warning, 11 Infos)

---------------------------------------------------------------------------------------------


run_goal: info: updating spyglass.log with goal summary
---------------------------------------------------------------------------------------------------
Results Summary:
---------------------------------------------------------------------------------------------------
   Goal Run           :      cdc/clock_reset_integrity
   Top Module         :      SYSTEM_TOP
---------------------------------------------------------------------------------------------------
   Reports Directory: 
   /home/ICer/IC/Projects/System/CDC/spyglass-1/consolidated_reports/cdc_clock_reset_integrity/ 

   SpyGlass LogFile: 
    /home/ICer/IC/Projects/System/CDC/spyglass-1/cdc/clock_reset_integrity/spyglass.log 

   Standard Reports: 
     moresimple.rpt          no_msg_reporting_rules.rpt       

   HTML report:
    /home/ICer/IC/Projects/System/CDC/spyglass-1/html_reports/goals_summary.html
  

   Technology Reports:  
     CDC-report.rpt          CKSGDCInfo.rpt        
   
---------------------------------------------------------------------------------------------------
   Goal Violation Summary:
       Waived   Messages:                      0 Errors,      0 Warnings,      0 Infos
       Reported Messages:         0 Fatals,    0 Errors,      0 Warnings,     11 Infos
---------------------------------------------------------------------------------------------------
   
---------------------------------------------------------------------------------------------------
 
run_goal: info: spyglass.log successfully updated with goal summary
0 {Rule-checking completed without errors or warnings}current_goal: warning: design query data not saved for last active goal `cdc/clock_reset_integrity'
                       (use `save_goal' command or enable `auto_save' option to save design query data for subsequent goals)
current_goal: warning: goal `cdc/cdc_verify_struct' was run but not saved last time
                       run results and goal settings might not match
current_goal: info: loading goal `cdc/cdc_verify_struct' (in progress)
current_goal: info: finished loading goal `cdc/cdc_verify_struct' (ok)

INFO:    SpyGlass will run goal(s) 'cdc/cdc_verify_struct'.


 Auto-compiling gates libraries

        "../std_cells/scmetro_tsmc_cl013g_rvt_ff_1p32v_m40c.lib"
        "../std_cells/scmetro_tsmc_cl013g_rvt_ss_1p08v_125c.lib"
        "../std_cells/scmetro_tsmc_cl013g_rvt_tt_1p2v_25c.lib"
    to
        "./spyglass-1/spyglass_cache/autogenerated_sglib/aggregate.sglib" ...already compiled

 Using this already compiled sglib for the current run ...

RULE-CHECKING IN MIXED MODE
Loading spyglass (SpyGlass_vL-2016.06) ... (picked from /home/synopsys/SpyGlass-L2016.06/SPYGLASS_HOME/policies/spyglass)
Loading clock-reset (SpyGlass_vL-2016.06) ... (picked from /home/synopsys/SpyGlass-L2016.06/SPYGLASS_HOME/policies/clock)
 Reading sgdc file "SYSTEM_TOP.sgdc" ...
Performing unification checks on SGDC... done
Reading specified sglib files(s) ....
   Processing library: 'scmetro_tsmc_cl013g_rvt_ff_1p32v_m40c' .... done
   Processing library: 'scmetro_tsmc_cl013g_rvt_ss_1p08v_125c' .... done
   Processing library: 'scmetro_tsmc_cl013g_rvt_tt_1p2v_25c' .... done
Checking Rule AutoGenerateSglib (Rule 1 of total 414) .... done (Time = 0.00s, Memory = 0.0K)

INFO [76]    Using `./spyglass-1/WORK/64' as the Work Directory for 64bit precompiled dump.
Checking Rule Param_clockreset07 (Rule 2 of total 414) .... done (Time = 0.00s, Memory = 0.0K)
Checking Rule Clock_setup01 (Rule 3 of total 414) .... done (Time = 0.00s, Memory = 40.2K)
Checking Rule Param_clockreset06 (Rule 4 of total 414) .... done (Time = 0.00s, Memory = 0.0K)
Checking Rule SGDC_meta_monitor_attributes01 (Rule 5 of total 414) .... done (Time = 0.00s, Memory = 0.0K)
Checking Rule LP_POWERDATA_CHECK (Rule 6 of total 414) .... done (Time = 0.00s, Memory = 0.0K)
Checking Rule LP_POWERDATA_READ (Rule 7 of total 414) .... done (Time = 0.00s, Memory = 0.0K)
Checking Rule PrecompileLibCheck01 (Rule 8 of total 414) .... done (Time = 0.00s, Memory = 0.0K)
Checking Rule PrecompileLibCheck02 (Rule 9 of total 414) .... done (Time = 0.00s, Memory = 0.0K)
Checking Rule PrecompileLibCheck03 (Rule 10 of total 414) .... done (Time = 0.00s, Memory = 24.0K)
Checking Rule PrecompileLibCheck04 (Rule 11 of total 414) .... done (Time = 0.00s, Memory = 0.0K)
Checking Rule ElabSummary (Rule 12 of total 414) .... done (Time = 0.00s, Memory = -10.8K)
Checking Rule ReportSglibVersionSummary (Rule 13 of total 414) .... done (Time = 0.00s, Memory = 0.0K)
Checking Rule SGDC_assume_path01 (Rule 14 of total 414) .... done (Time = 0.00s, Memory = 0.0K)
Checking Rule SGDC_sdcschema02 (Rule 15 of total 414) .... done (Time = 0.00s, Memory = 0.0K)
Checking Rule SGDC_clock05 (Rule 16 of total 414) .... done (Time = 0.00s, Memory = 1.5K)
Checking Rule SGDC_clock09 (Rule 17 of total 414) .... done (Time = 0.00s, Memory = 0.0K)
Checking Rule SGDC_force_ta05 (Rule 18 of total 414) .... done (Time = 0.00s, Memory = 0.0K)
Checking Rule SGDC_require_path03 (Rule 19 of total 414) .... done (Time = 0.00s, Memory = 0.0K)
Checking Rule SGDC_require_value03 (Rule 20 of total 414) .... done (Time = 0.00s, Memory = -11.5K)
Checking Rule SGDC_voltagedomain05 (Rule 21 of total 414) .... done (Time = 0.00s, Memory = 40.5K)
Checking Rule SGDC_voltagedomain06 (Rule 22 of total 414) .... done (Time = 0.00s, Memory = 8.0K)
Checking Rule SGDC_voltagedomain07 (Rule 23 of total 414) .... done (Time = 0.00s, Memory = 0.8K)
Checking Rule SGDC_powerdomainoutputs02 (Rule 24 of total 414) .... done (Time = 0.00s, Memory = 0.0K)
Checking Rule SGDC_supply01 (Rule 25 of total 414) .... done (Time = 0.00s, Memory = 24.0K)
Checking Rule SGDC_waive01 (Rule 26 of total 414) .... done (Time = 0.00s, Memory = 0.0K)
Checking Rule SGDC_waive02 (Rule 27 of total 414) .... done (Time = 0.00s, Memory = 0.0K)
Checking Rule SGDC_waive03 (Rule 28 of total 414) .... done (Time = 0.00s, Memory = 0.0K)
Checking Rule SGDC_waive04 (Rule 29 of total 414) .... done (Time = 0.00s, Memory = 0.0K)
Checking Rule SGDC_waive05 (Rule 30 of total 414) .... done (Time = 0.00s, Memory = 0.0K)
Checking Rule SGDC_waive06 (Rule 31 of total 414) .... done (Time = 0.00s, Memory = 0.0K)
Checking Rule SGDC_waive07 (Rule 32 of total 414) .... done (Time = 0.00s, Memory = 3.1K)
Checking Rule SGDC_waive08 (Rule 33 of total 414) .... done (Time = 0.00s, Memory = 0.0K)
Checking Rule SGDC_waive09 (Rule 34 of total 414) .... done (Time = 0.00s, Memory = 0.0K)
Checking Rule SGDC_waive10 (Rule 35 of total 414) .... done (Time = 0.00s, Memory = 0.0K)
Checking Rule SGDC_waive11 (Rule 36 of total 414) .... done (Time = 0.00s, Memory = 0.0K)
Checking Rule SGDC_waive12 (Rule 37 of total 414) .... done (Time = 0.00s, Memory = -14.0K)
Checking Rule SGDC_waive13 (Rule 38 of total 414) .... done (Time = 0.00s, Memory = -0.1K)
Checking Rule SGDC_waive21 (Rule 39 of total 414) .... done (Time = 0.00s, Memory = 0.0K)
Checking Rule SGDC_waive22 (Rule 40 of total 414) .... done (Time = 0.00s, Memory = -8.0K)
Checking Rule SGDC_waive30 (Rule 41 of total 414) .... done (Time = 0.00s, Memory = 4.6K)
Checking Rule SGDC_waive32 (Rule 42 of total 414) .... done (Time = 0.00s, Memory = 0.0K)
Checking Rule SGDC_waive33 (Rule 43 of total 414) .... done (Time = 0.00s, Memory = 0.1K)
Checking Rule SGDC_waive36 (Rule 44 of total 414) .... done (Time = 0.00s, Memory = 0.0K)
Checking Rule SGDC_waive38 (Rule 45 of total 414) .... done (Time = 0.00s, Memory = 0.0K)
Checking Rule SGDC_fifo01 (Rule 46 of total 414) .... done (Time = 0.00s, Memory = 0.0K)
Checking Rule SGDC_libgroup01 (Rule 47 of total 414) .... done (Time = 0.00s, Memory = 34.8K)
Checking Rule SGDC_libgroup02 (Rule 48 of total 414) .... done (Time = 0.00s, Memory = 0.0K)
Checking Rule SGDC_libgroup04 (Rule 49 of total 414) .... done (Time = 0.00s, Memory = 0.1K)
Checking Rule SGDC_power_data01 (Rule 50 of total 414) .... done (Time = 0.00s, Memory = 0.0K)
Checking Rule SGDC_ungroup01 (Rule 51 of total 414) .... done (Time = 0.00s, Memory = 0.0K)
Checking Rule SGDC_abstract_port06 (Rule 52 of total 414) .... done (Time = 0.00s, Memory = -0.9K)
Checking Rule SGDC_abstract_port14 (Rule 53 of total 414) .... done (Time = 0.00s, Memory = 0.0K)
Checking Rule SGDC_abstract_port15 (Rule 54 of total 414) .... done (Time = 0.00s, Memory = -8.1K)
Checking Rule SGDC_abstract_port18 (Rule 55 of total 414) .... done (Time = 0.00s, Memory = 0.0K)
Checking Rule SDC2SGDC_INFO (Rule 56 of total 414) .... done (Time = 0.00s, Memory = 83.0K)
Checking Rule SDC_ParamSanityCheck (Rule 57 of total 414) .... done (Time = 0.02s, Memory = 2.8K)
Checking Rule SDC_Sanity_Rule (Rule 58 of total 414)SDC-file translator read from path : /home/synopsys/SpyGlass-L2016.06/SPYGLASS_HOME/auxi/sdcparser
 .... done (Time = 0.00s, Memory = 0.0K)
Checking Rule sdc_init_rule (Rule 59 of total 414) .... done (Time = 0.02s, Memory = -14.4K)
Checking Rule CMD_ignorelibs01 (Rule 60 of total 414) .... done (Time = 0.00s, Memory = -0.4K)
Checking Rule ReportRuleNotRun (Rule 61 of total 414) .... done (Time = 0.00s, Memory = 5.8K)
Checking Rule SGDC_generated_clock03 (Rule 62 of total 414) .... done (Time = 0.00s, Memory = 0.0K)
Checking Rule SGDC_generated_clock04 (Rule 63 of total 414) .... done (Time = 0.00s, Memory = 23.0K)
Checking Rule SGDC_generated_clock05 (Rule 64 of total 414) .... done (Time = 0.00s, Memory = 0.0K)
Checking Rule SGDC_quasi_static_style02 (Rule 65 of total 414) .... done (Time = 0.00s, Memory = 0.6K)
Checking Rule SGDC_syncresetstyle01 (Rule 66 of total 414) .... done (Time = 0.00s, Memory = 0.0K)
Checking Rule SGDC_network_allowed_cells01 (Rule 67 of total 414) .... done (Time = 0.00s, Memory = 47.0K)
Checking Rule SGDC_numflops01 (Rule 68 of total 414) .... done (Time = 0.00s, Memory = -0.4K)
Checking Rule SGDC_numflops07 (Rule 69 of total 414) .... done (Time = 0.00s, Memory = 0.0K)
Checking Rule SGDC_numflops08 (Rule 70 of total 414) .... done (Time = 0.00s, Memory = 16.0K)
Checking Rule SGDC_numflops09 (Rule 71 of total 414) .... done (Time = 0.00s, Memory = 2.0K)
Checking Rule SGDC_clocksense04 (Rule 72 of total 414) .... done (Time = 0.00s, Memory = -8.0K)
Checking Rule SGDC_check_clock_relation05a (Rule 73 of total 414) .... done (Time = 0.00s, Memory = 0.0K)
Checking Rule SGDC_check_clock_relation05b (Rule 74 of total 414) .... done (Time = 0.00s, Memory = 0.0K)
Checking Rule SGDC_sync_cell08a (Rule 75 of total 414) .... done (Time = 0.00s, Memory = -6.7K)
Checking Rule SGDC_sync_cell09a (Rule 76 of total 414) .... done (Time = 0.00s, Memory = 32.5K)
Checking Rule SGDC_qualifier06 (Rule 77 of total 414) .... done (Time = 0.00s, Memory = 0.0K)
Checking Rule SGDC_cdc_waive03 (Rule 78 of total 414) .... done (Time = 0.00s, Memory = 0.0K)
Checking Rule SGDC_qualifier09 (Rule 79 of total 414) .... done (Time = 0.00s, Memory = 0.5K)
Checking Rule SGDC_qualifier15 (Rule 80 of total 414) .... done (Time = 0.00s, Memory = 0.9K)
Checking Rule SGDC_allow_combo_logic01 (Rule 81 of total 414) .... done (Time = 0.00s, Memory = 0.0K)
Checking Rule SGDC_reset_filter_path01 (Rule 82 of total 414) .... done (Time = 0.00s, Memory = 0.0K)
Checking Rule SGDC_cdc_false_path05 (Rule 83 of total 414) .... done (Time = 0.00s, Memory = 0.0K)
Checking Rule Param_clockreset05 (Rule 84 of total 414) .... done (Time = 0.00s, Memory = 36.0K)
Checking Rule Ac_sanity01 (Rule 85 of total 414) .... done (Time = 0.00s, Memory = 0.0K)
Checking Rule Ac_sanity06 (Rule 86 of total 414) .... done (Time = 0.00s, Memory = -8.0K)
Checking Rule Ac_license01 (Rule 87 of total 414) .... done (Time = 0.00s, Memory = 0.0K)
Checking Rule SGDC_reset_synchronizer07 (Rule 88 of total 414) .... done (Time = 0.00s, Memory = -24.0K)
 Reading waiver file "./spyglass-1/cdc/cdc_verify_struct/spyglass_spysch/waiver/pragma2Waiver.swl" ...
 Reading included SGDC file "./spyglass-1/cdc/cdc_verify_struct/spyglass_spysch/waiver/pragma2Waiver_varfile.swl" ....
Checking Rule ReportStopSummary (Rule 89 of total 414) .... done (Time = 0.00s, Memory = -10.0K)
Checking Rule ReportIgnoreSummary (Rule 90 of total 414) .... done (Time = 0.00s, Memory = 0.0K)

INFO [235]    Restoring design database from directory './spyglass-1/.SG_SaveRestoreDB/autogenerated__default_snapshot' ...
              done

Checking Rule InferBlackBox (Rule 91 of total 414) .... done (Time = 0.00s, Memory = -0.4K)
Checking Rule SGDC_waive37 (Rule 92 of total 414) .... done (Time = 0.00s, Memory = 0.0K)
Checking Rule SGDC_waive24 (Rule 93 of total 414) .... done (Time = 0.00s, Memory = 0.0K)
Checking Rule SGDC_waive25 (Rule 94 of total 414) .... done (Time = 0.00s, Memory = 0.0K)
Checking Rule SGDC_waive31 (Rule 95 of total 414) .... done (Time = 0.00s, Memory = 0.0K)
Checking Rule SGDC_waive35 (Rule 96 of total 414) .... done (Time = 0.00s, Memory = 0.0K)
Checking Rule ReportSglibSummary (Rule 97 of total 414) .... done (Time = 0.00s, Memory = 0.0K)
Checking Rule DetectTopDesignUnits (Rule 98 of total 414)
 Detected 1 top level design units:
     SYSTEM_TOP
 .... done (Time = 0.00s, Memory = 0.0K)
Checking Rule GenerateConfMap (Rule 99 of total 414) .... done (Time = 0.00s, Memory = -98.0K)
Checking Rule Pragma_setupa for module Pulse_Gen (Rule 100 of total 414) .... done (Time = 0.00s, Memory = 0.0K)
Checking Rule SDC2SGDCPARSE for module Pulse_Gen (Rule 101 of total 414) .... done (Time = 0.00s, Memory = 0.0K)
Checking Rule Pragma_setupa for module DF_SYNC (Rule 100 of total 414) .... done (Time = 0.00s, Memory = 0.0K)
Checking Rule SDC2SGDCPARSE for module DF_SYNC (Rule 101 of total 414) .... done (Time = 0.00s, Memory = 0.0K)
Checking Rule Pragma_setupa for module FIFO_MEM_CNTRL (Rule 100 of total 414) .... done (Time = 0.00s, Memory = 0.0K)
Checking Rule SDC2SGDCPARSE for module FIFO_MEM_CNTRL (Rule 101 of total 414) .... done (Time = 0.00s, Memory = 0.0K)
Checking Rule Pragma_setupa for module FIFO_WR (Rule 100 of total 414) .... done (Time = 0.00s, Memory = 0.0K)
Checking Rule SDC2SGDCPARSE for module FIFO_WR (Rule 101 of total 414) .... done (Time = 0.00s, Memory = 0.0K)
Checking Rule Pragma_setupa for module FIFO_RD (Rule 100 of total 414) .... done (Time = 0.00s, Memory = 0.0K)
Checking Rule SDC2SGDCPARSE for module FIFO_RD (Rule 101 of total 414) .... done (Time = 0.00s, Memory = 0.0K)
Checking Rule Pragma_setupa for module ASYNC_FIFO (Rule 100 of total 414) .... done (Time = 0.00s, Memory = 0.0K)
Checking Rule SDC2SGDCPARSE for module ASYNC_FIFO (Rule 101 of total 414) .... done (Time = 0.00s, Memory = 0.0K)
Checking Rule Pragma_setupa for module ALU (Rule 100 of total 414) .... done (Time = 0.00s, Memory = 0.0K)
Checking Rule SDC2SGDCPARSE for module ALU (Rule 101 of total 414) .... done (Time = 0.00s, Memory = 0.0K)
Checking Rule Pragma_setupa for module CLK_GATE (Rule 100 of total 414) .... done (Time = 0.00s, Memory = 0.0K)
Checking Rule SDC2SGDCPARSE for module CLK_GATE (Rule 101 of total 414) .... done (Time = 0.00s, Memory = 0.0K)
Checking Rule Pragma_setupa for module regfile (Rule 100 of total 414) .... done (Time = 0.00s, Memory = 0.0K)
Checking Rule SDC2SGDCPARSE for module regfile (Rule 101 of total 414) .... done (Time = 0.00s, Memory = 0.0K)
Checking Rule Pragma_setupa for module SYS_CTRL (Rule 100 of total 414) .... done (Time = 0.00s, Memory = 0.0K)
Checking Rule SDC2SGDCPARSE for module SYS_CTRL (Rule 101 of total 414) .... done (Time = 0.00s, Memory = 0.0K)
Checking Rule Pragma_setupa for module DATA_SYNC (Rule 100 of total 414) .... done (Time = 0.00s, Memory = 0.0K)
Checking Rule SDC2SGDCPARSE for module DATA_SYNC (Rule 101 of total 414) .... done (Time = 0.00s, Memory = 0.0K)
Checking Rule Pragma_setupa for module FSM_RX (Rule 100 of total 414) .... done (Time = 0.00s, Memory = 0.0K)
Checking Rule SDC2SGDCPARSE for module FSM_RX (Rule 101 of total 414) .... done (Time = 0.00s, Memory = 0.0K)
Checking Rule Pragma_setupa for module edge_bit_counter (Rule 100 of total 414) .... done (Time = 0.00s, Memory = 0.0K)
Checking Rule SDC2SGDCPARSE for module edge_bit_counter (Rule 101 of total 414) .... done (Time = 0.00s, Memory = 0.0K)
Checking Rule Pragma_setupa for module deserializer (Rule 100 of total 414) .... done (Time = 0.00s, Memory = 0.0K)
Checking Rule SDC2SGDCPARSE for module deserializer (Rule 101 of total 414) .... done (Time = 0.00s, Memory = 0.0K)
Checking Rule Pragma_setupa for module data_sampling (Rule 100 of total 414) .... done (Time = 0.00s, Memory = 0.0K)
Checking Rule SDC2SGDCPARSE for module data_sampling (Rule 101 of total 414) .... done (Time = 0.00s, Memory = 0.0K)
Checking Rule Pragma_setupa for module stop_checker (Rule 100 of total 414) .... done (Time = 0.00s, Memory = 0.0K)
Checking Rule SDC2SGDCPARSE for module stop_checker (Rule 101 of total 414) .... done (Time = 0.00s, Memory = 0.0K)
Checking Rule Pragma_setupa for module strt_checker (Rule 100 of total 414) .... done (Time = 0.00s, Memory = 0.0K)
Checking Rule SDC2SGDCPARSE for module strt_checker (Rule 101 of total 414) .... done (Time = 0.00s, Memory = 0.0K)
Checking Rule Pragma_setupa for module parity_checker (Rule 100 of total 414) .... done (Time = 0.00s, Memory = 0.0K)
Checking Rule SDC2SGDCPARSE for module parity_checker (Rule 101 of total 414) .... done (Time = 0.00s, Memory = 0.0K)
Checking Rule Pragma_setupa for module UART_RX (Rule 100 of total 414) .... done (Time = 0.00s, Memory = 0.0K)
Checking Rule SDC2SGDCPARSE for module UART_RX (Rule 101 of total 414) .... done (Time = 0.00s, Memory = 0.0K)
Checking Rule Pragma_setupa for module FSM_TX (Rule 100 of total 414) .... done (Time = 0.00s, Memory = 0.0K)
Checking Rule SDC2SGDCPARSE for module FSM_TX (Rule 101 of total 414) .... done (Time = 0.00s, Memory = 0.0K)
Checking Rule Pragma_setupa for module Serializer (Rule 100 of total 414) .... done (Time = 0.00s, Memory = 0.0K)
Checking Rule SDC2SGDCPARSE for module Serializer (Rule 101 of total 414) .... done (Time = 0.00s, Memory = 0.0K)
Checking Rule Pragma_setupa for module Parity_Calc (Rule 100 of total 414) .... done (Time = 0.00s, Memory = 0.0K)
Checking Rule SDC2SGDCPARSE for module Parity_Calc (Rule 101 of total 414) .... done (Time = 0.00s, Memory = 0.0K)
Checking Rule Pragma_setupa for module MUX (Rule 100 of total 414) .... done (Time = 0.00s, Memory = 0.0K)
Checking Rule SDC2SGDCPARSE for module MUX (Rule 101 of total 414) .... done (Time = 0.00s, Memory = 0.0K)
Checking Rule Pragma_setupa for module UART_TX (Rule 100 of total 414) .... done (Time = 0.00s, Memory = 0.0K)
Checking Rule SDC2SGDCPARSE for module UART_TX (Rule 101 of total 414) .... done (Time = 0.00s, Memory = 0.0K)
Checking Rule Pragma_setupa for module UART (Rule 100 of total 414) .... done (Time = 0.00s, Memory = 0.0K)
Checking Rule SDC2SGDCPARSE for module UART (Rule 101 of total 414) .... done (Time = 0.00s, Memory = 0.0K)
Checking Rule Pragma_setupa for module RST_SYNC (Rule 100 of total 414) .... done (Time = 0.00s, Memory = 0.0K)
Checking Rule SDC2SGDCPARSE for module RST_SYNC (Rule 101 of total 414) .... done (Time = 0.00s, Memory = 0.0K)
Checking Rule Pragma_setupa for module CLK_DIV (Rule 100 of total 414) .... done (Time = 0.00s, Memory = 0.0K)
Checking Rule SDC2SGDCPARSE for module CLK_DIV (Rule 101 of total 414) .... done (Time = 0.00s, Memory = 0.0K)
Checking Rule Pragma_setupa for module prescale_mux (Rule 100 of total 414) .... done (Time = 0.00s, Memory = 0.0K)
Checking Rule SDC2SGDCPARSE for module prescale_mux (Rule 101 of total 414) .... done (Time = 0.00s, Memory = 0.0K)
Checking Rule Pragma_setupa for module SYSTEM_TOP (Rule 100 of total 414) .... done (Time = 0.00s, Memory = 0.0K)
Checking Rule SDC2SGDCPARSE for module SYSTEM_TOP (Rule 101 of total 414) .... done (Time = 0.00s, Memory = 0.0K)
Performing semantic checks on SGDC contents
Checking Rule SGDC_testmode03 (Rule 102 of total 414) .... done (Time = 0.00s, Memory = 0.0K)
Checking Rule Pragma_setupb (Rule 103 of total 414) .... done (Time = 0.00s, Memory = 0.0K)
Checking Rule _vhMeta01 (Rule 104 of total 414) .... done (Time = 0.00s, Memory = 0.0K)
Checking Rule _meta_delay01 (Rule 105 of total 414) .... done (Time = 0.00s, Memory = -24.0K)
Checking Rule CheckCelldefine (Rule 106 of total 414) .... done (Time = 0.00s, Memory = 0.0K)
Checking Rule checkSGDC_01 (Rule 107 of total 414) .... done (Time = 0.00s, Memory = -32.5K)
Checking Rule checkSGDC_03 (Rule 108 of total 414) .... done (Time = 0.00s, Memory = -0.6K)
Checking Rule checkSGDC_08 (Rule 109 of total 414) .... done (Time = 0.00s, Memory = -0.2K)
Checking Rule SGDC_memorywritepin04 (Rule 110 of total 414) .... done (Time = 0.00s, Memory = 13.5K)
Checking Rule SGDC_reset02 (Rule 111 of total 414) .... done (Time = 0.00s, Memory = 0.1K)
Checking Rule SGDC_reset03 (Rule 112 of total 414) .... done (Time = 0.00s, Memory = 0.0K)
Checking Rule SGDC_waive23 (Rule 113 of total 414) .... done (Time = 0.00s, Memory = 0.0K)
Checking Rule SGDC_waive26 (Rule 114 of total 414) .... done (Time = 0.00s, Memory = 0.9K)
Checking Rule SGDC_waive27 (Rule 115 of total 414) .... done (Time = 0.00s, Memory = 0.0K)
Checking Rule SGDC_waive29 (Rule 116 of total 414) .... done (Time = 0.00s, Memory = 0.0K)
Checking Rule SGDC_libgroup03 (Rule 117 of total 414) .... done (Time = 0.00s, Memory = 0.0K)
Checking Rule SGDC_ungroup02 (Rule 118 of total 414) .... done (Time = 0.00s, Memory = 0.0K)
Checking Rule _abstractPortSGDC (Rule 119 of total 414) .... done (Time = 0.00s, Memory = 30.4K)
Checking Rule SGDC_abstract_port03 (Rule 120 of total 414) .... done (Time = 0.00s, Memory = 0.0K)
Checking Rule SGDC_abstract_port04 (Rule 121 of total 414) .... done (Time = 0.00s, Memory = 0.0K)
Checking Rule SGDC_abstract_port05 (Rule 122 of total 414) .... done (Time = 0.00s, Memory = 1.9K)
Checking Rule SGDC_abstract_port07 (Rule 123 of total 414) .... done (Time = 0.00s, Memory = 0.0K)
Checking Rule SGDC_abstract_port08 (Rule 124 of total 414) .... done (Time = 0.00s, Memory = -24.0K)
Checking Rule SGDC_abstract_port10 (Rule 125 of total 414) .... done (Time = 0.00s, Memory = 5.6K)
Checking Rule SGDC_abstract_port11 (Rule 126 of total 414) .... done (Time = 0.00s, Memory = -27.3K)
Checking Rule SGDC_abstract_port12 (Rule 127 of total 414) .... done (Time = 0.00s, Memory = 0.0K)
Checking Rule SGDC_abstract_port13 (Rule 128 of total 414) .... done (Time = 0.00s, Memory = 0.0K)
Checking Rule SGDC_sdcschema01 (Rule 129 of total 414) .... done (Time = 0.00s, Memory = 0.0K)
Checking Rule _cdc_save_license01 (Rule 130 of total 414) .... done (Time = 0.00s, Memory = 0.2K)
Checking Rule syncRstReq (Rule 131 of total 414) .... done (Time = 0.00s, Memory = 0.0K)
Checking Rule syncRstReq (Rule 132 of total 414) .... done (Time = 0.00s, Memory = 0.0K)
Checking Rule _syncResetStyleRTL (Rule 133 of total 414) .... done (Time = 0.00s, Memory = 0.0K)
Checking Rule _deltaDelay (Rule 134 of total 414) .... done (Time = 0.00s, Memory = 24.0K)
Checking Rule _deltaDelay (Rule 135 of total 414) .... done (Time = 0.00s, Memory = 8.0K)
Checking Rule _deltaDelayNom (Rule 136 of total 414) .... done (Time = 0.00s, Memory = 0.0K)
Checking Rule Ac_multitop01 (Rule 137 of total 414) .... done (Time = 0.00s, Memory = -8.0K)
Checking Rule AcOvlRtl (Rule 138 of total 414) .... done (Time = 0.00s, Memory = 0.0K)
Checking Rule AcOvlRtl (Rule 139 of total 414) .... done (Time = 0.00s, Memory = 0.0K)
Checking Rule Ac_svasetup01 (Rule 140 of total 414) .... done (Time = 0.00s, Memory = 0.0K)
Checking Rule ReportUngroup (Rule 141 of total 414) .... done (Time = 0.00s, Memory = 0.0K)
Checking Rule SGDC_allow_combo_logic02 (Rule 142 of total 414) .... done (Time = 0.00s, Memory = 0.0K)
Checking Rule _portRetenClocknReset (Rule 143 of total 414) .... done (Time = 0.00s, Memory = 0.0K)
Checking Rule _portReten (Rule 144 of total 414) .... done (Time = 0.00s, Memory = 0.0K)
Checking Rule SGDC_meta_design_hier01 (Rule 145 of total 414) .... done (Time = 0.00s, Memory = 0.0K)
Checking Rule LP_POWERDATA_INFO (Rule 146 of total 414) .... done (Time = 0.00s, Memory = 0.0K)
Checking Rule SGDC_abstract_port21 (Rule 147 of total 414) .... done (Time = 0.00s, Memory = 0.0K)
Checking Rule SDC2SGDC_WRN01 (Rule 148 of total 414) .... done (Time = 0.00s, Memory = 0.0K)
Checking Rule SDC2SGDC_STX01 (Rule 149 of total 414) .... done (Time = 0.00s, Memory = -1.7K)
Checking Rule SGDC_input02 (Rule 150 of total 414) .... done (Time = 0.00s, Memory = 0.0K)
Checking Rule SGDC_input03 (Rule 151 of total 414) .... done (Time = 0.00s, Memory = 4.0K)
Checking Rule SGDC_output02 (Rule 152 of total 414) .... done (Time = 0.00s, Memory = 6.8K)
Checking Rule SGDC_output04 (Rule 153 of total 414) .... done (Time = 0.00s, Memory = 0.0K)
Checking Rule SGDC_numflops03a (Rule 154 of total 414) .... done (Time = 0.00s, Memory = 0.4K)
Checking Rule SGDC_numflops03b (Rule 155 of total 414) .... done (Time = 0.00s, Memory = 0.0K)
Checking Rule SGDC_numflops12 (Rule 156 of total 414) .... done (Time = 0.00s, Memory = -32.0K)
Checking Rule SGDC_sync_cell02b (Rule 157 of total 414) .... done (Time = 0.00s, Memory = -0.5K)
Checking Rule SGDC_sync_cell11 (Rule 158 of total 414) .... done (Time = 0.00s, Memory = 0.0K)
Checking Rule SGDC_qualifier02c (Rule 159 of total 414) .... done (Time = 0.00s, Memory = -1.9K)
Checking Rule SGDC_qualifier03c (Rule 160 of total 414) .... done (Time = 0.00s, Memory = 0.0K)
Checking Rule LPwrRulesSetup (Rule 161 of total 414) .... done (Time = 0.00s, Memory = 0.0K)
 Flattening SYSTEM_TOP ....
 Flattening completed
Checking Rule Domain_Conflict01 (Rule 162 of total 414) .... done (Time = 0.00s, Memory = 0.6K)
Checking Rule Domain_Matrix01 (Rule 163 of total 414) .... done (Time = 0.00s, Memory = 0.0K)
Checking Rule Domain_Missing01 (Rule 164 of total 414) .... done (Time = 0.00s, Memory = 11.8K)
Checking Rule SDC_Mapping01 (Rule 165 of total 414) .... done (Time = 0.00s, Memory = 0.0K)
Checking Rule SDC2SGDCPARSEW (Rule 166 of total 414)
AtrDomain: Inferring Clock Domains...CLOCK_STA mode..Done. (Time Taken=0s)
AtrDomain: Generating Clock Domain Reports...Done. (Time Taken=1s)
 .... done (Time = 0.07s, Memory = 60.7K)
 Flattening SYSTEM_TOP (.lib instances separately flattened) ....
 Flattening completed
Checking Rule SGDC_quasi_static_style01 (Rule 167 of total 414) .... done (Time = 0.00s, Memory = 0.0K)
Checking Rule SignalTypeSetup (Rule 168 of total 414) .... done (Time = 0.00s, Memory = 8.0K)
Checking Rule _allowInst (Rule 169 of total 414) .... done (Time = 0.00s, Memory = 8.0K)
Checking Rule _ipblock (Rule 170 of total 414) .... done (Time = 0.00s, Memory = 0.0K)
Checking Rule _rstSyncCellInst (Rule 171 of total 414) .... done (Time = 0.00s, Memory = 0.0K)
Checking Rule _syncCellDelayedQualifier (Rule 172 of total 414) .... done (Time = 0.00s, Memory = -1.6K)
Checking Rule _repeaterCellInst (Rule 173 of total 414) .... done (Time = 0.00s, Memory = 0.0K)
Checking Rule _abstract_port (Rule 174 of total 414) .... done (Time = 0.00s, Memory = 8.9K)
Checking Rule Clock_setup02 (Rule 175 of total 414) .... done (Time = 0.00s, Memory = -0.6K)
Checking Rule Clockmatrix01 (Rule 176 of total 414) .... done (Time = 0.00s, Memory = -24.0K)
Checking Rule Clock_prop (Rule 177 of total 414) .... done (Time = 0.00s, Memory = 610.3K)
Checking Rule Reset_prop (Rule 178 of total 414) .... done (Time = 0.00s, Memory = 83.7K)
Checking Rule SGDC_generated_clock06 (Rule 179 of total 414) .... done (Time = 0.00s, Memory = 24.0K)
Checking Rule Propagate_Clocks (Rule 180 of total 414) .... done (Time = 0.01s, Memory = 337.6K)
Checking Rule _syncreset_prop (Rule 181 of total 414) .... done (Time = 0.00s, Memory = 14.7K)
Checking Rule _syncc (Rule 182 of total 414) .... done (Time = 0.00s, Memory = 5.4K)
Checking Rule _syncb (Rule 183 of total 414) .... done (Time = 0.00s, Memory = 0.1K)
Checking Rule _resetPathCross (Rule 184 of total 414) .... done (Time = 0.00s, Memory = 0.0K)
Checking Rule FalsePathSetup (Rule 185 of total 414) .... done (Time = 0.00s, Memory = -0.1K)
Checking Rule _fifo01 (Rule 186 of total 414) .... done (Time = 0.00s, Memory = 0.0K)
Checking Rule _syncfifo (Rule 187 of total 414) .... done (Time = 0.00s, Memory = 0.0K)
Checking Rule _syncUDfifo (Rule 188 of total 414) .... done (Time = 0.00s, Memory = -0.1K)
Checking Rule _syncdw (Rule 189 of total 414) .... done (Time = 0.01s, Memory = 3.9K)
Checking Rule _syncd (Rule 190 of total 414) .... done (Time = 0.00s, Memory = 26.1K)
Checking Rule _syncg (Rule 191 of total 414) .... done (Time = 0.00s, Memory = -28.8K)
Checking Rule _sync_clock (Rule 192 of total 414) .... done (Time = 0.00s, Memory = 0.0K)
Checking Rule _sync_gp (Rule 193 of total 414) .... done (Time = 0.00s, Memory = 1.6K)
Checking Rule _sync_and (Rule 194 of total 414) .... done (Time = 0.00s, Memory = 2.7K)
Checking Rule _synci (Rule 195 of total 414) .... done (Time = 0.00s, Memory = 0.0K)
Checking Rule _sync_qualifier (Rule 196 of total 414) .... done (Time = 0.00s, Memory = 0.0K)
Checking Rule SGDC_fifo11 (Rule 197 of total 414) .... done (Time = 0.00s, Memory = 0.0K)
Checking Rule SGDC_fifo12 (Rule 198 of total 414) .... done (Time = 0.00s, Memory = 0.0K)
Checking Rule SGDC_fifo13 (Rule 199 of total 414) .... done (Time = 0.00s, Memory = -24.0K)
Checking Rule SGDC_fifo14 (Rule 200 of total 414) .... done (Time = 0.00s, Memory = 0.0K)
Checking Rule Gen_diff01 (Rule 201 of total 414) .... done (Time = 0.00s, Memory = 32.0K)
Checking Rule _debugData (Rule 202 of total 414) .... done (Time = 0.01s, Memory = 34.7K)
Checking Rule Ac_Sync_Init (Rule 203 of total 414) .... done (Time = 0.01s, Memory = 519.4K)
Checking Rule _propagate_cdcAttrib (Rule 204 of total 414) .... done (Time = 0.00s, Memory = 0.8K)
Checking Rule Ar_Cross_Init (Rule 205 of total 414) .... done (Time = 0.00s, Memory = 0.0K)
Checking Rule SGDC_cdc_define_transition01 (Rule 206 of total 414) .... done (Time = 0.00s, Memory = 0.0K)
Checking Rule UPF_lowpower08PR (Rule 207 of total 414) .... done (Time = 0.00s, Memory = 0.0K)
Checking Rule UPF_lowpower08 (Rule 208 of total 414) .... done (Time = 0.00s, Memory = 0.0K)
Checking Rule Setup_check01 (Rule 209 of total 414) .... done (Time = 0.00s, Memory = 0.0K)
Checking Rule Setup_check02 (Rule 210 of total 414) .... done (Time = 0.00s, Memory = 0.0K)
Checking Rule Info_Case_Analysis (Rule 211 of total 414) .... done (Time = 0.00s, Memory = -52.3K)
Checking Rule SGDC_set_case_analysis_LC (Rule 212 of total 414) .... done (Time = 0.00s, Memory = 51.4K)
Checking Rule Setup_quasi_static01 (Rule 213 of total 414) .... done (Time = 0.01s, Memory = 74.7K)
Checking Rule SGDC_signal_in_domain02 (Rule 214 of total 414) .... done (Time = 0.00s, Memory = 0.0K)
Checking Rule SGDC_signal_in_domain04 (Rule 215 of total 414) .... done (Time = 0.00s, Memory = 0.0K)
Checking Rule SGDC_numflops03c (Rule 216 of total 414) .... done (Time = 0.00s, Memory = 0.0K)
Checking Rule SGDC_numflops04 (Rule 217 of total 414) .... done (Time = 0.00s, Memory = 0.0K)
Checking Rule SGDC_numflops05 (Rule 218 of total 414) .... done (Time = 0.00s, Memory = 0.0K)
Checking Rule SGDC_numflops06 (Rule 219 of total 414) .... done (Time = 0.00s, Memory = 0.0K)
Checking Rule SGDC_numflops11 (Rule 220 of total 414) .... done (Time = 0.00s, Memory = 5.8K)
Checking Rule SGDC_numflops13 (Rule 221 of total 414) .... done (Time = 0.00s, Memory = 32.0K)
Checking Rule SGDC_numflops14 (Rule 222 of total 414) .... done (Time = 0.00s, Memory = 0.0K)
Checking Rule SGDC_clocksense02 (Rule 223 of total 414) .... done (Time = 0.00s, Memory = 0.0K)
Checking Rule SGDC_clocksense03 (Rule 224 of total 414) .... done (Time = 0.00s, Memory = 0.0K)
Checking Rule SGDC_sgclkgroup01 (Rule 225 of total 414) .... done (Time = 0.00s, Memory = 0.0K)
Checking Rule SGDC_sgclkgroup02 (Rule 226 of total 414) .... done (Time = 0.00s, Memory = 0.0K)
Checking Rule SGDC_sgclkgroup03 (Rule 227 of total 414) .... done (Time = 0.00s, Memory = 0.0K)
Checking Rule SGDC_check_clock_relation01a (Rule 228 of total 414) .... done (Time = 0.00s, Memory = 0.0K)
Checking Rule SGDC_check_clock_relation01b (Rule 229 of total 414) .... done (Time = 0.00s, Memory = 0.0K)
Checking Rule SGDC_check_clock_relation01c (Rule 230 of total 414) .... done (Time = 0.00s, Memory = 0.0K)
Checking Rule SGDC_check_clock_relation02a (Rule 231 of total 414) .... done (Time = 0.00s, Memory = 0.0K)
Checking Rule SGDC_check_clock_relation02b (Rule 232 of total 414) .... done (Time = 0.00s, Memory = -4.0K)
Checking Rule SGDC_check_clock_relation02c (Rule 233 of total 414) .... done (Time = 0.00s, Memory = -24.0K)
Checking Rule SGDC_check_clock_relation03b (Rule 234 of total 414) .... done (Time = 0.00s, Memory = 8.0K)
Checking Rule SGDC_check_clock_relation04b (Rule 235 of total 414) .... done (Time = 0.00s, Memory = 0.0K)
Checking Rule CheckClockRelationSetup (Rule 236 of total 414) .... done (Time = 0.00s, Memory = 3.5K)
Checking Rule SGDC_gray_signals01 (Rule 237 of total 414) .... done (Time = 0.00s, Memory = -1.0K)
Checking Rule SGDC_gray_signals02 (Rule 238 of total 414) .... done (Time = 0.00s, Memory = 0.0K)
Checking Rule SGDC_gray_signals03 (Rule 239 of total 414) .... done (Time = 0.00s, Memory = 8.0K)
Checking Rule SGDC_qualifier02a (Rule 240 of total 414) .... done (Time = 0.00s, Memory = 0.0K)
Checking Rule SGDC_qualifier03a (Rule 241 of total 414) .... done (Time = 0.00s, Memory = 0.0K)
Checking Rule SGDC_qualifier04 (Rule 242 of total 414) .... done (Time = 0.00s, Memory = 0.0K)
Checking Rule SGDC_qualifier05 (Rule 243 of total 414) .... done (Time = 0.00s, Memory = 0.0K)
Checking Rule SGDC_qualifier08 (Rule 244 of total 414) .... done (Time = 0.00s, Memory = 0.0K)
Checking Rule QualifierSetup (Rule 245 of total 414) .... done (Time = 0.00s, Memory = 0.0K)
Checking Rule ResetSynchronizerSetup (Rule 246 of total 414) .... done (Time = 0.00s, Memory = -0.3K)
Checking Rule SGDC_validation_filter_path03 (Rule 247 of total 414) .... done (Time = 0.00s, Memory = 0.0K)
Checking Rule SGDC_qualifier10 (Rule 248 of total 414) .... done (Time = 0.00s, Memory = 0.0K)
Checking Rule SGDC_qualifier11 (Rule 249 of total 414) .... done (Time = 0.00s, Memory = 0.0K)
Checking Rule SGDC_qualifier12 (Rule 250 of total 414) .... done (Time = 0.00s, Memory = -2.8K)
Checking Rule SGDC_qualifier13 (Rule 251 of total 414) .... done (Time = 0.00s, Memory = 0.0K)
Checking Rule SGDC_qualifier14 (Rule 252 of total 414) .... done (Time = 0.00s, Memory = 0.0K)
Checking Rule SGDC_qualifier16 (Rule 253 of total 414) .... done (Time = 0.00s, Memory = 0.0K)
Checking Rule SGDC_qualifier18 (Rule 254 of total 414) .... done (Time = 0.00s, Memory = 0.0K)
Checking Rule SGDC_qualifier19a (Rule 255 of total 414) .... done (Time = 0.00s, Memory = 0.0K)
Checking Rule SGDC_qualifier19b (Rule 256 of total 414) .... done (Time = 0.00s, Memory = 0.0K)
Checking Rule SGDC_qualifier19c (Rule 257 of total 414) .... done (Time = 0.00s, Memory = 0.0K)
Checking Rule SGDC_qualifier20b (Rule 258 of total 414) .... done (Time = 0.00s, Memory = 0.0K)
Checking Rule SGDC_qualifier21 (Rule 259 of total 414) .... done (Time = 0.00s, Memory = -0.1K)
Checking Rule SGDC_qualifier22 (Rule 260 of total 414) .... done (Time = 0.00s, Memory = 24.0K)
Checking Rule SGDC_qualifier23 (Rule 261 of total 414) .... done (Time = 0.00s, Memory = 0.0K)
Checking Rule SGDC_virtualclock01 (Rule 262 of total 414) .... done (Time = 0.00s, Memory = -19.3K)
Checking Rule SGDC_virtualreset01 (Rule 263 of total 414) .... done (Time = 0.00s, Memory = -64.0K)
Checking Rule SGDC_abstract_port19 (Rule 264 of total 414) .... done (Time = 0.00s, Memory = -0.7K)
Checking Rule SGDC_abstract_port20 (Rule 265 of total 414) .... done (Time = 0.00s, Memory = 0.0K)
Checking Rule RFPSetup (Rule 266 of total 414) .... done (Time = 0.00s, Memory = 0.0K)
Checking Rule SGDC_reset_filter_path02a (Rule 267 of total 414) .... done (Time = 0.00s, Memory = 0.1K)
Checking Rule SGDC_reset_filter_path02b (Rule 268 of total 414) .... done (Time = 0.00s, Memory = 0.0K)
Checking Rule SGDC_reset_filter_path02c (Rule 269 of total 414) .... done (Time = 0.00s, Memory = 0.0K)
Checking Rule SGDC_reset_filter_path03a (Rule 270 of total 414) .... done (Time = 0.00s, Memory = 0.0K)
Checking Rule SGDC_reset_filter_path03b (Rule 271 of total 414) .... done (Time = 0.00s, Memory = -1.0K)
Checking Rule SGDC_reset_filter_path03c (Rule 272 of total 414) .... done (Time = 0.00s, Memory = 0.0K)
Checking Rule SGDC_reset_filter_path04b (Rule 273 of total 414) .... done (Time = 0.00s, Memory = 0.0K)
Checking Rule SGDC_reset_filter_path07a (Rule 274 of total 414) .... done (Time = 0.00s, Memory = 0.0K)
Checking Rule SGDC_reset_filter_path07b (Rule 275 of total 414) .... done (Time = 0.00s, Memory = -3.0K)
Checking Rule SGDC_reset_filter_path07c (Rule 276 of total 414) .... done (Time = 0.00s, Memory = -4.0K)
Checking Rule SGDC_define_reset_order03 (Rule 277 of total 414) .... done (Time = 0.00s, Memory = 32.0K)
Checking Rule SGDC_define_reset_order04 (Rule 278 of total 414) .... done (Time = 0.00s, Memory = -0.5K)
Checking Rule SGDC_define_reset_order05 (Rule 279 of total 414) .... done (Time = 0.00s, Memory = 32.0K)
Checking Rule SGDC_cdc_false_path06 (Rule 280 of total 414) .... done (Time = 0.00s, Memory = -0.2K)
Checking Rule SGDC_cdc_false_path07 (Rule 281 of total 414) .... done (Time = 0.00s, Memory = 0.0K)
Checking Rule SGDC_cdc_false_path08 (Rule 282 of total 414) .... done (Time = 0.00s, Memory = -30.1K)
Checking Rule CDCSet_License01 (Rule 283 of total 414) .... done (Time = 0.00s, Memory = 0.0K)
Checking Rule Clock_info03a (Rule 284 of total 414) .... done (Time = 0.00s, Memory = -1.6K)
Checking Rule Clock_info03b (Rule 285 of total 414) .... done (Time = 0.00s, Memory = -17.9K)
Checking Rule Clock_info03c (Rule 286 of total 414) .... done (Time = 0.00s, Memory = 0.0K)
Checking Rule Ac_coherency06 (Rule 287 of total 414) .... done (Time = 0.00s, Memory = -21.8K)
Checking Rule Ac_unsync01 (Rule 288 of total 414) .... done (Time = 0.00s, Memory = 0.0K)
Checking Rule Ac_unsync02 (Rule 289 of total 414) .... done (Time = 0.00s, Memory = 0.0K)
Checking Rule Ac_sync01 (Rule 290 of total 414) .... done (Time = 0.00s, Memory = 0.0K)
Checking Rule Ac_sync02 (Rule 291 of total 414) .... done (Time = 0.00s, Memory = 0.0K)
Checking Rule Ac_crossing01 (Rule 292 of total 414) .... done (Time = 0.00s, Memory = 24.8K)
Checking Rule Propagate_Resets (Rule 293 of total 414) .... done (Time = 0.01s, Memory = -26.5K)
Checking Rule _reset_sync (Rule 294 of total 414) .... done (Time = 0.00s, Memory = -2.0K)
Checking Rule Setup_port01 (Rule 295 of total 414) .... done (Time = 0.00s, Memory = 0.0K)
Checking Rule Setup_blackbox01 (Rule 296 of total 414) .... done (Time = 0.00s, Memory = 0.0K)
Checking Rule Setup_library01 (Rule 297 of total 414) .... done (Time = 0.00s, Memory = 24.0K)
Checking Rule Reset_check11 (Rule 298 of total 414) .... done (Time = 0.00s, Memory = -12.6K)
Checking Rule Reset_info09a (Rule 299 of total 414) .... done (Time = 0.00s, Memory = 0.0K)
Checking Rule Clock_sync05 (Rule 300 of total 414) .... done (Time = 0.00s, Memory = 0.0K)
Checking Rule Clock_sync06 (Rule 301 of total 414) .... done (Time = 0.00s, Memory = 0.0K)
Checking Rule Clock_info02 (Rule 302 of total 414) .... done (Time = 0.00s, Memory = -31.4K)
Checking Rule Reset_info02 (Rule 303 of total 414) .... done (Time = 0.01s, Memory = -5.6K)
Checking Rule Clock_info05 (Rule 304 of total 414) .... done (Time = 0.00s, Memory = 0.0K)
Checking Rule Clock_info05b (Rule 305 of total 414) .... done (Time = 0.00s, Memory = 0.0K)
Checking Rule Reset_check03 (Rule 306 of total 414) .... done (Time = 0.00s, Memory = 11.1K)
Checking Rule _clkWrapModules (Rule 307 of total 414) .... done (Time = 0.00s, Memory = 0.5K)
Checking Rule _clock_hier_rules (Rule 308 of total 414) .... done (Time = 0.00s, Memory = 0.0K)
Checking Rule Reset_check12 (Rule 309 of total 414) .... done (Time = 0.00s, Memory = 39.5K)
Checking Rule Ar_sync_init (Rule 310 of total 414) .... done (Time = 0.02s, Memory = -9.4K)
Checking Rule _constrCoverage (Rule 311 of total 414) .... done (Time = 0.02s, Memory = 18.6K)
Checking Rule Clock_info15 (Rule 312 of total 414) .... done (Time = 0.00s, Memory = 4.0K)
Checking Rule Reset_check10 (Rule 313 of total 414) .... done (Time = 0.00s, Memory = 48.5K)
Checking Rule Reset_sync02 (Rule 314 of total 414) .... done (Time = 0.00s, Memory = -2.3K)
Checking Rule SGDC_clockreset02 (Rule 315 of total 414) .... done (Time = 0.00s, Memory = 0.0K)
Checking Rule Param_clockreset02 (Rule 316 of total 414) .... done (Time = 0.00s, Memory = 0.0K)
Checking Rule Param_clockreset04 (Rule 317 of total 414) .... done (Time = 0.00s, Memory = 0.0K)
Checking Rule Setup_clockreset01 (Rule 318 of total 414) .... done (Time = 0.00s, Memory = 0.0K)
Checking Rule Clock_check07 (Rule 319 of total 414) .... done (Time = 0.00s, Memory = 0.0K)
Checking Rule Clock_check10 (Rule 320 of total 414) .... done (Time = 0.00s, Memory = 28.7K)
Checking Rule Reset_check08 (Rule 321 of total 414) .... done (Time = 0.00s, Memory = 0.0K)
Checking Rule Clock_converge01 (Rule 322 of total 414) .... done (Time = 0.00s, Memory = 1.5K)
Checking Rule Ar_converge01 (Rule 323 of total 414) .... done (Time = 0.00s, Memory = 2.3K)
Checking Rule SGDC_noclockcell_start01 (Rule 324 of total 414) .... done (Time = 0.00s, Memory = 0.0K)
Checking Rule Ac_initseq01 (Rule 325 of total 414) .... done (Time = 0.00s, Memory = 0.0K)
Checking Rule Ac_init01 (Rule 326 of total 414) .... done (Time = 0.00s, Memory = 0.0K)
Checking Rule _ac_Auxi01 (Rule 327 of total 414) .... done (Time = 0.00s, Memory = 0.0K)
Checking Rule Ac_sanity02 (Rule 328 of total 414) .... done (Time = 0.00s, Memory = 0.0K)
Checking Rule _glitch_init (Rule 329 of total 414) .... done (Time = 0.01s, Memory = 60.6K)
Checking Rule Ac_initstate01 (Rule 330 of total 414) .... done (Time = 0.00s, Memory = 0.0K)
Checking Rule Ac_conv02 (Rule 331 of total 414) .... done (Time = 0.00s, Memory = 29.0K)
Checking Rule Ac_conv02setup01 (Rule 332 of total 414) .... done (Time = 0.00s, Memory = 0.0K)
Checking Rule Ac_conv01 (Rule 333 of total 414) .... done (Time = 0.01s, Memory = 24.6K)
Checking Rule Ac_conv03 (Rule 334 of total 414) .... done (Time = 0.00s, Memory = -19.3K)
Checking Rule Ac_conv04 (Rule 335 of total 414) .... done (Time = 0.00s, Memory = 3.9K)
Checking Rule Ac_abs01 (Rule 336 of total 414) .... done (Time = 0.00s, Memory = 0.0K)
Checking Rule Ac_glitch03 (Rule 337 of total 414) .... done (Time = 0.00s, Memory = 0.0K)
Checking Rule Ac_clockperiod01 (Rule 338 of total 414) .... done (Time = 0.00s, Memory = 0.0K)
Checking Rule Ac_clockperiod02 (Rule 339 of total 414) .... done (Time = 0.00s, Memory = 0.0K)
Checking Rule Ac_clockperiod03 (Rule 340 of total 414) .... done (Time = 0.00s, Memory = 0.0K)
Checking Rule Ac_report01 (Rule 341 of total 414) .... done (Time = 0.00s, Memory = 0.0K)
Checking Rule AllowComboLogicSetup (Rule 342 of total 414) .... done (Time = 0.00s, Memory = 0.0K)
Checking Rule Ac_resetvalue01 (Rule 343 of total 414) .... done (Time = 0.00s, Memory = 0.0K)
Checking Rule Ac_abstract_validation01 (Rule 344 of total 414) .... done (Time = 0.00s, Memory = -0.1K)
Checking Rule SGDC_abstract_mapping01 (Rule 345 of total 414) .... done (Time = 0.00s, Memory = 0.0K)
Checking Rule Ac_upfsetup02 (Rule 346 of total 414) .... done (Time = 0.00s, Memory = 0.0K)
Checking Rule Ac_upfsetup01 (Rule 347 of total 414) .... done (Time = 0.00s, Memory = 0.0K)
Checking Rule Ac_psync_init (Rule 348 of total 414) .... done (Time = 0.00s, Memory = -2.1K)
Checking Rule Ac_psetup01 (Rule 349 of total 414) .... done (Time = 0.00s, Memory = 0.0K)
Checking Rule Clock_exit01 (Rule 350 of total 414) .... done (Time = 0.00s, Memory = 0.0K)
Checking Rule SGDC_reset_synchronizer02 (Rule 351 of total 414) .... done (Time = 0.00s, Memory = 0.0K)
Checking Rule SGDC_reset_synchronizer04 (Rule 352 of total 414) .... done (Time = 0.00s, Memory = 4.0K)
Checking Rule SGDC_reset_synchronizer06 (Rule 353 of total 414) .... done (Time = 0.00s, Memory = 1.9K)
Checking Rule SGDC_reset_synchronizer08 (Rule 354 of total 414) .... done (Time = 0.00s, Memory = -32.0K)
Checking Rule SGDC_reset_synchronizer10 (Rule 355 of total 414) .... done (Time = 0.00s, Memory = 0.0K)
Checking Rule AnalyzeBBox (Rule 356 of total 414) .... done (Time = 0.00s, Memory = 0.0K)
Checking Rule ReportCheckDataSummary (Rule 357 of total 414) .... done (Time = 0.00s, Memory = 0.0K)

Generating data for Console...

SpyGlass Rule Checking Complete.

Generating moresimple report from './spyglass-1/cdc/cdc_verify_struct/spyglass.vdb' to './spyglass-1/cdc/cdc_verify_struct/spyglass_reports/moresimple.rpt' ....

Generating runsummary report from './spyglass-1/cdc/cdc_verify_struct/spyglass.vdb' ....

Generating no_msg_reporting_rules report from './spyglass-1/cdc/cdc_verify_struct/spyglass.vdb' to './spyglass-1/cdc/cdc_verify_struct/spyglass_reports/no_msg_reporting_rules.rpt' ....

Generating CDC-report report from './spyglass-1/cdc/cdc_verify_struct/spyglass.vdb' to './spyglass-1/cdc/cdc_verify_struct/spyglass_reports/CDC-report.rpt' ....

Generating CKSGDCInfo report from './spyglass-1/cdc/cdc_verify_struct/spyglass.vdb' to './spyglass-1/cdc/cdc_verify_struct/spyglass_reports/CKSGDCInfo.rpt' ....

Generating RSTree report from './spyglass-1/cdc/cdc_verify_struct/spyglass.vdb' to './spyglass-1/cdc/cdc_verify_struct/spyglass_reports/RSTree.rpt' ....

Generating CKTree report from './spyglass-1/cdc/cdc_verify_struct/spyglass.vdb' to './spyglass-1/cdc/cdc_verify_struct/spyglass_reports/CKTree.rpt' ....

Policy specific data (reports) are present in the directory './spyglass-1/cdc/cdc_verify_struct/spyglass_reports'.

SpyGlass critical reports for the current run are present in directory './spyglass-1/consolidated_reports/cdc_cdc_verify_struct/'.

---------------------------------------------------------------------------------------------
Results Summary:
---------------------------------------------------------------------------------------------
   Goal Run           :      cdc/cdc_verify_struct
   Command-line read  :      0 error,      0 warning,      0 information message 
   Design Read        :      0 error,      0 warning,      6 information messages
      Found 1 top module:
         SYSTEM_TOP   (file: /home/ICer/IC/Projects/System/rtl/SYSTEM_TOP.v)

   Blackbox Resolution:      0 error,      0 warning,      0 information message 
   SGDC Checks        :      0 error,      0 warning,      1 information message 
** Policy clock-reset :     14 errors,     1 warning,     28 information messages
   -------------------------------------------------------------------------------------
   Total              :     14 errors,     1 warning,     35 information messages

  Total Number of Generated Messages     :        50 (14 errors, 1 warning, 35 Infos)
  Number of Reported Messages            :        50 (14 errors, 1 warning, 35 Infos)

  NOTE: It is recommended to first fix/reconcile fatals/errors reported on
        lines starting with ** as subsequent issues might be related to it.
        Please re-run SpyGlass once ** prefixed lines are fatal/error clean.

---------------------------------------------------------------------------------------------


run_goal: info: updating spyglass.log with goal summary
---------------------------------------------------------------------------------------------------
Results Summary:
---------------------------------------------------------------------------------------------------
   Goal Run           :      cdc/cdc_verify_struct
   Top Module         :      SYSTEM_TOP
---------------------------------------------------------------------------------------------------
   Reports Directory: 
   /home/ICer/IC/Projects/System/CDC/spyglass-1/consolidated_reports/cdc_cdc_verify_struct/ 

   SpyGlass LogFile: 
    /home/ICer/IC/Projects/System/CDC/spyglass-1/cdc/cdc_verify_struct/spyglass.log 

   Standard Reports: 
     moresimple.rpt          no_msg_reporting_rules.rpt       

   HTML report:
    /home/ICer/IC/Projects/System/CDC/spyglass-1/html_reports/goals_summary.html
  

   Technology Reports:    CDC( Advance CDC  Structrual Verification )
     CDC-report.rpt          CKSGDCInfo.rpt          RSTree.rpt      
     CKTree.rpt        
   
---------------------------------------------------------------------------------------------------
   Goal Violation Summary:
       Waived   Messages:                      0 Errors,      0 Warnings,      0 Infos
       Reported Messages:         0 Fatals,   14 Errors,      1 Warnings,     35 Infos
---------------------------------------------------------------------------------------------------
   
   Technology Summary: CDC( Advance CDC )   
       Unsynchronized clock domain crossings= 11
       Convergences= 1
---------------------------------------------------------------------------------------------------
 
run_goal: info: spyglass.log successfully updated with goal summary
0 {Rule-checking completed with errors}./spyglass-1/cdc/cdc_verify_struct/spyglass-1_waiver_file.awl./spyglass-1/cdc/cdc_verify_struct/spyglass-1_waiver_file.awlread_file: info: multiple specifications found for `awl' file `./spyglass-1/cdc/cdc_verify_struct/spyglass-1_waiver_file.awl' (ignored)
./spyglass-1/cdc/cdc_verify_struct/spyglass-1_waiver_file.awl./spyglass-1/cdc/cdc_verify_struct/spyglass-1_waiver_file.awl0./spyglass-1/cdc/cdc_verify_struct/spyglass-1_waiver_file.awl
INFO:    SpyGlass will run goal(s) 'cdc/cdc_verify_struct'.


 Auto-compiling gates libraries

        "../std_cells/scmetro_tsmc_cl013g_rvt_ff_1p32v_m40c.lib"
        "../std_cells/scmetro_tsmc_cl013g_rvt_ss_1p08v_125c.lib"
        "../std_cells/scmetro_tsmc_cl013g_rvt_tt_1p2v_25c.lib"
    to
        "./spyglass-1/spyglass_cache/autogenerated_sglib/aggregate.sglib" ...already compiled

 Using this already compiled sglib for the current run ...

RULE-CHECKING IN MIXED MODE
Loading spyglass (SpyGlass_vL-2016.06) ... (picked from /home/synopsys/SpyGlass-L2016.06/SPYGLASS_HOME/policies/spyglass)
Loading clock-reset (SpyGlass_vL-2016.06) ... (picked from /home/synopsys/SpyGlass-L2016.06/SPYGLASS_HOME/policies/clock)

INFO [326]    SpyGlass Design Database './spyglass-1/.SG_SaveRestoreDB' can not be restored because:
              Following design files/directories have been modified since design save
    /home/ICer/IC/Projects/System/rtl/FIFO_RD.v

              Saving Database again
Loading txv (SpyGlass_vL-2016.06) ... (picked from /home/synopsys/SpyGlass-L2016.06/SPYGLASS_HOME/policies/txv)

TXV_INFO Parameter txv_extract_domain will be renamed to txv_domain_mode in future!

Loading timing (SpyGlass_vL-2016.06) ... (picked from /home/synopsys/SpyGlass-L2016.06/SPYGLASS_HOME/policies/timing)
Loading starcad-21 (SpyGlass_vL-2016.06) ... (picked from /home/synopsys/SpyGlass-L2016.06/SPYGLASS_HOME/policies/starcad-21)
Loading starc2005 (SpyGlass_vL-2016.06) ... (picked from /home/synopsys/SpyGlass-L2016.06/SPYGLASS_HOME/policies/starc2005)
Loading starc2002 (SpyGlass_vL-2016.06) ... (picked from /home/synopsys/SpyGlass-L2016.06/SPYGLASS_HOME/policies/starc2002)
Loading starc (SpyGlass_vL-2016.06) ... (picked from /home/synopsys/SpyGlass-L2016.06/SPYGLASS_HOME/policies/starc)
Loading simulation (SpyGlass_vL-2016.06) ... (picked from /home/synopsys/SpyGlass-L2016.06/SPYGLASS_HOME/policies/simulation)
Loading power_est (SpyGlass_vL-2016.06) ... (picked from /home/synopsys/SpyGlass-L2016.06/SPYGLASS_HOME/policies/power_est)
Loading openmore (SpyGlass_vL-2016.06) ... (picked from /home/synopsys/SpyGlass-L2016.06/SPYGLASS_HOME/policies/openmore)
Loading morelint (SpyGlass_vL-2016.06) ... (picked from /home/synopsys/SpyGlass-L2016.06/SPYGLASS_HOME/policies/morelint)
Loading miscellaneous (SpyGlass_vL-2016.06) ... (picked from /home/synopsys/SpyGlass-L2016.06/SPYGLASS_HOME/policies/miscellaneous)
Loading lowpower (SpyGlass_vL-2016.06) ... (picked from /home/synopsys/SpyGlass-L2016.06/SPYGLASS_HOME/policies/lowpower)
Loading lint (SpyGlass_vL-2016.06) ... (picked from /home/synopsys/SpyGlass-L2016.06/SPYGLASS_HOME/policies/lint)
Loading latch (SpyGlass_vL-2016.06) ... (picked from /home/synopsys/SpyGlass-L2016.06/SPYGLASS_HOME/policies/latch)
Loading erc (SpyGlass_vL-2016.06) ... (picked from /home/synopsys/SpyGlass-L2016.06/SPYGLASS_HOME/policies/erc)
Loading dft_dsm (SpyGlass_vL-2016.06) ... (picked from /home/synopsys/SpyGlass-L2016.06/SPYGLASS_HOME/policies/dft_dsm)
Loading dft (SpyGlass_vL-2016.06) ... (picked from /home/synopsys/SpyGlass-L2016.06/SPYGLASS_HOME/policies/dft)
Loading constraints (SpyGlass_vL-2016.06) ... (picked from /home/synopsys/SpyGlass-L2016.06/SPYGLASS_HOME/policies/constraints)
Loading const_intern1 (SpyGlass_vL-2016.06) ... (picked from /home/synopsys/SpyGlass-L2016.06/SPYGLASS_HOME/policies/constraints)
Loading area (SpyGlass_vL-2016.06) ... (picked from /home/synopsys/SpyGlass-L2016.06/SPYGLASS_HOME/policies/area)
Loading Audits (SpyGlass_vL-2016.06) ... (picked from /home/synopsys/SpyGlass-L2016.06/SPYGLASS_HOME/policies/Audits)
 Reading sgdc file "SYSTEM_TOP.sgdc" ...
Performing unification checks on SGDC... done
Reading specified sglib files(s) ....
   Processing library: 'scmetro_tsmc_cl013g_rvt_ff_1p32v_m40c' .... done
   Processing library: 'scmetro_tsmc_cl013g_rvt_ss_1p08v_125c' .... done
   Processing library: 'scmetro_tsmc_cl013g_rvt_tt_1p2v_25c' .... done
Checking Rule AutoGenerateSglib (Rule 1 of total 430) .... done (Time = 0.00s, Memory = -2.5K)

INFO [76]    Using `./spyglass-1/WORK/64' as the Work Directory for 64bit precompiled dump.
Checking Rule SGDC_power_est29 (Rule 2 of total 430) .... done (Time = 0.00s, Memory = 1.3K)
Checking Rule PECHECK04 (Rule 3 of total 430) .... done (Time = 0.10s, Memory = 32.7K)
Checking Rule PECHECK18 (Rule 4 of total 430) .... done (Time = 0.00s, Memory = 0.0K)
Checking Rule PEMVDD01 (Rule 5 of total 430) .... done (Time = 0.00s, Memory = 0.0K)
Checking Rule Param_clockreset07 (Rule 6 of total 430) .... done (Time = 0.00s, Memory = 0.0K)
Checking Rule Clock_setup01 (Rule 7 of total 430) .... done (Time = 0.00s, Memory = 23.8K)
Checking Rule Param_clockreset06 (Rule 8 of total 430) .... done (Time = 0.00s, Memory = 0.0K)
Checking Rule SGDC_meta_monitor_attributes01 (Rule 9 of total 430) .... done (Time = 0.00s, Memory = 0.0K)
Checking Rule LP_POWERDATA_CHECK (Rule 10 of total 430) .... done (Time = 0.00s, Memory = 0.0K)
Checking Rule LP_POWERDATA_READ (Rule 11 of total 430) .... done (Time = 0.00s, Memory = 0.0K)
Checking Rule PrecompileLibCheck01 (Rule 12 of total 430) .... done (Time = 0.00s, Memory = -0.2K)
Checking Rule PrecompileLibCheck02 (Rule 13 of total 430) .... done (Time = 0.00s, Memory = 0.0K)
Checking Rule PrecompileLibCheck03 (Rule 14 of total 430) .... done (Time = 0.00s, Memory = 0.0K)
Checking Rule PrecompileLibCheck04 (Rule 15 of total 430) .... done (Time = 0.00s, Memory = 0.0K)
Checking Rule ReportSglibVersionSummary (Rule 16 of total 430) .... done (Time = 0.00s, Memory = 0.0K)
Checking Rule SGDC_assume_path01 (Rule 17 of total 430) .... done (Time = 0.00s, Memory = 0.0K)
Checking Rule SGDC_sdcschema02 (Rule 18 of total 430) .... done (Time = 0.00s, Memory = 0.0K)
Checking Rule SGDC_clock05 (Rule 19 of total 430) .... done (Time = 0.00s, Memory = 11.6K)
Checking Rule SGDC_clock09 (Rule 20 of total 430) .... done (Time = 0.00s, Memory = 0.0K)
Checking Rule SGDC_force_ta05 (Rule 21 of total 430) .... done (Time = 0.00s, Memory = 0.0K)
Checking Rule SGDC_require_path03 (Rule 22 of total 430) .... done (Time = 0.00s, Memory = 1.0K)
Checking Rule SGDC_require_value03 (Rule 23 of total 430) .... done (Time = 0.00s, Memory = 6.9K)
Checking Rule SGDC_voltagedomain05 (Rule 24 of total 430) .... done (Time = 0.00s, Memory = 7.5K)
Checking Rule SGDC_voltagedomain06 (Rule 25 of total 430) .... done (Time = 0.00s, Memory = 0.0K)
Checking Rule SGDC_voltagedomain07 (Rule 26 of total 430) .... done (Time = 0.00s, Memory = 0.0K)
Checking Rule SGDC_powerdomainoutputs02 (Rule 27 of total 430) .... done (Time = 0.00s, Memory = -0.9K)
Checking Rule SGDC_supply01 (Rule 28 of total 430) .... done (Time = 0.00s, Memory = 7.5K)
Checking Rule SGDC_waive01 (Rule 29 of total 430) .... done (Time = 0.00s, Memory = 0.0K)
Checking Rule SGDC_waive02 (Rule 30 of total 430) .... done (Time = 0.00s, Memory = 0.0K)
Checking Rule SGDC_waive03 (Rule 31 of total 430) .... done (Time = 0.00s, Memory = 0.0K)
Checking Rule SGDC_waive04 (Rule 32 of total 430) .... done (Time = 0.00s, Memory = 0.0K)
Checking Rule SGDC_waive05 (Rule 33 of total 430) .... done (Time = 0.00s, Memory = 0.0K)
Checking Rule SGDC_waive06 (Rule 34 of total 430) .... done (Time = 0.00s, Memory = 0.0K)
Checking Rule SGDC_waive07 (Rule 35 of total 430) .... done (Time = 0.00s, Memory = 36.0K)
Checking Rule SGDC_waive08 (Rule 36 of total 430) .... done (Time = 0.00s, Memory = -8.1K)
Checking Rule SGDC_waive09 (Rule 37 of total 430) .... done (Time = 0.00s, Memory = 0.0K)
Checking Rule SGDC_waive10 (Rule 38 of total 430) .... done (Time = 0.00s, Memory = -8.0K)
Checking Rule SGDC_waive11 (Rule 39 of total 430) .... done (Time = 0.00s, Memory = 1.5K)
Checking Rule SGDC_waive12 (Rule 40 of total 430) .... done (Time = 0.00s, Memory = 0.0K)
Checking Rule SGDC_waive13 (Rule 41 of total 430) .... done (Time = 0.00s, Memory = 0.0K)
Checking Rule SGDC_waive21 (Rule 42 of total 430) .... done (Time = 0.00s, Memory = -21.0K)
Checking Rule SGDC_waive22 (Rule 43 of total 430) .... done (Time = 0.00s, Memory = 0.0K)
Checking Rule SGDC_waive30 (Rule 44 of total 430) .... done (Time = 0.00s, Memory = 0.0K)
Checking Rule SGDC_waive32 (Rule 45 of total 430) .... done (Time = 0.00s, Memory = 0.0K)
Checking Rule SGDC_waive33 (Rule 46 of total 430) .... done (Time = 0.00s, Memory = 0.0K)
Checking Rule SGDC_waive36 (Rule 47 of total 430) .... done (Time = 0.00s, Memory = 0.0K)
Checking Rule SGDC_waive38 (Rule 48 of total 430) .... done (Time = 0.00s, Memory = 0.0K)
Checking Rule SGDC_fifo01 (Rule 49 of total 430) .... done (Time = 0.00s, Memory = 9.7K)
Checking Rule SGDC_libgroup01 (Rule 50 of total 430) .... done (Time = 0.00s, Memory = 0.0K)
Checking Rule SGDC_libgroup02 (Rule 51 of total 430) .... done (Time = 0.00s, Memory = 4.7K)
Checking Rule SGDC_libgroup04 (Rule 52 of total 430) .... done (Time = 0.00s, Memory = 7.5K)
Checking Rule SGDC_power_data01 (Rule 53 of total 430) .... done (Time = 0.00s, Memory = 0.8K)
Checking Rule SGDC_ungroup01 (Rule 54 of total 430) .... done (Time = 0.00s, Memory = 7.4K)
Checking Rule SGDC_abstract_port06 (Rule 55 of total 430) .... done (Time = 0.00s, Memory = 4.2K)
Checking Rule SGDC_abstract_port14 (Rule 56 of total 430) .... done (Time = 0.00s, Memory = 7.5K)
Checking Rule SGDC_abstract_port15 (Rule 57 of total 430) .... done (Time = 0.00s, Memory = 0.0K)
Checking Rule SGDC_abstract_port18 (Rule 58 of total 430) .... done (Time = 0.00s, Memory = 7.5K)
Checking Rule SDC2SGDC_INFO (Rule 59 of total 430) .... done (Time = 0.00s, Memory = 113.0K)
Checking Rule SDC_ParamSanityCheck (Rule 60 of total 430) .... done (Time = 0.00s, Memory = 2.7K)
Checking Rule SDC_Sanity_Rule (Rule 61 of total 430)SDC-file translator read from path : /home/synopsys/SpyGlass-L2016.06/SPYGLASS_HOME/auxi/sdcparser
 .... done (Time = 0.00s, Memory = -1.3K)
Checking Rule sdc_init_rule (Rule 62 of total 430) .... done (Time = 0.05s, Memory = 7.8K)
Checking Rule CMD_ignorelibs01 (Rule 63 of total 430) .... done (Time = 0.00s, Memory = 0.0K)
Checking Rule ReportRuleNotRun (Rule 64 of total 430) .... done (Time = 0.00s, Memory = -14.1K)
Checking Rule SGDC_generated_clock03 (Rule 65 of total 430) .... done (Time = 0.00s, Memory = 0.0K)
Checking Rule SGDC_generated_clock04 (Rule 66 of total 430) .... done (Time = 0.00s, Memory = 9.5K)
Checking Rule SGDC_generated_clock05 (Rule 67 of total 430) .... done (Time = 0.00s, Memory = 2.9K)
Checking Rule SGDC_quasi_static_style02 (Rule 68 of total 430) .... done (Time = 0.00s, Memory = 7.7K)
Checking Rule SGDC_syncresetstyle01 (Rule 69 of total 430) .... done (Time = 0.00s, Memory = 0.0K)
Checking Rule SGDC_network_allowed_cells01 (Rule 70 of total 430) .... done (Time = 0.00s, Memory = 7.9K)
Checking Rule SGDC_numflops01 (Rule 71 of total 430) .... done (Time = 0.00s, Memory = 0.0K)
Checking Rule SGDC_numflops07 (Rule 72 of total 430) .... done (Time = 0.00s, Memory = 10.0K)
Checking Rule SGDC_numflops08 (Rule 73 of total 430) .... done (Time = 0.00s, Memory = 2.0K)
Checking Rule SGDC_numflops09 (Rule 74 of total 430) .... done (Time = 0.00s, Memory = 4.5K)
Checking Rule SGDC_clocksense04 (Rule 75 of total 430) .... done (Time = 0.00s, Memory = -6.0K)
Checking Rule SGDC_check_clock_relation05a (Rule 76 of total 430) .... done (Time = 0.00s, Memory = -1.9K)
Checking Rule SGDC_check_clock_relation05b (Rule 77 of total 430) .... done (Time = 0.00s, Memory = 39.0K)
Checking Rule SGDC_sync_cell08a (Rule 78 of total 430) .... done (Time = 0.00s, Memory = 9.5K)
Checking Rule SGDC_sync_cell09a (Rule 79 of total 430) .... done (Time = 0.00s, Memory = 2.0K)
Checking Rule SGDC_qualifier06 (Rule 80 of total 430) .... done (Time = 0.00s, Memory = 2.0K)
Checking Rule SGDC_cdc_waive03 (Rule 81 of total 430) .... done (Time = 0.00s, Memory = 0.0K)
Checking Rule SGDC_qualifier09 (Rule 82 of total 430) .... done (Time = 0.00s, Memory = 0.9K)
Checking Rule SGDC_qualifier15 (Rule 83 of total 430) .... done (Time = 0.00s, Memory = 0.9K)
Checking Rule SGDC_allow_combo_logic01 (Rule 84 of total 430) .... done (Time = 0.00s, Memory = 0.0K)
Checking Rule SGDC_reset_filter_path01 (Rule 85 of total 430) .... done (Time = 0.00s, Memory = 0.0K)
Checking Rule SGDC_cdc_false_path05 (Rule 86 of total 430) .... done (Time = 0.00s, Memory = 19.0K)
Checking Rule Param_clockreset05 (Rule 87 of total 430) .... done (Time = 0.00s, Memory = 0.0K)
Checking Rule Ac_sanity01 (Rule 88 of total 430) .... done (Time = 0.00s, Memory = 0.0K)
Checking Rule Ac_sanity06 (Rule 89 of total 430) .... done (Time = 0.00s, Memory = 0.0K)
Checking Rule Ac_license01 (Rule 90 of total 430) .... done (Time = 0.00s, Memory = -24.8K)
Checking Rule SGDC_reset_synchronizer07 (Rule 91 of total 430) .... done (Time = 0.00s, Memory = 0.0K)
Checking Rule ReportStopSummary (Rule 92 of total 430) .... done (Time = 0.00s, Memory = 0.0K)
Checking Rule ReportIgnoreSummary (Rule 93 of total 430) .... done (Time = 0.00s, Memory = 0.0K)
 Analyzing source file "/home/ICer/IC/Projects/System/rtl/ALU.v" ....
 Analyzing source file "/home/ICer/IC/Projects/System/rtl/ASYNC_FIFO.v" ....
 Analyzing source file "/home/ICer/IC/Projects/System/rtl/Clk_Div.v" ....
 Analyzing source file "/home/ICer/IC/Projects/System/rtl/CLK_GATE.v" ....
 Analyzing source file "/home/ICer/IC/Projects/System/rtl/data_sampling.v" ....
 Analyzing source file "/home/ICer/IC/Projects/System/rtl/DATA_SYNC.v" ....
 Analyzing source file "/home/ICer/IC/Projects/System/rtl/deserializer.v" ....
 Analyzing source file "/home/ICer/IC/Projects/System/rtl/DF_SYNC.v" ....
 Analyzing source file "/home/ICer/IC/Projects/System/rtl/edge_bit_counter.v" ....
 Analyzing source file "/home/ICer/IC/Projects/System/rtl/FIFO_MEM_CNTRL.v" ....
 Analyzing source file "/home/ICer/IC/Projects/System/rtl/FIFO_RD.v" ....
 Analyzing source file "/home/ICer/IC/Projects/System/rtl/FIFO_WR.v" ....
 Analyzing source file "/home/ICer/IC/Projects/System/rtl/FSM_RX.v" ....
 Analyzing source file "/home/ICer/IC/Projects/System/rtl/FSM_TX.sv" ....
 Analyzing source file "/home/ICer/IC/Projects/System/rtl/MUX.v" ....
 Analyzing source file "/home/ICer/IC/Projects/System/rtl/Parity_Calc.v" ....
 Analyzing source file "/home/ICer/IC/Projects/System/rtl/parity_checker.v" ....
 Analyzing source file "/home/ICer/IC/Projects/System/rtl/prescale_mux.v" ....
 Analyzing source file "/home/ICer/IC/Projects/System/rtl/Pulse_Gen.v" ....
 Analyzing source file "/home/ICer/IC/Projects/System/rtl/regfile.v" ....
 Analyzing source file "/home/ICer/IC/Projects/System/rtl/RST_SYNC.v" ....
 Analyzing source file "/home/ICer/IC/Projects/System/rtl/Serializer.v" ....
 Analyzing source file "/home/ICer/IC/Projects/System/rtl/stop_checker.v" ....
 Analyzing source file "/home/ICer/IC/Projects/System/rtl/strt_checker.v" ....
 Analyzing source file "/home/ICer/IC/Projects/System/rtl/SYS_CTRL.v" ....
 Analyzing source file "/home/ICer/IC/Projects/System/rtl/SYSTEM_TOP.v" ....
 Analyzing source file "/home/ICer/IC/Projects/System/rtl/UART.v" ....
 Analyzing source file "/home/ICer/IC/Projects/System/rtl/UART_RX.v" ....
 Analyzing source file "/home/ICer/IC/Projects/System/rtl/UART_TX.v" ....
 Elaborating Top Verilog Design Unit 'SYSTEM_TOP' .....
 done
Checking Rule ElabSummary (Rule 94 of total 430) .... done (Time = 0.00s, Memory = -20.5K)
Checking Rule ReportCheckDataSummary (Rule 95 of total 430) .... done (Time = 0.00s, Memory = -1.0K)
Checking Rule IgnoredLibCells (Rule 96 of total 430) .... done (Time = 0.03s, Memory = 1.4K)
 Reading waiver file "./spyglass-1/cdc/cdc_verify_struct/spyglass_spysch/constraint/spg_autogenerated_waivers.sgdc" ...
 Generating WAIVER file "./spyglass-1/cdc/cdc_verify_struct/spyglass_spysch/waiver/pragma2Waiver.swl" from pragmas in HDL source files ....
Checking Rule DetectTopDesignUnits (Rule 97 of total 430)
 Detected 1 top level design units:
     SYSTEM_TOP
 .... done (Time = 0.00s, Memory = 2.2K)
Performing semantic checks on SGDC contents
Checking Rule SGDC_testmode03 (Rule 98 of total 430) .... done (Time = 0.00s, Memory = 0.0K)
Checking Rule PECHECK09 (Rule 99 of total 430) .... done (Time = 0.01s, Memory = 0.0K)
Checking Rule ReportObsoletePragmas (Rule 100 of total 430) .... done (Time = 0.00s, Memory = 0.0K)
Checking Rule GenerateConfMap (Rule 101 of total 430) .... done (Time = 0.00s, Memory = 0.0K)
Checking Rule SGDC_sdcschema01 (Rule 102 of total 430) .... done (Time = 0.00s, Memory = 0.0K)
Checking Rule HdlLibDuCheck (Rule 103 of total 430) .... done (Time = 0.00s, Memory = 0.0K)
Checking Rule Ac_multitop01 (Rule 104 of total 430) .... done (Time = 0.00s, Memory = 0.5K)
Checking Rule RtlDesignInfo (Rule 105 of total 430) .... done (Time = 0.00s, Memory = 3.6K)
Checking Rule Ac_sanity05 (Rule 106 of total 430) .... done (Time = 0.00s, Memory = -58.6K)
Checking Rule Ac_sanity05 (Rule 107 of total 430) .... done (Time = 0.00s, Memory = 0.0K)
Checking Rule Prereqs_STARC-1.6.2.1 (Rule 108 of total 430) .... done (Time = 0.00s, Memory = 0.0K)
Checking Rule Prereqs_RegOutputs (Rule 109 of total 430) .... done (Time = 0.00s, Memory = 0.0K)
Checking Rule Latch_VePreReqRule (Rule 110 of total 430) .... done (Time = 0.00s, Memory = 12.8K)
Checking Rule Pragma_setupa (Rule 111 of total 430) .... done (Time = 0.00s, Memory = 0.0K)
Checking Rule Pragma_setupb (Rule 112 of total 430) .... done (Time = 0.00s, Memory = -8.0K)
Checking Rule CheckCelldefine (Rule 113 of total 430) .... done (Time = 0.00s, Memory = 0.0K)
Checking Rule SGDC_numflops12 (Rule 114 of total 430) .... done (Time = 0.00s, Memory = 0.0K)
Checking Rule SGDC_sync_cell11 (Rule 115 of total 430) .... done (Time = 0.00s, Memory = -31.7K)
Checking Rule _deltaDelay (Rule 116 of total 430) .... done (Time = 0.00s, Memory = 0.0K)
Checking Rule _deltaDelay (Rule 117 of total 430) .... done (Time = 0.00s, Memory = -0.5K)
Checking ELABDU Rules for designUnit SYSTEM_TOP
    Checking Rule Prereqs_ConstantInput-ML (Rule 118 of total 430) .... done (Time = 0.00s, Memory = 0.0K)
    Checking Rule Prereqs_ConstantInput-ML (Rule 119 of total 430) .... done (Time = 0.00s, Memory = 0.0K)
    Checking Rule GenTopLevelBlocksForAutoSoc (Rule 120 of total 430) .... done (Time = 0.00s, Memory = 2.8K)
    Checking Rule syncRstReq (Rule 121 of total 430) .... done (Time = 0.00s, Memory = 0.0K)
    Checking Rule syncRstReq (Rule 122 of total 430) .... done (Time = 0.00s, Memory = 0.0K)
    Checking Rule AcOvlRtl (Rule 123 of total 430) .... done (Time = 0.00s, Memory = 4.7K)
    Checking Rule AcOvlRtl (Rule 124 of total 430) .... done (Time = 0.00s, Memory = 0.0K)
Checking ELABDU Rules for designUnit prescale_mux
    Checking Rule Prereqs_ConstantInput-ML (Rule 118 of total 430) .... done (Time = 0.00s, Memory = 8.0K)
    Checking Rule Prereqs_ConstantInput-ML (Rule 119 of total 430) .... done (Time = 0.00s, Memory = 0.0K)
    Checking Rule GenTopLevelBlocksForAutoSoc (Rule 120 of total 430) .... done (Time = 0.00s, Memory = 0.4K)
    Checking Rule syncRstReq (Rule 121 of total 430) .... done (Time = 0.00s, Memory = -32.4K)
    Checking Rule syncRstReq (Rule 122 of total 430) .... done (Time = 0.00s, Memory = 0.0K)
    Checking Rule AcOvlRtl (Rule 123 of total 430) .... done (Time = 0.00s, Memory = 0.0K)
    Checking Rule AcOvlRtl (Rule 124 of total 430) .... done (Time = 0.00s, Memory = 0.0K)
Checking ELABDU Rules for designUnit CLK_DIV
    Checking Rule Prereqs_ConstantInput-ML (Rule 118 of total 430) .... done (Time = 0.00s, Memory = 0.0K)
    Checking Rule Prereqs_ConstantInput-ML (Rule 119 of total 430) .... done (Time = 0.00s, Memory = 0.0K)
    Checking Rule GenTopLevelBlocksForAutoSoc (Rule 120 of total 430) .... done (Time = 0.00s, Memory = -1.0K)
    Checking Rule syncRstReq (Rule 121 of total 430) .... done (Time = 0.00s, Memory = 0.0K)
    Checking Rule syncRstReq (Rule 122 of total 430) .... done (Time = 0.00s, Memory = 0.0K)
    Checking Rule AcOvlRtl (Rule 123 of total 430) .... done (Time = 0.00s, Memory = 0.0K)
    Checking Rule AcOvlRtl (Rule 124 of total 430) .... done (Time = 0.00s, Memory = 0.0K)
Checking ELABDU Rules for designUnit RST_SYNC
    Checking Rule Prereqs_ConstantInput-ML (Rule 118 of total 430) .... done (Time = 0.00s, Memory = 0.0K)
    Checking Rule Prereqs_ConstantInput-ML (Rule 119 of total 430) .... done (Time = 0.00s, Memory = 0.0K)
    Checking Rule GenTopLevelBlocksForAutoSoc (Rule 120 of total 430) .... done (Time = 0.00s, Memory = 0.0K)
    Checking Rule syncRstReq (Rule 121 of total 430) .... done (Time = 0.00s, Memory = 0.0K)
    Checking Rule syncRstReq (Rule 122 of total 430) .... done (Time = 0.00s, Memory = 0.0K)
    Checking Rule AcOvlRtl (Rule 123 of total 430) .... done (Time = 0.00s, Memory = 4.0K)
    Checking Rule AcOvlRtl (Rule 124 of total 430) .... done (Time = 0.00s, Memory = 0.0K)
Checking ELABDU Rules for designUnit UART
    Checking Rule Prereqs_ConstantInput-ML (Rule 118 of total 430) .... done (Time = 0.00s, Memory = 0.0K)
    Checking Rule Prereqs_ConstantInput-ML (Rule 119 of total 430) .... done (Time = 0.00s, Memory = 0.0K)
    Checking Rule GenTopLevelBlocksForAutoSoc (Rule 120 of total 430) .... done (Time = 0.00s, Memory = 0.0K)
    Checking Rule syncRstReq (Rule 121 of total 430) .... done (Time = 0.00s, Memory = 0.0K)
    Checking Rule syncRstReq (Rule 122 of total 430) .... done (Time = 0.00s, Memory = 0.0K)
    Checking Rule AcOvlRtl (Rule 123 of total 430) .... done (Time = 0.00s, Memory = -8.0K)
    Checking Rule AcOvlRtl (Rule 124 of total 430) .... done (Time = 0.00s, Memory = 0.0K)
Checking ELABDU Rules for designUnit UART_TX
    Checking Rule Prereqs_ConstantInput-ML (Rule 118 of total 430) .... done (Time = 0.00s, Memory = 8.0K)
    Checking Rule Prereqs_ConstantInput-ML (Rule 119 of total 430) .... done (Time = 0.00s, Memory = 0.0K)
    Checking Rule GenTopLevelBlocksForAutoSoc (Rule 120 of total 430) .... done (Time = 0.00s, Memory = 0.0K)
    Checking Rule syncRstReq (Rule 121 of total 430) .... done (Time = 0.00s, Memory = 0.0K)
    Checking Rule syncRstReq (Rule 122 of total 430) .... done (Time = 0.00s, Memory = 0.0K)
    Checking Rule AcOvlRtl (Rule 123 of total 430) .... done (Time = 0.00s, Memory = 0.1K)
    Checking Rule AcOvlRtl (Rule 124 of total 430) .... done (Time = 0.00s, Memory = 0.0K)
Checking ELABDU Rules for designUnit MUX
    Checking Rule Prereqs_ConstantInput-ML (Rule 118 of total 430) .... done (Time = 0.00s, Memory = -1.7K)
    Checking Rule Prereqs_ConstantInput-ML (Rule 119 of total 430) .... done (Time = 0.00s, Memory = 0.0K)
    Checking Rule GenTopLevelBlocksForAutoSoc (Rule 120 of total 430) .... done (Time = 0.00s, Memory = 0.0K)
    Checking Rule syncRstReq (Rule 121 of total 430) .... done (Time = 0.00s, Memory = 0.0K)
    Checking Rule syncRstReq (Rule 122 of total 430) .... done (Time = 0.00s, Memory = 0.0K)
    Checking Rule AcOvlRtl (Rule 123 of total 430) .... done (Time = 0.00s, Memory = -3.0K)
    Checking Rule AcOvlRtl (Rule 124 of total 430) .... done (Time = 0.00s, Memory = 0.0K)
Checking ELABDU Rules for designUnit Parity_Calc
    Checking Rule Prereqs_ConstantInput-ML (Rule 118 of total 430) .... done (Time = 0.00s, Memory = 0.0K)
    Checking Rule Prereqs_ConstantInput-ML (Rule 119 of total 430) .... done (Time = 0.00s, Memory = 0.0K)
    Checking Rule GenTopLevelBlocksForAutoSoc (Rule 120 of total 430) .... done (Time = 0.00s, Memory = 0.0K)
    Checking Rule syncRstReq (Rule 121 of total 430) .... done (Time = 0.00s, Memory = 0.0K)
    Checking Rule syncRstReq (Rule 122 of total 430) .... done (Time = 0.00s, Memory = 0.0K)
    Checking Rule AcOvlRtl (Rule 123 of total 430) .... done (Time = 0.00s, Memory = 0.0K)
    Checking Rule AcOvlRtl (Rule 124 of total 430) .... done (Time = 0.00s, Memory = 0.0K)
Checking ELABDU Rules for designUnit Serializer
    Checking Rule Prereqs_ConstantInput-ML (Rule 118 of total 430) .... done (Time = 0.00s, Memory = 0.0K)
    Checking Rule Prereqs_ConstantInput-ML (Rule 119 of total 430) .... done (Time = 0.00s, Memory = 0.0K)
    Checking Rule GenTopLevelBlocksForAutoSoc (Rule 120 of total 430) .... done (Time = 0.00s, Memory = 0.0K)
    Checking Rule syncRstReq (Rule 121 of total 430) .... done (Time = 0.00s, Memory = 0.0K)
    Checking Rule syncRstReq (Rule 122 of total 430) .... done (Time = 0.00s, Memory = 0.0K)
    Checking Rule AcOvlRtl (Rule 123 of total 430) .... done (Time = 0.00s, Memory = 4.0K)
    Checking Rule AcOvlRtl (Rule 124 of total 430) .... done (Time = 0.00s, Memory = 0.0K)
Checking ELABDU Rules for designUnit FSM_TX
    Checking Rule Prereqs_ConstantInput-ML (Rule 118 of total 430) .... done (Time = 0.00s, Memory = 0.0K)
    Checking Rule Prereqs_ConstantInput-ML (Rule 119 of total 430) .... done (Time = 0.00s, Memory = 0.0K)
    Checking Rule GenTopLevelBlocksForAutoSoc (Rule 120 of total 430) .... done (Time = 0.00s, Memory = 0.0K)
    Checking Rule syncRstReq (Rule 121 of total 430) .... done (Time = 0.00s, Memory = 0.0K)
    Checking Rule syncRstReq (Rule 122 of total 430) .... done (Time = 0.00s, Memory = 0.0K)
    Checking Rule AcOvlRtl (Rule 123 of total 430) .... done (Time = 0.00s, Memory = 0.0K)
    Checking Rule AcOvlRtl (Rule 124 of total 430) .... done (Time = 0.00s, Memory = 0.0K)
Checking ELABDU Rules for designUnit UART_RX
    Checking Rule Prereqs_ConstantInput-ML (Rule 118 of total 430) .... done (Time = 0.00s, Memory = -3.3K)
    Checking Rule Prereqs_ConstantInput-ML (Rule 119 of total 430) .... done (Time = 0.00s, Memory = 0.0K)
    Checking Rule GenTopLevelBlocksForAutoSoc (Rule 120 of total 430) .... done (Time = 0.00s, Memory = 0.0K)
    Checking Rule syncRstReq (Rule 121 of total 430) .... done (Time = 0.00s, Memory = -1.6K)
    Checking Rule syncRstReq (Rule 122 of total 430) .... done (Time = 0.00s, Memory = 0.0K)
    Checking Rule AcOvlRtl (Rule 123 of total 430) .... done (Time = 0.00s, Memory = 0.0K)
    Checking Rule AcOvlRtl (Rule 124 of total 430) .... done (Time = 0.00s, Memory = 0.0K)
Checking ELABDU Rules for designUnit parity_checker
    Checking Rule Prereqs_ConstantInput-ML (Rule 118 of total 430) .... done (Time = 0.00s, Memory = 0.0K)
    Checking Rule Prereqs_ConstantInput-ML (Rule 119 of total 430) .... done (Time = 0.00s, Memory = 0.0K)
    Checking Rule GenTopLevelBlocksForAutoSoc (Rule 120 of total 430) .... done (Time = 0.00s, Memory = -32.0K)
    Checking Rule syncRstReq (Rule 121 of total 430) .... done (Time = 0.00s, Memory = 0.0K)
    Checking Rule syncRstReq (Rule 122 of total 430) .... done (Time = 0.00s, Memory = 0.0K)
    Checking Rule AcOvlRtl (Rule 123 of total 430) .... done (Time = 0.00s, Memory = 0.0K)
    Checking Rule AcOvlRtl (Rule 124 of total 430) .... done (Time = 0.00s, Memory = 0.0K)
Checking ELABDU Rules for designUnit strt_checker
    Checking Rule Prereqs_ConstantInput-ML (Rule 118 of total 430) .... done (Time = 0.00s, Memory = 0.0K)
    Checking Rule Prereqs_ConstantInput-ML (Rule 119 of total 430) .... done (Time = 0.00s, Memory = 0.0K)
    Checking Rule GenTopLevelBlocksForAutoSoc (Rule 120 of total 430) .... done (Time = 0.00s, Memory = 0.0K)
    Checking Rule syncRstReq (Rule 121 of total 430) .... done (Time = 0.00s, Memory = 0.0K)
    Checking Rule syncRstReq (Rule 122 of total 430) .... done (Time = 0.00s, Memory = 0.0K)
    Checking Rule AcOvlRtl (Rule 123 of total 430) .... done (Time = 0.00s, Memory = 0.0K)
    Checking Rule AcOvlRtl (Rule 124 of total 430) .... done (Time = 0.00s, Memory = 0.0K)
Checking ELABDU Rules for designUnit stop_checker
    Checking Rule Prereqs_ConstantInput-ML (Rule 118 of total 430) .... done (Time = 0.00s, Memory = 0.0K)
    Checking Rule Prereqs_ConstantInput-ML (Rule 119 of total 430) .... done (Time = 0.00s, Memory = 0.0K)
    Checking Rule GenTopLevelBlocksForAutoSoc (Rule 120 of total 430) .... done (Time = 0.00s, Memory = 4.0K)
    Checking Rule syncRstReq (Rule 121 of total 430) .... done (Time = 0.00s, Memory = 0.3K)
    Checking Rule syncRstReq (Rule 122 of total 430) .... done (Time = 0.00s, Memory = 0.0K)
    Checking Rule AcOvlRtl (Rule 123 of total 430) .... done (Time = 0.00s, Memory = 0.0K)
    Checking Rule AcOvlRtl (Rule 124 of total 430) .... done (Time = 0.00s, Memory = 0.0K)
Checking ELABDU Rules for designUnit data_sampling
    Checking Rule Prereqs_ConstantInput-ML (Rule 118 of total 430) .... done (Time = 0.00s, Memory = 0.0K)
    Checking Rule Prereqs_ConstantInput-ML (Rule 119 of total 430) .... done (Time = 0.00s, Memory = 0.0K)
    Checking Rule GenTopLevelBlocksForAutoSoc (Rule 120 of total 430) .... done (Time = 0.00s, Memory = 8.0K)
    Checking Rule syncRstReq (Rule 121 of total 430) .... done (Time = 0.00s, Memory = -4.0K)
    Checking Rule syncRstReq (Rule 122 of total 430) .... done (Time = 0.00s, Memory = 0.0K)
    Checking Rule AcOvlRtl (Rule 123 of total 430) .... done (Time = 0.00s, Memory = -24.4K)
    Checking Rule AcOvlRtl (Rule 124 of total 430) .... done (Time = 0.00s, Memory = 0.0K)
Checking ELABDU Rules for designUnit deserializer
    Checking Rule Prereqs_ConstantInput-ML (Rule 118 of total 430) .... done (Time = 0.00s, Memory = -16.0K)
    Checking Rule Prereqs_ConstantInput-ML (Rule 119 of total 430) .... done (Time = 0.00s, Memory = 0.0K)
    Checking Rule GenTopLevelBlocksForAutoSoc (Rule 120 of total 430) .... done (Time = 0.00s, Memory = 0.0K)
    Checking Rule syncRstReq (Rule 121 of total 430) .... done (Time = 0.00s, Memory = 0.0K)
    Checking Rule syncRstReq (Rule 122 of total 430) .... done (Time = 0.00s, Memory = 0.0K)
    Checking Rule AcOvlRtl (Rule 123 of total 430) .... done (Time = 0.00s, Memory = 0.0K)
    Checking Rule AcOvlRtl (Rule 124 of total 430) .... done (Time = 0.00s, Memory = 0.0K)
Checking ELABDU Rules for designUnit edge_bit_counter
    Checking Rule Prereqs_ConstantInput-ML (Rule 118 of total 430) .... done (Time = 0.00s, Memory = 0.0K)
    Checking Rule Prereqs_ConstantInput-ML (Rule 119 of total 430) .... done (Time = 0.00s, Memory = 0.0K)
    Checking Rule GenTopLevelBlocksForAutoSoc (Rule 120 of total 430) .... done (Time = 0.00s, Memory = 32.0K)
    Checking Rule syncRstReq (Rule 121 of total 430) .... done (Time = 0.00s, Memory = 0.0K)
    Checking Rule syncRstReq (Rule 122 of total 430) .... done (Time = 0.00s, Memory = 0.0K)
    Checking Rule AcOvlRtl (Rule 123 of total 430) .... done (Time = 0.00s, Memory = 0.0K)
    Checking Rule AcOvlRtl (Rule 124 of total 430) .... done (Time = 0.00s, Memory = 0.0K)
Checking ELABDU Rules for designUnit FSM_RX
    Checking Rule Prereqs_ConstantInput-ML (Rule 118 of total 430) .... done (Time = 0.00s, Memory = 0.0K)
    Checking Rule Prereqs_ConstantInput-ML (Rule 119 of total 430) .... done (Time = 0.00s, Memory = 0.0K)
    Checking Rule GenTopLevelBlocksForAutoSoc (Rule 120 of total 430) .... done (Time = 0.00s, Memory = 0.0K)
    Checking Rule syncRstReq (Rule 121 of total 430) .... done (Time = 0.00s, Memory = 0.0K)
    Checking Rule syncRstReq (Rule 122 of total 430) .... done (Time = 0.00s, Memory = 0.0K)
    Checking Rule AcOvlRtl (Rule 123 of total 430) .... done (Time = 0.00s, Memory = 0.0K)
    Checking Rule AcOvlRtl (Rule 124 of total 430) .... done (Time = 0.00s, Memory = 0.0K)
Checking ELABDU Rules for designUnit DATA_SYNC
    Checking Rule Prereqs_ConstantInput-ML (Rule 118 of total 430) .... done (Time = 0.00s, Memory = 0.0K)
    Checking Rule Prereqs_ConstantInput-ML (Rule 119 of total 430) .... done (Time = 0.00s, Memory = 0.0K)
    Checking Rule GenTopLevelBlocksForAutoSoc (Rule 120 of total 430) .... done (Time = 0.00s, Memory = 0.0K)
    Checking Rule syncRstReq (Rule 121 of total 430) .... done (Time = 0.00s, Memory = 8.0K)
    Checking Rule syncRstReq (Rule 122 of total 430) .... done (Time = 0.00s, Memory = 0.0K)
    Checking Rule AcOvlRtl (Rule 123 of total 430) .... done (Time = 0.00s, Memory = -32.0K)
    Checking Rule AcOvlRtl (Rule 124 of total 430) .... done (Time = 0.00s, Memory = 0.0K)
Checking ELABDU Rules for designUnit SYS_CTRL
    Checking Rule Prereqs_ConstantInput-ML (Rule 118 of total 430) .... done (Time = 0.00s, Memory = 0.0K)
    Checking Rule Prereqs_ConstantInput-ML (Rule 119 of total 430) .... done (Time = 0.00s, Memory = 0.0K)
    Checking Rule GenTopLevelBlocksForAutoSoc (Rule 120 of total 430) .... done (Time = 0.00s, Memory = 0.0K)
    Checking Rule syncRstReq (Rule 121 of total 430) .... done (Time = 0.00s, Memory = 0.0K)
    Checking Rule syncRstReq (Rule 122 of total 430) .... done (Time = 0.00s, Memory = 0.0K)
    Checking Rule AcOvlRtl (Rule 123 of total 430) .... done (Time = 0.00s, Memory = 0.0K)
    Checking Rule AcOvlRtl (Rule 124 of total 430) .... done (Time = 0.00s, Memory = 0.0K)
Checking ELABDU Rules for designUnit regfile
    Checking Rule Prereqs_ConstantInput-ML (Rule 118 of total 430) .... done (Time = 0.00s, Memory = 0.0K)
    Checking Rule Prereqs_ConstantInput-ML (Rule 119 of total 430) .... done (Time = 0.00s, Memory = 0.0K)
    Checking Rule GenTopLevelBlocksForAutoSoc (Rule 120 of total 430) .... done (Time = 0.00s, Memory = 0.0K)
    Checking Rule syncRstReq (Rule 121 of total 430) .... done (Time = 0.00s, Memory = -1.3K)
    Checking Rule syncRstReq (Rule 122 of total 430) .... done (Time = 0.00s, Memory = 0.0K)
    Checking Rule AcOvlRtl (Rule 123 of total 430) .... done (Time = 0.00s, Memory = 0.0K)
    Checking Rule AcOvlRtl (Rule 124 of total 430) .... done (Time = 0.00s, Memory = 0.0K)
Checking ELABDU Rules for designUnit CLK_GATE
    Checking Rule Prereqs_ConstantInput-ML (Rule 118 of total 430) .... done (Time = 0.00s, Memory = 0.0K)
    Checking Rule Prereqs_ConstantInput-ML (Rule 119 of total 430) .... done (Time = 0.00s, Memory = 0.0K)
    Checking Rule GenTopLevelBlocksForAutoSoc (Rule 120 of total 430) .... done (Time = 0.00s, Memory = 0.0K)
    Checking Rule syncRstReq (Rule 121 of total 430) .... done (Time = 0.00s, Memory = 4.7K)
    Checking Rule syncRstReq (Rule 122 of total 430) .... done (Time = 0.00s, Memory = 0.0K)
    Checking Rule AcOvlRtl (Rule 123 of total 430) .... done (Time = 0.00s, Memory = 0.0K)
    Checking Rule AcOvlRtl (Rule 124 of total 430) .... done (Time = 0.00s, Memory = 0.0K)
Checking ELABDU Rules for designUnit ALU
    Checking Rule Prereqs_ConstantInput-ML (Rule 118 of total 430) .... done (Time = 0.00s, Memory = 0.0K)
    Checking Rule Prereqs_ConstantInput-ML (Rule 119 of total 430) .... done (Time = 0.00s, Memory = 0.0K)
    Checking Rule GenTopLevelBlocksForAutoSoc (Rule 120 of total 430) .... done (Time = 0.00s, Memory = 8.0K)
    Checking Rule syncRstReq (Rule 121 of total 430) .... done (Time = 0.00s, Memory = 8.0K)
    Checking Rule syncRstReq (Rule 122 of total 430) .... done (Time = 0.00s, Memory = 0.0K)
    Checking Rule AcOvlRtl (Rule 123 of total 430) .... done (Time = 0.00s, Memory = 72.0K)
    Checking Rule AcOvlRtl (Rule 124 of total 430) .... done (Time = 0.00s, Memory = 0.0K)
Checking ELABDU Rules for designUnit ASYNC_FIFO
    Checking Rule Prereqs_ConstantInput-ML (Rule 118 of total 430) .... done (Time = 0.00s, Memory = 8.1K)
    Checking Rule Prereqs_ConstantInput-ML (Rule 119 of total 430) .... done (Time = 0.00s, Memory = 0.0K)
    Checking Rule GenTopLevelBlocksForAutoSoc (Rule 120 of total 430) .... done (Time = 0.00s, Memory = -16.0K)
    Checking Rule syncRstReq (Rule 121 of total 430) .... done (Time = 0.00s, Memory = -8.0K)
    Checking Rule syncRstReq (Rule 122 of total 430) .... done (Time = 0.00s, Memory = 0.0K)
    Checking Rule AcOvlRtl (Rule 123 of total 430) .... done (Time = 0.00s, Memory = -32.0K)
    Checking Rule AcOvlRtl (Rule 124 of total 430) .... done (Time = 0.00s, Memory = 0.0K)
Checking ELABDU Rules for designUnit FIFO_RD
    Checking Rule Prereqs_ConstantInput-ML (Rule 118 of total 430) .... done (Time = 0.00s, Memory = 10.3K)
    Checking Rule Prereqs_ConstantInput-ML (Rule 119 of total 430) .... done (Time = 0.00s, Memory = 0.0K)
    Checking Rule GenTopLevelBlocksForAutoSoc (Rule 120 of total 430) .... done (Time = 0.00s, Memory = 0.0K)
    Checking Rule syncRstReq (Rule 121 of total 430) .... done (Time = 0.00s, Memory = -8.0K)
    Checking Rule syncRstReq (Rule 122 of total 430) .... done (Time = 0.00s, Memory = 0.0K)
    Checking Rule AcOvlRtl (Rule 123 of total 430) .... done (Time = 0.00s, Memory = 0.0K)
    Checking Rule AcOvlRtl (Rule 124 of total 430) .... done (Time = 0.00s, Memory = 0.0K)
Checking ELABDU Rules for designUnit FIFO_WR
    Checking Rule Prereqs_ConstantInput-ML (Rule 118 of total 430) .... done (Time = 0.00s, Memory = 0.0K)
    Checking Rule Prereqs_ConstantInput-ML (Rule 119 of total 430) .... done (Time = 0.00s, Memory = 0.0K)
    Checking Rule GenTopLevelBlocksForAutoSoc (Rule 120 of total 430) .... done (Time = 0.00s, Memory = 0.0K)
    Checking Rule syncRstReq (Rule 121 of total 430) .... done (Time = 0.00s, Memory = 0.0K)
    Checking Rule syncRstReq (Rule 122 of total 430) .... done (Time = 0.00s, Memory = 0.0K)
    Checking Rule AcOvlRtl (Rule 123 of total 430) .... done (Time = 0.00s, Memory = 8.2K)
    Checking Rule AcOvlRtl (Rule 124 of total 430) .... done (Time = 0.00s, Memory = 0.0K)
Checking ELABDU Rules for designUnit FIFO_MEM_CNTRL
    Checking Rule Prereqs_ConstantInput-ML (Rule 118 of total 430) .... done (Time = 0.00s, Memory = 0.0K)
    Checking Rule Prereqs_ConstantInput-ML (Rule 119 of total 430) .... done (Time = 0.00s, Memory = 0.0K)
    Checking Rule GenTopLevelBlocksForAutoSoc (Rule 120 of total 430) .... done (Time = 0.00s, Memory = 0.0K)
    Checking Rule syncRstReq (Rule 121 of total 430) .... done (Time = 0.00s, Memory = 0.0K)
    Checking Rule syncRstReq (Rule 122 of total 430) .... done (Time = 0.00s, Memory = 0.0K)
    Checking Rule AcOvlRtl (Rule 123 of total 430) .... done (Time = 0.00s, Memory = 0.0K)
    Checking Rule AcOvlRtl (Rule 124 of total 430) .... done (Time = 0.00s, Memory = 0.0K)
Checking ELABDU Rules for designUnit DF_SYNC
    Checking Rule Prereqs_ConstantInput-ML (Rule 118 of total 430) .... done (Time = 0.00s, Memory = 0.0K)
    Checking Rule Prereqs_ConstantInput-ML (Rule 119 of total 430) .... done (Time = 0.00s, Memory = 0.0K)
    Checking Rule GenTopLevelBlocksForAutoSoc (Rule 120 of total 430) .... done (Time = 0.00s, Memory = 0.0K)
    Checking Rule syncRstReq (Rule 121 of total 430) .... done (Time = 0.00s, Memory = 0.0K)
    Checking Rule syncRstReq (Rule 122 of total 430) .... done (Time = 0.00s, Memory = 0.0K)
    Checking Rule AcOvlRtl (Rule 123 of total 430) .... done (Time = 0.00s, Memory = 0.0K)
    Checking Rule AcOvlRtl (Rule 124 of total 430) .... done (Time = 0.00s, Memory = 0.0K)
Checking ELABDU Rules for designUnit Pulse_Gen
    Checking Rule Prereqs_ConstantInput-ML (Rule 118 of total 430) .... done (Time = 0.00s, Memory = 0.0K)
    Checking Rule Prereqs_ConstantInput-ML (Rule 119 of total 430) .... done (Time = 0.00s, Memory = 0.0K)
    Checking Rule GenTopLevelBlocksForAutoSoc (Rule 120 of total 430) .... done (Time = 0.00s, Memory = 8.0K)
    Checking Rule syncRstReq (Rule 121 of total 430) .... done (Time = 0.00s, Memory = 0.0K)
    Checking Rule syncRstReq (Rule 122 of total 430) .... done (Time = 0.00s, Memory = 0.0K)
    Checking Rule AcOvlRtl (Rule 123 of total 430) .... done (Time = 0.00s, Memory = 8.0K)
    Checking Rule AcOvlRtl (Rule 124 of total 430) .... done (Time = 0.00s, Memory = 0.0K)
Checking ELABDU Rules for designUnit SYSTEM_TOP
    Checking Rule Ac_setOvlDataInSynthesis (Rule 125 of total 430) .... done (Time = 0.00s, Memory = -4.1K)
Checking ELABDU Rules for designUnit prescale_mux
    Checking Rule Ac_setOvlDataInSynthesis (Rule 125 of total 430) .... done (Time = 0.00s, Memory = -16.0K)
Checking ELABDU Rules for designUnit CLK_DIV
    Checking Rule Ac_setOvlDataInSynthesis (Rule 125 of total 430) .... done (Time = 0.00s, Memory = 0.0K)
Checking ELABDU Rules for designUnit RST_SYNC
    Checking Rule Ac_setOvlDataInSynthesis (Rule 125 of total 430) .... done (Time = 0.00s, Memory = 0.0K)
Checking ELABDU Rules for designUnit UART
    Checking Rule Ac_setOvlDataInSynthesis (Rule 125 of total 430) .... done (Time = 0.00s, Memory = -8.0K)
Checking ELABDU Rules for designUnit UART_TX
    Checking Rule Ac_setOvlDataInSynthesis (Rule 125 of total 430) .... done (Time = 0.00s, Memory = 8.0K)
Checking ELABDU Rules for designUnit MUX
    Checking Rule Ac_setOvlDataInSynthesis (Rule 125 of total 430) .... done (Time = 0.00s, Memory = 0.0K)
Checking ELABDU Rules for designUnit Parity_Calc
    Checking Rule Ac_setOvlDataInSynthesis (Rule 125 of total 430) .... done (Time = 0.00s, Memory = 0.0K)
Checking ELABDU Rules for designUnit Serializer
    Checking Rule Ac_setOvlDataInSynthesis (Rule 125 of total 430) .... done (Time = 0.00s, Memory = 8.0K)
Checking ELABDU Rules for designUnit FSM_TX
    Checking Rule Ac_setOvlDataInSynthesis (Rule 125 of total 430) .... done (Time = 0.00s, Memory = 1.1K)
Checking ELABDU Rules for designUnit UART_RX
    Checking Rule Ac_setOvlDataInSynthesis (Rule 125 of total 430) .... done (Time = 0.00s, Memory = 0.0K)
Checking ELABDU Rules for designUnit parity_checker
    Checking Rule Ac_setOvlDataInSynthesis (Rule 125 of total 430) .... done (Time = 0.00s, Memory = 0.0K)
Checking ELABDU Rules for designUnit strt_checker
    Checking Rule Ac_setOvlDataInSynthesis (Rule 125 of total 430) .... done (Time = 0.00s, Memory = 0.0K)
Checking ELABDU Rules for designUnit stop_checker
    Checking Rule Ac_setOvlDataInSynthesis (Rule 125 of total 430) .... done (Time = 0.00s, Memory = -2.2K)
Checking ELABDU Rules for designUnit data_sampling
    Checking Rule Ac_setOvlDataInSynthesis (Rule 125 of total 430) .... done (Time = 0.00s, Memory = 0.0K)
Checking ELABDU Rules for designUnit deserializer
    Checking Rule Ac_setOvlDataInSynthesis (Rule 125 of total 430) .... done (Time = 0.00s, Memory = 0.0K)
Checking ELABDU Rules for designUnit edge_bit_counter
    Checking Rule Ac_setOvlDataInSynthesis (Rule 125 of total 430) .... done (Time = 0.00s, Memory = 0.0K)
Checking ELABDU Rules for designUnit FSM_RX
    Checking Rule Ac_setOvlDataInSynthesis (Rule 125 of total 430) .... done (Time = 0.00s, Memory = 3.1K)
Checking ELABDU Rules for designUnit DATA_SYNC
    Checking Rule Ac_setOvlDataInSynthesis (Rule 125 of total 430) .... done (Time = 0.00s, Memory = 0.0K)
Checking ELABDU Rules for designUnit SYS_CTRL
    Checking Rule Ac_setOvlDataInSynthesis (Rule 125 of total 430) .... done (Time = 0.00s, Memory = 0.0K)
Checking ELABDU Rules for designUnit regfile
    Checking Rule Ac_setOvlDataInSynthesis (Rule 125 of total 430) .... done (Time = 0.00s, Memory = 0.0K)
Checking ELABDU Rules for designUnit CLK_GATE
    Checking Rule Ac_setOvlDataInSynthesis (Rule 125 of total 430) .... done (Time = 0.00s, Memory = 1.6K)
Checking ELABDU Rules for designUnit ALU
    Checking Rule Ac_setOvlDataInSynthesis (Rule 125 of total 430) .... done (Time = 0.00s, Memory = 4.7K)
Checking ELABDU Rules for designUnit ASYNC_FIFO
    Checking Rule Ac_setOvlDataInSynthesis (Rule 125 of total 430) .... done (Time = 0.00s, Memory = 0.0K)
Checking ELABDU Rules for designUnit FIFO_RD
    Checking Rule Ac_setOvlDataInSynthesis (Rule 125 of total 430) .... done (Time = 0.00s, Memory = 0.0K)
Checking ELABDU Rules for designUnit FIFO_WR
    Checking Rule Ac_setOvlDataInSynthesis (Rule 125 of total 430) .... done (Time = 0.00s, Memory = 0.0K)
Checking ELABDU Rules for designUnit FIFO_MEM_CNTRL
    Checking Rule Ac_setOvlDataInSynthesis (Rule 125 of total 430) .... done (Time = 0.00s, Memory = 0.0K)
Checking ELABDU Rules for designUnit DF_SYNC
    Checking Rule Ac_setOvlDataInSynthesis (Rule 125 of total 430) .... done (Time = 0.00s, Memory = -8.0K)
Checking ELABDU Rules for designUnit Pulse_Gen
    Checking Rule Ac_setOvlDataInSynthesis (Rule 125 of total 430) .... done (Time = 0.00s, Memory = 0.0K)
Checking Rule SGDC_meta_design_hier01 (Rule 126 of total 430) .... done (Time = 0.00s, Memory = 5.5K)
 Synthesizing Library Cells specified through SgLib  ......
 Synthesis of Library Cells specified through SgLib completed 
 Synthesizing module: Pulse_Gen (elaborated name: Pulse_Gen) ... (Module 1 of total 29)  done 
 Synthesizing module: DF_SYNC (elaborated name: DF_SYNC) ... (Module 2 of total 29)  done 
 Synthesizing module: FIFO_MEM_CNTRL (elaborated name: FIFO_MEM_CNTRL) ... (Module 3 of total 29)  done 
 Synthesizing module: FIFO_WR (elaborated name: FIFO_WR) ... (Module 4 of total 29)  done 
 Synthesizing module: FIFO_RD (elaborated name: FIFO_RD) ... (Module 5 of total 29)  done 
 Synthesizing module: ASYNC_FIFO (elaborated name: ASYNC_FIFO) ... (Module 6 of total 29)  done 
 Synthesizing module: ALU (elaborated name: ALU) ... (Module 7 of total 29)  done 
 Synthesizing module: CLK_GATE (elaborated name: CLK_GATE) ... (Module 8 of total 29)  done 
 Synthesizing module: regfile (elaborated name: regfile) ... (Module 9 of total 29)  done 
 Synthesizing module: SYS_CTRL (elaborated name: SYS_CTRL) ... (Module 10 of total 29)  done 
 Synthesizing module: DATA_SYNC (elaborated name: DATA_SYNC) ... (Module 11 of total 29)  done 
 Synthesizing module: FSM_RX (elaborated name: FSM_RX) ... (Module 12 of total 29)  done 
 Synthesizing module: edge_bit_counter (elaborated name: edge_bit_counter) ... (Module 13 of total 29)  done 
 Synthesizing module: deserializer (elaborated name: deserializer) ... (Module 14 of total 29)  done 
 Synthesizing module: data_sampling (elaborated name: data_sampling) ... (Module 15 of total 29)  done 
 Synthesizing module: stop_checker (elaborated name: stop_checker) ... (Module 16 of total 29)  done 
 Synthesizing module: strt_checker (elaborated name: strt_checker) ... (Module 17 of total 29)  done 
 Synthesizing module: parity_checker (elaborated name: parity_checker) ... (Module 18 of total 29)  done 
 Synthesizing module: UART_RX (elaborated name: UART_RX) ... (Module 19 of total 29)  done 
 Synthesizing module: FSM_TX (elaborated name: FSM_TX) ... (Module 20 of total 29)  done 
 Synthesizing module: Serializer (elaborated name: Serializer) ... (Module 21 of total 29)  done 
 Synthesizing module: Parity_Calc (elaborated name: Parity_Calc) ... (Module 22 of total 29)  done 
 Synthesizing module: MUX (elaborated name: MUX) ... (Module 23 of total 29)  done 
 Synthesizing module: UART_TX (elaborated name: UART_TX) ... (Module 24 of total 29)  done 
 Synthesizing module: UART (elaborated name: UART) ... (Module 25 of total 29)  done 
 Synthesizing module: RST_SYNC (elaborated name: RST_SYNC) ... (Module 26 of total 29)  done 
 Synthesizing module: CLK_DIV (elaborated name: CLK_DIV) ... (Module 27 of total 29)  done 
 Synthesizing module: prescale_mux (elaborated name: prescale_mux) ... (Module 28 of total 29)  done 
 Synthesizing module: SYSTEM_TOP (elaborated name: SYSTEM_TOP) ... (Module 29 of total 29)  done 
 Synthesis completed.
Checking Rule InferBlackBox (Rule 127 of total 430) .... done (Time = 0.01s, Memory = -25.2K)

INFO [234]    Saving design database in directory './spyglass-1/.SG_SaveRestoreDB/autogenerated__default_snapshot' ...
              done

Checking Rule SGDC_waive37 (Rule 128 of total 430) .... done (Time = 0.00s, Memory = 0.0K)
Checking Rule SGDC_waive24 (Rule 129 of total 430) .... done (Time = 0.00s, Memory = 2.5K)
Checking Rule SGDC_waive25 (Rule 130 of total 430) .... done (Time = 0.00s, Memory = 0.0K)
Checking Rule SGDC_waive31 (Rule 131 of total 430) .... done (Time = 0.00s, Memory = -32.4K)
Checking Rule SGDC_waive35 (Rule 132 of total 430) .... done (Time = 0.00s, Memory = 0.0K)
Checking Rule ReportSglibSummary (Rule 133 of total 430) .... done (Time = 0.00s, Memory = 0.0K)
Checking Rule Txv_SvaSetup01 for module Pulse_Gen (Rule 134 of total 430) .... done (Time = 0.00s, Memory = 0.0K)
Checking Rule LogNMuxPrereq for module Pulse_Gen (Rule 135 of total 430) .... done (Time = 0.00s, Memory = 0.0K)
Checking Rule PESVASETUP01 for module Pulse_Gen (Rule 136 of total 430) .... done (Time = 0.00s, Memory = 0.0K)
Checking Rule HangingNetPreReq-ML for module Pulse_Gen (Rule 137 of total 430) .... done (Time = 0.00s, Memory = 0.0K)
Checking Rule _meta_delay01 for module Pulse_Gen (Rule 138 of total 430) .... done (Time = 0.00s, Memory = 0.0K)
Checking Rule SDC2SGDCPARSE for module Pulse_Gen (Rule 139 of total 430) .... done (Time = 0.00s, Memory = 0.0K)
Checking Rule _cdc_save_license01 for module Pulse_Gen (Rule 140 of total 430) .... done (Time = 0.00s, Memory = 0.0K)
Checking Rule Reset_check05 for module Pulse_Gen (Rule 141 of total 430) .... done (Time = 0.00s, Memory = 0.0K)
Checking Rule _syncResetStyleRTL for module Pulse_Gen (Rule 142 of total 430) .... done (Time = 0.00s, Memory = 0.0K)
Checking Rule Ac_svasetup01 for module Pulse_Gen (Rule 143 of total 430) .... done (Time = 0.00s, Memory = 0.0K)
Checking Rule Txv_SvaSetup01 for module DF_SYNC (Rule 134 of total 430) .... done (Time = 0.00s, Memory = 0.0K)
Checking Rule LogNMuxPrereq for module DF_SYNC (Rule 135 of total 430) .... done (Time = 0.00s, Memory = 0.0K)
Checking Rule PESVASETUP01 for module DF_SYNC (Rule 136 of total 430) .... done (Time = 0.00s, Memory = 0.0K)
Checking Rule HangingNetPreReq-ML for module DF_SYNC (Rule 137 of total 430) .... done (Time = 0.00s, Memory = 0.0K)
Checking Rule _meta_delay01 for module DF_SYNC (Rule 138 of total 430) .... done (Time = 0.00s, Memory = 0.0K)
Checking Rule SDC2SGDCPARSE for module DF_SYNC (Rule 139 of total 430) .... done (Time = 0.00s, Memory = 0.0K)
Checking Rule _cdc_save_license01 for module DF_SYNC (Rule 140 of total 430) .... done (Time = 0.00s, Memory = 0.0K)
Checking Rule Reset_check05 for module DF_SYNC (Rule 141 of total 430) .... done (Time = 0.00s, Memory = 0.0K)
Checking Rule _syncResetStyleRTL for module DF_SYNC (Rule 142 of total 430) .... done (Time = 0.00s, Memory = 0.0K)
Checking Rule Ac_svasetup01 for module DF_SYNC (Rule 143 of total 430) .... done (Time = 0.00s, Memory = 0.0K)
Checking Rule Txv_SvaSetup01 for module FIFO_MEM_CNTRL (Rule 134 of total 430) .... done (Time = 0.00s, Memory = 0.0K)
Checking Rule LogNMuxPrereq for module FIFO_MEM_CNTRL (Rule 135 of total 430) .... done (Time = 0.00s, Memory = 0.0K)
Checking Rule PESVASETUP01 for module FIFO_MEM_CNTRL (Rule 136 of total 430) .... done (Time = 0.00s, Memory = 0.0K)
Checking Rule HangingNetPreReq-ML for module FIFO_MEM_CNTRL (Rule 137 of total 430) .... done (Time = 0.00s, Memory = 0.0K)
Checking Rule _meta_delay01 for module FIFO_MEM_CNTRL (Rule 138 of total 430) .... done (Time = 0.00s, Memory = 0.0K)
Checking Rule SDC2SGDCPARSE for module FIFO_MEM_CNTRL (Rule 139 of total 430) .... done (Time = 0.00s, Memory = 0.0K)
Checking Rule _cdc_save_license01 for module FIFO_MEM_CNTRL (Rule 140 of total 430) .... done (Time = 0.00s, Memory = 0.0K)
Checking Rule Reset_check05 for module FIFO_MEM_CNTRL (Rule 141 of total 430) .... done (Time = 0.00s, Memory = 0.0K)
Checking Rule _syncResetStyleRTL for module FIFO_MEM_CNTRL (Rule 142 of total 430) .... done (Time = 0.00s, Memory = 0.0K)
Checking Rule Ac_svasetup01 for module FIFO_MEM_CNTRL (Rule 143 of total 430) .... done (Time = 0.00s, Memory = 0.0K)
Checking Rule Txv_SvaSetup01 for module FIFO_WR (Rule 134 of total 430) .... done (Time = 0.00s, Memory = 0.0K)
Checking Rule LogNMuxPrereq for module FIFO_WR (Rule 135 of total 430) .... done (Time = 0.00s, Memory = 0.0K)
Checking Rule PESVASETUP01 for module FIFO_WR (Rule 136 of total 430) .... done (Time = 0.00s, Memory = 0.0K)
Checking Rule HangingNetPreReq-ML for module FIFO_WR (Rule 137 of total 430) .... done (Time = 0.00s, Memory = 0.0K)
Checking Rule _meta_delay01 for module FIFO_WR (Rule 138 of total 430) .... done (Time = 0.00s, Memory = 0.0K)
Checking Rule SDC2SGDCPARSE for module FIFO_WR (Rule 139 of total 430) .... done (Time = 0.00s, Memory = 0.0K)
Checking Rule _cdc_save_license01 for module FIFO_WR (Rule 140 of total 430) .... done (Time = 0.00s, Memory = 0.0K)
Checking Rule Reset_check05 for module FIFO_WR (Rule 141 of total 430) .... done (Time = 0.00s, Memory = 0.0K)
Checking Rule _syncResetStyleRTL for module FIFO_WR (Rule 142 of total 430) .... done (Time = 0.00s, Memory = 0.0K)
Checking Rule Ac_svasetup01 for module FIFO_WR (Rule 143 of total 430) .... done (Time = 0.00s, Memory = 0.0K)
Checking Rule Txv_SvaSetup01 for module FIFO_RD (Rule 134 of total 430) .... done (Time = 0.00s, Memory = 0.0K)
Checking Rule LogNMuxPrereq for module FIFO_RD (Rule 135 of total 430) .... done (Time = 0.00s, Memory = 0.0K)
Checking Rule PESVASETUP01 for module FIFO_RD (Rule 136 of total 430) .... done (Time = 0.00s, Memory = 0.0K)
Checking Rule HangingNetPreReq-ML for module FIFO_RD (Rule 137 of total 430) .... done (Time = 0.00s, Memory = 0.0K)
Checking Rule _meta_delay01 for module FIFO_RD (Rule 138 of total 430) .... done (Time = 0.00s, Memory = 0.0K)
Checking Rule SDC2SGDCPARSE for module FIFO_RD (Rule 139 of total 430) .... done (Time = 0.00s, Memory = 0.0K)
Checking Rule _cdc_save_license01 for module FIFO_RD (Rule 140 of total 430) .... done (Time = 0.00s, Memory = 0.0K)
Checking Rule Reset_check05 for module FIFO_RD (Rule 141 of total 430) .... done (Time = 0.00s, Memory = 0.0K)
Checking Rule _syncResetStyleRTL for module FIFO_RD (Rule 142 of total 430) .... done (Time = 0.00s, Memory = 0.0K)
Checking Rule Ac_svasetup01 for module FIFO_RD (Rule 143 of total 430) .... done (Time = 0.00s, Memory = 0.0K)
Checking Rule Txv_SvaSetup01 for module ASYNC_FIFO (Rule 134 of total 430) .... done (Time = 0.00s, Memory = 0.0K)
Checking Rule LogNMuxPrereq for module ASYNC_FIFO (Rule 135 of total 430) .... done (Time = 0.00s, Memory = 0.0K)
Checking Rule PESVASETUP01 for module ASYNC_FIFO (Rule 136 of total 430) .... done (Time = 0.00s, Memory = 0.0K)
Checking Rule HangingNetPreReq-ML for module ASYNC_FIFO (Rule 137 of total 430) .... done (Time = 0.00s, Memory = 0.0K)
Checking Rule _meta_delay01 for module ASYNC_FIFO (Rule 138 of total 430) .... done (Time = 0.00s, Memory = 0.0K)
Checking Rule SDC2SGDCPARSE for module ASYNC_FIFO (Rule 139 of total 430) .... done (Time = 0.00s, Memory = 0.0K)
Checking Rule _cdc_save_license01 for module ASYNC_FIFO (Rule 140 of total 430) .... done (Time = 0.00s, Memory = 0.0K)
Checking Rule Reset_check05 for module ASYNC_FIFO (Rule 141 of total 430) .... done (Time = 0.00s, Memory = 0.0K)
Checking Rule _syncResetStyleRTL for module ASYNC_FIFO (Rule 142 of total 430) .... done (Time = 0.00s, Memory = 0.0K)
Checking Rule Ac_svasetup01 for module ASYNC_FIFO (Rule 143 of total 430) .... done (Time = 0.00s, Memory = 0.0K)
Checking Rule Txv_SvaSetup01 for module ALU (Rule 134 of total 430) .... done (Time = 0.00s, Memory = 0.0K)
Checking Rule LogNMuxPrereq for module ALU (Rule 135 of total 430) .... done (Time = 0.00s, Memory = 0.0K)
Checking Rule PESVASETUP01 for module ALU (Rule 136 of total 430) .... done (Time = 0.00s, Memory = 0.0K)
Checking Rule HangingNetPreReq-ML for module ALU (Rule 137 of total 430) .... done (Time = 0.00s, Memory = 0.0K)
Checking Rule _meta_delay01 for module ALU (Rule 138 of total 430) .... done (Time = 0.00s, Memory = 0.0K)
Checking Rule SDC2SGDCPARSE for module ALU (Rule 139 of total 430) .... done (Time = 0.00s, Memory = 0.0K)
Checking Rule _cdc_save_license01 for module ALU (Rule 140 of total 430) .... done (Time = 0.00s, Memory = 0.0K)
Checking Rule Reset_check05 for module ALU (Rule 141 of total 430) .... done (Time = 0.00s, Memory = 0.0K)
Checking Rule _syncResetStyleRTL for module ALU (Rule 142 of total 430) .... done (Time = 0.00s, Memory = 0.0K)
Checking Rule Ac_svasetup01 for module ALU (Rule 143 of total 430) .... done (Time = 0.00s, Memory = 0.0K)
Checking Rule Txv_SvaSetup01 for module CLK_GATE (Rule 134 of total 430) .... done (Time = 0.00s, Memory = 0.0K)
Checking Rule LogNMuxPrereq for module CLK_GATE (Rule 135 of total 430) .... done (Time = 0.00s, Memory = 0.0K)
Checking Rule PESVASETUP01 for module CLK_GATE (Rule 136 of total 430) .... done (Time = 0.00s, Memory = 0.0K)
Checking Rule HangingNetPreReq-ML for module CLK_GATE (Rule 137 of total 430) .... done (Time = 0.00s, Memory = 0.0K)
Checking Rule _meta_delay01 for module CLK_GATE (Rule 138 of total 430) .... done (Time = 0.00s, Memory = 0.0K)
Checking Rule SDC2SGDCPARSE for module CLK_GATE (Rule 139 of total 430) .... done (Time = 0.00s, Memory = 0.0K)
Checking Rule _cdc_save_license01 for module CLK_GATE (Rule 140 of total 430) .... done (Time = 0.00s, Memory = 0.0K)
Checking Rule Reset_check05 for module CLK_GATE (Rule 141 of total 430) .... done (Time = 0.00s, Memory = 0.0K)
Checking Rule _syncResetStyleRTL for module CLK_GATE (Rule 142 of total 430) .... done (Time = 0.00s, Memory = 0.0K)
Checking Rule Ac_svasetup01 for module CLK_GATE (Rule 143 of total 430) .... done (Time = 0.00s, Memory = 0.0K)
Checking Rule Txv_SvaSetup01 for module regfile (Rule 134 of total 430) .... done (Time = 0.00s, Memory = 0.0K)
Checking Rule LogNMuxPrereq for module regfile (Rule 135 of total 430) .... done (Time = 0.00s, Memory = 0.0K)
Checking Rule PESVASETUP01 for module regfile (Rule 136 of total 430) .... done (Time = 0.00s, Memory = 0.0K)
Checking Rule HangingNetPreReq-ML for module regfile (Rule 137 of total 430) .... done (Time = 0.00s, Memory = 0.0K)
Checking Rule _meta_delay01 for module regfile (Rule 138 of total 430) .... done (Time = 0.00s, Memory = 0.0K)
Checking Rule SDC2SGDCPARSE for module regfile (Rule 139 of total 430) .... done (Time = 0.00s, Memory = 0.0K)
Checking Rule _cdc_save_license01 for module regfile (Rule 140 of total 430) .... done (Time = 0.00s, Memory = 0.0K)
Checking Rule Reset_check05 for module regfile (Rule 141 of total 430) .... done (Time = 0.00s, Memory = 0.0K)
Checking Rule _syncResetStyleRTL for module regfile (Rule 142 of total 430) .... done (Time = 0.00s, Memory = 0.0K)
Checking Rule Ac_svasetup01 for module regfile (Rule 143 of total 430) .... done (Time = 0.00s, Memory = 0.0K)
Checking Rule Txv_SvaSetup01 for module SYS_CTRL (Rule 134 of total 430) .... done (Time = 0.00s, Memory = 0.0K)
Checking Rule LogNMuxPrereq for module SYS_CTRL (Rule 135 of total 430) .... done (Time = 0.00s, Memory = 0.0K)
Checking Rule PESVASETUP01 for module SYS_CTRL (Rule 136 of total 430) .... done (Time = 0.00s, Memory = 0.0K)
Checking Rule HangingNetPreReq-ML for module SYS_CTRL (Rule 137 of total 430) .... done (Time = 0.00s, Memory = 0.0K)
Checking Rule _meta_delay01 for module SYS_CTRL (Rule 138 of total 430) .... done (Time = 0.00s, Memory = 0.0K)
Checking Rule SDC2SGDCPARSE for module SYS_CTRL (Rule 139 of total 430) .... done (Time = 0.00s, Memory = 0.0K)
Checking Rule _cdc_save_license01 for module SYS_CTRL (Rule 140 of total 430) .... done (Time = 0.00s, Memory = 0.0K)
Checking Rule Reset_check05 for module SYS_CTRL (Rule 141 of total 430) .... done (Time = 0.00s, Memory = 0.0K)
Checking Rule _syncResetStyleRTL for module SYS_CTRL (Rule 142 of total 430) .... done (Time = 0.00s, Memory = 0.0K)
Checking Rule Ac_svasetup01 for module SYS_CTRL (Rule 143 of total 430) .... done (Time = 0.00s, Memory = 0.0K)
Checking Rule Txv_SvaSetup01 for module DATA_SYNC (Rule 134 of total 430) .... done (Time = 0.00s, Memory = 0.0K)
Checking Rule LogNMuxPrereq for module DATA_SYNC (Rule 135 of total 430) .... done (Time = 0.00s, Memory = 0.0K)
Checking Rule PESVASETUP01 for module DATA_SYNC (Rule 136 of total 430) .... done (Time = 0.00s, Memory = 0.0K)
Checking Rule HangingNetPreReq-ML for module DATA_SYNC (Rule 137 of total 430) .... done (Time = 0.00s, Memory = 0.0K)
Checking Rule _meta_delay01 for module DATA_SYNC (Rule 138 of total 430) .... done (Time = 0.00s, Memory = 0.0K)
Checking Rule SDC2SGDCPARSE for module DATA_SYNC (Rule 139 of total 430) .... done (Time = 0.00s, Memory = 0.0K)
Checking Rule _cdc_save_license01 for module DATA_SYNC (Rule 140 of total 430) .... done (Time = 0.00s, Memory = 0.0K)
Checking Rule Reset_check05 for module DATA_SYNC (Rule 141 of total 430) .... done (Time = 0.00s, Memory = 0.0K)
Checking Rule _syncResetStyleRTL for module DATA_SYNC (Rule 142 of total 430) .... done (Time = 0.00s, Memory = 0.0K)
Checking Rule Ac_svasetup01 for module DATA_SYNC (Rule 143 of total 430) .... done (Time = 0.00s, Memory = 0.0K)
Checking Rule Txv_SvaSetup01 for module FSM_RX (Rule 134 of total 430) .... done (Time = 0.00s, Memory = 0.0K)
Checking Rule LogNMuxPrereq for module FSM_RX (Rule 135 of total 430) .... done (Time = 0.00s, Memory = 0.0K)
Checking Rule PESVASETUP01 for module FSM_RX (Rule 136 of total 430) .... done (Time = 0.00s, Memory = 0.0K)
Checking Rule HangingNetPreReq-ML for module FSM_RX (Rule 137 of total 430) .... done (Time = 0.00s, Memory = 0.0K)
Checking Rule _meta_delay01 for module FSM_RX (Rule 138 of total 430) .... done (Time = 0.00s, Memory = 0.0K)
Checking Rule SDC2SGDCPARSE for module FSM_RX (Rule 139 of total 430) .... done (Time = 0.00s, Memory = 0.0K)
Checking Rule _cdc_save_license01 for module FSM_RX (Rule 140 of total 430) .... done (Time = 0.00s, Memory = 0.0K)
Checking Rule Reset_check05 for module FSM_RX (Rule 141 of total 430) .... done (Time = 0.00s, Memory = 0.0K)
Checking Rule _syncResetStyleRTL for module FSM_RX (Rule 142 of total 430) .... done (Time = 0.00s, Memory = 0.0K)
Checking Rule Ac_svasetup01 for module FSM_RX (Rule 143 of total 430) .... done (Time = 0.00s, Memory = 0.0K)
Checking Rule Txv_SvaSetup01 for module edge_bit_counter (Rule 134 of total 430) .... done (Time = 0.00s, Memory = 0.0K)
Checking Rule LogNMuxPrereq for module edge_bit_counter (Rule 135 of total 430) .... done (Time = 0.00s, Memory = 0.0K)
Checking Rule PESVASETUP01 for module edge_bit_counter (Rule 136 of total 430) .... done (Time = 0.00s, Memory = 0.0K)
Checking Rule HangingNetPreReq-ML for module edge_bit_counter (Rule 137 of total 430) .... done (Time = 0.00s, Memory = 0.0K)
Checking Rule _meta_delay01 for module edge_bit_counter (Rule 138 of total 430) .... done (Time = 0.00s, Memory = 0.0K)
Checking Rule SDC2SGDCPARSE for module edge_bit_counter (Rule 139 of total 430) .... done (Time = 0.00s, Memory = 0.0K)
Checking Rule _cdc_save_license01 for module edge_bit_counter (Rule 140 of total 430) .... done (Time = 0.00s, Memory = 0.0K)
Checking Rule Reset_check05 for module edge_bit_counter (Rule 141 of total 430) .... done (Time = 0.00s, Memory = 0.0K)
Checking Rule _syncResetStyleRTL for module edge_bit_counter (Rule 142 of total 430) .... done (Time = 0.00s, Memory = 0.0K)
Checking Rule Ac_svasetup01 for module edge_bit_counter (Rule 143 of total 430) .... done (Time = 0.00s, Memory = 0.0K)
Checking Rule Txv_SvaSetup01 for module deserializer (Rule 134 of total 430) .... done (Time = 0.00s, Memory = 0.0K)
Checking Rule LogNMuxPrereq for module deserializer (Rule 135 of total 430) .... done (Time = 0.00s, Memory = 0.0K)
Checking Rule PESVASETUP01 for module deserializer (Rule 136 of total 430) .... done (Time = 0.00s, Memory = 0.0K)
Checking Rule HangingNetPreReq-ML for module deserializer (Rule 137 of total 430) .... done (Time = 0.00s, Memory = 0.0K)
Checking Rule _meta_delay01 for module deserializer (Rule 138 of total 430) .... done (Time = 0.00s, Memory = 0.0K)
Checking Rule SDC2SGDCPARSE for module deserializer (Rule 139 of total 430) .... done (Time = 0.00s, Memory = 0.0K)
Checking Rule _cdc_save_license01 for module deserializer (Rule 140 of total 430) .... done (Time = 0.00s, Memory = 0.0K)
Checking Rule Reset_check05 for module deserializer (Rule 141 of total 430) .... done (Time = 0.00s, Memory = 0.0K)
Checking Rule _syncResetStyleRTL for module deserializer (Rule 142 of total 430) .... done (Time = 0.00s, Memory = 0.0K)
Checking Rule Ac_svasetup01 for module deserializer (Rule 143 of total 430) .... done (Time = 0.00s, Memory = 0.0K)
Checking Rule Txv_SvaSetup01 for module data_sampling (Rule 134 of total 430) .... done (Time = 0.00s, Memory = 0.0K)
Checking Rule LogNMuxPrereq for module data_sampling (Rule 135 of total 430) .... done (Time = 0.00s, Memory = 0.0K)
Checking Rule PESVASETUP01 for module data_sampling (Rule 136 of total 430) .... done (Time = 0.00s, Memory = 0.0K)
Checking Rule HangingNetPreReq-ML for module data_sampling (Rule 137 of total 430) .... done (Time = 0.00s, Memory = 0.0K)
Checking Rule _meta_delay01 for module data_sampling (Rule 138 of total 430) .... done (Time = 0.00s, Memory = 0.0K)
Checking Rule SDC2SGDCPARSE for module data_sampling (Rule 139 of total 430) .... done (Time = 0.00s, Memory = 0.0K)
Checking Rule _cdc_save_license01 for module data_sampling (Rule 140 of total 430) .... done (Time = 0.00s, Memory = 0.0K)
Checking Rule Reset_check05 for module data_sampling (Rule 141 of total 430) .... done (Time = 0.00s, Memory = 0.0K)
Checking Rule _syncResetStyleRTL for module data_sampling (Rule 142 of total 430) .... done (Time = 0.00s, Memory = 0.0K)
Checking Rule Ac_svasetup01 for module data_sampling (Rule 143 of total 430) .... done (Time = 0.00s, Memory = 0.0K)
Checking Rule Txv_SvaSetup01 for module stop_checker (Rule 134 of total 430) .... done (Time = 0.00s, Memory = 0.0K)
Checking Rule LogNMuxPrereq for module stop_checker (Rule 135 of total 430) .... done (Time = 0.00s, Memory = 0.0K)
Checking Rule PESVASETUP01 for module stop_checker (Rule 136 of total 430) .... done (Time = 0.00s, Memory = 0.0K)
Checking Rule HangingNetPreReq-ML for module stop_checker (Rule 137 of total 430) .... done (Time = 0.00s, Memory = 0.0K)
Checking Rule _meta_delay01 for module stop_checker (Rule 138 of total 430) .... done (Time = 0.00s, Memory = 0.0K)
Checking Rule SDC2SGDCPARSE for module stop_checker (Rule 139 of total 430) .... done (Time = 0.00s, Memory = 0.0K)
Checking Rule _cdc_save_license01 for module stop_checker (Rule 140 of total 430) .... done (Time = 0.00s, Memory = 0.0K)
Checking Rule Reset_check05 for module stop_checker (Rule 141 of total 430) .... done (Time = 0.00s, Memory = 0.0K)
Checking Rule _syncResetStyleRTL for module stop_checker (Rule 142 of total 430) .... done (Time = 0.00s, Memory = 0.0K)
Checking Rule Ac_svasetup01 for module stop_checker (Rule 143 of total 430) .... done (Time = 0.00s, Memory = 0.0K)
Checking Rule Txv_SvaSetup01 for module strt_checker (Rule 134 of total 430) .... done (Time = 0.00s, Memory = 0.0K)
Checking Rule LogNMuxPrereq for module strt_checker (Rule 135 of total 430) .... done (Time = 0.00s, Memory = 0.0K)
Checking Rule PESVASETUP01 for module strt_checker (Rule 136 of total 430) .... done (Time = 0.00s, Memory = 0.0K)
Checking Rule HangingNetPreReq-ML for module strt_checker (Rule 137 of total 430) .... done (Time = 0.00s, Memory = 0.0K)
Checking Rule _meta_delay01 for module strt_checker (Rule 138 of total 430) .... done (Time = 0.00s, Memory = 0.0K)
Checking Rule SDC2SGDCPARSE for module strt_checker (Rule 139 of total 430) .... done (Time = 0.00s, Memory = 0.0K)
Checking Rule _cdc_save_license01 for module strt_checker (Rule 140 of total 430) .... done (Time = 0.00s, Memory = 0.0K)
Checking Rule Reset_check05 for module strt_checker (Rule 141 of total 430) .... done (Time = 0.00s, Memory = 0.0K)
Checking Rule _syncResetStyleRTL for module strt_checker (Rule 142 of total 430) .... done (Time = 0.00s, Memory = 0.0K)
Checking Rule Ac_svasetup01 for module strt_checker (Rule 143 of total 430) .... done (Time = 0.00s, Memory = 0.0K)
Checking Rule Txv_SvaSetup01 for module parity_checker (Rule 134 of total 430) .... done (Time = 0.00s, Memory = 0.0K)
Checking Rule LogNMuxPrereq for module parity_checker (Rule 135 of total 430) .... done (Time = 0.00s, Memory = 0.0K)
Checking Rule PESVASETUP01 for module parity_checker (Rule 136 of total 430) .... done (Time = 0.00s, Memory = 0.0K)
Checking Rule HangingNetPreReq-ML for module parity_checker (Rule 137 of total 430) .... done (Time = 0.00s, Memory = 0.0K)
Checking Rule _meta_delay01 for module parity_checker (Rule 138 of total 430) .... done (Time = 0.00s, Memory = 0.0K)
Checking Rule SDC2SGDCPARSE for module parity_checker (Rule 139 of total 430) .... done (Time = 0.00s, Memory = 0.0K)
Checking Rule _cdc_save_license01 for module parity_checker (Rule 140 of total 430) .... done (Time = 0.00s, Memory = 0.0K)
Checking Rule Reset_check05 for module parity_checker (Rule 141 of total 430) .... done (Time = 0.00s, Memory = 0.0K)
Checking Rule _syncResetStyleRTL for module parity_checker (Rule 142 of total 430) .... done (Time = 0.00s, Memory = 0.0K)
Checking Rule Ac_svasetup01 for module parity_checker (Rule 143 of total 430) .... done (Time = 0.00s, Memory = 0.0K)
Checking Rule Txv_SvaSetup01 for module UART_RX (Rule 134 of total 430) .... done (Time = 0.00s, Memory = 0.0K)
Checking Rule LogNMuxPrereq for module UART_RX (Rule 135 of total 430) .... done (Time = 0.00s, Memory = 0.0K)
Checking Rule PESVASETUP01 for module UART_RX (Rule 136 of total 430) .... done (Time = 0.00s, Memory = 0.0K)
Checking Rule HangingNetPreReq-ML for module UART_RX (Rule 137 of total 430) .... done (Time = 0.00s, Memory = 0.0K)
Checking Rule _meta_delay01 for module UART_RX (Rule 138 of total 430) .... done (Time = 0.00s, Memory = 0.0K)
Checking Rule SDC2SGDCPARSE for module UART_RX (Rule 139 of total 430) .... done (Time = 0.00s, Memory = 0.0K)
Checking Rule _cdc_save_license01 for module UART_RX (Rule 140 of total 430) .... done (Time = 0.00s, Memory = 0.0K)
Checking Rule Reset_check05 for module UART_RX (Rule 141 of total 430) .... done (Time = 0.00s, Memory = 0.0K)
Checking Rule _syncResetStyleRTL for module UART_RX (Rule 142 of total 430) .... done (Time = 0.00s, Memory = 0.0K)
Checking Rule Ac_svasetup01 for module UART_RX (Rule 143 of total 430) .... done (Time = 0.00s, Memory = 0.0K)
Checking Rule Txv_SvaSetup01 for module FSM_TX (Rule 134 of total 430) .... done (Time = 0.00s, Memory = 0.0K)
Checking Rule LogNMuxPrereq for module FSM_TX (Rule 135 of total 430) .... done (Time = 0.00s, Memory = 0.0K)
Checking Rule PESVASETUP01 for module FSM_TX (Rule 136 of total 430) .... done (Time = 0.00s, Memory = 0.0K)
Checking Rule HangingNetPreReq-ML for module FSM_TX (Rule 137 of total 430) .... done (Time = 0.00s, Memory = 0.0K)
Checking Rule _meta_delay01 for module FSM_TX (Rule 138 of total 430) .... done (Time = 0.00s, Memory = 0.0K)
Checking Rule SDC2SGDCPARSE for module FSM_TX (Rule 139 of total 430) .... done (Time = 0.00s, Memory = 0.0K)
Checking Rule _cdc_save_license01 for module FSM_TX (Rule 140 of total 430) .... done (Time = 0.00s, Memory = 0.0K)
Checking Rule Reset_check05 for module FSM_TX (Rule 141 of total 430) .... done (Time = 0.00s, Memory = 0.0K)
Checking Rule _syncResetStyleRTL for module FSM_TX (Rule 142 of total 430) .... done (Time = 0.00s, Memory = 0.0K)
Checking Rule Ac_svasetup01 for module FSM_TX (Rule 143 of total 430) .... done (Time = 0.00s, Memory = 0.0K)
Checking Rule Txv_SvaSetup01 for module Serializer (Rule 134 of total 430) .... done (Time = 0.00s, Memory = 0.0K)
Checking Rule LogNMuxPrereq for module Serializer (Rule 135 of total 430) .... done (Time = 0.00s, Memory = 0.0K)
Checking Rule PESVASETUP01 for module Serializer (Rule 136 of total 430) .... done (Time = 0.00s, Memory = 0.0K)
Checking Rule HangingNetPreReq-ML for module Serializer (Rule 137 of total 430) .... done (Time = 0.00s, Memory = 0.0K)
Checking Rule _meta_delay01 for module Serializer (Rule 138 of total 430) .... done (Time = 0.00s, Memory = 0.0K)
Checking Rule SDC2SGDCPARSE for module Serializer (Rule 139 of total 430) .... done (Time = 0.00s, Memory = 0.0K)
Checking Rule _cdc_save_license01 for module Serializer (Rule 140 of total 430) .... done (Time = 0.00s, Memory = 0.0K)
Checking Rule Reset_check05 for module Serializer (Rule 141 of total 430) .... done (Time = 0.00s, Memory = 0.0K)
Checking Rule _syncResetStyleRTL for module Serializer (Rule 142 of total 430) .... done (Time = 0.00s, Memory = 0.0K)
Checking Rule Ac_svasetup01 for module Serializer (Rule 143 of total 430) .... done (Time = 0.00s, Memory = 0.0K)
Checking Rule Txv_SvaSetup01 for module Parity_Calc (Rule 134 of total 430) .... done (Time = 0.00s, Memory = 0.0K)
Checking Rule LogNMuxPrereq for module Parity_Calc (Rule 135 of total 430) .... done (Time = 0.00s, Memory = 0.0K)
Checking Rule PESVASETUP01 for module Parity_Calc (Rule 136 of total 430) .... done (Time = 0.00s, Memory = 0.0K)
Checking Rule HangingNetPreReq-ML for module Parity_Calc (Rule 137 of total 430) .... done (Time = 0.00s, Memory = 0.0K)
Checking Rule _meta_delay01 for module Parity_Calc (Rule 138 of total 430) .... done (Time = 0.00s, Memory = 0.0K)
Checking Rule SDC2SGDCPARSE for module Parity_Calc (Rule 139 of total 430) .... done (Time = 0.00s, Memory = 0.0K)
Checking Rule _cdc_save_license01 for module Parity_Calc (Rule 140 of total 430) .... done (Time = 0.00s, Memory = 0.0K)
Checking Rule Reset_check05 for module Parity_Calc (Rule 141 of total 430) .... done (Time = 0.00s, Memory = 0.0K)
Checking Rule _syncResetStyleRTL for module Parity_Calc (Rule 142 of total 430) .... done (Time = 0.00s, Memory = 0.0K)
Checking Rule Ac_svasetup01 for module Parity_Calc (Rule 143 of total 430) .... done (Time = 0.00s, Memory = 0.0K)
Checking Rule Txv_SvaSetup01 for module MUX (Rule 134 of total 430) .... done (Time = 0.00s, Memory = 0.0K)
Checking Rule LogNMuxPrereq for module MUX (Rule 135 of total 430) .... done (Time = 0.00s, Memory = 0.0K)
Checking Rule PESVASETUP01 for module MUX (Rule 136 of total 430) .... done (Time = 0.00s, Memory = 0.0K)
Checking Rule HangingNetPreReq-ML for module MUX (Rule 137 of total 430) .... done (Time = 0.00s, Memory = 0.0K)
Checking Rule _meta_delay01 for module MUX (Rule 138 of total 430) .... done (Time = 0.00s, Memory = 0.0K)
Checking Rule SDC2SGDCPARSE for module MUX (Rule 139 of total 430) .... done (Time = 0.00s, Memory = 0.0K)
Checking Rule _cdc_save_license01 for module MUX (Rule 140 of total 430) .... done (Time = 0.00s, Memory = 0.0K)
Checking Rule Reset_check05 for module MUX (Rule 141 of total 430) .... done (Time = 0.00s, Memory = 0.0K)
Checking Rule _syncResetStyleRTL for module MUX (Rule 142 of total 430) .... done (Time = 0.00s, Memory = 0.0K)
Checking Rule Ac_svasetup01 for module MUX (Rule 143 of total 430) .... done (Time = 0.00s, Memory = 0.0K)
Checking Rule Txv_SvaSetup01 for module UART_TX (Rule 134 of total 430) .... done (Time = 0.00s, Memory = 0.0K)
Checking Rule LogNMuxPrereq for module UART_TX (Rule 135 of total 430) .... done (Time = 0.00s, Memory = 0.0K)
Checking Rule PESVASETUP01 for module UART_TX (Rule 136 of total 430) .... done (Time = 0.00s, Memory = 0.0K)
Checking Rule HangingNetPreReq-ML for module UART_TX (Rule 137 of total 430) .... done (Time = 0.00s, Memory = 0.0K)
Checking Rule _meta_delay01 for module UART_TX (Rule 138 of total 430) .... done (Time = 0.00s, Memory = 0.0K)
Checking Rule SDC2SGDCPARSE for module UART_TX (Rule 139 of total 430) .... done (Time = 0.00s, Memory = 0.0K)
Checking Rule _cdc_save_license01 for module UART_TX (Rule 140 of total 430) .... done (Time = 0.00s, Memory = 0.0K)
Checking Rule Reset_check05 for module UART_TX (Rule 141 of total 430) .... done (Time = 0.00s, Memory = 0.0K)
Checking Rule _syncResetStyleRTL for module UART_TX (Rule 142 of total 430) .... done (Time = 0.00s, Memory = 0.0K)
Checking Rule Ac_svasetup01 for module UART_TX (Rule 143 of total 430) .... done (Time = 0.00s, Memory = 0.0K)
Checking Rule Txv_SvaSetup01 for module UART (Rule 134 of total 430) .... done (Time = 0.00s, Memory = 0.0K)
Checking Rule LogNMuxPrereq for module UART (Rule 135 of total 430) .... done (Time = 0.00s, Memory = 0.0K)
Checking Rule PESVASETUP01 for module UART (Rule 136 of total 430) .... done (Time = 0.00s, Memory = 0.0K)
Checking Rule HangingNetPreReq-ML for module UART (Rule 137 of total 430) .... done (Time = 0.00s, Memory = 0.0K)
Checking Rule _meta_delay01 for module UART (Rule 138 of total 430) .... done (Time = 0.00s, Memory = 0.0K)
Checking Rule SDC2SGDCPARSE for module UART (Rule 139 of total 430) .... done (Time = 0.00s, Memory = 0.0K)
Checking Rule _cdc_save_license01 for module UART (Rule 140 of total 430) .... done (Time = 0.00s, Memory = 0.0K)
Checking Rule Reset_check05 for module UART (Rule 141 of total 430) .... done (Time = 0.00s, Memory = 0.0K)
Checking Rule _syncResetStyleRTL for module UART (Rule 142 of total 430) .... done (Time = 0.00s, Memory = 0.0K)
Checking Rule Ac_svasetup01 for module UART (Rule 143 of total 430) .... done (Time = 0.00s, Memory = 0.0K)
Checking Rule Txv_SvaSetup01 for module RST_SYNC (Rule 134 of total 430) .... done (Time = 0.00s, Memory = 0.0K)
Checking Rule LogNMuxPrereq for module RST_SYNC (Rule 135 of total 430) .... done (Time = 0.00s, Memory = 0.0K)
Checking Rule PESVASETUP01 for module RST_SYNC (Rule 136 of total 430) .... done (Time = 0.00s, Memory = 0.0K)
Checking Rule HangingNetPreReq-ML for module RST_SYNC (Rule 137 of total 430) .... done (Time = 0.00s, Memory = 0.0K)
Checking Rule _meta_delay01 for module RST_SYNC (Rule 138 of total 430) .... done (Time = 0.00s, Memory = 0.0K)
Checking Rule SDC2SGDCPARSE for module RST_SYNC (Rule 139 of total 430) .... done (Time = 0.00s, Memory = 0.0K)
Checking Rule _cdc_save_license01 for module RST_SYNC (Rule 140 of total 430) .... done (Time = 0.00s, Memory = 0.0K)
Checking Rule Reset_check05 for module RST_SYNC (Rule 141 of total 430) .... done (Time = 0.00s, Memory = 0.0K)
Checking Rule _syncResetStyleRTL for module RST_SYNC (Rule 142 of total 430) .... done (Time = 0.00s, Memory = 0.0K)
Checking Rule Ac_svasetup01 for module RST_SYNC (Rule 143 of total 430) .... done (Time = 0.00s, Memory = 0.0K)
Checking Rule Txv_SvaSetup01 for module CLK_DIV (Rule 134 of total 430) .... done (Time = 0.00s, Memory = 0.0K)
Checking Rule LogNMuxPrereq for module CLK_DIV (Rule 135 of total 430) .... done (Time = 0.00s, Memory = 0.0K)
Checking Rule PESVASETUP01 for module CLK_DIV (Rule 136 of total 430) .... done (Time = 0.00s, Memory = 0.0K)
Checking Rule HangingNetPreReq-ML for module CLK_DIV (Rule 137 of total 430) .... done (Time = 0.00s, Memory = 0.0K)
Checking Rule _meta_delay01 for module CLK_DIV (Rule 138 of total 430) .... done (Time = 0.00s, Memory = 0.0K)
Checking Rule SDC2SGDCPARSE for module CLK_DIV (Rule 139 of total 430) .... done (Time = 0.00s, Memory = 0.0K)
Checking Rule _cdc_save_license01 for module CLK_DIV (Rule 140 of total 430) .... done (Time = 0.00s, Memory = 0.0K)
Checking Rule Reset_check05 for module CLK_DIV (Rule 141 of total 430) .... done (Time = 0.00s, Memory = 0.0K)
Checking Rule _syncResetStyleRTL for module CLK_DIV (Rule 142 of total 430) .... done (Time = 0.00s, Memory = 0.0K)
Checking Rule Ac_svasetup01 for module CLK_DIV (Rule 143 of total 430) .... done (Time = 0.00s, Memory = 0.0K)
Checking Rule Txv_SvaSetup01 for module prescale_mux (Rule 134 of total 430) .... done (Time = 0.00s, Memory = 0.0K)
Checking Rule LogNMuxPrereq for module prescale_mux (Rule 135 of total 430) .... done (Time = 0.00s, Memory = 0.0K)
Checking Rule PESVASETUP01 for module prescale_mux (Rule 136 of total 430) .... done (Time = 0.00s, Memory = 0.0K)
Checking Rule HangingNetPreReq-ML for module prescale_mux (Rule 137 of total 430) .... done (Time = 0.00s, Memory = 0.0K)
Checking Rule _meta_delay01 for module prescale_mux (Rule 138 of total 430) .... done (Time = 0.00s, Memory = 0.0K)
Checking Rule SDC2SGDCPARSE for module prescale_mux (Rule 139 of total 430) .... done (Time = 0.00s, Memory = 0.0K)
Checking Rule _cdc_save_license01 for module prescale_mux (Rule 140 of total 430) .... done (Time = 0.00s, Memory = 0.0K)
Checking Rule Reset_check05 for module prescale_mux (Rule 141 of total 430) .... done (Time = 0.00s, Memory = 0.0K)
Checking Rule _syncResetStyleRTL for module prescale_mux (Rule 142 of total 430) .... done (Time = 0.00s, Memory = 0.0K)
Checking Rule Ac_svasetup01 for module prescale_mux (Rule 143 of total 430) .... done (Time = 0.00s, Memory = 0.0K)
Checking Rule Txv_SvaSetup01 for module SYSTEM_TOP (Rule 134 of total 430) .... done (Time = 0.00s, Memory = 0.0K)
Checking Rule LogNMuxPrereq for module SYSTEM_TOP (Rule 135 of total 430) .... done (Time = 0.00s, Memory = 0.0K)
Checking Rule PESVASETUP01 for module SYSTEM_TOP (Rule 136 of total 430) .... done (Time = 0.00s, Memory = 0.0K)
Checking Rule HangingNetPreReq-ML for module SYSTEM_TOP (Rule 137 of total 430) .... done (Time = 0.00s, Memory = 0.0K)
Checking Rule _meta_delay01 for module SYSTEM_TOP (Rule 138 of total 430) .... done (Time = 0.00s, Memory = 0.0K)
Checking Rule SDC2SGDCPARSE for module SYSTEM_TOP (Rule 139 of total 430) .... done (Time = 0.00s, Memory = 0.0K)
Checking Rule _cdc_save_license01 for module SYSTEM_TOP (Rule 140 of total 430) .... done (Time = 0.00s, Memory = 0.0K)
Checking Rule Reset_check05 for module SYSTEM_TOP (Rule 141 of total 430) .... done (Time = 0.00s, Memory = 0.0K)
Checking Rule _syncResetStyleRTL for module SYSTEM_TOP (Rule 142 of total 430) .... done (Time = 0.00s, Memory = 0.0K)
Checking Rule Ac_svasetup01 for module SYSTEM_TOP (Rule 143 of total 430) .... done (Time = 0.00s, Memory = 0.0K)
Performing semantic checks on SGDC contents
Checking Rule SGDC_testmode03 (Rule 98 of total 430) .... done (Time = 0.00s, Memory = 0.0K)
Checking Rule checkSGDC_01 (Rule 144 of total 430) .... done (Time = 0.00s, Memory = 0.0K)
Checking Rule checkSGDC_03 (Rule 145 of total 430) .... done (Time = 0.00s, Memory = 0.0K)
Checking Rule checkSGDC_08 (Rule 146 of total 430) .... done (Time = 0.00s, Memory = 0.0K)
Checking Rule SGDC_memorywritepin04 (Rule 147 of total 430) .... done (Time = 0.00s, Memory = 0.0K)
Checking Rule SGDC_reset02 (Rule 148 of total 430) .... done (Time = 0.00s, Memory = 0.0K)
Checking Rule SGDC_reset03 (Rule 149 of total 430) .... done (Time = 0.00s, Memory = 7.5K)
Checking Rule SGDC_waive23 (Rule 150 of total 430) .... done (Time = 0.00s, Memory = 0.0K)
Checking Rule SGDC_waive26 (Rule 151 of total 430) .... done (Time = 0.00s, Memory = 0.3K)
Checking Rule SGDC_waive27 (Rule 152 of total 430) .... done (Time = 0.00s, Memory = 0.0K)
Checking Rule SGDC_waive29 (Rule 153 of total 430) .... done (Time = 0.00s, Memory = 0.0K)
Checking Rule SGDC_libgroup03 (Rule 154 of total 430) .... done (Time = 0.00s, Memory = 0.0K)
Checking Rule SGDC_ungroup02 (Rule 155 of total 430) .... done (Time = 0.00s, Memory = 24.0K)
Checking Rule _abstractPortSGDC (Rule 156 of total 430) .... done (Time = 0.00s, Memory = -21.2K)
Checking Rule SGDC_abstract_port03 (Rule 157 of total 430) .... done (Time = 0.00s, Memory = 0.0K)
Checking Rule SGDC_abstract_port04 (Rule 158 of total 430) .... done (Time = 0.00s, Memory = 0.0K)
Checking Rule SGDC_abstract_port05 (Rule 159 of total 430) .... done (Time = 0.00s, Memory = 21.0K)
Checking Rule SGDC_abstract_port07 (Rule 160 of total 430) .... done (Time = 0.00s, Memory = -6.2K)
Checking Rule SGDC_abstract_port08 (Rule 161 of total 430) .... done (Time = 0.00s, Memory = 0.0K)
Checking Rule SGDC_abstract_port10 (Rule 162 of total 430) .... done (Time = 0.00s, Memory = 0.0K)
Checking Rule SGDC_abstract_port11 (Rule 163 of total 430) .... done (Time = 0.00s, Memory = 0.0K)
Checking Rule SGDC_abstract_port12 (Rule 164 of total 430) .... done (Time = 0.00s, Memory = 0.4K)
Checking Rule SGDC_abstract_port13 (Rule 165 of total 430) .... done (Time = 0.00s, Memory = 0.0K)
Checking Rule _deltaDelayNom (Rule 166 of total 430) .... done (Time = 0.00s, Memory = 0.0K)
Checking Rule ReportUngroup (Rule 167 of total 430) .... done (Time = 0.00s, Memory = 0.0K)
Checking Rule SGDC_allow_combo_logic02 (Rule 168 of total 430) .... done (Time = 0.00s, Memory = 0.0K)
Checking Rule _portRetenClocknReset (Rule 169 of total 430) .... done (Time = 0.00s, Memory = 0.0K)
Checking Rule _portReten (Rule 170 of total 430) .... done (Time = 0.00s, Memory = 0.9K)
Checking Rule LP_POWERDATA_INFO (Rule 171 of total 430) .... done (Time = 0.00s, Memory = 0.0K)
Checking Rule SGDC_abstract_port21 (Rule 172 of total 430) .... done (Time = 0.00s, Memory = 0.0K)
Checking Rule SDC2SGDC_WRN01 (Rule 173 of total 430) .... done (Time = 0.00s, Memory = 0.0K)
Checking Rule SDC2SGDC_STX01 (Rule 174 of total 430) .... done (Time = 0.00s, Memory = 0.0K)
Checking Rule SGDC_input02 (Rule 175 of total 430) .... done (Time = 0.00s, Memory = 0.0K)
Checking Rule SGDC_input03 (Rule 176 of total 430) .... done (Time = 0.00s, Memory = 3.1K)
Checking Rule SGDC_output02 (Rule 177 of total 430) .... done (Time = 0.00s, Memory = 0.8K)
Checking Rule SGDC_output04 (Rule 178 of total 430) .... done (Time = 0.00s, Memory = 0.0K)
Checking Rule SGDC_numflops03a (Rule 179 of total 430) .... done (Time = 0.00s, Memory = 8.0K)
Checking Rule SGDC_numflops03b (Rule 180 of total 430) .... done (Time = 0.00s, Memory = 19.8K)
Checking Rule SGDC_sync_cell02b (Rule 181 of total 430) .... done (Time = 0.00s, Memory = 0.0K)
Checking Rule SGDC_qualifier02c (Rule 182 of total 430) .... done (Time = 0.00s, Memory = 1.6K)
Checking Rule SGDC_qualifier03c (Rule 183 of total 430) .... done (Time = 0.00s, Memory = 3.8K)
Checking Rule LPwrRulesSetup (Rule 184 of total 430) .... done (Time = 0.00s, Memory = 29.7K)
 Flattening SYSTEM_TOP ....
 Flattening completed
Checking Rule Domain_Conflict01 (Rule 185 of total 430) .... done (Time = 0.00s, Memory = 0.6K)
Checking Rule Domain_Matrix01 (Rule 186 of total 430) .... done (Time = 0.00s, Memory = 0.0K)
Checking Rule Domain_Missing01 (Rule 187 of total 430) .... done (Time = 0.00s, Memory = 0.0K)
Checking Rule SDC_Mapping01 (Rule 188 of total 430) .... done (Time = 0.00s, Memory = 0.0K)
Checking Rule SDC2SGDCPARSEW (Rule 189 of total 430)
AtrDomain: Inferring Clock Domains...CLOCK_STA mode..Done. (Time Taken=0s)
AtrDomain: Generating Clock Domain Reports...Done. (Time Taken=0s)
 .... done (Time = 0.01s, Memory = 29.9K)
 Flattening SYSTEM_TOP (.lib instances separately flattened) ....
 Flattening completed
Checking Rule SGDC_quasi_static_style01 (Rule 190 of total 430) .... done (Time = 0.00s, Memory = 0.6K)
Checking Rule SignalTypeSetup (Rule 191 of total 430) .... done (Time = 0.00s, Memory = -15.6K)
Checking Rule _allowInst (Rule 192 of total 430) .... done (Time = 0.00s, Memory = -1.3K)
Checking Rule _ipblock (Rule 193 of total 430) .... done (Time = 0.00s, Memory = 0.0K)
Checking Rule _rstSyncCellInst (Rule 194 of total 430) .... done (Time = 0.00s, Memory = 0.0K)
Checking Rule _syncCellDelayedQualifier (Rule 195 of total 430) .... done (Time = 0.00s, Memory = 0.0K)
Checking Rule _repeaterCellInst (Rule 196 of total 430) .... done (Time = 0.00s, Memory = -1.8K)
Checking Rule _abstract_port (Rule 197 of total 430) .... done (Time = 0.00s, Memory = 9.8K)
Checking Rule Clock_setup02 (Rule 198 of total 430) .... done (Time = 0.00s, Memory = 20.5K)
Checking Rule Clockmatrix01 (Rule 199 of total 430) .... done (Time = 0.00s, Memory = 4.8K)
Checking Rule Clock_prop (Rule 200 of total 430) .... done (Time = 0.00s, Memory = 614.8K)
Checking Rule Reset_prop (Rule 201 of total 430) .... done (Time = 0.00s, Memory = 86.1K)
Checking Rule SGDC_generated_clock06 (Rule 202 of total 430) .... done (Time = 0.00s, Memory = 0.0K)
Checking Rule Propagate_Clocks (Rule 203 of total 430) .... done (Time = 0.01s, Memory = 352.8K)
Checking Rule _syncreset_prop (Rule 204 of total 430) .... done (Time = 0.00s, Memory = 15.4K)
Checking Rule _syncc (Rule 205 of total 430) .... done (Time = 0.00s, Memory = 4.4K)
Checking Rule _syncb (Rule 206 of total 430) .... done (Time = 0.00s, Memory = 7.6K)
Checking Rule _resetPathCross (Rule 207 of total 430) .... done (Time = 0.00s, Memory = -0.2K)
Checking Rule FalsePathSetup (Rule 208 of total 430) .... done (Time = 0.00s, Memory = 0.0K)
Checking Rule _fifo01 (Rule 209 of total 430) .... done (Time = 0.00s, Memory = 0.0K)
Checking Rule _syncfifo (Rule 210 of total 430) .... done (Time = 0.00s, Memory = 0.0K)
Checking Rule _syncUDfifo (Rule 211 of total 430) .... done (Time = 0.00s, Memory = -2.0K)
Checking Rule _syncdw (Rule 212 of total 430) .... done (Time = 0.00s, Memory = -0.6K)
Checking Rule _syncd (Rule 213 of total 430) .... done (Time = 0.00s, Memory = 28.8K)
Checking Rule _syncg (Rule 214 of total 430) .... done (Time = 0.00s, Memory = -36.0K)
Checking Rule _sync_clock (Rule 215 of total 430) .... done (Time = 0.00s, Memory = 0.0K)
Checking Rule _sync_gp (Rule 216 of total 430) .... done (Time = 0.00s, Memory = 0.0K)
Checking Rule _sync_and (Rule 217 of total 430) .... done (Time = 0.00s, Memory = 23.6K)
Checking Rule _synci (Rule 218 of total 430) .... done (Time = 0.00s, Memory = 0.0K)
Checking Rule _sync_qualifier (Rule 219 of total 430) .... done (Time = 0.00s, Memory = -25.5K)
Checking Rule SGDC_fifo11 (Rule 220 of total 430) .... done (Time = 0.00s, Memory = 0.0K)
Checking Rule SGDC_fifo12 (Rule 221 of total 430) .... done (Time = 0.00s, Memory = 0.0K)
Checking Rule SGDC_fifo13 (Rule 222 of total 430) .... done (Time = 0.00s, Memory = 0.0K)
Checking Rule SGDC_fifo14 (Rule 223 of total 430) .... done (Time = 0.00s, Memory = 0.0K)
Checking Rule Gen_diff01 (Rule 224 of total 430) .... done (Time = 0.00s, Memory = 0.0K)
Checking Rule _debugData (Rule 225 of total 430) .... done (Time = 0.01s, Memory = 61.1K)
Checking Rule Ac_Sync_Init (Rule 226 of total 430) .... done (Time = 0.01s, Memory = 526.0K)
Checking Rule _propagate_cdcAttrib (Rule 227 of total 430) .... done (Time = 0.00s, Memory = 4.1K)
Checking Rule Ar_Cross_Init (Rule 228 of total 430) .... done (Time = 0.00s, Memory = 0.0K)
Checking Rule SGDC_cdc_define_transition01 (Rule 229 of total 430) .... done (Time = 0.00s, Memory = 0.0K)
Checking Rule UPF_lowpower08PR (Rule 230 of total 430) .... done (Time = 0.00s, Memory = -0.1K)
Checking Rule UPF_lowpower08 (Rule 231 of total 430) .... done (Time = 0.00s, Memory = 0.0K)
Checking Rule Setup_check01 (Rule 232 of total 430) .... done (Time = 0.00s, Memory = -2.8K)
Checking Rule Setup_check02 (Rule 233 of total 430) .... done (Time = 0.00s, Memory = 3.1K)
Checking Rule Info_Case_Analysis (Rule 234 of total 430) .... done (Time = 0.00s, Memory = -42.3K)
Checking Rule SGDC_set_case_analysis_LC (Rule 235 of total 430) .... done (Time = 0.00s, Memory = 47.8K)
Checking Rule Setup_quasi_static01 (Rule 236 of total 430) .... done (Time = 0.01s, Memory = 67.3K)
Checking Rule SGDC_signal_in_domain02 (Rule 237 of total 430) .... done (Time = 0.00s, Memory = 1.6K)
Checking Rule SGDC_signal_in_domain04 (Rule 238 of total 430) .... done (Time = 0.00s, Memory = 4.7K)
Checking Rule SGDC_numflops03c (Rule 239 of total 430) .... done (Time = 0.00s, Memory = 0.0K)
Checking Rule SGDC_numflops04 (Rule 240 of total 430) .... done (Time = 0.00s, Memory = 0.0K)
Checking Rule SGDC_numflops05 (Rule 241 of total 430) .... done (Time = 0.00s, Memory = 0.0K)
Checking Rule SGDC_numflops06 (Rule 242 of total 430) .... done (Time = 0.00s, Memory = 0.0K)
Checking Rule SGDC_numflops11 (Rule 243 of total 430) .... done (Time = 0.00s, Memory = 0.0K)
Checking Rule SGDC_numflops13 (Rule 244 of total 430) .... done (Time = 0.00s, Memory = 0.0K)
Checking Rule SGDC_numflops14 (Rule 245 of total 430) .... done (Time = 0.00s, Memory = 0.0K)
Checking Rule SGDC_clocksense02 (Rule 246 of total 430) .... done (Time = 0.00s, Memory = 0.0K)
Checking Rule SGDC_clocksense03 (Rule 247 of total 430) .... done (Time = 0.00s, Memory = 0.0K)
Checking Rule SGDC_sgclkgroup01 (Rule 248 of total 430) .... done (Time = 0.00s, Memory = 0.0K)
Checking Rule SGDC_sgclkgroup02 (Rule 249 of total 430) .... done (Time = 0.00s, Memory = 8.0K)
Checking Rule SGDC_sgclkgroup03 (Rule 250 of total 430) .... done (Time = 0.00s, Memory = 0.0K)
Checking Rule SGDC_check_clock_relation01a (Rule 251 of total 430) .... done (Time = 0.00s, Memory = -32.0K)
Checking Rule SGDC_check_clock_relation01b (Rule 252 of total 430) .... done (Time = 0.00s, Memory = 3.4K)
Checking Rule SGDC_check_clock_relation01c (Rule 253 of total 430) .... done (Time = 0.00s, Memory = -1.1K)
Checking Rule SGDC_check_clock_relation02a (Rule 254 of total 430) .... done (Time = 0.00s, Memory = 0.0K)
Checking Rule SGDC_check_clock_relation02b (Rule 255 of total 430) .... done (Time = 0.00s, Memory = 0.0K)
Checking Rule SGDC_check_clock_relation02c (Rule 256 of total 430) .... done (Time = 0.00s, Memory = 0.0K)
Checking Rule SGDC_check_clock_relation03b (Rule 257 of total 430) .... done (Time = 0.00s, Memory = 0.0K)
Checking Rule SGDC_check_clock_relation04b (Rule 258 of total 430) .... done (Time = 0.00s, Memory = 0.0K)
Checking Rule CheckClockRelationSetup (Rule 259 of total 430) .... done (Time = 0.00s, Memory = 0.0K)
Checking Rule SGDC_gray_signals01 (Rule 260 of total 430) .... done (Time = 0.00s, Memory = -0.9K)
Checking Rule SGDC_gray_signals02 (Rule 261 of total 430) .... done (Time = 0.00s, Memory = 0.0K)
Checking Rule SGDC_gray_signals03 (Rule 262 of total 430) .... done (Time = 0.00s, Memory = 0.0K)
Checking Rule SGDC_qualifier02a (Rule 263 of total 430) .... done (Time = 0.00s, Memory = 31.6K)
Checking Rule SGDC_qualifier03a (Rule 264 of total 430) .... done (Time = 0.00s, Memory = 0.0K)
Checking Rule SGDC_qualifier04 (Rule 265 of total 430) .... done (Time = 0.00s, Memory = 31.2K)
Checking Rule SGDC_qualifier05 (Rule 266 of total 430) .... done (Time = 0.00s, Memory = -2.0K)
Checking Rule SGDC_qualifier08 (Rule 267 of total 430) .... done (Time = 0.00s, Memory = 0.0K)
Checking Rule QualifierSetup (Rule 268 of total 430) .... done (Time = 0.00s, Memory = 4.7K)
Checking Rule ResetSynchronizerSetup (Rule 269 of total 430) .... done (Time = 0.00s, Memory = -32.0K)
Checking Rule SGDC_validation_filter_path03 (Rule 270 of total 430) .... done (Time = 0.00s, Memory = -5.9K)
Checking Rule SGDC_qualifier10 (Rule 271 of total 430) .... done (Time = 0.00s, Memory = 0.0K)
Checking Rule SGDC_qualifier11 (Rule 272 of total 430) .... done (Time = 0.00s, Memory = 0.0K)
Checking Rule SGDC_qualifier12 (Rule 273 of total 430) .... done (Time = 0.00s, Memory = 0.0K)
Checking Rule SGDC_qualifier13 (Rule 274 of total 430) .... done (Time = 0.00s, Memory = -0.4K)
Checking Rule SGDC_qualifier14 (Rule 275 of total 430) .... done (Time = 0.00s, Memory = -0.2K)
Checking Rule SGDC_qualifier16 (Rule 276 of total 430) .... done (Time = 0.00s, Memory = 0.0K)
Checking Rule SGDC_qualifier18 (Rule 277 of total 430) .... done (Time = 0.00s, Memory = 0.0K)
Checking Rule SGDC_qualifier19a (Rule 278 of total 430) .... done (Time = 0.00s, Memory = 0.0K)
Checking Rule SGDC_qualifier19b (Rule 279 of total 430) .... done (Time = 0.00s, Memory = 0.0K)
Checking Rule SGDC_qualifier19c (Rule 280 of total 430) .... done (Time = 0.00s, Memory = -32.0K)
Checking Rule SGDC_qualifier20b (Rule 281 of total 430) .... done (Time = 0.00s, Memory = -1.8K)
Checking Rule SGDC_qualifier21 (Rule 282 of total 430) .... done (Time = 0.00s, Memory = 0.0K)
Checking Rule SGDC_qualifier22 (Rule 283 of total 430) .... done (Time = 0.00s, Memory = 9.8K)
Checking Rule SGDC_qualifier23 (Rule 284 of total 430) .... done (Time = 0.00s, Memory = -1.5K)
Checking Rule SGDC_virtualclock01 (Rule 285 of total 430) .... done (Time = 0.00s, Memory = 0.0K)
Checking Rule SGDC_virtualreset01 (Rule 286 of total 430) .... done (Time = 0.00s, Memory = 0.0K)
Checking Rule SGDC_abstract_port19 (Rule 287 of total 430) .... done (Time = 0.00s, Memory = -3.0K)
Checking Rule SGDC_abstract_port20 (Rule 288 of total 430) .... done (Time = 0.00s, Memory = 0.2K)
Checking Rule RFPSetup (Rule 289 of total 430) .... done (Time = 0.00s, Memory = 0.1K)
Checking Rule SGDC_reset_filter_path02a (Rule 290 of total 430) .... done (Time = 0.00s, Memory = 1.0K)
Checking Rule SGDC_reset_filter_path02b (Rule 291 of total 430) .... done (Time = 0.00s, Memory = 0.0K)
Checking Rule SGDC_reset_filter_path02c (Rule 292 of total 430) .... done (Time = 0.00s, Memory = 0.0K)
Checking Rule SGDC_reset_filter_path03a (Rule 293 of total 430) .... done (Time = 0.00s, Memory = 0.0K)
Checking Rule SGDC_reset_filter_path03b (Rule 294 of total 430) .... done (Time = 0.00s, Memory = 0.0K)
Checking Rule SGDC_reset_filter_path03c (Rule 295 of total 430) .... done (Time = 0.00s, Memory = 0.7K)
Checking Rule SGDC_reset_filter_path04b (Rule 296 of total 430) .... done (Time = 0.00s, Memory = 27.1K)
Checking Rule SGDC_reset_filter_path07a (Rule 297 of total 430) .... done (Time = 0.00s, Memory = 8.0K)
Checking Rule SGDC_reset_filter_path07b (Rule 298 of total 430) .... done (Time = 0.00s, Memory = 0.0K)
Checking Rule SGDC_reset_filter_path07c (Rule 299 of total 430) .... done (Time = 0.00s, Memory = -24.4K)
Checking Rule SGDC_define_reset_order03 (Rule 300 of total 430) .... done (Time = 0.00s, Memory = 12.7K)
Checking Rule SGDC_define_reset_order04 (Rule 301 of total 430) .... done (Time = 0.00s, Memory = -2.2K)
Checking Rule SGDC_define_reset_order05 (Rule 302 of total 430) .... done (Time = 0.00s, Memory = -3.5K)
Checking Rule SGDC_cdc_false_path06 (Rule 303 of total 430) .... done (Time = 0.00s, Memory = 32.0K)
Checking Rule SGDC_cdc_false_path07 (Rule 304 of total 430) .... done (Time = 0.00s, Memory = 0.0K)
Checking Rule SGDC_cdc_false_path08 (Rule 305 of total 430) .... done (Time = 0.00s, Memory = 0.0K)
Checking Rule CDCSet_License01 (Rule 306 of total 430) .... done (Time = 0.00s, Memory = -32.3K)
Checking Rule Clock_info03a (Rule 307 of total 430) .... done (Time = 0.00s, Memory = -10.8K)
Checking Rule Clock_info03b (Rule 308 of total 430) .... done (Time = 0.01s, Memory = -47.0K)
Checking Rule Clock_info03c (Rule 309 of total 430) .... done (Time = 0.00s, Memory = 0.0K)
Checking Rule Ac_coherency06 (Rule 310 of total 430) .... done (Time = 0.00s, Memory = 2.7K)
Checking Rule Ac_unsync01 (Rule 311 of total 430) .... done (Time = 0.00s, Memory = 0.0K)
Checking Rule Ac_unsync02 (Rule 312 of total 430) .... done (Time = 0.00s, Memory = 0.4K)
Checking Rule Ac_sync01 (Rule 313 of total 430) .... done (Time = 0.00s, Memory = 0.0K)
Checking Rule Ac_sync02 (Rule 314 of total 430) .... done (Time = 0.00s, Memory = 30.2K)
Checking Rule Ac_crossing01 (Rule 315 of total 430) .... done (Time = 0.00s, Memory = -6.3K)
Checking Rule Propagate_Resets (Rule 316 of total 430) .... done (Time = 0.00s, Memory = -5.6K)
Checking Rule _reset_sync (Rule 317 of total 430) .... done (Time = 0.00s, Memory = 0.0K)
Checking Rule Setup_port01 (Rule 318 of total 430) .... done (Time = 0.00s, Memory = 0.0K)
Checking Rule Setup_blackbox01 (Rule 319 of total 430) .... done (Time = 0.00s, Memory = 0.0K)
Checking Rule Setup_library01 (Rule 320 of total 430) .... done (Time = 0.00s, Memory = 0.0K)
Checking Rule Reset_check11 (Rule 321 of total 430) .... done (Time = 0.01s, Memory = 25.5K)
Checking Rule Reset_info09a (Rule 322 of total 430) .... done (Time = 0.00s, Memory = -3.0K)
Checking Rule Clock_sync05 (Rule 323 of total 430) .... done (Time = 0.00s, Memory = -35.0K)
Checking Rule Clock_sync06 (Rule 324 of total 430) .... done (Time = 0.00s, Memory = 0.0K)
Checking Rule Clock_info02 (Rule 325 of total 430) .... done (Time = 0.00s, Memory = -44.6K)
Checking Rule Reset_info02 (Rule 326 of total 430) .... done (Time = 0.00s, Memory = 0.1K)
Checking Rule Clock_info05 (Rule 327 of total 430) .... done (Time = 0.00s, Memory = 0.0K)
Checking Rule Clock_info05b (Rule 328 of total 430) .... done (Time = 0.00s, Memory = 0.0K)
Checking Rule Reset_check03 (Rule 329 of total 430) .... done (Time = 0.00s, Memory = 11.1K)
Checking Rule _clkWrapModules (Rule 330 of total 430) .... done (Time = 0.00s, Memory = 0.5K)
Checking Rule _clock_hier_rules (Rule 331 of total 430) .... done (Time = 0.00s, Memory = 4.7K)
Checking Rule Reset_check12 (Rule 332 of total 430) .... done (Time = 0.00s, Memory = 39.9K)
Checking Rule Ar_sync_init (Rule 333 of total 430) .... done (Time = 0.01s, Memory = -43.9K)
Checking Rule _constrCoverage (Rule 334 of total 430) .... done (Time = 0.00s, Memory = 17.3K)
Checking Rule Clock_info15 (Rule 335 of total 430) .... done (Time = 0.01s, Memory = -23.3K)
Checking Rule Reset_check10 (Rule 336 of total 430) .... done (Time = 0.00s, Memory = 25.0K)
Checking Rule Reset_sync02 (Rule 337 of total 430) .... done (Time = 0.00s, Memory = 0.0K)
Checking Rule SGDC_clockreset02 (Rule 338 of total 430) .... done (Time = 0.00s, Memory = -32.0K)
Checking Rule Param_clockreset02 (Rule 339 of total 430) .... done (Time = 0.00s, Memory = 3.0K)
Checking Rule Param_clockreset04 (Rule 340 of total 430) .... done (Time = 0.00s, Memory = 0.0K)
Checking Rule Setup_clockreset01 (Rule 341 of total 430) .... done (Time = 0.00s, Memory = 0.0K)
Checking Rule Clock_check07 (Rule 342 of total 430) .... done (Time = 0.00s, Memory = 0.0K)
Checking Rule Clock_check10 (Rule 343 of total 430) .... done (Time = 0.00s, Memory = -2.2K)
Checking Rule Reset_check08 (Rule 344 of total 430) .... done (Time = 0.00s, Memory = 0.0K)
Checking Rule Clock_converge01 (Rule 345 of total 430) .... done (Time = 0.00s, Memory = 0.0K)
Checking Rule Ar_converge01 (Rule 346 of total 430) .... done (Time = 0.00s, Memory = 0.6K)
Checking Rule SGDC_noclockcell_start01 (Rule 347 of total 430) .... done (Time = 0.00s, Memory = 0.0K)
Checking Rule Ac_initseq01 (Rule 348 of total 430) .... done (Time = 0.00s, Memory = 0.0K)
Checking Rule Ac_init01 (Rule 349 of total 430) .... done (Time = 0.00s, Memory = 0.4K)
Checking Rule _ac_Auxi01 (Rule 350 of total 430) .... done (Time = 0.00s, Memory = 0.0K)
Checking Rule Ac_sanity02 (Rule 351 of total 430) .... done (Time = 0.00s, Memory = 0.0K)
Checking Rule _glitch_init (Rule 352 of total 430) .... done (Time = 0.00s, Memory = -29.3K)
Checking Rule Ac_initstate01 (Rule 353 of total 430) .... done (Time = 0.00s, Memory = 0.0K)
Checking Rule Ac_conv02 (Rule 354 of total 430) .... done (Time = 0.00s, Memory = -19.4K)
Checking Rule Ac_conv02setup01 (Rule 355 of total 430) .... done (Time = 0.00s, Memory = 0.0K)
Checking Rule Ac_conv01 (Rule 356 of total 430) .... done (Time = 0.00s, Memory = -19.8K)
Checking Rule Ac_conv03 (Rule 357 of total 430) .... done (Time = 0.00s, Memory = 6.1K)
Checking Rule Ac_conv04 (Rule 358 of total 430) .... done (Time = 0.00s, Memory = 5.0K)
Checking Rule Ac_abs01 (Rule 359 of total 430) .... done (Time = 0.00s, Memory = 0.0K)
Checking Rule Ac_glitch03 (Rule 360 of total 430) .... done (Time = 0.00s, Memory = 0.0K)
Checking Rule Ac_clockperiod01 (Rule 361 of total 430) .... done (Time = 0.00s, Memory = 0.0K)
Checking Rule Ac_clockperiod02 (Rule 362 of total 430) .... done (Time = 0.00s, Memory = -3.3K)
Checking Rule Ac_clockperiod03 (Rule 363 of total 430) .... done (Time = 0.00s, Memory = 0.0K)
Checking Rule Ac_report01 (Rule 364 of total 430) .... done (Time = 0.00s, Memory = 0.0K)
Checking Rule AllowComboLogicSetup (Rule 365 of total 430) .... done (Time = 0.00s, Memory = 0.0K)
Checking Rule Ac_resetvalue01 (Rule 366 of total 430) .... done (Time = 0.00s, Memory = 10.6K)
Checking Rule Ac_abstract_validation01 (Rule 367 of total 430) .... done (Time = 0.00s, Memory = 512.0K)
Checking Rule SGDC_abstract_mapping01 (Rule 368 of total 430) .... done (Time = 0.00s, Memory = 0.0K)
Checking Rule Ac_upfsetup02 (Rule 369 of total 430) .... done (Time = 0.00s, Memory = 0.0K)
Checking Rule Ac_upfsetup01 (Rule 370 of total 430) .... done (Time = 0.00s, Memory = -256.0K)
Checking Rule Ac_psync_init (Rule 371 of total 430) .... done (Time = 0.00s, Memory = 0.0K)
Checking Rule Ac_psetup01 (Rule 372 of total 430) .... done (Time = 0.00s, Memory = 0.0K)
Checking Rule Clock_exit01 (Rule 373 of total 430) .... done (Time = 0.00s, Memory = 0.0K)
Checking Rule SGDC_reset_synchronizer02 (Rule 374 of total 430) .... done (Time = 0.00s, Memory = 0.0K)
Checking Rule SGDC_reset_synchronizer04 (Rule 375 of total 430) .... done (Time = 0.00s, Memory = -32.0K)
Checking Rule SGDC_reset_synchronizer06 (Rule 376 of total 430) .... done (Time = 0.00s, Memory = -1.2K)
Checking Rule SGDC_reset_synchronizer08 (Rule 377 of total 430) .... done (Time = 0.00s, Memory = 0.0K)
Checking Rule SGDC_reset_synchronizer10 (Rule 378 of total 430) .... done (Time = 0.00s, Memory = 32.0K)
Checking Rule AnalyzeBBox (Rule 379 of total 430) .... done (Time = 0.00s, Memory = 0.0K)
Checking Rule ReportCheckDataSummary (Rule 95 of total 430) .... done (Time = 0.00s, Memory = -1.0K)

Generating data for Console...

SpyGlass Rule Checking Complete.

Generating moresimple report from './spyglass-1/cdc/cdc_verify_struct/spyglass.vdb' to './spyglass-1/cdc/cdc_verify_struct/spyglass_reports/moresimple.rpt' ....

Generating runsummary report from './spyglass-1/cdc/cdc_verify_struct/spyglass.vdb' ....

Generating no_msg_reporting_rules report from './spyglass-1/cdc/cdc_verify_struct/spyglass.vdb' to './spyglass-1/cdc/cdc_verify_struct/spyglass_reports/no_msg_reporting_rules.rpt' ....

Generating CDC-report report from './spyglass-1/cdc/cdc_verify_struct/spyglass.vdb' to './spyglass-1/cdc/cdc_verify_struct/spyglass_reports/CDC-report.rpt' ....

Generating CKSGDCInfo report from './spyglass-1/cdc/cdc_verify_struct/spyglass.vdb' to './spyglass-1/cdc/cdc_verify_struct/spyglass_reports/CKSGDCInfo.rpt' ....

Generating RSTree report from './spyglass-1/cdc/cdc_verify_struct/spyglass.vdb' to './spyglass-1/cdc/cdc_verify_struct/spyglass_reports/RSTree.rpt' ....

Generating CKTree report from './spyglass-1/cdc/cdc_verify_struct/spyglass.vdb' to './spyglass-1/cdc/cdc_verify_struct/spyglass_reports/CKTree.rpt' ....

Generating waiver report from './spyglass-1/cdc/cdc_verify_struct/spyglass.vdb' to './spyglass-1/cdc/cdc_verify_struct/spyglass_reports/waiver.rpt' ....

Policy specific data (reports) are present in the directory './spyglass-1/cdc/cdc_verify_struct/spyglass_reports'.

SpyGlass critical reports for the current run are present in directory './spyglass-1/consolidated_reports/cdc_cdc_verify_struct/'.

---------------------------------------------------------------------------------------------
Results Summary:
---------------------------------------------------------------------------------------------
   Goal Run           :      cdc/cdc_verify_struct
   Command-line read  :      0 error,      0 warning,      0 information message 
   Design Read        :      0 error,      0 warning,      6 information messages
      Found 1 top module:
         SYSTEM_TOP   (file: /home/ICer/IC/Projects/System/rtl/SYSTEM_TOP.v)

   Blackbox Resolution:      0 error,      0 warning,      0 information message 
   SGDC Checks        :      0 error,      0 warning,      1 information message 
** Policy clock-reset :     13 errors,     0 warning,     28 information messages
   -------------------------------------------------------------------------------------
   Total              :     13 errors,     0 warning,     35 information messages

  Total Number of Generated Messages     :        49 (13 errors, 1 warning, 35 Infos)
  Number of Waived Messages              :         1 (0 error, 1 warning, 0 Info)
  Number of Reported Messages            :        48 (13 errors, 0 warning, 35 Infos)

  NOTE: It is recommended to first fix/reconcile fatals/errors reported on
        lines starting with ** as subsequent issues might be related to it.
        Please re-run SpyGlass once ** prefixed lines are fatal/error clean.

---------------------------------------------------------------------------------------------


run_goal: info: updating spyglass.log with goal summary
---------------------------------------------------------------------------------------------------
Results Summary:
---------------------------------------------------------------------------------------------------
   Goal Run           :      cdc/cdc_verify_struct
   Top Module         :      SYSTEM_TOP
---------------------------------------------------------------------------------------------------
   Reports Directory: 
   /home/ICer/IC/Projects/System/CDC/spyglass-1/consolidated_reports/cdc_cdc_verify_struct/ 

   SpyGlass LogFile: 
    /home/ICer/IC/Projects/System/CDC/spyglass-1/cdc/cdc_verify_struct/spyglass.log 

   Standard Reports: 
     waiver.rpt          moresimple.rpt          no_msg_reporting_rules.rpt       

   HTML report:
    /home/ICer/IC/Projects/System/CDC/spyglass-1/html_reports/goals_summary.html
  

   Technology Reports:    CDC( Advance CDC  Structrual Verification )
     CDC-report.rpt          CKSGDCInfo.rpt          RSTree.rpt      
     CKTree.rpt        
   
---------------------------------------------------------------------------------------------------
   Goal Violation Summary:
       Waived   Messages:                      0 Errors,      1 Warnings,      0 Infos
       Reported Messages:         0 Fatals,   13 Errors,      0 Warnings,     35 Infos
---------------------------------------------------------------------------------------------------
   
   Technology Summary: CDC( Advance CDC )   
       Unsynchronized clock domain crossings= 11
       Convergences= 0
---------------------------------------------------------------------------------------------------
 
run_goal: info: spyglass.log successfully updated with goal summary
0 {Rule-checking completed with errors}
INFO:    SpyGlass will run goal(s) 'cdc/cdc_verify_struct'.


 Auto-compiling gates libraries

        "../std_cells/scmetro_tsmc_cl013g_rvt_ff_1p32v_m40c.lib"
        "../std_cells/scmetro_tsmc_cl013g_rvt_ss_1p08v_125c.lib"
        "../std_cells/scmetro_tsmc_cl013g_rvt_tt_1p2v_25c.lib"
    to
        "./spyglass-1/spyglass_cache/autogenerated_sglib/aggregate.sglib" ...already compiled

 Using this already compiled sglib for the current run ...

RULE-CHECKING IN MIXED MODE
Loading spyglass (SpyGlass_vL-2016.06) ... (picked from /home/synopsys/SpyGlass-L2016.06/SPYGLASS_HOME/policies/spyglass)
Loading clock-reset (SpyGlass_vL-2016.06) ... (picked from /home/synopsys/SpyGlass-L2016.06/SPYGLASS_HOME/policies/clock)

INFO [326]    SpyGlass Design Database './spyglass-1/.SG_SaveRestoreDB' can not be restored because:
              Following design files/directories have been modified since design save
    /home/ICer/IC/Projects/System/rtl/FSM_RX.v

              Saving Database again
Loading txv (SpyGlass_vL-2016.06) ... (picked from /home/synopsys/SpyGlass-L2016.06/SPYGLASS_HOME/policies/txv)

TXV_INFO Parameter txv_extract_domain will be renamed to txv_domain_mode in future!

Loading timing (SpyGlass_vL-2016.06) ... (picked from /home/synopsys/SpyGlass-L2016.06/SPYGLASS_HOME/policies/timing)
Loading starcad-21 (SpyGlass_vL-2016.06) ... (picked from /home/synopsys/SpyGlass-L2016.06/SPYGLASS_HOME/policies/starcad-21)
Loading starc2005 (SpyGlass_vL-2016.06) ... (picked from /home/synopsys/SpyGlass-L2016.06/SPYGLASS_HOME/policies/starc2005)
Loading starc2002 (SpyGlass_vL-2016.06) ... (picked from /home/synopsys/SpyGlass-L2016.06/SPYGLASS_HOME/policies/starc2002)
Loading starc (SpyGlass_vL-2016.06) ... (picked from /home/synopsys/SpyGlass-L2016.06/SPYGLASS_HOME/policies/starc)
Loading simulation (SpyGlass_vL-2016.06) ... (picked from /home/synopsys/SpyGlass-L2016.06/SPYGLASS_HOME/policies/simulation)
Loading power_est (SpyGlass_vL-2016.06) ... (picked from /home/synopsys/SpyGlass-L2016.06/SPYGLASS_HOME/policies/power_est)
Loading openmore (SpyGlass_vL-2016.06) ... (picked from /home/synopsys/SpyGlass-L2016.06/SPYGLASS_HOME/policies/openmore)
Loading morelint (SpyGlass_vL-2016.06) ... (picked from /home/synopsys/SpyGlass-L2016.06/SPYGLASS_HOME/policies/morelint)
Loading miscellaneous (SpyGlass_vL-2016.06) ... (picked from /home/synopsys/SpyGlass-L2016.06/SPYGLASS_HOME/policies/miscellaneous)
Loading lowpower (SpyGlass_vL-2016.06) ... (picked from /home/synopsys/SpyGlass-L2016.06/SPYGLASS_HOME/policies/lowpower)
Loading lint (SpyGlass_vL-2016.06) ... (picked from /home/synopsys/SpyGlass-L2016.06/SPYGLASS_HOME/policies/lint)
Loading latch (SpyGlass_vL-2016.06) ... (picked from /home/synopsys/SpyGlass-L2016.06/SPYGLASS_HOME/policies/latch)
Loading erc (SpyGlass_vL-2016.06) ... (picked from /home/synopsys/SpyGlass-L2016.06/SPYGLASS_HOME/policies/erc)
Loading dft_dsm (SpyGlass_vL-2016.06) ... (picked from /home/synopsys/SpyGlass-L2016.06/SPYGLASS_HOME/policies/dft_dsm)
Loading dft (SpyGlass_vL-2016.06) ... (picked from /home/synopsys/SpyGlass-L2016.06/SPYGLASS_HOME/policies/dft)
Loading constraints (SpyGlass_vL-2016.06) ... (picked from /home/synopsys/SpyGlass-L2016.06/SPYGLASS_HOME/policies/constraints)
Loading const_intern1 (SpyGlass_vL-2016.06) ... (picked from /home/synopsys/SpyGlass-L2016.06/SPYGLASS_HOME/policies/constraints)
Loading area (SpyGlass_vL-2016.06) ... (picked from /home/synopsys/SpyGlass-L2016.06/SPYGLASS_HOME/policies/area)
Loading Audits (SpyGlass_vL-2016.06) ... (picked from /home/synopsys/SpyGlass-L2016.06/SPYGLASS_HOME/policies/Audits)
 Reading sgdc file "SYSTEM_TOP.sgdc" ...
Performing unification checks on SGDC... done
Reading specified sglib files(s) ....
   Processing library: 'scmetro_tsmc_cl013g_rvt_ff_1p32v_m40c' .... done
   Processing library: 'scmetro_tsmc_cl013g_rvt_ss_1p08v_125c' .... done
   Processing library: 'scmetro_tsmc_cl013g_rvt_tt_1p2v_25c' .... done
Checking Rule AutoGenerateSglib (Rule 1 of total 430) .... done (Time = 0.00s, Memory = 0.0K)

INFO [76]    Using `./spyglass-1/WORK/64' as the Work Directory for 64bit precompiled dump.
Checking Rule SGDC_power_est29 (Rule 2 of total 430) .... done (Time = 0.00s, Memory = 1.3K)
Checking Rule PECHECK04 (Rule 3 of total 430) .... done (Time = 0.00s, Memory = 31.6K)
Checking Rule PECHECK18 (Rule 4 of total 430) .... done (Time = 0.00s, Memory = 0.0K)
Checking Rule PEMVDD01 (Rule 5 of total 430) .... done (Time = 0.00s, Memory = 5.6K)
Checking Rule Param_clockreset07 (Rule 6 of total 430) .... done (Time = 0.00s, Memory = 0.0K)
Checking Rule Clock_setup01 (Rule 7 of total 430) .... done (Time = 0.00s, Memory = 36.8K)
Checking Rule Param_clockreset06 (Rule 8 of total 430) .... done (Time = 0.00s, Memory = -2.5K)
Checking Rule SGDC_meta_monitor_attributes01 (Rule 9 of total 430) .... done (Time = 0.00s, Memory = 0.0K)
Checking Rule LP_POWERDATA_CHECK (Rule 10 of total 430) .... done (Time = 0.00s, Memory = 0.0K)
Checking Rule LP_POWERDATA_READ (Rule 11 of total 430) .... done (Time = 0.00s, Memory = 0.0K)
Checking Rule PrecompileLibCheck01 (Rule 12 of total 430) .... done (Time = 0.00s, Memory = 0.0K)
Checking Rule PrecompileLibCheck02 (Rule 13 of total 430) .... done (Time = 0.00s, Memory = 0.0K)
Checking Rule PrecompileLibCheck03 (Rule 14 of total 430) .... done (Time = 0.00s, Memory = -21.8K)
Checking Rule PrecompileLibCheck04 (Rule 15 of total 430) .... done (Time = 0.00s, Memory = -21.0K)
Checking Rule ReportSglibVersionSummary (Rule 16 of total 430) .... done (Time = 0.00s, Memory = 0.0K)
Checking Rule SGDC_assume_path01 (Rule 17 of total 430) .... done (Time = 0.00s, Memory = 0.0K)
Checking Rule SGDC_sdcschema02 (Rule 18 of total 430) .... done (Time = 0.00s, Memory = -8.6K)
Checking Rule SGDC_clock05 (Rule 19 of total 430) .... done (Time = 0.00s, Memory = 0.0K)
Checking Rule SGDC_clock09 (Rule 20 of total 430) .... done (Time = 0.00s, Memory = 0.0K)
Checking Rule SGDC_force_ta05 (Rule 21 of total 430) .... done (Time = 0.00s, Memory = 0.0K)
Checking Rule SGDC_require_path03 (Rule 22 of total 430) .... done (Time = 0.00s, Memory = 1.6K)
Checking Rule SGDC_require_value03 (Rule 23 of total 430) .... done (Time = 0.00s, Memory = 4.7K)
Checking Rule SGDC_voltagedomain05 (Rule 24 of total 430) .... done (Time = 0.00s, Memory = 0.0K)
Checking Rule SGDC_voltagedomain06 (Rule 25 of total 430) .... done (Time = 0.00s, Memory = 0.4K)
Checking Rule SGDC_voltagedomain07 (Rule 26 of total 430) .... done (Time = 0.00s, Memory = 23.0K)
Checking Rule SGDC_powerdomainoutputs02 (Rule 27 of total 430) .... done (Time = 0.00s, Memory = 0.0K)
Checking Rule SGDC_supply01 (Rule 28 of total 430) .... done (Time = 0.00s, Memory = -26.2K)
Checking Rule SGDC_waive01 (Rule 29 of total 430) .... done (Time = 0.00s, Memory = -20.0K)
Checking Rule SGDC_waive02 (Rule 30 of total 430) .... done (Time = 0.00s, Memory = 0.0K)
Checking Rule SGDC_waive03 (Rule 31 of total 430) .... done (Time = 0.00s, Memory = 0.0K)
Checking Rule SGDC_waive04 (Rule 32 of total 430) .... done (Time = 0.00s, Memory = 4.0K)
Checking Rule SGDC_waive05 (Rule 33 of total 430) .... done (Time = 0.00s, Memory = 0.0K)
Checking Rule SGDC_waive06 (Rule 34 of total 430) .... done (Time = 0.00s, Memory = 0.0K)
Checking Rule SGDC_waive07 (Rule 35 of total 430) .... done (Time = 0.00s, Memory = 0.0K)
Checking Rule SGDC_waive08 (Rule 36 of total 430) .... done (Time = 0.00s, Memory = 0.0K)
Checking Rule SGDC_waive09 (Rule 37 of total 430) .... done (Time = 0.00s, Memory = 0.0K)
Checking Rule SGDC_waive10 (Rule 38 of total 430) .... done (Time = 0.00s, Memory = 0.0K)
Checking Rule SGDC_waive11 (Rule 39 of total 430) .... done (Time = 0.00s, Memory = 0.0K)
Checking Rule SGDC_waive12 (Rule 40 of total 430) .... done (Time = 0.00s, Memory = 0.0K)
Checking Rule SGDC_waive13 (Rule 41 of total 430) .... done (Time = 0.00s, Memory = 0.0K)
Checking Rule SGDC_waive21 (Rule 42 of total 430) .... done (Time = 0.00s, Memory = 0.0K)
Checking Rule SGDC_waive22 (Rule 43 of total 430) .... done (Time = 0.00s, Memory = -0.1K)
Checking Rule SGDC_waive30 (Rule 44 of total 430) .... done (Time = 0.00s, Memory = 8.0K)
Checking Rule SGDC_waive32 (Rule 45 of total 430) .... done (Time = 0.00s, Memory = 0.0K)
Checking Rule SGDC_waive33 (Rule 46 of total 430) .... done (Time = 0.00s, Memory = 0.0K)
Checking Rule SGDC_waive36 (Rule 47 of total 430) .... done (Time = 0.00s, Memory = 8.0K)
Checking Rule SGDC_waive38 (Rule 48 of total 430) .... done (Time = 0.00s, Memory = 0.0K)
Checking Rule SGDC_fifo01 (Rule 49 of total 430) .... done (Time = 0.00s, Memory = 5.8K)
Checking Rule SGDC_libgroup01 (Rule 50 of total 430) .... done (Time = 0.00s, Memory = -0.7K)
Checking Rule SGDC_libgroup02 (Rule 51 of total 430) .... done (Time = 0.00s, Memory = 0.0K)
Checking Rule SGDC_libgroup04 (Rule 52 of total 430) .... done (Time = 0.00s, Memory = -0.2K)
Checking Rule SGDC_power_data01 (Rule 53 of total 430) .... done (Time = 0.00s, Memory = 15.0K)
Checking Rule SGDC_ungroup01 (Rule 54 of total 430) .... done (Time = 0.00s, Memory = 1.6K)
Checking Rule SGDC_abstract_port06 (Rule 55 of total 430) .... done (Time = 0.00s, Memory = 15.0K)
Checking Rule SGDC_abstract_port14 (Rule 56 of total 430) .... done (Time = 0.00s, Memory = 7.8K)
Checking Rule SGDC_abstract_port15 (Rule 57 of total 430) .... done (Time = 0.00s, Memory = -0.2K)
Checking Rule SGDC_abstract_port18 (Rule 58 of total 430) .... done (Time = 0.00s, Memory = 0.0K)
Checking Rule SDC2SGDC_INFO (Rule 59 of total 430) .... done (Time = 0.00s, Memory = 81.0K)
Checking Rule SDC_ParamSanityCheck (Rule 60 of total 430) .... done (Time = 0.00s, Memory = 0.0K)
Checking Rule SDC_Sanity_Rule (Rule 61 of total 430)SDC-file translator read from path : /home/synopsys/SpyGlass-L2016.06/SPYGLASS_HOME/auxi/sdcparser
 .... done (Time = 0.00s, Memory = -0.7K)
Checking Rule sdc_init_rule (Rule 62 of total 430) .... done (Time = 0.04s, Memory = -20.1K)
Checking Rule CMD_ignorelibs01 (Rule 63 of total 430) .... done (Time = 0.00s, Memory = 0.0K)
Checking Rule ReportRuleNotRun (Rule 64 of total 430) .... done (Time = 0.01s, Memory = -10.8K)
Checking Rule SGDC_generated_clock03 (Rule 65 of total 430) .... done (Time = 0.00s, Memory = 0.0K)
Checking Rule SGDC_generated_clock04 (Rule 66 of total 430) .... done (Time = 0.00s, Memory = 19.0K)
Checking Rule SGDC_generated_clock05 (Rule 67 of total 430) .... done (Time = 0.00s, Memory = 0.0K)
Checking Rule SGDC_quasi_static_style02 (Rule 68 of total 430) .... done (Time = 0.00s, Memory = 0.2K)
Checking Rule SGDC_syncresetstyle01 (Rule 69 of total 430) .... done (Time = 0.00s, Memory = 0.0K)
Checking Rule SGDC_network_allowed_cells01 (Rule 70 of total 430) .... done (Time = 0.00s, Memory = 19.8K)
Checking Rule SGDC_numflops01 (Rule 71 of total 430) .... done (Time = 0.00s, Memory = 0.0K)
Checking Rule SGDC_numflops07 (Rule 72 of total 430) .... done (Time = 0.00s, Memory = 0.0K)
Checking Rule SGDC_numflops08 (Rule 73 of total 430) .... done (Time = 0.00s, Memory = 5.6K)
Checking Rule SGDC_numflops09 (Rule 74 of total 430) .... done (Time = 0.00s, Memory = 0.0K)
Checking Rule SGDC_clocksense04 (Rule 75 of total 430) .... done (Time = 0.00s, Memory = -2.7K)
Checking Rule SGDC_check_clock_relation05a (Rule 76 of total 430) .... done (Time = 0.00s, Memory = -8.0K)
Checking Rule SGDC_check_clock_relation05b (Rule 77 of total 430) .... done (Time = 0.00s, Memory = 0.0K)
Checking Rule SGDC_sync_cell08a (Rule 78 of total 430) .... done (Time = 0.00s, Memory = 19.0K)
Checking Rule SGDC_sync_cell09a (Rule 79 of total 430) .... done (Time = 0.00s, Memory = 0.0K)
Checking Rule SGDC_qualifier06 (Rule 80 of total 430) .... done (Time = 0.00s, Memory = 4.0K)
Checking Rule SGDC_cdc_waive03 (Rule 81 of total 430) .... done (Time = 0.00s, Memory = 0.0K)
Checking Rule SGDC_qualifier09 (Rule 82 of total 430) .... done (Time = 0.00s, Memory = 0.5K)
Checking Rule SGDC_qualifier15 (Rule 83 of total 430) .... done (Time = 0.00s, Memory = -1.3K)
Checking Rule SGDC_allow_combo_logic01 (Rule 84 of total 430) .... done (Time = 0.00s, Memory = 4.7K)
Checking Rule SGDC_reset_filter_path01 (Rule 85 of total 430) .... done (Time = 0.00s, Memory = 0.0K)
Checking Rule SGDC_cdc_false_path05 (Rule 86 of total 430) .... done (Time = 0.00s, Memory = 0.0K)
Checking Rule Param_clockreset05 (Rule 87 of total 430) .... done (Time = 0.00s, Memory = 0.0K)
Checking Rule Ac_sanity01 (Rule 88 of total 430) .... done (Time = 0.00s, Memory = 0.0K)
Checking Rule Ac_sanity06 (Rule 89 of total 430) .... done (Time = 0.00s, Memory = 0.0K)
Checking Rule Ac_license01 (Rule 90 of total 430) .... done (Time = 0.00s, Memory = 1.4K)
Checking Rule SGDC_reset_synchronizer07 (Rule 91 of total 430) .... done (Time = 0.00s, Memory = 0.0K)
Checking Rule ReportStopSummary (Rule 92 of total 430) .... done (Time = 0.00s, Memory = -32.0K)
Checking Rule ReportIgnoreSummary (Rule 93 of total 430) .... done (Time = 0.00s, Memory = 0.0K)
 Analyzing source file "/home/ICer/IC/Projects/System/rtl/ALU.v" ....
 Analyzing source file "/home/ICer/IC/Projects/System/rtl/ASYNC_FIFO.v" ....
 Analyzing source file "/home/ICer/IC/Projects/System/rtl/Clk_Div.v" ....
 Analyzing source file "/home/ICer/IC/Projects/System/rtl/CLK_GATE.v" ....
 Analyzing source file "/home/ICer/IC/Projects/System/rtl/data_sampling.v" ....
 Analyzing source file "/home/ICer/IC/Projects/System/rtl/DATA_SYNC.v" ....
 Analyzing source file "/home/ICer/IC/Projects/System/rtl/deserializer.v" ....
 Analyzing source file "/home/ICer/IC/Projects/System/rtl/DF_SYNC.v" ....
 Analyzing source file "/home/ICer/IC/Projects/System/rtl/edge_bit_counter.v" ....
 Analyzing source file "/home/ICer/IC/Projects/System/rtl/FIFO_MEM_CNTRL.v" ....
 Analyzing source file "/home/ICer/IC/Projects/System/rtl/FIFO_RD.v" ....
 Analyzing source file "/home/ICer/IC/Projects/System/rtl/FIFO_WR.v" ....
 Analyzing source file "/home/ICer/IC/Projects/System/rtl/FSM_RX.v" ....
 Analyzing source file "/home/ICer/IC/Projects/System/rtl/FSM_TX.sv" ....
 Analyzing source file "/home/ICer/IC/Projects/System/rtl/MUX.v" ....
 Analyzing source file "/home/ICer/IC/Projects/System/rtl/Parity_Calc.v" ....
 Analyzing source file "/home/ICer/IC/Projects/System/rtl/parity_checker.v" ....
 Analyzing source file "/home/ICer/IC/Projects/System/rtl/prescale_mux.v" ....
 Analyzing source file "/home/ICer/IC/Projects/System/rtl/Pulse_Gen.v" ....
 Analyzing source file "/home/ICer/IC/Projects/System/rtl/regfile.v" ....
 Analyzing source file "/home/ICer/IC/Projects/System/rtl/RST_SYNC.v" ....
 Analyzing source file "/home/ICer/IC/Projects/System/rtl/Serializer.v" ....
 Analyzing source file "/home/ICer/IC/Projects/System/rtl/stop_checker.v" ....
 Analyzing source file "/home/ICer/IC/Projects/System/rtl/strt_checker.v" ....
 Analyzing source file "/home/ICer/IC/Projects/System/rtl/SYS_CTRL.v" ....
 Analyzing source file "/home/ICer/IC/Projects/System/rtl/SYSTEM_TOP.v" ....
 Analyzing source file "/home/ICer/IC/Projects/System/rtl/UART.v" ....
 Analyzing source file "/home/ICer/IC/Projects/System/rtl/UART_RX.v" ....
 Analyzing source file "/home/ICer/IC/Projects/System/rtl/UART_TX.v" ....
 Elaborating Top Verilog Design Unit 'SYSTEM_TOP' .....
 done
Checking Rule ElabSummary (Rule 94 of total 430) .... done (Time = 0.00s, Memory = 4.2K)
Checking Rule ReportCheckDataSummary (Rule 95 of total 430) .... done (Time = 0.00s, Memory = 0.0K)
Checking Rule IgnoredLibCells (Rule 96 of total 430) .... done (Time = 0.02s, Memory = -0.6K)
 Reading waiver file "./spyglass-1/cdc/cdc_verify_struct/spyglass_spysch/constraint/spg_autogenerated_waivers.sgdc" ...
 Generating WAIVER file "./spyglass-1/cdc/cdc_verify_struct/spyglass_spysch/waiver/pragma2Waiver.swl" from pragmas in HDL source files ....
Checking Rule DetectTopDesignUnits (Rule 97 of total 430)
 Detected 1 top level design units:
     SYSTEM_TOP
 .... done (Time = 0.01s, Memory = 5.3K)
Performing semantic checks on SGDC contents
Checking Rule SGDC_testmode03 (Rule 98 of total 430) .... done (Time = 0.00s, Memory = 0.0K)
Checking Rule PECHECK09 (Rule 99 of total 430) .... done (Time = 0.00s, Memory = -18.4K)
Checking Rule ReportObsoletePragmas (Rule 100 of total 430) .... done (Time = 0.00s, Memory = 0.0K)
Checking Rule GenerateConfMap (Rule 101 of total 430) .... done (Time = 0.00s, Memory = 0.0K)
Checking Rule SGDC_sdcschema01 (Rule 102 of total 430) .... done (Time = 0.00s, Memory = 0.0K)
Checking Rule HdlLibDuCheck (Rule 103 of total 430) .... done (Time = 0.01s, Memory = 5.8K)
Checking Rule Ac_multitop01 (Rule 104 of total 430) .... done (Time = 0.00s, Memory = 0.2K)
Checking Rule RtlDesignInfo (Rule 105 of total 430) .... done (Time = 0.00s, Memory = 3.3K)
Checking Rule Ac_sanity05 (Rule 106 of total 430) .... done (Time = 0.00s, Memory = 31.0K)
Checking Rule Ac_sanity05 (Rule 107 of total 430) .... done (Time = 0.00s, Memory = 0.0K)
Checking Rule Prereqs_STARC-1.6.2.1 (Rule 108 of total 430) .... done (Time = 0.00s, Memory = 0.0K)
Checking Rule Prereqs_RegOutputs (Rule 109 of total 430) .... done (Time = 0.00s, Memory = 0.0K)
Checking Rule Latch_VePreReqRule (Rule 110 of total 430) .... done (Time = 0.00s, Memory = 17.5K)
Checking Rule Pragma_setupa (Rule 111 of total 430) .... done (Time = 0.00s, Memory = 0.0K)
Checking Rule Pragma_setupb (Rule 112 of total 430) .... done (Time = 0.00s, Memory = 0.4K)
Checking Rule CheckCelldefine (Rule 113 of total 430) .... done (Time = 0.00s, Memory = 14.0K)
Checking Rule SGDC_numflops12 (Rule 114 of total 430) .... done (Time = 0.00s, Memory = 0.0K)
Checking Rule SGDC_sync_cell11 (Rule 115 of total 430) .... done (Time = 0.00s, Memory = 1.5K)
Checking Rule _deltaDelay (Rule 116 of total 430) .... done (Time = 0.00s, Memory = 0.0K)
Checking Rule _deltaDelay (Rule 117 of total 430) .... done (Time = 0.00s, Memory = -8.0K)
Checking ELABDU Rules for designUnit SYSTEM_TOP
    Checking Rule Prereqs_ConstantInput-ML (Rule 118 of total 430) .... done (Time = 0.00s, Memory = -0.4K)
    Checking Rule Prereqs_ConstantInput-ML (Rule 119 of total 430) .... done (Time = 0.00s, Memory = 0.0K)
    Checking Rule GenTopLevelBlocksForAutoSoc (Rule 120 of total 430) .... done (Time = 0.00s, Memory = 2.2K)
    Checking Rule syncRstReq (Rule 121 of total 430) .... done (Time = 0.00s, Memory = -1.3K)
    Checking Rule syncRstReq (Rule 122 of total 430) .... done (Time = 0.00s, Memory = 0.0K)
    Checking Rule AcOvlRtl (Rule 123 of total 430) .... done (Time = 0.00s, Memory = 0.0K)
    Checking Rule AcOvlRtl (Rule 124 of total 430) .... done (Time = 0.00s, Memory = 0.2K)
Checking ELABDU Rules for designUnit prescale_mux
    Checking Rule Prereqs_ConstantInput-ML (Rule 118 of total 430) .... done (Time = 0.00s, Memory = -1.9K)
    Checking Rule Prereqs_ConstantInput-ML (Rule 119 of total 430) .... done (Time = 0.00s, Memory = 0.0K)
    Checking Rule GenTopLevelBlocksForAutoSoc (Rule 120 of total 430) .... done (Time = 0.00s, Memory = -4.0K)
    Checking Rule syncRstReq (Rule 121 of total 430) .... done (Time = 0.00s, Memory = 7.0K)
    Checking Rule syncRstReq (Rule 122 of total 430) .... done (Time = 0.00s, Memory = 0.0K)
    Checking Rule AcOvlRtl (Rule 123 of total 430) .... done (Time = 0.00s, Memory = 0.0K)
    Checking Rule AcOvlRtl (Rule 124 of total 430) .... done (Time = 0.00s, Memory = 0.2K)
Checking ELABDU Rules for designUnit CLK_DIV
    Checking Rule Prereqs_ConstantInput-ML (Rule 118 of total 430) .... done (Time = 0.00s, Memory = -32.0K)
    Checking Rule Prereqs_ConstantInput-ML (Rule 119 of total 430) .... done (Time = 0.00s, Memory = 0.0K)
    Checking Rule GenTopLevelBlocksForAutoSoc (Rule 120 of total 430) .... done (Time = 0.00s, Memory = 0.0K)
    Checking Rule syncRstReq (Rule 121 of total 430) .... done (Time = 0.00s, Memory = 0.0K)
    Checking Rule syncRstReq (Rule 122 of total 430) .... done (Time = 0.00s, Memory = 0.0K)
    Checking Rule AcOvlRtl (Rule 123 of total 430) .... done (Time = 0.00s, Memory = 0.0K)
    Checking Rule AcOvlRtl (Rule 124 of total 430) .... done (Time = 0.00s, Memory = 0.2K)
Checking ELABDU Rules for designUnit RST_SYNC
    Checking Rule Prereqs_ConstantInput-ML (Rule 118 of total 430) .... done (Time = 0.00s, Memory = -32.0K)
    Checking Rule Prereqs_ConstantInput-ML (Rule 119 of total 430) .... done (Time = 0.00s, Memory = 0.0K)
    Checking Rule GenTopLevelBlocksForAutoSoc (Rule 120 of total 430) .... done (Time = 0.00s, Memory = 63.0K)
    Checking Rule syncRstReq (Rule 121 of total 430) .... done (Time = 0.00s, Memory = 0.2K)
    Checking Rule syncRstReq (Rule 122 of total 430) .... done (Time = 0.00s, Memory = 0.0K)
    Checking Rule AcOvlRtl (Rule 123 of total 430) .... done (Time = 0.00s, Memory = -8.0K)
    Checking Rule AcOvlRtl (Rule 124 of total 430) .... done (Time = 0.00s, Memory = 0.2K)
Checking ELABDU Rules for designUnit UART
    Checking Rule Prereqs_ConstantInput-ML (Rule 118 of total 430) .... done (Time = 0.00s, Memory = -0.6K)
    Checking Rule Prereqs_ConstantInput-ML (Rule 119 of total 430) .... done (Time = 0.00s, Memory = 0.0K)
    Checking Rule GenTopLevelBlocksForAutoSoc (Rule 120 of total 430) .... done (Time = 0.00s, Memory = 0.0K)
    Checking Rule syncRstReq (Rule 121 of total 430) .... done (Time = 0.00s, Memory = 0.0K)
    Checking Rule syncRstReq (Rule 122 of total 430) .... done (Time = 0.00s, Memory = 0.0K)
    Checking Rule AcOvlRtl (Rule 123 of total 430) .... done (Time = 0.00s, Memory = -1.3K)
    Checking Rule AcOvlRtl (Rule 124 of total 430) .... done (Time = 0.00s, Memory = 0.2K)
Checking ELABDU Rules for designUnit UART_TX
    Checking Rule Prereqs_ConstantInput-ML (Rule 118 of total 430) .... done (Time = 0.00s, Memory = 0.0K)
    Checking Rule Prereqs_ConstantInput-ML (Rule 119 of total 430) .... done (Time = 0.00s, Memory = 0.0K)
    Checking Rule GenTopLevelBlocksForAutoSoc (Rule 120 of total 430) .... done (Time = 0.00s, Memory = 0.0K)
    Checking Rule syncRstReq (Rule 121 of total 430) .... done (Time = 0.00s, Memory = 0.0K)
    Checking Rule syncRstReq (Rule 122 of total 430) .... done (Time = 0.00s, Memory = 0.0K)
    Checking Rule AcOvlRtl (Rule 123 of total 430) .... done (Time = 0.00s, Memory = 0.0K)
    Checking Rule AcOvlRtl (Rule 124 of total 430) .... done (Time = 0.00s, Memory = 0.2K)
Checking ELABDU Rules for designUnit MUX
    Checking Rule Prereqs_ConstantInput-ML (Rule 118 of total 430) .... done (Time = 0.00s, Memory = 0.0K)
    Checking Rule Prereqs_ConstantInput-ML (Rule 119 of total 430) .... done (Time = 0.00s, Memory = 0.0K)
    Checking Rule GenTopLevelBlocksForAutoSoc (Rule 120 of total 430) .... done (Time = 0.00s, Memory = 4.0K)
    Checking Rule syncRstReq (Rule 121 of total 430) .... done (Time = 0.00s, Memory = -1.8K)
    Checking Rule syncRstReq (Rule 122 of total 430) .... done (Time = 0.00s, Memory = 0.0K)
    Checking Rule AcOvlRtl (Rule 123 of total 430) .... done (Time = 0.00s, Memory = 0.0K)
    Checking Rule AcOvlRtl (Rule 124 of total 430) .... done (Time = 0.00s, Memory = 0.2K)
Checking ELABDU Rules for designUnit Parity_Calc
    Checking Rule Prereqs_ConstantInput-ML (Rule 118 of total 430) .... done (Time = 0.00s, Memory = 8.0K)
    Checking Rule Prereqs_ConstantInput-ML (Rule 119 of total 430) .... done (Time = 0.00s, Memory = 0.0K)
    Checking Rule GenTopLevelBlocksForAutoSoc (Rule 120 of total 430) .... done (Time = 0.00s, Memory = -8.5K)
    Checking Rule syncRstReq (Rule 121 of total 430) .... done (Time = 0.00s, Memory = 0.0K)
    Checking Rule syncRstReq (Rule 122 of total 430) .... done (Time = 0.00s, Memory = 0.0K)
    Checking Rule AcOvlRtl (Rule 123 of total 430) .... done (Time = 0.00s, Memory = 0.0K)
    Checking Rule AcOvlRtl (Rule 124 of total 430) .... done (Time = 0.00s, Memory = 0.2K)
Checking ELABDU Rules for designUnit Serializer
    Checking Rule Prereqs_ConstantInput-ML (Rule 118 of total 430) .... done (Time = 0.00s, Memory = 0.2K)
    Checking Rule Prereqs_ConstantInput-ML (Rule 119 of total 430) .... done (Time = 0.00s, Memory = 0.0K)
    Checking Rule GenTopLevelBlocksForAutoSoc (Rule 120 of total 430) .... done (Time = 0.00s, Memory = 8.0K)
    Checking Rule syncRstReq (Rule 121 of total 430) .... done (Time = 0.00s, Memory = -8.0K)
    Checking Rule syncRstReq (Rule 122 of total 430) .... done (Time = 0.00s, Memory = 0.0K)
    Checking Rule AcOvlRtl (Rule 123 of total 430) .... done (Time = 0.00s, Memory = 0.0K)
    Checking Rule AcOvlRtl (Rule 124 of total 430) .... done (Time = 0.00s, Memory = 0.2K)
Checking ELABDU Rules for designUnit FSM_TX
    Checking Rule Prereqs_ConstantInput-ML (Rule 118 of total 430) .... done (Time = 0.00s, Memory = 0.0K)
    Checking Rule Prereqs_ConstantInput-ML (Rule 119 of total 430) .... done (Time = 0.00s, Memory = 0.0K)
    Checking Rule GenTopLevelBlocksForAutoSoc (Rule 120 of total 430) .... done (Time = 0.00s, Memory = 0.0K)
    Checking Rule syncRstReq (Rule 121 of total 430) .... done (Time = 0.00s, Memory = 0.0K)
    Checking Rule syncRstReq (Rule 122 of total 430) .... done (Time = 0.00s, Memory = 0.0K)
    Checking Rule AcOvlRtl (Rule 123 of total 430) .... done (Time = 0.00s, Memory = -0.3K)
    Checking Rule AcOvlRtl (Rule 124 of total 430) .... done (Time = 0.00s, Memory = 0.2K)
Checking ELABDU Rules for designUnit UART_RX
    Checking Rule Prereqs_ConstantInput-ML (Rule 118 of total 430) .... done (Time = 0.00s, Memory = 0.0K)
    Checking Rule Prereqs_ConstantInput-ML (Rule 119 of total 430) .... done (Time = 0.00s, Memory = 0.0K)
    Checking Rule GenTopLevelBlocksForAutoSoc (Rule 120 of total 430) .... done (Time = 0.00s, Memory = 0.0K)
    Checking Rule syncRstReq (Rule 121 of total 430) .... done (Time = 0.00s, Memory = 0.0K)
    Checking Rule syncRstReq (Rule 122 of total 430) .... done (Time = 0.00s, Memory = 0.0K)
    Checking Rule AcOvlRtl (Rule 123 of total 430) .... done (Time = 0.00s, Memory = 0.0K)
    Checking Rule AcOvlRtl (Rule 124 of total 430) .... done (Time = 0.00s, Memory = 0.2K)
Checking ELABDU Rules for designUnit parity_checker
    Checking Rule Prereqs_ConstantInput-ML (Rule 118 of total 430) .... done (Time = 0.00s, Memory = 0.0K)
    Checking Rule Prereqs_ConstantInput-ML (Rule 119 of total 430) .... done (Time = 0.00s, Memory = 0.0K)
    Checking Rule GenTopLevelBlocksForAutoSoc (Rule 120 of total 430) .... done (Time = 0.00s, Memory = 0.0K)
    Checking Rule syncRstReq (Rule 121 of total 430) .... done (Time = 0.00s, Memory = 0.0K)
    Checking Rule syncRstReq (Rule 122 of total 430) .... done (Time = 0.00s, Memory = 0.0K)
    Checking Rule AcOvlRtl (Rule 123 of total 430) .... done (Time = 0.00s, Memory = 16.0K)
    Checking Rule AcOvlRtl (Rule 124 of total 430) .... done (Time = 0.00s, Memory = 0.2K)
Checking ELABDU Rules for designUnit strt_checker
    Checking Rule Prereqs_ConstantInput-ML (Rule 118 of total 430) .... done (Time = 0.00s, Memory = 0.0K)
    Checking Rule Prereqs_ConstantInput-ML (Rule 119 of total 430) .... done (Time = 0.00s, Memory = 0.0K)
    Checking Rule GenTopLevelBlocksForAutoSoc (Rule 120 of total 430) .... done (Time = 0.00s, Memory = -20.0K)
    Checking Rule syncRstReq (Rule 121 of total 430) .... done (Time = 0.00s, Memory = 10.9K)
    Checking Rule syncRstReq (Rule 122 of total 430) .... done (Time = 0.00s, Memory = 0.0K)
    Checking Rule AcOvlRtl (Rule 123 of total 430) .... done (Time = 0.00s, Memory = 0.0K)
    Checking Rule AcOvlRtl (Rule 124 of total 430) .... done (Time = 0.00s, Memory = 0.2K)
Checking ELABDU Rules for designUnit stop_checker
    Checking Rule Prereqs_ConstantInput-ML (Rule 118 of total 430) .... done (Time = 0.00s, Memory = 0.0K)
    Checking Rule Prereqs_ConstantInput-ML (Rule 119 of total 430) .... done (Time = 0.00s, Memory = 0.0K)
    Checking Rule GenTopLevelBlocksForAutoSoc (Rule 120 of total 430) .... done (Time = 0.00s, Memory = 0.0K)
    Checking Rule syncRstReq (Rule 121 of total 430) .... done (Time = 0.00s, Memory = 0.0K)
    Checking Rule syncRstReq (Rule 122 of total 430) .... done (Time = 0.00s, Memory = 0.0K)
    Checking Rule AcOvlRtl (Rule 123 of total 430) .... done (Time = 0.00s, Memory = -1.2K)
    Checking Rule AcOvlRtl (Rule 124 of total 430) .... done (Time = 0.00s, Memory = 0.2K)
Checking ELABDU Rules for designUnit data_sampling
    Checking Rule Prereqs_ConstantInput-ML (Rule 118 of total 430) .... done (Time = 0.00s, Memory = -2.2K)
    Checking Rule Prereqs_ConstantInput-ML (Rule 119 of total 430) .... done (Time = 0.00s, Memory = 0.0K)
    Checking Rule GenTopLevelBlocksForAutoSoc (Rule 120 of total 430) .... done (Time = 0.00s, Memory = 0.0K)
    Checking Rule syncRstReq (Rule 121 of total 430) .... done (Time = 0.00s, Memory = 0.0K)
    Checking Rule syncRstReq (Rule 122 of total 430) .... done (Time = 0.00s, Memory = 0.0K)
    Checking Rule AcOvlRtl (Rule 123 of total 430) .... done (Time = 0.00s, Memory = 0.0K)
    Checking Rule AcOvlRtl (Rule 124 of total 430) .... done (Time = 0.00s, Memory = 0.2K)
Checking ELABDU Rules for designUnit deserializer
    Checking Rule Prereqs_ConstantInput-ML (Rule 118 of total 430) .... done (Time = 0.00s, Memory = 0.0K)
    Checking Rule Prereqs_ConstantInput-ML (Rule 119 of total 430) .... done (Time = 0.00s, Memory = 0.0K)
    Checking Rule GenTopLevelBlocksForAutoSoc (Rule 120 of total 430) .... done (Time = 0.00s, Memory = -2.0K)
    Checking Rule syncRstReq (Rule 121 of total 430) .... done (Time = 0.00s, Memory = 0.0K)
    Checking Rule syncRstReq (Rule 122 of total 430) .... done (Time = 0.00s, Memory = 0.0K)
    Checking Rule AcOvlRtl (Rule 123 of total 430) .... done (Time = 0.00s, Memory = 1.6K)
    Checking Rule AcOvlRtl (Rule 124 of total 430) .... done (Time = 0.00s, Memory = 0.2K)
Checking ELABDU Rules for designUnit edge_bit_counter
    Checking Rule Prereqs_ConstantInput-ML (Rule 118 of total 430) .... done (Time = 0.00s, Memory = -12.0K)
    Checking Rule Prereqs_ConstantInput-ML (Rule 119 of total 430) .... done (Time = 0.00s, Memory = 0.0K)
    Checking Rule GenTopLevelBlocksForAutoSoc (Rule 120 of total 430) .... done (Time = 0.00s, Memory = 0.0K)
    Checking Rule syncRstReq (Rule 121 of total 430) .... done (Time = 0.00s, Memory = -0.5K)
    Checking Rule syncRstReq (Rule 122 of total 430) .... done (Time = 0.00s, Memory = 0.0K)
    Checking Rule AcOvlRtl (Rule 123 of total 430) .... done (Time = 0.00s, Memory = 0.0K)
    Checking Rule AcOvlRtl (Rule 124 of total 430) .... done (Time = 0.00s, Memory = 0.2K)
Checking ELABDU Rules for designUnit FSM_RX
    Checking Rule Prereqs_ConstantInput-ML (Rule 118 of total 430) .... done (Time = 0.00s, Memory = -1.8K)
    Checking Rule Prereqs_ConstantInput-ML (Rule 119 of total 430) .... done (Time = 0.00s, Memory = 0.0K)
    Checking Rule GenTopLevelBlocksForAutoSoc (Rule 120 of total 430) .... done (Time = 0.00s, Memory = 0.0K)
    Checking Rule syncRstReq (Rule 121 of total 430) .... done (Time = 0.00s, Memory = 0.0K)
    Checking Rule syncRstReq (Rule 122 of total 430) .... done (Time = 0.00s, Memory = 0.0K)
    Checking Rule AcOvlRtl (Rule 123 of total 430) .... done (Time = 0.00s, Memory = 0.0K)
    Checking Rule AcOvlRtl (Rule 124 of total 430) .... done (Time = 0.00s, Memory = 0.2K)
Checking ELABDU Rules for designUnit DATA_SYNC
    Checking Rule Prereqs_ConstantInput-ML (Rule 118 of total 430) .... done (Time = 0.00s, Memory = 0.0K)
    Checking Rule Prereqs_ConstantInput-ML (Rule 119 of total 430) .... done (Time = 0.00s, Memory = 0.0K)
    Checking Rule GenTopLevelBlocksForAutoSoc (Rule 120 of total 430) .... done (Time = 0.00s, Memory = 0.0K)
    Checking Rule syncRstReq (Rule 121 of total 430) .... done (Time = 0.00s, Memory = 2.0K)
    Checking Rule syncRstReq (Rule 122 of total 430) .... done (Time = 0.00s, Memory = 0.0K)
    Checking Rule AcOvlRtl (Rule 123 of total 430) .... done (Time = 0.00s, Memory = 4.0K)
    Checking Rule AcOvlRtl (Rule 124 of total 430) .... done (Time = 0.00s, Memory = 0.2K)
Checking ELABDU Rules for designUnit SYS_CTRL
    Checking Rule Prereqs_ConstantInput-ML (Rule 118 of total 430) .... done (Time = 0.00s, Memory = 0.0K)
    Checking Rule Prereqs_ConstantInput-ML (Rule 119 of total 430) .... done (Time = 0.00s, Memory = 0.0K)
    Checking Rule GenTopLevelBlocksForAutoSoc (Rule 120 of total 430) .... done (Time = 0.00s, Memory = 0.0K)
    Checking Rule syncRstReq (Rule 121 of total 430) .... done (Time = 0.00s, Memory = 0.0K)
    Checking Rule syncRstReq (Rule 122 of total 430) .... done (Time = 0.00s, Memory = 0.0K)
    Checking Rule AcOvlRtl (Rule 123 of total 430) .... done (Time = 0.00s, Memory = 8.0K)
    Checking Rule AcOvlRtl (Rule 124 of total 430) .... done (Time = 0.00s, Memory = 0.2K)
Checking ELABDU Rules for designUnit regfile
    Checking Rule Prereqs_ConstantInput-ML (Rule 118 of total 430) .... done (Time = 0.00s, Memory = 0.0K)
    Checking Rule Prereqs_ConstantInput-ML (Rule 119 of total 430) .... done (Time = 0.00s, Memory = 0.0K)
    Checking Rule GenTopLevelBlocksForAutoSoc (Rule 120 of total 430) .... done (Time = 0.00s, Memory = -32.0K)
    Checking Rule syncRstReq (Rule 121 of total 430) .... done (Time = 0.00s, Memory = -0.2K)
    Checking Rule syncRstReq (Rule 122 of total 430) .... done (Time = 0.00s, Memory = 0.0K)
    Checking Rule AcOvlRtl (Rule 123 of total 430) .... done (Time = 0.00s, Memory = -8.0K)
    Checking Rule AcOvlRtl (Rule 124 of total 430) .... done (Time = 0.00s, Memory = 0.2K)
Checking ELABDU Rules for designUnit CLK_GATE
    Checking Rule Prereqs_ConstantInput-ML (Rule 118 of total 430) .... done (Time = 0.00s, Memory = -1.5K)
    Checking Rule Prereqs_ConstantInput-ML (Rule 119 of total 430) .... done (Time = 0.00s, Memory = 0.0K)
    Checking Rule GenTopLevelBlocksForAutoSoc (Rule 120 of total 430) .... done (Time = 0.00s, Memory = 0.0K)
    Checking Rule syncRstReq (Rule 121 of total 430) .... done (Time = 0.00s, Memory = 0.0K)
    Checking Rule syncRstReq (Rule 122 of total 430) .... done (Time = 0.00s, Memory = 0.0K)
    Checking Rule AcOvlRtl (Rule 123 of total 430) .... done (Time = 0.00s, Memory = 0.0K)
    Checking Rule AcOvlRtl (Rule 124 of total 430) .... done (Time = 0.00s, Memory = 0.2K)
Checking ELABDU Rules for designUnit ALU
    Checking Rule Prereqs_ConstantInput-ML (Rule 118 of total 430) .... done (Time = 0.00s, Memory = 0.0K)
    Checking Rule Prereqs_ConstantInput-ML (Rule 119 of total 430) .... done (Time = 0.00s, Memory = 0.0K)
    Checking Rule GenTopLevelBlocksForAutoSoc (Rule 120 of total 430) .... done (Time = 0.00s, Memory = 0.0K)
    Checking Rule syncRstReq (Rule 121 of total 430) .... done (Time = 0.00s, Memory = 0.0K)
    Checking Rule syncRstReq (Rule 122 of total 430) .... done (Time = 0.00s, Memory = 0.0K)
    Checking Rule AcOvlRtl (Rule 123 of total 430) .... done (Time = 0.00s, Memory = 0.0K)
    Checking Rule AcOvlRtl (Rule 124 of total 430) .... done (Time = 0.00s, Memory = 0.2K)
Checking ELABDU Rules for designUnit ASYNC_FIFO
    Checking Rule Prereqs_ConstantInput-ML (Rule 118 of total 430) .... done (Time = 0.00s, Memory = 0.0K)
    Checking Rule Prereqs_ConstantInput-ML (Rule 119 of total 430) .... done (Time = 0.00s, Memory = 0.0K)
    Checking Rule GenTopLevelBlocksForAutoSoc (Rule 120 of total 430) .... done (Time = 0.00s, Memory = 8.0K)
    Checking Rule syncRstReq (Rule 121 of total 430) .... done (Time = 0.00s, Memory = -8.0K)
    Checking Rule syncRstReq (Rule 122 of total 430) .... done (Time = 0.00s, Memory = 0.0K)
    Checking Rule AcOvlRtl (Rule 123 of total 430) .... done (Time = 0.00s, Memory = 0.0K)
    Checking Rule AcOvlRtl (Rule 124 of total 430) .... done (Time = 0.00s, Memory = 0.2K)
Checking ELABDU Rules for designUnit FIFO_RD
    Checking Rule Prereqs_ConstantInput-ML (Rule 118 of total 430) .... done (Time = 0.00s, Memory = 7.0K)
    Checking Rule Prereqs_ConstantInput-ML (Rule 119 of total 430) .... done (Time = 0.00s, Memory = 0.0K)
    Checking Rule GenTopLevelBlocksForAutoSoc (Rule 120 of total 430) .... done (Time = 0.00s, Memory = 8.0K)
    Checking Rule syncRstReq (Rule 121 of total 430) .... done (Time = 0.00s, Memory = -8.0K)
    Checking Rule syncRstReq (Rule 122 of total 430) .... done (Time = 0.00s, Memory = 0.0K)
    Checking Rule AcOvlRtl (Rule 123 of total 430) .... done (Time = 0.00s, Memory = 2.0K)
    Checking Rule AcOvlRtl (Rule 124 of total 430) .... done (Time = 0.00s, Memory = 0.2K)
Checking ELABDU Rules for designUnit FIFO_WR
    Checking Rule Prereqs_ConstantInput-ML (Rule 118 of total 430) .... done (Time = 0.00s, Memory = 0.0K)
    Checking Rule Prereqs_ConstantInput-ML (Rule 119 of total 430) .... done (Time = 0.00s, Memory = 0.0K)
    Checking Rule GenTopLevelBlocksForAutoSoc (Rule 120 of total 430) .... done (Time = 0.00s, Memory = 0.0K)
    Checking Rule syncRstReq (Rule 121 of total 430) .... done (Time = 0.00s, Memory = 0.0K)
    Checking Rule syncRstReq (Rule 122 of total 430) .... done (Time = 0.00s, Memory = 0.0K)
    Checking Rule AcOvlRtl (Rule 123 of total 430) .... done (Time = 0.00s, Memory = 4.7K)
    Checking Rule AcOvlRtl (Rule 124 of total 430) .... done (Time = 0.00s, Memory = 0.2K)
Checking ELABDU Rules for designUnit FIFO_MEM_CNTRL
    Checking Rule Prereqs_ConstantInput-ML (Rule 118 of total 430) .... done (Time = 0.00s, Memory = -32.0K)
    Checking Rule Prereqs_ConstantInput-ML (Rule 119 of total 430) .... done (Time = 0.00s, Memory = 0.0K)
    Checking Rule GenTopLevelBlocksForAutoSoc (Rule 120 of total 430) .... done (Time = 0.00s, Memory = 0.0K)
    Checking Rule syncRstReq (Rule 121 of total 430) .... done (Time = 0.00s, Memory = 0.0K)
    Checking Rule syncRstReq (Rule 122 of total 430) .... done (Time = 0.00s, Memory = 0.0K)
    Checking Rule AcOvlRtl (Rule 123 of total 430) .... done (Time = 0.00s, Memory = 0.0K)
    Checking Rule AcOvlRtl (Rule 124 of total 430) .... done (Time = 0.00s, Memory = 0.2K)
Checking ELABDU Rules for designUnit DF_SYNC
    Checking Rule Prereqs_ConstantInput-ML (Rule 118 of total 430) .... done (Time = 0.00s, Memory = 0.0K)
    Checking Rule Prereqs_ConstantInput-ML (Rule 119 of total 430) .... done (Time = 0.00s, Memory = 0.0K)
    Checking Rule GenTopLevelBlocksForAutoSoc (Rule 120 of total 430) .... done (Time = 0.00s, Memory = 0.0K)
    Checking Rule syncRstReq (Rule 121 of total 430) .... done (Time = 0.00s, Memory = 0.0K)
    Checking Rule syncRstReq (Rule 122 of total 430) .... done (Time = 0.00s, Memory = 0.0K)
    Checking Rule AcOvlRtl (Rule 123 of total 430) .... done (Time = 0.00s, Memory = 0.0K)
    Checking Rule AcOvlRtl (Rule 124 of total 430) .... done (Time = 0.00s, Memory = 0.2K)
Checking ELABDU Rules for designUnit Pulse_Gen
    Checking Rule Prereqs_ConstantInput-ML (Rule 118 of total 430) .... done (Time = 0.00s, Memory = 0.0K)
    Checking Rule Prereqs_ConstantInput-ML (Rule 119 of total 430) .... done (Time = 0.00s, Memory = 0.0K)
    Checking Rule GenTopLevelBlocksForAutoSoc (Rule 120 of total 430) .... done (Time = 0.00s, Memory = 0.0K)
    Checking Rule syncRstReq (Rule 121 of total 430) .... done (Time = 0.00s, Memory = -8.0K)
    Checking Rule syncRstReq (Rule 122 of total 430) .... done (Time = 0.00s, Memory = 0.0K)
    Checking Rule AcOvlRtl (Rule 123 of total 430) .... done (Time = 0.00s, Memory = -0.9K)
    Checking Rule AcOvlRtl (Rule 124 of total 430) .... done (Time = 0.00s, Memory = 0.2K)
Checking ELABDU Rules for designUnit SYSTEM_TOP
    Checking Rule Ac_setOvlDataInSynthesis (Rule 125 of total 430) .... done (Time = 0.00s, Memory = -0.4K)
Checking ELABDU Rules for designUnit prescale_mux
    Checking Rule Ac_setOvlDataInSynthesis (Rule 125 of total 430) .... done (Time = 0.00s, Memory = 8.0K)
Checking ELABDU Rules for designUnit CLK_DIV
    Checking Rule Ac_setOvlDataInSynthesis (Rule 125 of total 430) .... done (Time = 0.00s, Memory = -1.1K)
Checking ELABDU Rules for designUnit RST_SYNC
    Checking Rule Ac_setOvlDataInSynthesis (Rule 125 of total 430) .... done (Time = 0.00s, Memory = 0.0K)
Checking ELABDU Rules for designUnit UART
    Checking Rule Ac_setOvlDataInSynthesis (Rule 125 of total 430) .... done (Time = 0.00s, Memory = 15.6K)
Checking ELABDU Rules for designUnit UART_TX
    Checking Rule Ac_setOvlDataInSynthesis (Rule 125 of total 430) .... done (Time = 0.00s, Memory = 0.0K)
Checking ELABDU Rules for designUnit MUX
    Checking Rule Ac_setOvlDataInSynthesis (Rule 125 of total 430) .... done (Time = 0.00s, Memory = 0.0K)
Checking ELABDU Rules for designUnit Parity_Calc
    Checking Rule Ac_setOvlDataInSynthesis (Rule 125 of total 430) .... done (Time = 0.00s, Memory = 0.0K)
Checking ELABDU Rules for designUnit Serializer
    Checking Rule Ac_setOvlDataInSynthesis (Rule 125 of total 430) .... done (Time = 0.00s, Memory = 0.0K)
Checking ELABDU Rules for designUnit FSM_TX
    Checking Rule Ac_setOvlDataInSynthesis (Rule 125 of total 430) .... done (Time = 0.00s, Memory = 0.0K)
Checking ELABDU Rules for designUnit UART_RX
    Checking Rule Ac_setOvlDataInSynthesis (Rule 125 of total 430) .... done (Time = 0.00s, Memory = 4.0K)
Checking ELABDU Rules for designUnit parity_checker
    Checking Rule Ac_setOvlDataInSynthesis (Rule 125 of total 430) .... done (Time = 0.00s, Memory = 0.0K)
Checking ELABDU Rules for designUnit strt_checker
    Checking Rule Ac_setOvlDataInSynthesis (Rule 125 of total 430) .... done (Time = 0.00s, Memory = 0.0K)
Checking ELABDU Rules for designUnit stop_checker
    Checking Rule Ac_setOvlDataInSynthesis (Rule 125 of total 430) .... done (Time = 0.00s, Memory = 0.0K)
Checking ELABDU Rules for designUnit data_sampling
    Checking Rule Ac_setOvlDataInSynthesis (Rule 125 of total 430) .... done (Time = 0.00s, Memory = 0.0K)
Checking ELABDU Rules for designUnit deserializer
    Checking Rule Ac_setOvlDataInSynthesis (Rule 125 of total 430) .... done (Time = 0.00s, Memory = -8.0K)
Checking ELABDU Rules for designUnit edge_bit_counter
    Checking Rule Ac_setOvlDataInSynthesis (Rule 125 of total 430) .... done (Time = 0.00s, Memory = 0.0K)
Checking ELABDU Rules for designUnit FSM_RX
    Checking Rule Ac_setOvlDataInSynthesis (Rule 125 of total 430) .... done (Time = 0.00s, Memory = 4.0K)
Checking ELABDU Rules for designUnit DATA_SYNC
    Checking Rule Ac_setOvlDataInSynthesis (Rule 125 of total 430) .... done (Time = 0.00s, Memory = 0.0K)
Checking ELABDU Rules for designUnit SYS_CTRL
    Checking Rule Ac_setOvlDataInSynthesis (Rule 125 of total 430) .... done (Time = 0.00s, Memory = 16.2K)
Checking ELABDU Rules for designUnit regfile
    Checking Rule Ac_setOvlDataInSynthesis (Rule 125 of total 430) .... done (Time = 0.00s, Memory = 0.0K)
Checking ELABDU Rules for designUnit CLK_GATE
    Checking Rule Ac_setOvlDataInSynthesis (Rule 125 of total 430) .... done (Time = 0.00s, Memory = 0.0K)
Checking ELABDU Rules for designUnit ALU
    Checking Rule Ac_setOvlDataInSynthesis (Rule 125 of total 430) .... done (Time = 0.00s, Memory = 0.0K)
Checking ELABDU Rules for designUnit ASYNC_FIFO
    Checking Rule Ac_setOvlDataInSynthesis (Rule 125 of total 430) .... done (Time = 0.00s, Memory = 0.0K)
Checking ELABDU Rules for designUnit FIFO_RD
    Checking Rule Ac_setOvlDataInSynthesis (Rule 125 of total 430) .... done (Time = 0.00s, Memory = 0.0K)
Checking ELABDU Rules for designUnit FIFO_WR
    Checking Rule Ac_setOvlDataInSynthesis (Rule 125 of total 430) .... done (Time = 0.00s, Memory = 0.0K)
Checking ELABDU Rules for designUnit FIFO_MEM_CNTRL
    Checking Rule Ac_setOvlDataInSynthesis (Rule 125 of total 430) .... done (Time = 0.00s, Memory = 0.0K)
Checking ELABDU Rules for designUnit DF_SYNC
    Checking Rule Ac_setOvlDataInSynthesis (Rule 125 of total 430) .... done (Time = 0.00s, Memory = 0.0K)
Checking ELABDU Rules for designUnit Pulse_Gen
    Checking Rule Ac_setOvlDataInSynthesis (Rule 125 of total 430) .... done (Time = 0.00s, Memory = 0.0K)
Checking Rule SGDC_meta_design_hier01 (Rule 126 of total 430) .... done (Time = 0.00s, Memory = 0.0K)
 Synthesizing Library Cells specified through SgLib  ......
 Synthesis of Library Cells specified through SgLib completed 
 Synthesizing module: Pulse_Gen (elaborated name: Pulse_Gen) ... (Module 1 of total 29)  done 
 Synthesizing module: DF_SYNC (elaborated name: DF_SYNC) ... (Module 2 of total 29)  done 
 Synthesizing module: FIFO_MEM_CNTRL (elaborated name: FIFO_MEM_CNTRL) ... (Module 3 of total 29)  done 
 Synthesizing module: FIFO_WR (elaborated name: FIFO_WR) ... (Module 4 of total 29)  done 
 Synthesizing module: FIFO_RD (elaborated name: FIFO_RD) ... (Module 5 of total 29)  done 
 Synthesizing module: ASYNC_FIFO (elaborated name: ASYNC_FIFO) ... (Module 6 of total 29)  done 
 Synthesizing module: ALU (elaborated name: ALU) ... (Module 7 of total 29)  done 
 Synthesizing module: CLK_GATE (elaborated name: CLK_GATE) ... (Module 8 of total 29)  done 
 Synthesizing module: regfile (elaborated name: regfile) ... (Module 9 of total 29)  done 
 Synthesizing module: SYS_CTRL (elaborated name: SYS_CTRL) ... (Module 10 of total 29)  done 
 Synthesizing module: DATA_SYNC (elaborated name: DATA_SYNC) ... (Module 11 of total 29)  done 
 Synthesizing module: FSM_RX (elaborated name: FSM_RX) ... (Module 12 of total 29)  done 
 Synthesizing module: edge_bit_counter (elaborated name: edge_bit_counter) ... (Module 13 of total 29)  done 
 Synthesizing module: deserializer (elaborated name: deserializer) ... (Module 14 of total 29)  done 
 Synthesizing module: data_sampling (elaborated name: data_sampling) ... (Module 15 of total 29)  done 
 Synthesizing module: stop_checker (elaborated name: stop_checker) ... (Module 16 of total 29)  done 
 Synthesizing module: strt_checker (elaborated name: strt_checker) ... (Module 17 of total 29)  done 
 Synthesizing module: parity_checker (elaborated name: parity_checker) ... (Module 18 of total 29)  done 
 Synthesizing module: UART_RX (elaborated name: UART_RX) ... (Module 19 of total 29)  done 
 Synthesizing module: FSM_TX (elaborated name: FSM_TX) ... (Module 20 of total 29)  done 
 Synthesizing module: Serializer (elaborated name: Serializer) ... (Module 21 of total 29)  done 
 Synthesizing module: Parity_Calc (elaborated name: Parity_Calc) ... (Module 22 of total 29)  done 
 Synthesizing module: MUX (elaborated name: MUX) ... (Module 23 of total 29)  done 
 Synthesizing module: UART_TX (elaborated name: UART_TX) ... (Module 24 of total 29)  done 
 Synthesizing module: UART (elaborated name: UART) ... (Module 25 of total 29)  done 
 Synthesizing module: RST_SYNC (elaborated name: RST_SYNC) ... (Module 26 of total 29)  done 
 Synthesizing module: CLK_DIV (elaborated name: CLK_DIV) ... (Module 27 of total 29)  done 
 Synthesizing module: prescale_mux (elaborated name: prescale_mux) ... (Module 28 of total 29)  done 
 Synthesizing module: SYSTEM_TOP (elaborated name: SYSTEM_TOP) ... (Module 29 of total 29)  done 
 Synthesis completed.
Checking Rule InferBlackBox (Rule 127 of total 430) .... done (Time = 0.00s, Memory = 2.2K)

INFO [234]    Saving design database in directory './spyglass-1/.SG_SaveRestoreDB/autogenerated__default_snapshot' ...
              done

Checking Rule SGDC_waive37 (Rule 128 of total 430) .... done (Time = 0.00s, Memory = 0.0K)
Checking Rule SGDC_waive24 (Rule 129 of total 430) .... done (Time = 0.00s, Memory = 2.5K)
Checking Rule SGDC_waive25 (Rule 130 of total 430) .... done (Time = 0.00s, Memory = 0.0K)
Checking Rule SGDC_waive31 (Rule 131 of total 430) .... done (Time = 0.00s, Memory = 0.0K)
Checking Rule SGDC_waive35 (Rule 132 of total 430) .... done (Time = 0.00s, Memory = 0.0K)
Checking Rule ReportSglibSummary (Rule 133 of total 430) .... done (Time = 0.00s, Memory = 0.0K)
Checking Rule Txv_SvaSetup01 for module Pulse_Gen (Rule 134 of total 430) .... done (Time = 0.00s, Memory = 0.0K)
Checking Rule LogNMuxPrereq for module Pulse_Gen (Rule 135 of total 430) .... done (Time = 0.00s, Memory = 0.0K)
Checking Rule PESVASETUP01 for module Pulse_Gen (Rule 136 of total 430) .... done (Time = 0.00s, Memory = 0.0K)
Checking Rule HangingNetPreReq-ML for module Pulse_Gen (Rule 137 of total 430) .... done (Time = 0.00s, Memory = 0.0K)
Checking Rule _meta_delay01 for module Pulse_Gen (Rule 138 of total 430) .... done (Time = 0.00s, Memory = 0.0K)
Checking Rule SDC2SGDCPARSE for module Pulse_Gen (Rule 139 of total 430) .... done (Time = 0.00s, Memory = 0.0K)
Checking Rule _cdc_save_license01 for module Pulse_Gen (Rule 140 of total 430) .... done (Time = 0.00s, Memory = 0.0K)
Checking Rule Reset_check05 for module Pulse_Gen (Rule 141 of total 430) .... done (Time = 0.00s, Memory = 0.0K)
Checking Rule _syncResetStyleRTL for module Pulse_Gen (Rule 142 of total 430) .... done (Time = 0.00s, Memory = 0.0K)
Checking Rule Ac_svasetup01 for module Pulse_Gen (Rule 143 of total 430) .... done (Time = 0.00s, Memory = 0.0K)
Checking Rule Txv_SvaSetup01 for module DF_SYNC (Rule 134 of total 430) .... done (Time = 0.00s, Memory = 0.0K)
Checking Rule LogNMuxPrereq for module DF_SYNC (Rule 135 of total 430) .... done (Time = 0.00s, Memory = 0.0K)
Checking Rule PESVASETUP01 for module DF_SYNC (Rule 136 of total 430) .... done (Time = 0.00s, Memory = 0.0K)
Checking Rule HangingNetPreReq-ML for module DF_SYNC (Rule 137 of total 430) .... done (Time = 0.00s, Memory = 0.0K)
Checking Rule _meta_delay01 for module DF_SYNC (Rule 138 of total 430) .... done (Time = 0.00s, Memory = 0.0K)
Checking Rule SDC2SGDCPARSE for module DF_SYNC (Rule 139 of total 430) .... done (Time = 0.00s, Memory = 0.0K)
Checking Rule _cdc_save_license01 for module DF_SYNC (Rule 140 of total 430) .... done (Time = 0.00s, Memory = 0.0K)
Checking Rule Reset_check05 for module DF_SYNC (Rule 141 of total 430) .... done (Time = 0.00s, Memory = 0.0K)
Checking Rule _syncResetStyleRTL for module DF_SYNC (Rule 142 of total 430) .... done (Time = 0.00s, Memory = 0.0K)
Checking Rule Ac_svasetup01 for module DF_SYNC (Rule 143 of total 430) .... done (Time = 0.00s, Memory = 0.0K)
Checking Rule Txv_SvaSetup01 for module FIFO_MEM_CNTRL (Rule 134 of total 430) .... done (Time = 0.00s, Memory = 0.0K)
Checking Rule LogNMuxPrereq for module FIFO_MEM_CNTRL (Rule 135 of total 430) .... done (Time = 0.00s, Memory = 0.0K)
Checking Rule PESVASETUP01 for module FIFO_MEM_CNTRL (Rule 136 of total 430) .... done (Time = 0.00s, Memory = 0.0K)
Checking Rule HangingNetPreReq-ML for module FIFO_MEM_CNTRL (Rule 137 of total 430) .... done (Time = 0.00s, Memory = 0.0K)
Checking Rule _meta_delay01 for module FIFO_MEM_CNTRL (Rule 138 of total 430) .... done (Time = 0.00s, Memory = 0.0K)
Checking Rule SDC2SGDCPARSE for module FIFO_MEM_CNTRL (Rule 139 of total 430) .... done (Time = 0.00s, Memory = 0.0K)
Checking Rule _cdc_save_license01 for module FIFO_MEM_CNTRL (Rule 140 of total 430) .... done (Time = 0.00s, Memory = 0.0K)
Checking Rule Reset_check05 for module FIFO_MEM_CNTRL (Rule 141 of total 430) .... done (Time = 0.00s, Memory = 0.0K)
Checking Rule _syncResetStyleRTL for module FIFO_MEM_CNTRL (Rule 142 of total 430) .... done (Time = 0.00s, Memory = 0.0K)
Checking Rule Ac_svasetup01 for module FIFO_MEM_CNTRL (Rule 143 of total 430) .... done (Time = 0.00s, Memory = 0.0K)
Checking Rule Txv_SvaSetup01 for module FIFO_WR (Rule 134 of total 430) .... done (Time = 0.00s, Memory = 0.0K)
Checking Rule LogNMuxPrereq for module FIFO_WR (Rule 135 of total 430) .... done (Time = 0.00s, Memory = 0.0K)
Checking Rule PESVASETUP01 for module FIFO_WR (Rule 136 of total 430) .... done (Time = 0.00s, Memory = 0.0K)
Checking Rule HangingNetPreReq-ML for module FIFO_WR (Rule 137 of total 430) .... done (Time = 0.00s, Memory = 0.0K)
Checking Rule _meta_delay01 for module FIFO_WR (Rule 138 of total 430) .... done (Time = 0.00s, Memory = 0.0K)
Checking Rule SDC2SGDCPARSE for module FIFO_WR (Rule 139 of total 430) .... done (Time = 0.00s, Memory = 0.0K)
Checking Rule _cdc_save_license01 for module FIFO_WR (Rule 140 of total 430) .... done (Time = 0.00s, Memory = 0.0K)
Checking Rule Reset_check05 for module FIFO_WR (Rule 141 of total 430) .... done (Time = 0.00s, Memory = 0.0K)
Checking Rule _syncResetStyleRTL for module FIFO_WR (Rule 142 of total 430) .... done (Time = 0.00s, Memory = 0.0K)
Checking Rule Ac_svasetup01 for module FIFO_WR (Rule 143 of total 430) .... done (Time = 0.00s, Memory = 0.0K)
Checking Rule Txv_SvaSetup01 for module FIFO_RD (Rule 134 of total 430) .... done (Time = 0.00s, Memory = 0.0K)
Checking Rule LogNMuxPrereq for module FIFO_RD (Rule 135 of total 430) .... done (Time = 0.00s, Memory = 0.0K)
Checking Rule PESVASETUP01 for module FIFO_RD (Rule 136 of total 430) .... done (Time = 0.00s, Memory = 0.0K)
Checking Rule HangingNetPreReq-ML for module FIFO_RD (Rule 137 of total 430) .... done (Time = 0.00s, Memory = 0.0K)
Checking Rule _meta_delay01 for module FIFO_RD (Rule 138 of total 430) .... done (Time = 0.00s, Memory = 0.0K)
Checking Rule SDC2SGDCPARSE for module FIFO_RD (Rule 139 of total 430) .... done (Time = 0.00s, Memory = 0.0K)
Checking Rule _cdc_save_license01 for module FIFO_RD (Rule 140 of total 430) .... done (Time = 0.00s, Memory = 0.0K)
Checking Rule Reset_check05 for module FIFO_RD (Rule 141 of total 430) .... done (Time = 0.00s, Memory = 0.0K)
Checking Rule _syncResetStyleRTL for module FIFO_RD (Rule 142 of total 430) .... done (Time = 0.00s, Memory = 0.0K)
Checking Rule Ac_svasetup01 for module FIFO_RD (Rule 143 of total 430) .... done (Time = 0.00s, Memory = 0.0K)
Checking Rule Txv_SvaSetup01 for module ASYNC_FIFO (Rule 134 of total 430) .... done (Time = 0.00s, Memory = 0.0K)
Checking Rule LogNMuxPrereq for module ASYNC_FIFO (Rule 135 of total 430) .... done (Time = 0.00s, Memory = 0.0K)
Checking Rule PESVASETUP01 for module ASYNC_FIFO (Rule 136 of total 430) .... done (Time = 0.00s, Memory = 0.0K)
Checking Rule HangingNetPreReq-ML for module ASYNC_FIFO (Rule 137 of total 430) .... done (Time = 0.00s, Memory = 0.0K)
Checking Rule _meta_delay01 for module ASYNC_FIFO (Rule 138 of total 430) .... done (Time = 0.00s, Memory = 0.0K)
Checking Rule SDC2SGDCPARSE for module ASYNC_FIFO (Rule 139 of total 430) .... done (Time = 0.00s, Memory = 0.0K)
Checking Rule _cdc_save_license01 for module ASYNC_FIFO (Rule 140 of total 430) .... done (Time = 0.00s, Memory = 0.0K)
Checking Rule Reset_check05 for module ASYNC_FIFO (Rule 141 of total 430) .... done (Time = 0.00s, Memory = 0.0K)
Checking Rule _syncResetStyleRTL for module ASYNC_FIFO (Rule 142 of total 430) .... done (Time = 0.00s, Memory = 0.0K)
Checking Rule Ac_svasetup01 for module ASYNC_FIFO (Rule 143 of total 430) .... done (Time = 0.00s, Memory = 0.0K)
Checking Rule Txv_SvaSetup01 for module ALU (Rule 134 of total 430) .... done (Time = 0.00s, Memory = 0.0K)
Checking Rule LogNMuxPrereq for module ALU (Rule 135 of total 430) .... done (Time = 0.00s, Memory = 0.0K)
Checking Rule PESVASETUP01 for module ALU (Rule 136 of total 430) .... done (Time = 0.00s, Memory = 0.0K)
Checking Rule HangingNetPreReq-ML for module ALU (Rule 137 of total 430) .... done (Time = 0.00s, Memory = 0.0K)
Checking Rule _meta_delay01 for module ALU (Rule 138 of total 430) .... done (Time = 0.00s, Memory = 0.0K)
Checking Rule SDC2SGDCPARSE for module ALU (Rule 139 of total 430) .... done (Time = 0.00s, Memory = 0.0K)
Checking Rule _cdc_save_license01 for module ALU (Rule 140 of total 430) .... done (Time = 0.00s, Memory = 0.0K)
Checking Rule Reset_check05 for module ALU (Rule 141 of total 430) .... done (Time = 0.00s, Memory = 0.0K)
Checking Rule _syncResetStyleRTL for module ALU (Rule 142 of total 430) .... done (Time = 0.00s, Memory = 0.0K)
Checking Rule Ac_svasetup01 for module ALU (Rule 143 of total 430) .... done (Time = 0.00s, Memory = 0.0K)
Checking Rule Txv_SvaSetup01 for module CLK_GATE (Rule 134 of total 430) .... done (Time = 0.00s, Memory = 0.0K)
Checking Rule LogNMuxPrereq for module CLK_GATE (Rule 135 of total 430) .... done (Time = 0.00s, Memory = 0.0K)
Checking Rule PESVASETUP01 for module CLK_GATE (Rule 136 of total 430) .... done (Time = 0.00s, Memory = 0.0K)
Checking Rule HangingNetPreReq-ML for module CLK_GATE (Rule 137 of total 430) .... done (Time = 0.00s, Memory = 0.0K)
Checking Rule _meta_delay01 for module CLK_GATE (Rule 138 of total 430) .... done (Time = 0.00s, Memory = 0.0K)
Checking Rule SDC2SGDCPARSE for module CLK_GATE (Rule 139 of total 430) .... done (Time = 0.00s, Memory = 0.0K)
Checking Rule _cdc_save_license01 for module CLK_GATE (Rule 140 of total 430) .... done (Time = 0.00s, Memory = 0.0K)
Checking Rule Reset_check05 for module CLK_GATE (Rule 141 of total 430) .... done (Time = 0.00s, Memory = 0.0K)
Checking Rule _syncResetStyleRTL for module CLK_GATE (Rule 142 of total 430) .... done (Time = 0.00s, Memory = 0.0K)
Checking Rule Ac_svasetup01 for module CLK_GATE (Rule 143 of total 430) .... done (Time = 0.00s, Memory = 0.0K)
Checking Rule Txv_SvaSetup01 for module regfile (Rule 134 of total 430) .... done (Time = 0.00s, Memory = 0.0K)
Checking Rule LogNMuxPrereq for module regfile (Rule 135 of total 430) .... done (Time = 0.00s, Memory = 0.0K)
Checking Rule PESVASETUP01 for module regfile (Rule 136 of total 430) .... done (Time = 0.00s, Memory = 0.0K)
Checking Rule HangingNetPreReq-ML for module regfile (Rule 137 of total 430) .... done (Time = 0.00s, Memory = 0.0K)
Checking Rule _meta_delay01 for module regfile (Rule 138 of total 430) .... done (Time = 0.00s, Memory = 0.0K)
Checking Rule SDC2SGDCPARSE for module regfile (Rule 139 of total 430) .... done (Time = 0.00s, Memory = 0.0K)
Checking Rule _cdc_save_license01 for module regfile (Rule 140 of total 430) .... done (Time = 0.00s, Memory = 0.0K)
Checking Rule Reset_check05 for module regfile (Rule 141 of total 430) .... done (Time = 0.00s, Memory = 0.0K)
Checking Rule _syncResetStyleRTL for module regfile (Rule 142 of total 430) .... done (Time = 0.00s, Memory = 0.0K)
Checking Rule Ac_svasetup01 for module regfile (Rule 143 of total 430) .... done (Time = 0.00s, Memory = 0.0K)
Checking Rule Txv_SvaSetup01 for module SYS_CTRL (Rule 134 of total 430) .... done (Time = 0.00s, Memory = 0.0K)
Checking Rule LogNMuxPrereq for module SYS_CTRL (Rule 135 of total 430) .... done (Time = 0.00s, Memory = 0.0K)
Checking Rule PESVASETUP01 for module SYS_CTRL (Rule 136 of total 430) .... done (Time = 0.00s, Memory = 0.0K)
Checking Rule HangingNetPreReq-ML for module SYS_CTRL (Rule 137 of total 430) .... done (Time = 0.00s, Memory = 0.0K)
Checking Rule _meta_delay01 for module SYS_CTRL (Rule 138 of total 430) .... done (Time = 0.00s, Memory = 0.0K)
Checking Rule SDC2SGDCPARSE for module SYS_CTRL (Rule 139 of total 430) .... done (Time = 0.00s, Memory = 0.0K)
Checking Rule _cdc_save_license01 for module SYS_CTRL (Rule 140 of total 430) .... done (Time = 0.00s, Memory = 0.0K)
Checking Rule Reset_check05 for module SYS_CTRL (Rule 141 of total 430) .... done (Time = 0.00s, Memory = 0.0K)
Checking Rule _syncResetStyleRTL for module SYS_CTRL (Rule 142 of total 430) .... done (Time = 0.00s, Memory = 0.0K)
Checking Rule Ac_svasetup01 for module SYS_CTRL (Rule 143 of total 430) .... done (Time = 0.00s, Memory = 0.0K)
Checking Rule Txv_SvaSetup01 for module DATA_SYNC (Rule 134 of total 430) .... done (Time = 0.00s, Memory = 0.0K)
Checking Rule LogNMuxPrereq for module DATA_SYNC (Rule 135 of total 430) .... done (Time = 0.00s, Memory = 0.0K)
Checking Rule PESVASETUP01 for module DATA_SYNC (Rule 136 of total 430) .... done (Time = 0.00s, Memory = 0.0K)
Checking Rule HangingNetPreReq-ML for module DATA_SYNC (Rule 137 of total 430) .... done (Time = 0.00s, Memory = 0.0K)
Checking Rule _meta_delay01 for module DATA_SYNC (Rule 138 of total 430) .... done (Time = 0.00s, Memory = 0.0K)
Checking Rule SDC2SGDCPARSE for module DATA_SYNC (Rule 139 of total 430) .... done (Time = 0.00s, Memory = 0.0K)
Checking Rule _cdc_save_license01 for module DATA_SYNC (Rule 140 of total 430) .... done (Time = 0.00s, Memory = 0.0K)
Checking Rule Reset_check05 for module DATA_SYNC (Rule 141 of total 430) .... done (Time = 0.00s, Memory = 0.0K)
Checking Rule _syncResetStyleRTL for module DATA_SYNC (Rule 142 of total 430) .... done (Time = 0.00s, Memory = 0.0K)
Checking Rule Ac_svasetup01 for module DATA_SYNC (Rule 143 of total 430) .... done (Time = 0.00s, Memory = 0.0K)
Checking Rule Txv_SvaSetup01 for module FSM_RX (Rule 134 of total 430) .... done (Time = 0.00s, Memory = 0.0K)
Checking Rule LogNMuxPrereq for module FSM_RX (Rule 135 of total 430) .... done (Time = 0.00s, Memory = 0.0K)
Checking Rule PESVASETUP01 for module FSM_RX (Rule 136 of total 430) .... done (Time = 0.00s, Memory = 0.0K)
Checking Rule HangingNetPreReq-ML for module FSM_RX (Rule 137 of total 430) .... done (Time = 0.00s, Memory = 0.0K)
Checking Rule _meta_delay01 for module FSM_RX (Rule 138 of total 430) .... done (Time = 0.00s, Memory = 0.0K)
Checking Rule SDC2SGDCPARSE for module FSM_RX (Rule 139 of total 430) .... done (Time = 0.00s, Memory = 0.0K)
Checking Rule _cdc_save_license01 for module FSM_RX (Rule 140 of total 430) .... done (Time = 0.00s, Memory = 0.0K)
Checking Rule Reset_check05 for module FSM_RX (Rule 141 of total 430) .... done (Time = 0.00s, Memory = 0.0K)
Checking Rule _syncResetStyleRTL for module FSM_RX (Rule 142 of total 430) .... done (Time = 0.00s, Memory = 0.0K)
Checking Rule Ac_svasetup01 for module FSM_RX (Rule 143 of total 430) .... done (Time = 0.00s, Memory = 0.0K)
Checking Rule Txv_SvaSetup01 for module edge_bit_counter (Rule 134 of total 430) .... done (Time = 0.00s, Memory = 0.0K)
Checking Rule LogNMuxPrereq for module edge_bit_counter (Rule 135 of total 430) .... done (Time = 0.00s, Memory = 0.0K)
Checking Rule PESVASETUP01 for module edge_bit_counter (Rule 136 of total 430) .... done (Time = 0.00s, Memory = 0.0K)
Checking Rule HangingNetPreReq-ML for module edge_bit_counter (Rule 137 of total 430) .... done (Time = 0.00s, Memory = 0.0K)
Checking Rule _meta_delay01 for module edge_bit_counter (Rule 138 of total 430) .... done (Time = 0.00s, Memory = 0.0K)
Checking Rule SDC2SGDCPARSE for module edge_bit_counter (Rule 139 of total 430) .... done (Time = 0.00s, Memory = 0.0K)
Checking Rule _cdc_save_license01 for module edge_bit_counter (Rule 140 of total 430) .... done (Time = 0.00s, Memory = 0.0K)
Checking Rule Reset_check05 for module edge_bit_counter (Rule 141 of total 430) .... done (Time = 0.00s, Memory = 0.0K)
Checking Rule _syncResetStyleRTL for module edge_bit_counter (Rule 142 of total 430) .... done (Time = 0.00s, Memory = 0.0K)
Checking Rule Ac_svasetup01 for module edge_bit_counter (Rule 143 of total 430) .... done (Time = 0.00s, Memory = 0.0K)
Checking Rule Txv_SvaSetup01 for module deserializer (Rule 134 of total 430) .... done (Time = 0.00s, Memory = 0.0K)
Checking Rule LogNMuxPrereq for module deserializer (Rule 135 of total 430) .... done (Time = 0.00s, Memory = 0.0K)
Checking Rule PESVASETUP01 for module deserializer (Rule 136 of total 430) .... done (Time = 0.00s, Memory = 0.0K)
Checking Rule HangingNetPreReq-ML for module deserializer (Rule 137 of total 430) .... done (Time = 0.00s, Memory = 0.0K)
Checking Rule _meta_delay01 for module deserializer (Rule 138 of total 430) .... done (Time = 0.00s, Memory = 0.0K)
Checking Rule SDC2SGDCPARSE for module deserializer (Rule 139 of total 430) .... done (Time = 0.00s, Memory = 0.0K)
Checking Rule _cdc_save_license01 for module deserializer (Rule 140 of total 430) .... done (Time = 0.00s, Memory = 0.0K)
Checking Rule Reset_check05 for module deserializer (Rule 141 of total 430) .... done (Time = 0.00s, Memory = 0.0K)
Checking Rule _syncResetStyleRTL for module deserializer (Rule 142 of total 430) .... done (Time = 0.00s, Memory = 0.0K)
Checking Rule Ac_svasetup01 for module deserializer (Rule 143 of total 430) .... done (Time = 0.00s, Memory = 0.0K)
Checking Rule Txv_SvaSetup01 for module data_sampling (Rule 134 of total 430) .... done (Time = 0.00s, Memory = 0.0K)
Checking Rule LogNMuxPrereq for module data_sampling (Rule 135 of total 430) .... done (Time = 0.00s, Memory = 0.0K)
Checking Rule PESVASETUP01 for module data_sampling (Rule 136 of total 430) .... done (Time = 0.00s, Memory = 0.0K)
Checking Rule HangingNetPreReq-ML for module data_sampling (Rule 137 of total 430) .... done (Time = 0.00s, Memory = 0.0K)
Checking Rule _meta_delay01 for module data_sampling (Rule 138 of total 430) .... done (Time = 0.00s, Memory = 0.0K)
Checking Rule SDC2SGDCPARSE for module data_sampling (Rule 139 of total 430) .... done (Time = 0.00s, Memory = 0.0K)
Checking Rule _cdc_save_license01 for module data_sampling (Rule 140 of total 430) .... done (Time = 0.00s, Memory = 0.0K)
Checking Rule Reset_check05 for module data_sampling (Rule 141 of total 430) .... done (Time = 0.00s, Memory = 0.0K)
Checking Rule _syncResetStyleRTL for module data_sampling (Rule 142 of total 430) .... done (Time = 0.00s, Memory = 0.0K)
Checking Rule Ac_svasetup01 for module data_sampling (Rule 143 of total 430) .... done (Time = 0.00s, Memory = 0.0K)
Checking Rule Txv_SvaSetup01 for module stop_checker (Rule 134 of total 430) .... done (Time = 0.00s, Memory = 0.0K)
Checking Rule LogNMuxPrereq for module stop_checker (Rule 135 of total 430) .... done (Time = 0.00s, Memory = 0.0K)
Checking Rule PESVASETUP01 for module stop_checker (Rule 136 of total 430) .... done (Time = 0.00s, Memory = 0.0K)
Checking Rule HangingNetPreReq-ML for module stop_checker (Rule 137 of total 430) .... done (Time = 0.00s, Memory = 0.0K)
Checking Rule _meta_delay01 for module stop_checker (Rule 138 of total 430) .... done (Time = 0.00s, Memory = 0.0K)
Checking Rule SDC2SGDCPARSE for module stop_checker (Rule 139 of total 430) .... done (Time = 0.00s, Memory = 0.0K)
Checking Rule _cdc_save_license01 for module stop_checker (Rule 140 of total 430) .... done (Time = 0.00s, Memory = 0.0K)
Checking Rule Reset_check05 for module stop_checker (Rule 141 of total 430) .... done (Time = 0.00s, Memory = 0.0K)
Checking Rule _syncResetStyleRTL for module stop_checker (Rule 142 of total 430) .... done (Time = 0.00s, Memory = 0.0K)
Checking Rule Ac_svasetup01 for module stop_checker (Rule 143 of total 430) .... done (Time = 0.00s, Memory = 0.0K)
Checking Rule Txv_SvaSetup01 for module strt_checker (Rule 134 of total 430) .... done (Time = 0.00s, Memory = 0.0K)
Checking Rule LogNMuxPrereq for module strt_checker (Rule 135 of total 430) .... done (Time = 0.00s, Memory = 0.0K)
Checking Rule PESVASETUP01 for module strt_checker (Rule 136 of total 430) .... done (Time = 0.00s, Memory = 0.0K)
Checking Rule HangingNetPreReq-ML for module strt_checker (Rule 137 of total 430) .... done (Time = 0.00s, Memory = 0.0K)
Checking Rule _meta_delay01 for module strt_checker (Rule 138 of total 430) .... done (Time = 0.00s, Memory = 0.0K)
Checking Rule SDC2SGDCPARSE for module strt_checker (Rule 139 of total 430) .... done (Time = 0.00s, Memory = 0.0K)
Checking Rule _cdc_save_license01 for module strt_checker (Rule 140 of total 430) .... done (Time = 0.00s, Memory = 0.0K)
Checking Rule Reset_check05 for module strt_checker (Rule 141 of total 430) .... done (Time = 0.00s, Memory = 0.0K)
Checking Rule _syncResetStyleRTL for module strt_checker (Rule 142 of total 430) .... done (Time = 0.00s, Memory = 0.0K)
Checking Rule Ac_svasetup01 for module strt_checker (Rule 143 of total 430) .... done (Time = 0.00s, Memory = 0.0K)
Checking Rule Txv_SvaSetup01 for module parity_checker (Rule 134 of total 430) .... done (Time = 0.00s, Memory = 0.0K)
Checking Rule LogNMuxPrereq for module parity_checker (Rule 135 of total 430) .... done (Time = 0.00s, Memory = 0.0K)
Checking Rule PESVASETUP01 for module parity_checker (Rule 136 of total 430) .... done (Time = 0.00s, Memory = 0.0K)
Checking Rule HangingNetPreReq-ML for module parity_checker (Rule 137 of total 430) .... done (Time = 0.00s, Memory = 0.0K)
Checking Rule _meta_delay01 for module parity_checker (Rule 138 of total 430) .... done (Time = 0.00s, Memory = 0.0K)
Checking Rule SDC2SGDCPARSE for module parity_checker (Rule 139 of total 430) .... done (Time = 0.00s, Memory = 0.0K)
Checking Rule _cdc_save_license01 for module parity_checker (Rule 140 of total 430) .... done (Time = 0.00s, Memory = 0.0K)
Checking Rule Reset_check05 for module parity_checker (Rule 141 of total 430) .... done (Time = 0.00s, Memory = 0.0K)
Checking Rule _syncResetStyleRTL for module parity_checker (Rule 142 of total 430) .... done (Time = 0.00s, Memory = 0.0K)
Checking Rule Ac_svasetup01 for module parity_checker (Rule 143 of total 430) .... done (Time = 0.00s, Memory = 0.0K)
Checking Rule Txv_SvaSetup01 for module UART_RX (Rule 134 of total 430) .... done (Time = 0.00s, Memory = 0.0K)
Checking Rule LogNMuxPrereq for module UART_RX (Rule 135 of total 430) .... done (Time = 0.00s, Memory = 0.0K)
Checking Rule PESVASETUP01 for module UART_RX (Rule 136 of total 430) .... done (Time = 0.00s, Memory = 0.0K)
Checking Rule HangingNetPreReq-ML for module UART_RX (Rule 137 of total 430) .... done (Time = 0.00s, Memory = 0.0K)
Checking Rule _meta_delay01 for module UART_RX (Rule 138 of total 430) .... done (Time = 0.00s, Memory = 0.0K)
Checking Rule SDC2SGDCPARSE for module UART_RX (Rule 139 of total 430) .... done (Time = 0.00s, Memory = 0.0K)
Checking Rule _cdc_save_license01 for module UART_RX (Rule 140 of total 430) .... done (Time = 0.00s, Memory = 0.0K)
Checking Rule Reset_check05 for module UART_RX (Rule 141 of total 430) .... done (Time = 0.00s, Memory = 0.0K)
Checking Rule _syncResetStyleRTL for module UART_RX (Rule 142 of total 430) .... done (Time = 0.00s, Memory = 0.0K)
Checking Rule Ac_svasetup01 for module UART_RX (Rule 143 of total 430) .... done (Time = 0.00s, Memory = 0.0K)
Checking Rule Txv_SvaSetup01 for module FSM_TX (Rule 134 of total 430) .... done (Time = 0.00s, Memory = 0.0K)
Checking Rule LogNMuxPrereq for module FSM_TX (Rule 135 of total 430) .... done (Time = 0.00s, Memory = 0.0K)
Checking Rule PESVASETUP01 for module FSM_TX (Rule 136 of total 430) .... done (Time = 0.00s, Memory = 0.0K)
Checking Rule HangingNetPreReq-ML for module FSM_TX (Rule 137 of total 430) .... done (Time = 0.00s, Memory = 0.0K)
Checking Rule _meta_delay01 for module FSM_TX (Rule 138 of total 430) .... done (Time = 0.00s, Memory = 0.0K)
Checking Rule SDC2SGDCPARSE for module FSM_TX (Rule 139 of total 430) .... done (Time = 0.00s, Memory = 0.0K)
Checking Rule _cdc_save_license01 for module FSM_TX (Rule 140 of total 430) .... done (Time = 0.00s, Memory = 0.0K)
Checking Rule Reset_check05 for module FSM_TX (Rule 141 of total 430) .... done (Time = 0.00s, Memory = 0.0K)
Checking Rule _syncResetStyleRTL for module FSM_TX (Rule 142 of total 430) .... done (Time = 0.00s, Memory = 0.0K)
Checking Rule Ac_svasetup01 for module FSM_TX (Rule 143 of total 430) .... done (Time = 0.00s, Memory = 0.0K)
Checking Rule Txv_SvaSetup01 for module Serializer (Rule 134 of total 430) .... done (Time = 0.00s, Memory = 0.0K)
Checking Rule LogNMuxPrereq for module Serializer (Rule 135 of total 430) .... done (Time = 0.00s, Memory = 0.0K)
Checking Rule PESVASETUP01 for module Serializer (Rule 136 of total 430) .... done (Time = 0.00s, Memory = 0.0K)
Checking Rule HangingNetPreReq-ML for module Serializer (Rule 137 of total 430) .... done (Time = 0.00s, Memory = 0.0K)
Checking Rule _meta_delay01 for module Serializer (Rule 138 of total 430) .... done (Time = 0.00s, Memory = 0.0K)
Checking Rule SDC2SGDCPARSE for module Serializer (Rule 139 of total 430) .... done (Time = 0.00s, Memory = 0.0K)
Checking Rule _cdc_save_license01 for module Serializer (Rule 140 of total 430) .... done (Time = 0.00s, Memory = 0.0K)
Checking Rule Reset_check05 for module Serializer (Rule 141 of total 430) .... done (Time = 0.00s, Memory = 0.0K)
Checking Rule _syncResetStyleRTL for module Serializer (Rule 142 of total 430) .... done (Time = 0.00s, Memory = 0.0K)
Checking Rule Ac_svasetup01 for module Serializer (Rule 143 of total 430) .... done (Time = 0.00s, Memory = 0.0K)
Checking Rule Txv_SvaSetup01 for module Parity_Calc (Rule 134 of total 430) .... done (Time = 0.00s, Memory = 0.0K)
Checking Rule LogNMuxPrereq for module Parity_Calc (Rule 135 of total 430) .... done (Time = 0.00s, Memory = 0.0K)
Checking Rule PESVASETUP01 for module Parity_Calc (Rule 136 of total 430) .... done (Time = 0.00s, Memory = 0.0K)
Checking Rule HangingNetPreReq-ML for module Parity_Calc (Rule 137 of total 430) .... done (Time = 0.00s, Memory = 0.0K)
Checking Rule _meta_delay01 for module Parity_Calc (Rule 138 of total 430) .... done (Time = 0.00s, Memory = 0.0K)
Checking Rule SDC2SGDCPARSE for module Parity_Calc (Rule 139 of total 430) .... done (Time = 0.00s, Memory = 0.0K)
Checking Rule _cdc_save_license01 for module Parity_Calc (Rule 140 of total 430) .... done (Time = 0.00s, Memory = 0.0K)
Checking Rule Reset_check05 for module Parity_Calc (Rule 141 of total 430) .... done (Time = 0.00s, Memory = 0.0K)
Checking Rule _syncResetStyleRTL for module Parity_Calc (Rule 142 of total 430) .... done (Time = 0.00s, Memory = 0.0K)
Checking Rule Ac_svasetup01 for module Parity_Calc (Rule 143 of total 430) .... done (Time = 0.00s, Memory = 0.0K)
Checking Rule Txv_SvaSetup01 for module MUX (Rule 134 of total 430) .... done (Time = 0.00s, Memory = 0.0K)
Checking Rule LogNMuxPrereq for module MUX (Rule 135 of total 430) .... done (Time = 0.00s, Memory = 0.0K)
Checking Rule PESVASETUP01 for module MUX (Rule 136 of total 430) .... done (Time = 0.00s, Memory = 0.0K)
Checking Rule HangingNetPreReq-ML for module MUX (Rule 137 of total 430) .... done (Time = 0.00s, Memory = 0.0K)
Checking Rule _meta_delay01 for module MUX (Rule 138 of total 430) .... done (Time = 0.00s, Memory = 0.0K)
Checking Rule SDC2SGDCPARSE for module MUX (Rule 139 of total 430) .... done (Time = 0.00s, Memory = 0.0K)
Checking Rule _cdc_save_license01 for module MUX (Rule 140 of total 430) .... done (Time = 0.00s, Memory = 0.0K)
Checking Rule Reset_check05 for module MUX (Rule 141 of total 430) .... done (Time = 0.00s, Memory = 0.0K)
Checking Rule _syncResetStyleRTL for module MUX (Rule 142 of total 430) .... done (Time = 0.00s, Memory = 0.0K)
Checking Rule Ac_svasetup01 for module MUX (Rule 143 of total 430) .... done (Time = 0.00s, Memory = 0.0K)
Checking Rule Txv_SvaSetup01 for module UART_TX (Rule 134 of total 430) .... done (Time = 0.00s, Memory = 0.0K)
Checking Rule LogNMuxPrereq for module UART_TX (Rule 135 of total 430) .... done (Time = 0.00s, Memory = 0.0K)
Checking Rule PESVASETUP01 for module UART_TX (Rule 136 of total 430) .... done (Time = 0.00s, Memory = 0.0K)
Checking Rule HangingNetPreReq-ML for module UART_TX (Rule 137 of total 430) .... done (Time = 0.00s, Memory = 0.0K)
Checking Rule _meta_delay01 for module UART_TX (Rule 138 of total 430) .... done (Time = 0.00s, Memory = 0.0K)
Checking Rule SDC2SGDCPARSE for module UART_TX (Rule 139 of total 430) .... done (Time = 0.00s, Memory = 0.0K)
Checking Rule _cdc_save_license01 for module UART_TX (Rule 140 of total 430) .... done (Time = 0.00s, Memory = 0.0K)
Checking Rule Reset_check05 for module UART_TX (Rule 141 of total 430) .... done (Time = 0.00s, Memory = 0.0K)
Checking Rule _syncResetStyleRTL for module UART_TX (Rule 142 of total 430) .... done (Time = 0.00s, Memory = 0.0K)
Checking Rule Ac_svasetup01 for module UART_TX (Rule 143 of total 430) .... done (Time = 0.00s, Memory = 0.0K)
Checking Rule Txv_SvaSetup01 for module UART (Rule 134 of total 430) .... done (Time = 0.00s, Memory = 0.0K)
Checking Rule LogNMuxPrereq for module UART (Rule 135 of total 430) .... done (Time = 0.00s, Memory = 0.0K)
Checking Rule PESVASETUP01 for module UART (Rule 136 of total 430) .... done (Time = 0.00s, Memory = 0.0K)
Checking Rule HangingNetPreReq-ML for module UART (Rule 137 of total 430) .... done (Time = 0.00s, Memory = 0.0K)
Checking Rule _meta_delay01 for module UART (Rule 138 of total 430) .... done (Time = 0.00s, Memory = 0.0K)
Checking Rule SDC2SGDCPARSE for module UART (Rule 139 of total 430) .... done (Time = 0.00s, Memory = 0.0K)
Checking Rule _cdc_save_license01 for module UART (Rule 140 of total 430) .... done (Time = 0.00s, Memory = 0.0K)
Checking Rule Reset_check05 for module UART (Rule 141 of total 430) .... done (Time = 0.00s, Memory = 0.0K)
Checking Rule _syncResetStyleRTL for module UART (Rule 142 of total 430) .... done (Time = 0.00s, Memory = 0.0K)
Checking Rule Ac_svasetup01 for module UART (Rule 143 of total 430) .... done (Time = 0.00s, Memory = 0.0K)
Checking Rule Txv_SvaSetup01 for module RST_SYNC (Rule 134 of total 430) .... done (Time = 0.00s, Memory = 0.0K)
Checking Rule LogNMuxPrereq for module RST_SYNC (Rule 135 of total 430) .... done (Time = 0.00s, Memory = 0.0K)
Checking Rule PESVASETUP01 for module RST_SYNC (Rule 136 of total 430) .... done (Time = 0.00s, Memory = 0.0K)
Checking Rule HangingNetPreReq-ML for module RST_SYNC (Rule 137 of total 430) .... done (Time = 0.00s, Memory = 0.0K)
Checking Rule _meta_delay01 for module RST_SYNC (Rule 138 of total 430) .... done (Time = 0.00s, Memory = 0.0K)
Checking Rule SDC2SGDCPARSE for module RST_SYNC (Rule 139 of total 430) .... done (Time = 0.00s, Memory = 0.0K)
Checking Rule _cdc_save_license01 for module RST_SYNC (Rule 140 of total 430) .... done (Time = 0.00s, Memory = 0.0K)
Checking Rule Reset_check05 for module RST_SYNC (Rule 141 of total 430) .... done (Time = 0.00s, Memory = 0.0K)
Checking Rule _syncResetStyleRTL for module RST_SYNC (Rule 142 of total 430) .... done (Time = 0.00s, Memory = 0.0K)
Checking Rule Ac_svasetup01 for module RST_SYNC (Rule 143 of total 430) .... done (Time = 0.00s, Memory = 0.0K)
Checking Rule Txv_SvaSetup01 for module CLK_DIV (Rule 134 of total 430) .... done (Time = 0.00s, Memory = 0.0K)
Checking Rule LogNMuxPrereq for module CLK_DIV (Rule 135 of total 430) .... done (Time = 0.00s, Memory = 0.0K)
Checking Rule PESVASETUP01 for module CLK_DIV (Rule 136 of total 430) .... done (Time = 0.00s, Memory = 0.0K)
Checking Rule HangingNetPreReq-ML for module CLK_DIV (Rule 137 of total 430) .... done (Time = 0.00s, Memory = 0.0K)
Checking Rule _meta_delay01 for module CLK_DIV (Rule 138 of total 430) .... done (Time = 0.00s, Memory = 0.0K)
Checking Rule SDC2SGDCPARSE for module CLK_DIV (Rule 139 of total 430) .... done (Time = 0.00s, Memory = 0.0K)
Checking Rule _cdc_save_license01 for module CLK_DIV (Rule 140 of total 430) .... done (Time = 0.00s, Memory = 0.0K)
Checking Rule Reset_check05 for module CLK_DIV (Rule 141 of total 430) .... done (Time = 0.00s, Memory = 0.0K)
Checking Rule _syncResetStyleRTL for module CLK_DIV (Rule 142 of total 430) .... done (Time = 0.00s, Memory = 0.0K)
Checking Rule Ac_svasetup01 for module CLK_DIV (Rule 143 of total 430) .... done (Time = 0.00s, Memory = 0.0K)
Checking Rule Txv_SvaSetup01 for module prescale_mux (Rule 134 of total 430) .... done (Time = 0.00s, Memory = 0.0K)
Checking Rule LogNMuxPrereq for module prescale_mux (Rule 135 of total 430) .... done (Time = 0.00s, Memory = 0.0K)
Checking Rule PESVASETUP01 for module prescale_mux (Rule 136 of total 430) .... done (Time = 0.00s, Memory = 0.0K)
Checking Rule HangingNetPreReq-ML for module prescale_mux (Rule 137 of total 430) .... done (Time = 0.00s, Memory = 0.0K)
Checking Rule _meta_delay01 for module prescale_mux (Rule 138 of total 430) .... done (Time = 0.00s, Memory = 0.0K)
Checking Rule SDC2SGDCPARSE for module prescale_mux (Rule 139 of total 430) .... done (Time = 0.00s, Memory = 0.0K)
Checking Rule _cdc_save_license01 for module prescale_mux (Rule 140 of total 430) .... done (Time = 0.00s, Memory = 0.0K)
Checking Rule Reset_check05 for module prescale_mux (Rule 141 of total 430) .... done (Time = 0.00s, Memory = 0.0K)
Checking Rule _syncResetStyleRTL for module prescale_mux (Rule 142 of total 430) .... done (Time = 0.00s, Memory = 0.0K)
Checking Rule Ac_svasetup01 for module prescale_mux (Rule 143 of total 430) .... done (Time = 0.00s, Memory = 0.0K)
Checking Rule Txv_SvaSetup01 for module SYSTEM_TOP (Rule 134 of total 430) .... done (Time = 0.00s, Memory = 0.0K)
Checking Rule LogNMuxPrereq for module SYSTEM_TOP (Rule 135 of total 430) .... done (Time = 0.00s, Memory = 0.0K)
Checking Rule PESVASETUP01 for module SYSTEM_TOP (Rule 136 of total 430) .... done (Time = 0.00s, Memory = 0.0K)
Checking Rule HangingNetPreReq-ML for module SYSTEM_TOP (Rule 137 of total 430) .... done (Time = 0.00s, Memory = 0.0K)
Checking Rule _meta_delay01 for module SYSTEM_TOP (Rule 138 of total 430) .... done (Time = 0.00s, Memory = 0.0K)
Checking Rule SDC2SGDCPARSE for module SYSTEM_TOP (Rule 139 of total 430) .... done (Time = 0.00s, Memory = 0.0K)
Checking Rule _cdc_save_license01 for module SYSTEM_TOP (Rule 140 of total 430) .... done (Time = 0.00s, Memory = 0.0K)
Checking Rule Reset_check05 for module SYSTEM_TOP (Rule 141 of total 430) .... done (Time = 0.00s, Memory = 0.0K)
Checking Rule _syncResetStyleRTL for module SYSTEM_TOP (Rule 142 of total 430) .... done (Time = 0.00s, Memory = 0.0K)
Checking Rule Ac_svasetup01 for module SYSTEM_TOP (Rule 143 of total 430) .... done (Time = 0.00s, Memory = 0.0K)
Performing semantic checks on SGDC contents
Checking Rule SGDC_testmode03 (Rule 98 of total 430) .... done (Time = 0.00s, Memory = 0.0K)
Checking Rule checkSGDC_01 (Rule 144 of total 430) .... done (Time = 0.00s, Memory = 0.4K)
Checking Rule checkSGDC_03 (Rule 145 of total 430) .... done (Time = 0.00s, Memory = 0.0K)
Checking Rule checkSGDC_08 (Rule 146 of total 430) .... done (Time = 0.00s, Memory = 0.0K)
Checking Rule SGDC_memorywritepin04 (Rule 147 of total 430) .... done (Time = 0.00s, Memory = 15.0K)
Checking Rule SGDC_reset02 (Rule 148 of total 430) .... done (Time = 0.00s, Memory = 16.0K)
Checking Rule SGDC_reset03 (Rule 149 of total 430) .... done (Time = 0.00s, Memory = 0.0K)
Checking Rule SGDC_waive23 (Rule 150 of total 430) .... done (Time = 0.00s, Memory = 0.0K)
Checking Rule SGDC_waive26 (Rule 151 of total 430) .... done (Time = 0.00s, Memory = 0.3K)
Checking Rule SGDC_waive27 (Rule 152 of total 430) .... done (Time = 0.00s, Memory = 0.0K)
Checking Rule SGDC_waive29 (Rule 153 of total 430) .... done (Time = 0.00s, Memory = 8.0K)
Checking Rule SGDC_libgroup03 (Rule 154 of total 430) .... done (Time = 0.00s, Memory = -5.5K)
Checking Rule SGDC_ungroup02 (Rule 155 of total 430) .... done (Time = 0.00s, Memory = 32.0K)
Checking Rule _abstractPortSGDC (Rule 156 of total 430) .... done (Time = 0.00s, Memory = 5.7K)
Checking Rule SGDC_abstract_port03 (Rule 157 of total 430) .... done (Time = 0.00s, Memory = 0.0K)
Checking Rule SGDC_abstract_port04 (Rule 158 of total 430) .... done (Time = 0.00s, Memory = 0.0K)
Checking Rule SGDC_abstract_port05 (Rule 159 of total 430) .... done (Time = 0.00s, Memory = 0.0K)
Checking Rule SGDC_abstract_port07 (Rule 160 of total 430) .... done (Time = 0.00s, Memory = -0.0K)
Checking Rule SGDC_abstract_port08 (Rule 161 of total 430) .... done (Time = 0.00s, Memory = 0.0K)
Checking Rule SGDC_abstract_port10 (Rule 162 of total 430) .... done (Time = 0.00s, Memory = 0.0K)
Checking Rule SGDC_abstract_port11 (Rule 163 of total 430) .... done (Time = 0.00s, Memory = 0.0K)
Checking Rule SGDC_abstract_port12 (Rule 164 of total 430) .... done (Time = 0.00s, Memory = 0.0K)
Checking Rule SGDC_abstract_port13 (Rule 165 of total 430) .... done (Time = 0.00s, Memory = 0.4K)
Checking Rule _deltaDelayNom (Rule 166 of total 430) .... done (Time = 0.00s, Memory = 0.0K)
Checking Rule ReportUngroup (Rule 167 of total 430) .... done (Time = 0.00s, Memory = 24.0K)
Checking Rule SGDC_allow_combo_logic02 (Rule 168 of total 430) .... done (Time = 0.00s, Memory = 0.0K)
Checking Rule _portRetenClocknReset (Rule 169 of total 430) .... done (Time = 0.00s, Memory = 0.0K)
Checking Rule _portReten (Rule 170 of total 430) .... done (Time = 0.00s, Memory = -23.2K)
Checking Rule LP_POWERDATA_INFO (Rule 171 of total 430) .... done (Time = 0.00s, Memory = 6.5K)
Checking Rule SGDC_abstract_port21 (Rule 172 of total 430) .... done (Time = 0.00s, Memory = -0.6K)
Checking Rule SDC2SGDC_WRN01 (Rule 173 of total 430) .... done (Time = 0.00s, Memory = 0.0K)
Checking Rule SDC2SGDC_STX01 (Rule 174 of total 430) .... done (Time = 0.00s, Memory = 0.0K)
Checking Rule SGDC_input02 (Rule 175 of total 430) .... done (Time = 0.00s, Memory = 0.0K)
Checking Rule SGDC_input03 (Rule 176 of total 430) .... done (Time = 0.00s, Memory = 0.0K)
Checking Rule SGDC_output02 (Rule 177 of total 430) .... done (Time = 0.00s, Memory = 0.0K)
Checking Rule SGDC_output04 (Rule 178 of total 430) .... done (Time = 0.00s, Memory = 0.0K)
Checking Rule SGDC_numflops03a (Rule 179 of total 430) .... done (Time = 0.00s, Memory = 0.0K)
Checking Rule SGDC_numflops03b (Rule 180 of total 430) .... done (Time = 0.00s, Memory = 0.0K)
Checking Rule SGDC_sync_cell02b (Rule 181 of total 430) .... done (Time = 0.00s, Memory = 0.0K)
Checking Rule SGDC_qualifier02c (Rule 182 of total 430) .... done (Time = 0.00s, Memory = 0.0K)
Checking Rule SGDC_qualifier03c (Rule 183 of total 430) .... done (Time = 0.00s, Memory = 0.0K)
Checking Rule LPwrRulesSetup (Rule 184 of total 430) .... done (Time = 0.00s, Memory = 0.0K)
 Flattening SYSTEM_TOP ....
 Flattening completed
Checking Rule Domain_Conflict01 (Rule 185 of total 430) .... done (Time = 0.00s, Memory = 0.6K)
Checking Rule Domain_Matrix01 (Rule 186 of total 430) .... done (Time = 0.00s, Memory = 0.0K)
Checking Rule Domain_Missing01 (Rule 187 of total 430) .... done (Time = 0.00s, Memory = 0.0K)
Checking Rule SDC_Mapping01 (Rule 188 of total 430) .... done (Time = 0.00s, Memory = 0.0K)
Checking Rule SDC2SGDCPARSEW (Rule 189 of total 430)
AtrDomain: Inferring Clock Domains...CLOCK_STA mode..Done. (Time Taken=0s)
AtrDomain: Generating Clock Domain Reports...Done. (Time Taken=0s)
 .... done (Time = 0.00s, Memory = 63.9K)
 Flattening SYSTEM_TOP (.lib instances separately flattened) ....
 Flattening completed
Checking Rule SGDC_quasi_static_style01 (Rule 190 of total 430) .... done (Time = 0.00s, Memory = 0.0K)
Checking Rule SignalTypeSetup (Rule 191 of total 430) .... done (Time = 0.00s, Memory = 8.0K)
Checking Rule _allowInst (Rule 192 of total 430) .... done (Time = 0.00s, Memory = 0.0K)
Checking Rule _ipblock (Rule 193 of total 430) .... done (Time = 0.00s, Memory = 0.0K)
Checking Rule _rstSyncCellInst (Rule 194 of total 430) .... done (Time = 0.00s, Memory = 0.0K)
Checking Rule _syncCellDelayedQualifier (Rule 195 of total 430) .... done (Time = 0.00s, Memory = 0.0K)
Checking Rule _repeaterCellInst (Rule 196 of total 430) .... done (Time = 0.00s, Memory = 0.0K)
Checking Rule _abstract_port (Rule 197 of total 430) .... done (Time = 0.00s, Memory = 9.7K)
Checking Rule Clock_setup02 (Rule 198 of total 430) .... done (Time = 0.00s, Memory = -21.7K)
Checking Rule Clockmatrix01 (Rule 199 of total 430) .... done (Time = 0.00s, Memory = 0.0K)
Checking Rule Clock_prop (Rule 200 of total 430) .... done (Time = 0.00s, Memory = 616.5K)
Checking Rule Reset_prop (Rule 201 of total 430) .... done (Time = 0.00s, Memory = 52.0K)
Checking Rule SGDC_generated_clock06 (Rule 202 of total 430) .... done (Time = 0.00s, Memory = 0.2K)
Checking Rule Propagate_Clocks (Rule 203 of total 430) .... done (Time = 0.01s, Memory = 380.6K)
Checking Rule _syncreset_prop (Rule 204 of total 430) .... done (Time = 0.00s, Memory = 8.4K)
Checking Rule _syncc (Rule 205 of total 430) .... done (Time = 0.00s, Memory = -6.0K)
Checking Rule _syncb (Rule 206 of total 430) .... done (Time = 0.01s, Memory = 5.2K)
Checking Rule _resetPathCross (Rule 207 of total 430) .... done (Time = 0.00s, Memory = 0.0K)
Checking Rule FalsePathSetup (Rule 208 of total 430) .... done (Time = 0.00s, Memory = 0.0K)
Checking Rule _fifo01 (Rule 209 of total 430) .... done (Time = 0.00s, Memory = 0.0K)
Checking Rule _syncfifo (Rule 210 of total 430) .... done (Time = 0.00s, Memory = 0.0K)
Checking Rule _syncUDfifo (Rule 211 of total 430) .... done (Time = 0.00s, Memory = 4.7K)
Checking Rule _syncdw (Rule 212 of total 430) .... done (Time = 0.00s, Memory = 21.8K)
Checking Rule _syncd (Rule 213 of total 430) .... done (Time = 0.00s, Memory = -39.5K)
Checking Rule _syncg (Rule 214 of total 430) .... done (Time = 0.00s, Memory = -3.3K)
Checking Rule _sync_clock (Rule 215 of total 430) .... done (Time = 0.00s, Memory = -1.4K)
Checking Rule _sync_gp (Rule 216 of total 430) .... done (Time = 0.00s, Memory = 24.0K)
Checking Rule _sync_and (Rule 217 of total 430) .... done (Time = 0.00s, Memory = 0.7K)
Checking Rule _synci (Rule 218 of total 430) .... done (Time = 0.00s, Memory = -0.4K)
Checking Rule _sync_qualifier (Rule 219 of total 430) .... done (Time = 0.00s, Memory = 30.9K)
Checking Rule SGDC_fifo11 (Rule 220 of total 430) .... done (Time = 0.00s, Memory = 0.0K)
Checking Rule SGDC_fifo12 (Rule 221 of total 430) .... done (Time = 0.00s, Memory = 0.0K)
Checking Rule SGDC_fifo13 (Rule 222 of total 430) .... done (Time = 0.00s, Memory = 0.0K)
Checking Rule SGDC_fifo14 (Rule 223 of total 430) .... done (Time = 0.00s, Memory = 15.8K)
Checking Rule Gen_diff01 (Rule 224 of total 430) .... done (Time = 0.00s, Memory = 0.0K)
Checking Rule _debugData (Rule 225 of total 430) .... done (Time = 0.01s, Memory = 73.5K)
Checking Rule Ac_Sync_Init (Rule 226 of total 430) .... done (Time = 0.02s, Memory = 527.7K)
Checking Rule _propagate_cdcAttrib (Rule 227 of total 430) .... done (Time = 0.00s, Memory = -5.0K)
Checking Rule Ar_Cross_Init (Rule 228 of total 430) .... done (Time = 0.00s, Memory = 0.0K)
Checking Rule SGDC_cdc_define_transition01 (Rule 229 of total 430) .... done (Time = 0.00s, Memory = 0.0K)
Checking Rule UPF_lowpower08PR (Rule 230 of total 430) .... done (Time = 0.00s, Memory = 0.0K)
Checking Rule UPF_lowpower08 (Rule 231 of total 430) .... done (Time = 0.00s, Memory = -1.5K)
Checking Rule Setup_check01 (Rule 232 of total 430) .... done (Time = 0.00s, Memory = 0.0K)
Checking Rule Setup_check02 (Rule 233 of total 430) .... done (Time = 0.00s, Memory = 0.0K)
Checking Rule Info_Case_Analysis (Rule 234 of total 430) .... done (Time = 0.00s, Memory = -55.0K)
Checking Rule SGDC_set_case_analysis_LC (Rule 235 of total 430) .... done (Time = 0.00s, Memory = 51.5K)
Checking Rule Setup_quasi_static01 (Rule 236 of total 430) .... done (Time = 0.00s, Memory = 61.5K)
Checking Rule SGDC_signal_in_domain02 (Rule 237 of total 430) .... done (Time = 0.00s, Memory = 0.0K)
Checking Rule SGDC_signal_in_domain04 (Rule 238 of total 430) .... done (Time = 0.00s, Memory = 0.0K)
Checking Rule SGDC_numflops03c (Rule 239 of total 430) .... done (Time = 0.00s, Memory = 0.0K)
Checking Rule SGDC_numflops04 (Rule 240 of total 430) .... done (Time = 0.00s, Memory = 0.0K)
Checking Rule SGDC_numflops05 (Rule 241 of total 430) .... done (Time = 0.00s, Memory = 0.0K)
Checking Rule SGDC_numflops06 (Rule 242 of total 430) .... done (Time = 0.00s, Memory = 0.0K)
Checking Rule SGDC_numflops11 (Rule 243 of total 430) .... done (Time = 0.00s, Memory = 0.0K)
Checking Rule SGDC_numflops13 (Rule 244 of total 430) .... done (Time = 0.00s, Memory = 0.0K)
Checking Rule SGDC_numflops14 (Rule 245 of total 430) .... done (Time = 0.00s, Memory = 13.9K)
Checking Rule SGDC_clocksense02 (Rule 246 of total 430) .... done (Time = 0.00s, Memory = 8.0K)
Checking Rule SGDC_clocksense03 (Rule 247 of total 430) .... done (Time = 0.00s, Memory = 0.0K)
Checking Rule SGDC_sgclkgroup01 (Rule 248 of total 430) .... done (Time = 0.00s, Memory = 7.8K)
Checking Rule SGDC_sgclkgroup02 (Rule 249 of total 430) .... done (Time = 0.00s, Memory = 0.0K)
Checking Rule SGDC_sgclkgroup03 (Rule 250 of total 430) .... done (Time = 0.00s, Memory = 6.7K)
Checking Rule SGDC_check_clock_relation01a (Rule 251 of total 430) .... done (Time = 0.00s, Memory = 0.0K)
Checking Rule SGDC_check_clock_relation01b (Rule 252 of total 430) .... done (Time = 0.00s, Memory = 0.0K)
Checking Rule SGDC_check_clock_relation01c (Rule 253 of total 430) .... done (Time = 0.00s, Memory = -24.0K)
Checking Rule SGDC_check_clock_relation02a (Rule 254 of total 430) .... done (Time = 0.00s, Memory = 0.0K)
Checking Rule SGDC_check_clock_relation02b (Rule 255 of total 430) .... done (Time = 0.00s, Memory = 8.0K)
Checking Rule SGDC_check_clock_relation02c (Rule 256 of total 430) .... done (Time = 0.00s, Memory = 0.0K)
Checking Rule SGDC_check_clock_relation03b (Rule 257 of total 430) .... done (Time = 0.00s, Memory = -2.0K)
Checking Rule SGDC_check_clock_relation04b (Rule 258 of total 430) .... done (Time = 0.00s, Memory = 8.0K)
Checking Rule CheckClockRelationSetup (Rule 259 of total 430) .... done (Time = 0.00s, Memory = 0.0K)
Checking Rule SGDC_gray_signals01 (Rule 260 of total 430) .... done (Time = 0.00s, Memory = 1.0K)
Checking Rule SGDC_gray_signals02 (Rule 261 of total 430) .... done (Time = 0.00s, Memory = 0.0K)
Checking Rule SGDC_gray_signals03 (Rule 262 of total 430) .... done (Time = 0.00s, Memory = 0.0K)
Checking Rule SGDC_qualifier02a (Rule 263 of total 430) .... done (Time = 0.00s, Memory = 0.0K)
Checking Rule SGDC_qualifier03a (Rule 264 of total 430) .... done (Time = 0.00s, Memory = 0.0K)
Checking Rule SGDC_qualifier04 (Rule 265 of total 430) .... done (Time = 0.00s, Memory = 0.0K)
Checking Rule SGDC_qualifier05 (Rule 266 of total 430) .... done (Time = 0.00s, Memory = 0.0K)
Checking Rule SGDC_qualifier08 (Rule 267 of total 430) .... done (Time = 0.00s, Memory = 0.0K)
Checking Rule QualifierSetup (Rule 268 of total 430) .... done (Time = 0.00s, Memory = 0.0K)
Checking Rule ResetSynchronizerSetup (Rule 269 of total 430) .... done (Time = 0.00s, Memory = -0.5K)
Checking Rule SGDC_validation_filter_path03 (Rule 270 of total 430) .... done (Time = 0.00s, Memory = 0.0K)
Checking Rule SGDC_qualifier10 (Rule 271 of total 430) .... done (Time = 0.00s, Memory = 0.0K)
Checking Rule SGDC_qualifier11 (Rule 272 of total 430) .... done (Time = 0.00s, Memory = 4.0K)
Checking Rule SGDC_qualifier12 (Rule 273 of total 430) .... done (Time = 0.00s, Memory = -24.0K)
Checking Rule SGDC_qualifier13 (Rule 274 of total 430) .... done (Time = 0.00s, Memory = 0.0K)
Checking Rule SGDC_qualifier14 (Rule 275 of total 430) .... done (Time = 0.00s, Memory = 0.0K)
Checking Rule SGDC_qualifier16 (Rule 276 of total 430) .... done (Time = 0.00s, Memory = 0.0K)
Checking Rule SGDC_qualifier18 (Rule 277 of total 430) .... done (Time = 0.00s, Memory = 0.0K)
Checking Rule SGDC_qualifier19a (Rule 278 of total 430) .... done (Time = 0.00s, Memory = 0.0K)
Checking Rule SGDC_qualifier19b (Rule 279 of total 430) .... done (Time = 0.00s, Memory = 0.0K)
Checking Rule SGDC_qualifier19c (Rule 280 of total 430) .... done (Time = 0.00s, Memory = 0.0K)
Checking Rule SGDC_qualifier20b (Rule 281 of total 430) .... done (Time = 0.00s, Memory = 11.8K)
Checking Rule SGDC_qualifier21 (Rule 282 of total 430) .... done (Time = 0.00s, Memory = 0.0K)
Checking Rule SGDC_qualifier22 (Rule 283 of total 430) .... done (Time = 0.00s, Memory = 4.3K)
Checking Rule SGDC_qualifier23 (Rule 284 of total 430) .... done (Time = 0.00s, Memory = -0.5K)
Checking Rule SGDC_virtualclock01 (Rule 285 of total 430) .... done (Time = 0.00s, Memory = 0.0K)
Checking Rule SGDC_virtualreset01 (Rule 286 of total 430) .... done (Time = 0.00s, Memory = 32.0K)
Checking Rule SGDC_abstract_port19 (Rule 287 of total 430) .... done (Time = 0.00s, Memory = 0.0K)
Checking Rule SGDC_abstract_port20 (Rule 288 of total 430) .... done (Time = 0.00s, Memory = 0.0K)
Checking Rule RFPSetup (Rule 289 of total 430) .... done (Time = 0.00s, Memory = -32.0K)
Checking Rule SGDC_reset_filter_path02a (Rule 290 of total 430) .... done (Time = 0.00s, Memory = 30.0K)
Checking Rule SGDC_reset_filter_path02b (Rule 291 of total 430) .... done (Time = 0.00s, Memory = 32.0K)
Checking Rule SGDC_reset_filter_path02c (Rule 292 of total 430) .... done (Time = 0.00s, Memory = 0.0K)
Checking Rule SGDC_reset_filter_path03a (Rule 293 of total 430) .... done (Time = 0.00s, Memory = 0.0K)
Checking Rule SGDC_reset_filter_path03b (Rule 294 of total 430) .... done (Time = 0.00s, Memory = 0.0K)
Checking Rule SGDC_reset_filter_path03c (Rule 295 of total 430) .... done (Time = 0.00s, Memory = -3.5K)
Checking Rule SGDC_reset_filter_path04b (Rule 296 of total 430) .... done (Time = 0.00s, Memory = 0.0K)
Checking Rule SGDC_reset_filter_path07a (Rule 297 of total 430) .... done (Time = 0.00s, Memory = 0.0K)
Checking Rule SGDC_reset_filter_path07b (Rule 298 of total 430) .... done (Time = 0.00s, Memory = 0.0K)
Checking Rule SGDC_reset_filter_path07c (Rule 299 of total 430) .... done (Time = 0.00s, Memory = 0.0K)
Checking Rule SGDC_define_reset_order03 (Rule 300 of total 430) .... done (Time = 0.00s, Memory = 0.0K)
Checking Rule SGDC_define_reset_order04 (Rule 301 of total 430) .... done (Time = 0.00s, Memory = 0.0K)
Checking Rule SGDC_define_reset_order05 (Rule 302 of total 430) .... done (Time = 0.00s, Memory = 8.0K)
Checking Rule SGDC_cdc_false_path06 (Rule 303 of total 430) .... done (Time = 0.00s, Memory = -8.0K)
Checking Rule SGDC_cdc_false_path07 (Rule 304 of total 430) .... done (Time = 0.00s, Memory = 8.0K)
Checking Rule SGDC_cdc_false_path08 (Rule 305 of total 430) .... done (Time = 0.00s, Memory = -0.2K)
Checking Rule CDCSet_License01 (Rule 306 of total 430) .... done (Time = 0.00s, Memory = 0.0K)
Checking Rule Clock_info03a (Rule 307 of total 430) .... done (Time = 0.00s, Memory = -2.8K)
Checking Rule Clock_info03b (Rule 308 of total 430) .... done (Time = 0.00s, Memory = -38.8K)
Checking Rule Clock_info03c (Rule 309 of total 430) .... done (Time = 0.00s, Memory = -8.0K)
Checking Rule Ac_coherency06 (Rule 310 of total 430) .... done (Time = 0.00s, Memory = -27.8K)
Checking Rule Ac_unsync01 (Rule 311 of total 430) .... done (Time = 0.00s, Memory = 32.0K)
Checking Rule Ac_unsync02 (Rule 312 of total 430) .... done (Time = 0.00s, Memory = -1.5K)
Checking Rule Ac_sync01 (Rule 313 of total 430) .... done (Time = 0.00s, Memory = 0.0K)
Checking Rule Ac_sync02 (Rule 314 of total 430) .... done (Time = 0.00s, Memory = 0.0K)
Checking Rule Ac_crossing01 (Rule 315 of total 430) .... done (Time = 0.00s, Memory = -5.9K)
Checking Rule Propagate_Resets (Rule 316 of total 430) .... done (Time = 0.00s, Memory = -4.4K)
Checking Rule _reset_sync (Rule 317 of total 430) .... done (Time = 0.00s, Memory = 24.0K)
Checking Rule Setup_port01 (Rule 318 of total 430) .... done (Time = 0.00s, Memory = 0.0K)
Checking Rule Setup_blackbox01 (Rule 319 of total 430) .... done (Time = 0.00s, Memory = 0.0K)
Checking Rule Setup_library01 (Rule 320 of total 430) .... done (Time = 0.00s, Memory = -24.0K)
Checking Rule Reset_check11 (Rule 321 of total 430) .... done (Time = 0.00s, Memory = 24.5K)
Checking Rule Reset_info09a (Rule 322 of total 430) .... done (Time = 0.00s, Memory = 6.2K)
Checking Rule Clock_sync05 (Rule 323 of total 430) .... done (Time = 0.00s, Memory = 0.0K)
Checking Rule Clock_sync06 (Rule 324 of total 430) .... done (Time = 0.00s, Memory = -8.0K)
Checking Rule Clock_info02 (Rule 325 of total 430) .... done (Time = 0.01s, Memory = -42.4K)
Checking Rule Reset_info02 (Rule 326 of total 430) .... done (Time = 0.00s, Memory = -25.6K)
Checking Rule Clock_info05 (Rule 327 of total 430) .... done (Time = 0.00s, Memory = 0.0K)
Checking Rule Clock_info05b (Rule 328 of total 430) .... done (Time = 0.00s, Memory = 24.0K)
Checking Rule Reset_check03 (Rule 329 of total 430) .... done (Time = 0.00s, Memory = 11.1K)
Checking Rule _clkWrapModules (Rule 330 of total 430) .... done (Time = 0.00s, Memory = 0.5K)
Checking Rule _clock_hier_rules (Rule 331 of total 430) .... done (Time = 0.00s, Memory = 0.0K)
Checking Rule Reset_check12 (Rule 332 of total 430) .... done (Time = 0.00s, Memory = 43.8K)
Checking Rule Ar_sync_init (Rule 333 of total 430) .... done (Time = 0.01s, Memory = -11.8K)
Checking Rule _constrCoverage (Rule 334 of total 430) .... done (Time = 0.00s, Memory = 13.8K)
Checking Rule Clock_info15 (Rule 335 of total 430) .... done (Time = 0.00s, Memory = -2.3K)
Checking Rule Reset_check10 (Rule 336 of total 430) .... done (Time = 0.00s, Memory = 45.7K)
Checking Rule Reset_sync02 (Rule 337 of total 430) .... done (Time = 0.00s, Memory = -2.4K)
Checking Rule SGDC_clockreset02 (Rule 338 of total 430) .... done (Time = 0.00s, Memory = 0.0K)
Checking Rule Param_clockreset02 (Rule 339 of total 430) .... done (Time = 0.00s, Memory = -11.2K)
Checking Rule Param_clockreset04 (Rule 340 of total 430) .... done (Time = 0.00s, Memory = 0.0K)
Checking Rule Setup_clockreset01 (Rule 341 of total 430) .... done (Time = 0.00s, Memory = 0.0K)
Checking Rule Clock_check07 (Rule 342 of total 430) .... done (Time = 0.00s, Memory = 1.8K)
Checking Rule Clock_check10 (Rule 343 of total 430) .... done (Time = 0.00s, Memory = 24.0K)
Checking Rule Reset_check08 (Rule 344 of total 430) .... done (Time = 0.00s, Memory = 0.0K)
Checking Rule Clock_converge01 (Rule 345 of total 430) .... done (Time = 0.00s, Memory = 3.5K)
Checking Rule Ar_converge01 (Rule 346 of total 430) .... done (Time = 0.00s, Memory = 1.2K)
Checking Rule SGDC_noclockcell_start01 (Rule 347 of total 430) .... done (Time = 0.00s, Memory = 0.0K)
Checking Rule Ac_initseq01 (Rule 348 of total 430) .... done (Time = 0.00s, Memory = 0.0K)
Checking Rule Ac_init01 (Rule 349 of total 430) .... done (Time = 0.00s, Memory = -4.9K)
Checking Rule _ac_Auxi01 (Rule 350 of total 430) .... done (Time = 0.00s, Memory = 4.7K)
Checking Rule Ac_sanity02 (Rule 351 of total 430) .... done (Time = 0.00s, Memory = 0.0K)
Checking Rule _glitch_init (Rule 352 of total 430) .... done (Time = 0.00s, Memory = 9.3K)
Checking Rule Ac_initstate01 (Rule 353 of total 430) .... done (Time = 0.00s, Memory = 0.0K)
Checking Rule Ac_conv02 (Rule 354 of total 430) .... done (Time = 0.01s, Memory = -32.9K)
Checking Rule Ac_conv02setup01 (Rule 355 of total 430) .... done (Time = 0.00s, Memory = 32.0K)
Checking Rule Ac_conv01 (Rule 356 of total 430) .... done (Time = 0.00s, Memory = -10.2K)
Checking Rule Ac_conv03 (Rule 357 of total 430) .... done (Time = 0.01s, Memory = 3.3K)
Checking Rule Ac_conv04 (Rule 358 of total 430) .... done (Time = 0.00s, Memory = 2.2K)
Checking Rule Ac_abs01 (Rule 359 of total 430) .... done (Time = 0.00s, Memory = -0.4K)
Checking Rule Ac_glitch03 (Rule 360 of total 430) .... done (Time = 0.00s, Memory = 0.0K)
Checking Rule Ac_clockperiod01 (Rule 361 of total 430) .... done (Time = 0.00s, Memory = 0.0K)
Checking Rule Ac_clockperiod02 (Rule 362 of total 430) .... done (Time = 0.00s, Memory = 0.0K)
Checking Rule Ac_clockperiod03 (Rule 363 of total 430) .... done (Time = 0.00s, Memory = 32.0K)
Checking Rule Ac_report01 (Rule 364 of total 430) .... done (Time = 0.00s, Memory = 0.0K)
Checking Rule AllowComboLogicSetup (Rule 365 of total 430) .... done (Time = 0.00s, Memory = 0.0K)
Checking Rule Ac_resetvalue01 (Rule 366 of total 430) .... done (Time = 0.00s, Memory = -2.0K)
Checking Rule Ac_abstract_validation01 (Rule 367 of total 430) .... done (Time = 0.00s, Memory = -28.5K)
Checking Rule SGDC_abstract_mapping01 (Rule 368 of total 430) .... done (Time = 0.00s, Memory = 0.0K)
Checking Rule Ac_upfsetup02 (Rule 369 of total 430) .... done (Time = 0.00s, Memory = 0.0K)
Checking Rule Ac_upfsetup01 (Rule 370 of total 430) .... done (Time = 0.00s, Memory = 0.0K)
Checking Rule Ac_psync_init (Rule 371 of total 430) .... done (Time = 0.00s, Memory = 0.0K)
Checking Rule Ac_psetup01 (Rule 372 of total 430) .... done (Time = 0.00s, Memory = 0.0K)
Checking Rule Clock_exit01 (Rule 373 of total 430) .... done (Time = 0.00s, Memory = 0.0K)
Checking Rule SGDC_reset_synchronizer02 (Rule 374 of total 430) .... done (Time = 0.00s, Memory = 0.0K)
Checking Rule SGDC_reset_synchronizer04 (Rule 375 of total 430) .... done (Time = 0.00s, Memory = 0.0K)
Checking Rule SGDC_reset_synchronizer06 (Rule 376 of total 430) .... done (Time = 0.00s, Memory = 3.7K)
Checking Rule SGDC_reset_synchronizer08 (Rule 377 of total 430) .... done (Time = 0.00s, Memory = 27.1K)
Checking Rule SGDC_reset_synchronizer10 (Rule 378 of total 430) .... done (Time = 0.00s, Memory = 0.0K)
Checking Rule AnalyzeBBox (Rule 379 of total 430) .... done (Time = 0.00s, Memory = 0.0K)
Checking Rule ReportCheckDataSummary (Rule 95 of total 430) .... done (Time = 0.00s, Memory = 0.0K)

Generating data for Console...

SpyGlass Rule Checking Complete.

Generating moresimple report from './spyglass-1/cdc/cdc_verify_struct/spyglass.vdb' to './spyglass-1/cdc/cdc_verify_struct/spyglass_reports/moresimple.rpt' ....

Generating runsummary report from './spyglass-1/cdc/cdc_verify_struct/spyglass.vdb' ....

Generating no_msg_reporting_rules report from './spyglass-1/cdc/cdc_verify_struct/spyglass.vdb' to './spyglass-1/cdc/cdc_verify_struct/spyglass_reports/no_msg_reporting_rules.rpt' ....

Generating CDC-report report from './spyglass-1/cdc/cdc_verify_struct/spyglass.vdb' to './spyglass-1/cdc/cdc_verify_struct/spyglass_reports/CDC-report.rpt' ....

Generating CKSGDCInfo report from './spyglass-1/cdc/cdc_verify_struct/spyglass.vdb' to './spyglass-1/cdc/cdc_verify_struct/spyglass_reports/CKSGDCInfo.rpt' ....

Generating RSTree report from './spyglass-1/cdc/cdc_verify_struct/spyglass.vdb' to './spyglass-1/cdc/cdc_verify_struct/spyglass_reports/RSTree.rpt' ....

Generating CKTree report from './spyglass-1/cdc/cdc_verify_struct/spyglass.vdb' to './spyglass-1/cdc/cdc_verify_struct/spyglass_reports/CKTree.rpt' ....

Generating waiver report from './spyglass-1/cdc/cdc_verify_struct/spyglass.vdb' to './spyglass-1/cdc/cdc_verify_struct/spyglass_reports/waiver.rpt' ....

Policy specific data (reports) are present in the directory './spyglass-1/cdc/cdc_verify_struct/spyglass_reports'.

SpyGlass critical reports for the current run are present in directory './spyglass-1/consolidated_reports/cdc_cdc_verify_struct/'.

---------------------------------------------------------------------------------------------
Results Summary:
---------------------------------------------------------------------------------------------
   Goal Run           :      cdc/cdc_verify_struct
   Command-line read  :      0 error,      0 warning,      0 information message 
   Design Read        :      0 error,      0 warning,      6 information messages
      Found 1 top module:
         SYSTEM_TOP   (file: /home/ICer/IC/Projects/System/rtl/SYSTEM_TOP.v)

   Blackbox Resolution:      0 error,      0 warning,      0 information message 
   SGDC Checks        :      0 error,      0 warning,      1 information message 
** Policy clock-reset :     13 errors,     0 warning,     28 information messages
   -------------------------------------------------------------------------------------
   Total              :     13 errors,     0 warning,     35 information messages

  Total Number of Generated Messages     :        49 (13 errors, 1 warning, 35 Infos)
  Number of Waived Messages              :         1 (0 error, 1 warning, 0 Info)
  Number of Reported Messages            :        48 (13 errors, 0 warning, 35 Infos)

  NOTE: It is recommended to first fix/reconcile fatals/errors reported on
        lines starting with ** as subsequent issues might be related to it.
        Please re-run SpyGlass once ** prefixed lines are fatal/error clean.

---------------------------------------------------------------------------------------------


run_goal: info: updating spyglass.log with goal summary
---------------------------------------------------------------------------------------------------
Results Summary:
---------------------------------------------------------------------------------------------------
   Goal Run           :      cdc/cdc_verify_struct
   Top Module         :      SYSTEM_TOP
---------------------------------------------------------------------------------------------------
   Reports Directory: 
   /home/ICer/IC/Projects/System/CDC/spyglass-1/consolidated_reports/cdc_cdc_verify_struct/ 

   SpyGlass LogFile: 
    /home/ICer/IC/Projects/System/CDC/spyglass-1/cdc/cdc_verify_struct/spyglass.log 

   Standard Reports: 
     waiver.rpt          moresimple.rpt          no_msg_reporting_rules.rpt       

   HTML report:
    /home/ICer/IC/Projects/System/CDC/spyglass-1/html_reports/goals_summary.html
  

   Technology Reports:    CDC( Advance CDC  Structrual Verification )
     CDC-report.rpt          CKSGDCInfo.rpt          RSTree.rpt      
     CKTree.rpt        
   
---------------------------------------------------------------------------------------------------
   Goal Violation Summary:
       Waived   Messages:                      0 Errors,      1 Warnings,      0 Infos
       Reported Messages:         0 Fatals,   13 Errors,      0 Warnings,     35 Infos
---------------------------------------------------------------------------------------------------
   
   Technology Summary: CDC( Advance CDC )   
       Unsynchronized clock domain crossings= 12
       Convergences= 0
---------------------------------------------------------------------------------------------------
 
run_goal: info: spyglass.log successfully updated with goal summary
0 {Rule-checking completed with errors}
INFO:    SpyGlass will run goal(s) 'cdc/cdc_verify_struct'.


 Auto-compiling gates libraries

        "../std_cells/scmetro_tsmc_cl013g_rvt_ff_1p32v_m40c.lib"
        "../std_cells/scmetro_tsmc_cl013g_rvt_ss_1p08v_125c.lib"
        "../std_cells/scmetro_tsmc_cl013g_rvt_tt_1p2v_25c.lib"
    to
        "./spyglass-1/spyglass_cache/autogenerated_sglib/aggregate.sglib" ...already compiled

 Using this already compiled sglib for the current run ...

RULE-CHECKING IN MIXED MODE
Loading spyglass (SpyGlass_vL-2016.06) ... (picked from /home/synopsys/SpyGlass-L2016.06/SPYGLASS_HOME/policies/spyglass)
Loading clock-reset (SpyGlass_vL-2016.06) ... (picked from /home/synopsys/SpyGlass-L2016.06/SPYGLASS_HOME/policies/clock)

INFO [326]    SpyGlass Design Database './spyglass-1/.SG_SaveRestoreDB' can not be restored because:
              Following design files/directories have been modified since design save
    /home/ICer/IC/Projects/System/rtl/FIFO_WR.v

              Saving Database again
Loading txv (SpyGlass_vL-2016.06) ... (picked from /home/synopsys/SpyGlass-L2016.06/SPYGLASS_HOME/policies/txv)

TXV_INFO Parameter txv_extract_domain will be renamed to txv_domain_mode in future!

Loading timing (SpyGlass_vL-2016.06) ... (picked from /home/synopsys/SpyGlass-L2016.06/SPYGLASS_HOME/policies/timing)
Loading starcad-21 (SpyGlass_vL-2016.06) ... (picked from /home/synopsys/SpyGlass-L2016.06/SPYGLASS_HOME/policies/starcad-21)
Loading starc2005 (SpyGlass_vL-2016.06) ... (picked from /home/synopsys/SpyGlass-L2016.06/SPYGLASS_HOME/policies/starc2005)
Loading starc2002 (SpyGlass_vL-2016.06) ... (picked from /home/synopsys/SpyGlass-L2016.06/SPYGLASS_HOME/policies/starc2002)
Loading starc (SpyGlass_vL-2016.06) ... (picked from /home/synopsys/SpyGlass-L2016.06/SPYGLASS_HOME/policies/starc)
Loading simulation (SpyGlass_vL-2016.06) ... (picked from /home/synopsys/SpyGlass-L2016.06/SPYGLASS_HOME/policies/simulation)
Loading power_est (SpyGlass_vL-2016.06) ... (picked from /home/synopsys/SpyGlass-L2016.06/SPYGLASS_HOME/policies/power_est)
Loading openmore (SpyGlass_vL-2016.06) ... (picked from /home/synopsys/SpyGlass-L2016.06/SPYGLASS_HOME/policies/openmore)
Loading morelint (SpyGlass_vL-2016.06) ... (picked from /home/synopsys/SpyGlass-L2016.06/SPYGLASS_HOME/policies/morelint)
Loading miscellaneous (SpyGlass_vL-2016.06) ... (picked from /home/synopsys/SpyGlass-L2016.06/SPYGLASS_HOME/policies/miscellaneous)
Loading lowpower (SpyGlass_vL-2016.06) ... (picked from /home/synopsys/SpyGlass-L2016.06/SPYGLASS_HOME/policies/lowpower)
Loading lint (SpyGlass_vL-2016.06) ... (picked from /home/synopsys/SpyGlass-L2016.06/SPYGLASS_HOME/policies/lint)
Loading latch (SpyGlass_vL-2016.06) ... (picked from /home/synopsys/SpyGlass-L2016.06/SPYGLASS_HOME/policies/latch)
Loading erc (SpyGlass_vL-2016.06) ... (picked from /home/synopsys/SpyGlass-L2016.06/SPYGLASS_HOME/policies/erc)
Loading dft_dsm (SpyGlass_vL-2016.06) ... (picked from /home/synopsys/SpyGlass-L2016.06/SPYGLASS_HOME/policies/dft_dsm)
Loading dft (SpyGlass_vL-2016.06) ... (picked from /home/synopsys/SpyGlass-L2016.06/SPYGLASS_HOME/policies/dft)
Loading constraints (SpyGlass_vL-2016.06) ... (picked from /home/synopsys/SpyGlass-L2016.06/SPYGLASS_HOME/policies/constraints)
Loading const_intern1 (SpyGlass_vL-2016.06) ... (picked from /home/synopsys/SpyGlass-L2016.06/SPYGLASS_HOME/policies/constraints)
Loading area (SpyGlass_vL-2016.06) ... (picked from /home/synopsys/SpyGlass-L2016.06/SPYGLASS_HOME/policies/area)
Loading Audits (SpyGlass_vL-2016.06) ... (picked from /home/synopsys/SpyGlass-L2016.06/SPYGLASS_HOME/policies/Audits)
 Reading sgdc file "SYSTEM_TOP.sgdc" ...
Performing unification checks on SGDC... done
Reading specified sglib files(s) ....
   Processing library: 'scmetro_tsmc_cl013g_rvt_ff_1p32v_m40c' .... done
   Processing library: 'scmetro_tsmc_cl013g_rvt_ss_1p08v_125c' .... done
   Processing library: 'scmetro_tsmc_cl013g_rvt_tt_1p2v_25c' .... done
Checking Rule AutoGenerateSglib (Rule 1 of total 430) .... done (Time = 0.00s, Memory = 0.0K)

INFO [76]    Using `./spyglass-1/WORK/64' as the Work Directory for 64bit precompiled dump.
Checking Rule SGDC_power_est29 (Rule 2 of total 430) .... done (Time = 0.00s, Memory = 1.5K)
Checking Rule PECHECK04 (Rule 3 of total 430) .... done (Time = 0.01s, Memory = 39.5K)
Checking Rule PECHECK18 (Rule 4 of total 430) .... done (Time = 0.00s, Memory = 0.0K)
Checking Rule PEMVDD01 (Rule 5 of total 430) .... done (Time = 0.00s, Memory = 0.0K)
Checking Rule Param_clockreset07 (Rule 6 of total 430) .... done (Time = 0.00s, Memory = 0.0K)
Checking Rule Clock_setup01 (Rule 7 of total 430) .... done (Time = 0.00s, Memory = 34.5K)
Checking Rule Param_clockreset06 (Rule 8 of total 430) .... done (Time = 0.00s, Memory = 0.0K)
Checking Rule SGDC_meta_monitor_attributes01 (Rule 9 of total 430) .... done (Time = 0.00s, Memory = 0.0K)
Checking Rule LP_POWERDATA_CHECK (Rule 10 of total 430) .... done (Time = 0.00s, Memory = 0.0K)
Checking Rule LP_POWERDATA_READ (Rule 11 of total 430) .... done (Time = 0.00s, Memory = 0.0K)
Checking Rule PrecompileLibCheck01 (Rule 12 of total 430) .... done (Time = 0.00s, Memory = 0.0K)
Checking Rule PrecompileLibCheck02 (Rule 13 of total 430) .... done (Time = 0.00s, Memory = 0.0K)
Checking Rule PrecompileLibCheck03 (Rule 14 of total 430) .... done (Time = 0.00s, Memory = -22.2K)
Checking Rule PrecompileLibCheck04 (Rule 15 of total 430) .... done (Time = 0.00s, Memory = 0.0K)
Checking Rule ReportSglibVersionSummary (Rule 16 of total 430) .... done (Time = 0.00s, Memory = 1.9K)
Checking Rule SGDC_assume_path01 (Rule 17 of total 430) .... done (Time = 0.00s, Memory = 0.4K)
Checking Rule SGDC_sdcschema02 (Rule 18 of total 430) .... done (Time = 0.00s, Memory = 0.0K)
Checking Rule SGDC_clock05 (Rule 19 of total 430) .... done (Time = 0.00s, Memory = 0.0K)
Checking Rule SGDC_clock09 (Rule 20 of total 430) .... done (Time = 0.00s, Memory = 0.0K)
Checking Rule SGDC_force_ta05 (Rule 21 of total 430) .... done (Time = 0.00s, Memory = 0.0K)
Checking Rule SGDC_require_path03 (Rule 22 of total 430) .... done (Time = 0.00s, Memory = 0.0K)
Checking Rule SGDC_require_value03 (Rule 23 of total 430) .... done (Time = 0.00s, Memory = 0.0K)
Checking Rule SGDC_voltagedomain05 (Rule 24 of total 430) .... done (Time = 0.00s, Memory = 15.0K)
Checking Rule SGDC_voltagedomain06 (Rule 25 of total 430) .... done (Time = 0.00s, Memory = 0.4K)
Checking Rule SGDC_voltagedomain07 (Rule 26 of total 430) .... done (Time = 0.00s, Memory = 0.0K)
Checking Rule SGDC_powerdomainoutputs02 (Rule 27 of total 430) .... done (Time = 0.00s, Memory = 15.0K)
Checking Rule SGDC_supply01 (Rule 28 of total 430) .... done (Time = 0.00s, Memory = 0.8K)
Checking Rule SGDC_waive01 (Rule 29 of total 430) .... done (Time = 0.00s, Memory = 0.2K)
Checking Rule SGDC_waive02 (Rule 30 of total 430) .... done (Time = 0.00s, Memory = 0.0K)
Checking Rule SGDC_waive03 (Rule 31 of total 430) .... done (Time = 0.00s, Memory = 8.0K)
Checking Rule SGDC_waive04 (Rule 32 of total 430) .... done (Time = 0.00s, Memory = -8.0K)
Checking Rule SGDC_waive05 (Rule 33 of total 430) .... done (Time = 0.00s, Memory = 8.0K)
Checking Rule SGDC_waive06 (Rule 34 of total 430) .... done (Time = 0.00s, Memory = 0.0K)
Checking Rule SGDC_waive07 (Rule 35 of total 430) .... done (Time = 0.00s, Memory = -4.0K)
Checking Rule SGDC_waive08 (Rule 36 of total 430) .... done (Time = 0.00s, Memory = 0.0K)
Checking Rule SGDC_waive09 (Rule 37 of total 430) .... done (Time = 0.00s, Memory = -8.0K)
Checking Rule SGDC_waive10 (Rule 38 of total 430) .... done (Time = 0.00s, Memory = -0.3K)
Checking Rule SGDC_waive11 (Rule 39 of total 430) .... done (Time = 0.00s, Memory = 0.0K)
Checking Rule SGDC_waive12 (Rule 40 of total 430) .... done (Time = 0.00s, Memory = -33.5K)
Checking Rule SGDC_waive13 (Rule 41 of total 430) .... done (Time = 0.00s, Memory = 3.9K)
Checking Rule SGDC_waive21 (Rule 42 of total 430) .... done (Time = 0.00s, Memory = 0.0K)
Checking Rule SGDC_waive22 (Rule 43 of total 430) .... done (Time = 0.00s, Memory = 0.0K)
Checking Rule SGDC_waive30 (Rule 44 of total 430) .... done (Time = 0.00s, Memory = 0.0K)
Checking Rule SGDC_waive32 (Rule 45 of total 430) .... done (Time = 0.00s, Memory = 0.0K)
Checking Rule SGDC_waive33 (Rule 46 of total 430) .... done (Time = 0.00s, Memory = 0.0K)
Checking Rule SGDC_waive36 (Rule 47 of total 430) .... done (Time = 0.00s, Memory = 0.0K)
Checking Rule SGDC_waive38 (Rule 48 of total 430) .... done (Time = 0.00s, Memory = 0.0K)
Checking Rule SGDC_fifo01 (Rule 49 of total 430) .... done (Time = 0.00s, Memory = 0.0K)
Checking Rule SGDC_libgroup01 (Rule 50 of total 430) .... done (Time = 0.00s, Memory = 0.0K)
Checking Rule SGDC_libgroup02 (Rule 51 of total 430) .... done (Time = 0.00s, Memory = 0.0K)
Checking Rule SGDC_libgroup04 (Rule 52 of total 430) .... done (Time = 0.00s, Memory = -20.0K)
Checking Rule SGDC_power_data01 (Rule 53 of total 430) .... done (Time = 0.00s, Memory = 18.9K)
Checking Rule SGDC_ungroup01 (Rule 54 of total 430) .... done (Time = 0.00s, Memory = 0.0K)
Checking Rule SGDC_abstract_port06 (Rule 55 of total 430) .... done (Time = 0.00s, Memory = -21.0K)
Checking Rule SGDC_abstract_port14 (Rule 56 of total 430) .... done (Time = 0.00s, Memory = -32.0K)
Checking Rule SGDC_abstract_port15 (Rule 57 of total 430) .... done (Time = 0.00s, Memory = 0.0K)
Checking Rule SGDC_abstract_port18 (Rule 58 of total 430) .... done (Time = 0.00s, Memory = 0.0K)
Checking Rule SDC2SGDC_INFO (Rule 59 of total 430) .... done (Time = 0.00s, Memory = 84.6K)
Checking Rule SDC_ParamSanityCheck (Rule 60 of total 430) .... done (Time = 0.00s, Memory = 4.7K)
Checking Rule SDC_Sanity_Rule (Rule 61 of total 430)SDC-file translator read from path : /home/synopsys/SpyGlass-L2016.06/SPYGLASS_HOME/auxi/sdcparser
 .... done (Time = 0.00s, Memory = 0.4K)
Checking Rule sdc_init_rule (Rule 62 of total 430) .... done (Time = 0.03s, Memory = -44.4K)
Checking Rule CMD_ignorelibs01 (Rule 63 of total 430) .... done (Time = 0.00s, Memory = 0.0K)
Checking Rule ReportRuleNotRun (Rule 64 of total 430) .... done (Time = 0.01s, Memory = -1.6K)
Checking Rule SGDC_generated_clock03 (Rule 65 of total 430) .... done (Time = 0.00s, Memory = 0.0K)
Checking Rule SGDC_generated_clock04 (Rule 66 of total 430) .... done (Time = 0.00s, Memory = 43.5K)
Checking Rule SGDC_generated_clock05 (Rule 67 of total 430) .... done (Time = 0.00s, Memory = -8.0K)
Checking Rule SGDC_quasi_static_style02 (Rule 68 of total 430) .... done (Time = 0.00s, Memory = 7.7K)
Checking Rule SGDC_syncresetstyle01 (Rule 69 of total 430) .... done (Time = 0.00s, Memory = 0.0K)
Checking Rule SGDC_network_allowed_cells01 (Rule 70 of total 430) .... done (Time = 0.00s, Memory = 11.5K)
Checking Rule SGDC_numflops01 (Rule 71 of total 430) .... done (Time = 0.00s, Memory = 0.0K)
Checking Rule SGDC_numflops07 (Rule 72 of total 430) .... done (Time = 0.00s, Memory = 0.0K)
Checking Rule SGDC_numflops08 (Rule 73 of total 430) .... done (Time = 0.00s, Memory = 8.0K)
Checking Rule SGDC_numflops09 (Rule 74 of total 430) .... done (Time = 0.00s, Memory = 0.0K)
Checking Rule SGDC_clocksense04 (Rule 75 of total 430) .... done (Time = 0.00s, Memory = 0.0K)
Checking Rule SGDC_check_clock_relation05a (Rule 76 of total 430) .... done (Time = 0.00s, Memory = 32.0K)
Checking Rule SGDC_check_clock_relation05b (Rule 77 of total 430) .... done (Time = 0.00s, Memory = -4.0K)
Checking Rule SGDC_sync_cell08a (Rule 78 of total 430) .... done (Time = 0.00s, Memory = -9.0K)
Checking Rule SGDC_sync_cell09a (Rule 79 of total 430) .... done (Time = 0.00s, Memory = 0.0K)
Checking Rule SGDC_qualifier06 (Rule 80 of total 430) .... done (Time = 0.00s, Memory = 7.2K)
Checking Rule SGDC_cdc_waive03 (Rule 81 of total 430) .... done (Time = 0.00s, Memory = 0.0K)
Checking Rule SGDC_qualifier09 (Rule 82 of total 430) .... done (Time = 0.00s, Memory = 0.5K)
Checking Rule SGDC_qualifier15 (Rule 83 of total 430) .... done (Time = 0.00s, Memory = -31.6K)
Checking Rule SGDC_allow_combo_logic01 (Rule 84 of total 430) .... done (Time = 0.00s, Memory = 0.0K)
Checking Rule SGDC_reset_filter_path01 (Rule 85 of total 430) .... done (Time = 0.00s, Memory = -35.5K)
Checking Rule SGDC_cdc_false_path05 (Rule 86 of total 430) .... done (Time = 0.00s, Memory = 0.0K)
Checking Rule Param_clockreset05 (Rule 87 of total 430) .... done (Time = 0.00s, Memory = 0.0K)
Checking Rule Ac_sanity01 (Rule 88 of total 430) .... done (Time = 0.00s, Memory = 0.0K)
Checking Rule Ac_sanity06 (Rule 89 of total 430) .... done (Time = 0.00s, Memory = -0.1K)
Checking Rule Ac_license01 (Rule 90 of total 430) .... done (Time = 0.00s, Memory = 0.0K)
Checking Rule SGDC_reset_synchronizer07 (Rule 91 of total 430) .... done (Time = 0.00s, Memory = 0.0K)
Checking Rule ReportStopSummary (Rule 92 of total 430) .... done (Time = 0.00s, Memory = 0.0K)
Checking Rule ReportIgnoreSummary (Rule 93 of total 430) .... done (Time = 0.00s, Memory = 0.0K)
 Analyzing source file "/home/ICer/IC/Projects/System/rtl/ALU.v" ....
 Analyzing source file "/home/ICer/IC/Projects/System/rtl/ASYNC_FIFO.v" ....
 Analyzing source file "/home/ICer/IC/Projects/System/rtl/Clk_Div.v" ....
 Analyzing source file "/home/ICer/IC/Projects/System/rtl/CLK_GATE.v" ....
 Analyzing source file "/home/ICer/IC/Projects/System/rtl/data_sampling.v" ....
 Analyzing source file "/home/ICer/IC/Projects/System/rtl/DATA_SYNC.v" ....
 Analyzing source file "/home/ICer/IC/Projects/System/rtl/deserializer.v" ....
 Analyzing source file "/home/ICer/IC/Projects/System/rtl/DF_SYNC.v" ....
 Analyzing source file "/home/ICer/IC/Projects/System/rtl/edge_bit_counter.v" ....
 Analyzing source file "/home/ICer/IC/Projects/System/rtl/FIFO_MEM_CNTRL.v" ....
 Analyzing source file "/home/ICer/IC/Projects/System/rtl/FIFO_RD.v" ....
 Analyzing source file "/home/ICer/IC/Projects/System/rtl/FIFO_WR.v" ....
 Analyzing source file "/home/ICer/IC/Projects/System/rtl/FSM_RX.v" ....
 Analyzing source file "/home/ICer/IC/Projects/System/rtl/FSM_TX.sv" ....
 Analyzing source file "/home/ICer/IC/Projects/System/rtl/MUX.v" ....
 Analyzing source file "/home/ICer/IC/Projects/System/rtl/Parity_Calc.v" ....
 Analyzing source file "/home/ICer/IC/Projects/System/rtl/parity_checker.v" ....
 Analyzing source file "/home/ICer/IC/Projects/System/rtl/prescale_mux.v" ....
 Analyzing source file "/home/ICer/IC/Projects/System/rtl/Pulse_Gen.v" ....
 Analyzing source file "/home/ICer/IC/Projects/System/rtl/regfile.v" ....
 Analyzing source file "/home/ICer/IC/Projects/System/rtl/RST_SYNC.v" ....
 Analyzing source file "/home/ICer/IC/Projects/System/rtl/Serializer.v" ....
 Analyzing source file "/home/ICer/IC/Projects/System/rtl/stop_checker.v" ....
 Analyzing source file "/home/ICer/IC/Projects/System/rtl/strt_checker.v" ....
 Analyzing source file "/home/ICer/IC/Projects/System/rtl/SYS_CTRL.v" ....
 Analyzing source file "/home/ICer/IC/Projects/System/rtl/SYSTEM_TOP.v" ....
 Analyzing source file "/home/ICer/IC/Projects/System/rtl/UART.v" ....
 Analyzing source file "/home/ICer/IC/Projects/System/rtl/UART_RX.v" ....
 Analyzing source file "/home/ICer/IC/Projects/System/rtl/UART_TX.v" ....
 Elaborating Top Verilog Design Unit 'SYSTEM_TOP' .....
 done
Checking Rule ElabSummary (Rule 94 of total 430) .... done (Time = 0.00s, Memory = 7.5K)
Checking Rule ReportCheckDataSummary (Rule 95 of total 430) .... done (Time = 0.00s, Memory = 0.0K)
Checking Rule IgnoredLibCells (Rule 96 of total 430) .... done (Time = 0.02s, Memory = -0.3K)
 Reading waiver file "./spyglass-1/cdc/cdc_verify_struct/spyglass_spysch/constraint/spg_autogenerated_waivers.sgdc" ...
 Generating WAIVER file "./spyglass-1/cdc/cdc_verify_struct/spyglass_spysch/waiver/pragma2Waiver.swl" from pragmas in HDL source files ....
Checking Rule DetectTopDesignUnits (Rule 97 of total 430)
 Detected 1 top level design units:
     SYSTEM_TOP
 .... done (Time = 0.00s, Memory = 1.4K)
Performing semantic checks on SGDC contents
Checking Rule SGDC_testmode03 (Rule 98 of total 430) .... done (Time = 0.00s, Memory = 0.0K)
Checking Rule PECHECK09 (Rule 99 of total 430) .... done (Time = 0.01s, Memory = 3.7K)
Checking Rule ReportObsoletePragmas (Rule 100 of total 430) .... done (Time = 0.00s, Memory = 0.0K)
Checking Rule GenerateConfMap (Rule 101 of total 430) .... done (Time = 0.00s, Memory = 0.0K)
Checking Rule SGDC_sdcschema01 (Rule 102 of total 430) .... done (Time = 0.00s, Memory = 0.0K)
Checking Rule HdlLibDuCheck (Rule 103 of total 430) .... done (Time = 0.00s, Memory = 0.0K)
Checking Rule Ac_multitop01 (Rule 104 of total 430) .... done (Time = 0.00s, Memory = 0.2K)
Checking Rule RtlDesignInfo (Rule 105 of total 430) .... done (Time = 0.00s, Memory = -2.9K)
Checking Rule Ac_sanity05 (Rule 106 of total 430) .... done (Time = 0.00s, Memory = 4.6K)
Checking Rule Ac_sanity05 (Rule 107 of total 430) .... done (Time = 0.00s, Memory = 0.0K)
Checking Rule Prereqs_STARC-1.6.2.1 (Rule 108 of total 430) .... done (Time = 0.00s, Memory = -25.0K)
Checking Rule Prereqs_RegOutputs (Rule 109 of total 430) .... done (Time = 0.00s, Memory = 0.0K)
Checking Rule Latch_VePreReqRule (Rule 110 of total 430) .... done (Time = 0.00s, Memory = 13.2K)
Checking Rule Pragma_setupa (Rule 111 of total 430) .... done (Time = 0.00s, Memory = 3.9K)
Checking Rule Pragma_setupb (Rule 112 of total 430) .... done (Time = 0.00s, Memory = 0.0K)
Checking Rule CheckCelldefine (Rule 113 of total 430) .... done (Time = 0.00s, Memory = 0.0K)
Checking Rule SGDC_numflops12 (Rule 114 of total 430) .... done (Time = 0.00s, Memory = 38.1K)
Checking Rule SGDC_sync_cell11 (Rule 115 of total 430) .... done (Time = 0.00s, Memory = 0.0K)
Checking Rule _deltaDelay (Rule 116 of total 430) .... done (Time = 0.00s, Memory = 0.0K)
Checking Rule _deltaDelay (Rule 117 of total 430) .... done (Time = 0.00s, Memory = 8.0K)
Checking ELABDU Rules for designUnit SYSTEM_TOP
    Checking Rule Prereqs_ConstantInput-ML (Rule 118 of total 430) .... done (Time = 0.00s, Memory = 0.0K)
    Checking Rule Prereqs_ConstantInput-ML (Rule 119 of total 430) .... done (Time = 0.00s, Memory = 0.0K)
    Checking Rule GenTopLevelBlocksForAutoSoc (Rule 120 of total 430) .... done (Time = 0.00s, Memory = 3.8K)
    Checking Rule syncRstReq (Rule 121 of total 430) .... done (Time = 0.00s, Memory = 4.7K)
    Checking Rule syncRstReq (Rule 122 of total 430) .... done (Time = 0.00s, Memory = 0.0K)
    Checking Rule AcOvlRtl (Rule 123 of total 430) .... done (Time = 0.00s, Memory = 0.0K)
    Checking Rule AcOvlRtl (Rule 124 of total 430) .... done (Time = 0.00s, Memory = 0.2K)
Checking ELABDU Rules for designUnit prescale_mux
    Checking Rule Prereqs_ConstantInput-ML (Rule 118 of total 430) .... done (Time = 0.00s, Memory = 0.0K)
    Checking Rule Prereqs_ConstantInput-ML (Rule 119 of total 430) .... done (Time = 0.00s, Memory = 0.0K)
    Checking Rule GenTopLevelBlocksForAutoSoc (Rule 120 of total 430) .... done (Time = 0.00s, Memory = 4.0K)
    Checking Rule syncRstReq (Rule 121 of total 430) .... done (Time = 0.00s, Memory = 0.0K)
    Checking Rule syncRstReq (Rule 122 of total 430) .... done (Time = 0.00s, Memory = 0.0K)
    Checking Rule AcOvlRtl (Rule 123 of total 430) .... done (Time = 0.00s, Memory = -8.0K)
    Checking Rule AcOvlRtl (Rule 124 of total 430) .... done (Time = 0.00s, Memory = 0.2K)
Checking ELABDU Rules for designUnit CLK_DIV
    Checking Rule Prereqs_ConstantInput-ML (Rule 118 of total 430) .... done (Time = 0.00s, Memory = 0.0K)
    Checking Rule Prereqs_ConstantInput-ML (Rule 119 of total 430) .... done (Time = 0.00s, Memory = 0.0K)
    Checking Rule GenTopLevelBlocksForAutoSoc (Rule 120 of total 430) .... done (Time = 0.00s, Memory = -24.0K)
    Checking Rule syncRstReq (Rule 121 of total 430) .... done (Time = 0.00s, Memory = 1.9K)
    Checking Rule syncRstReq (Rule 122 of total 430) .... done (Time = 0.00s, Memory = 0.0K)
    Checking Rule AcOvlRtl (Rule 123 of total 430) .... done (Time = 0.00s, Memory = 0.0K)
    Checking Rule AcOvlRtl (Rule 124 of total 430) .... done (Time = 0.00s, Memory = 0.2K)
Checking ELABDU Rules for designUnit RST_SYNC
    Checking Rule Prereqs_ConstantInput-ML (Rule 118 of total 430) .... done (Time = 0.00s, Memory = 0.0K)
    Checking Rule Prereqs_ConstantInput-ML (Rule 119 of total 430) .... done (Time = 0.00s, Memory = 0.0K)
    Checking Rule GenTopLevelBlocksForAutoSoc (Rule 120 of total 430) .... done (Time = 0.00s, Memory = 32.0K)
    Checking Rule syncRstReq (Rule 121 of total 430) .... done (Time = 0.00s, Memory = 0.0K)
    Checking Rule syncRstReq (Rule 122 of total 430) .... done (Time = 0.00s, Memory = 0.0K)
    Checking Rule AcOvlRtl (Rule 123 of total 430) .... done (Time = 0.00s, Memory = 0.0K)
    Checking Rule AcOvlRtl (Rule 124 of total 430) .... done (Time = 0.00s, Memory = 0.2K)
Checking ELABDU Rules for designUnit UART
    Checking Rule Prereqs_ConstantInput-ML (Rule 118 of total 430) .... done (Time = 0.00s, Memory = 0.0K)
    Checking Rule Prereqs_ConstantInput-ML (Rule 119 of total 430) .... done (Time = 0.00s, Memory = 0.0K)
    Checking Rule GenTopLevelBlocksForAutoSoc (Rule 120 of total 430) .... done (Time = 0.00s, Memory = 0.0K)
    Checking Rule syncRstReq (Rule 121 of total 430) .... done (Time = 0.00s, Memory = 0.0K)
    Checking Rule syncRstReq (Rule 122 of total 430) .... done (Time = 0.00s, Memory = 0.0K)
    Checking Rule AcOvlRtl (Rule 123 of total 430) .... done (Time = 0.00s, Memory = 0.0K)
    Checking Rule AcOvlRtl (Rule 124 of total 430) .... done (Time = 0.00s, Memory = 0.2K)
Checking ELABDU Rules for designUnit UART_TX
    Checking Rule Prereqs_ConstantInput-ML (Rule 118 of total 430) .... done (Time = 0.00s, Memory = 0.0K)
    Checking Rule Prereqs_ConstantInput-ML (Rule 119 of total 430) .... done (Time = 0.00s, Memory = 0.0K)
    Checking Rule GenTopLevelBlocksForAutoSoc (Rule 120 of total 430) .... done (Time = 0.00s, Memory = 0.0K)
    Checking Rule syncRstReq (Rule 121 of total 430) .... done (Time = 0.00s, Memory = 4.0K)
    Checking Rule syncRstReq (Rule 122 of total 430) .... done (Time = 0.00s, Memory = 0.0K)
    Checking Rule AcOvlRtl (Rule 123 of total 430) .... done (Time = 0.00s, Memory = 0.0K)
    Checking Rule AcOvlRtl (Rule 124 of total 430) .... done (Time = 0.00s, Memory = 0.2K)
Checking ELABDU Rules for designUnit MUX
    Checking Rule Prereqs_ConstantInput-ML (Rule 118 of total 430) .... done (Time = 0.00s, Memory = -0.3K)
    Checking Rule Prereqs_ConstantInput-ML (Rule 119 of total 430) .... done (Time = 0.00s, Memory = 0.0K)
    Checking Rule GenTopLevelBlocksForAutoSoc (Rule 120 of total 430) .... done (Time = 0.00s, Memory = 0.0K)
    Checking Rule syncRstReq (Rule 121 of total 430) .... done (Time = 0.00s, Memory = 0.0K)
    Checking Rule syncRstReq (Rule 122 of total 430) .... done (Time = 0.00s, Memory = 0.0K)
    Checking Rule AcOvlRtl (Rule 123 of total 430) .... done (Time = 0.00s, Memory = 0.0K)
    Checking Rule AcOvlRtl (Rule 124 of total 430) .... done (Time = 0.00s, Memory = 0.2K)
Checking ELABDU Rules for designUnit Parity_Calc
    Checking Rule Prereqs_ConstantInput-ML (Rule 118 of total 430) .... done (Time = 0.00s, Memory = -24.0K)
    Checking Rule Prereqs_ConstantInput-ML (Rule 119 of total 430) .... done (Time = 0.00s, Memory = 0.0K)
    Checking Rule GenTopLevelBlocksForAutoSoc (Rule 120 of total 430) .... done (Time = 0.00s, Memory = 7.6K)
    Checking Rule syncRstReq (Rule 121 of total 430) .... done (Time = 0.00s, Memory = 10.8K)
    Checking Rule syncRstReq (Rule 122 of total 430) .... done (Time = 0.00s, Memory = 0.0K)
    Checking Rule AcOvlRtl (Rule 123 of total 430) .... done (Time = 0.00s, Memory = -1.2K)
    Checking Rule AcOvlRtl (Rule 124 of total 430) .... done (Time = 0.00s, Memory = 0.2K)
Checking ELABDU Rules for designUnit Serializer
    Checking Rule Prereqs_ConstantInput-ML (Rule 118 of total 430) .... done (Time = 0.00s, Memory = 0.0K)
    Checking Rule Prereqs_ConstantInput-ML (Rule 119 of total 430) .... done (Time = 0.00s, Memory = 0.0K)
    Checking Rule GenTopLevelBlocksForAutoSoc (Rule 120 of total 430) .... done (Time = 0.00s, Memory = 0.0K)
    Checking Rule syncRstReq (Rule 121 of total 430) .... done (Time = 0.00s, Memory = -1.0K)
    Checking Rule syncRstReq (Rule 122 of total 430) .... done (Time = 0.00s, Memory = 0.0K)
    Checking Rule AcOvlRtl (Rule 123 of total 430) .... done (Time = 0.00s, Memory = 0.0K)
    Checking Rule AcOvlRtl (Rule 124 of total 430) .... done (Time = 0.00s, Memory = 0.2K)
Checking ELABDU Rules for designUnit FSM_TX
    Checking Rule Prereqs_ConstantInput-ML (Rule 118 of total 430) .... done (Time = 0.00s, Memory = 0.0K)
    Checking Rule Prereqs_ConstantInput-ML (Rule 119 of total 430) .... done (Time = 0.00s, Memory = 0.0K)
    Checking Rule GenTopLevelBlocksForAutoSoc (Rule 120 of total 430) .... done (Time = 0.00s, Memory = 0.0K)
    Checking Rule syncRstReq (Rule 121 of total 430) .... done (Time = 0.00s, Memory = -2.5K)
    Checking Rule syncRstReq (Rule 122 of total 430) .... done (Time = 0.00s, Memory = 0.0K)
    Checking Rule AcOvlRtl (Rule 123 of total 430) .... done (Time = 0.00s, Memory = 32.0K)
    Checking Rule AcOvlRtl (Rule 124 of total 430) .... done (Time = 0.00s, Memory = 0.2K)
Checking ELABDU Rules for designUnit UART_RX
    Checking Rule Prereqs_ConstantInput-ML (Rule 118 of total 430) .... done (Time = 0.00s, Memory = 32.0K)
    Checking Rule Prereqs_ConstantInput-ML (Rule 119 of total 430) .... done (Time = 0.00s, Memory = 0.0K)
    Checking Rule GenTopLevelBlocksForAutoSoc (Rule 120 of total 430) .... done (Time = 0.00s, Memory = -0.2K)
    Checking Rule syncRstReq (Rule 121 of total 430) .... done (Time = 0.00s, Memory = -32.0K)
    Checking Rule syncRstReq (Rule 122 of total 430) .... done (Time = 0.00s, Memory = 0.0K)
    Checking Rule AcOvlRtl (Rule 123 of total 430) .... done (Time = 0.00s, Memory = 0.0K)
    Checking Rule AcOvlRtl (Rule 124 of total 430) .... done (Time = 0.00s, Memory = 0.2K)
Checking ELABDU Rules for designUnit parity_checker
    Checking Rule Prereqs_ConstantInput-ML (Rule 118 of total 430) .... done (Time = 0.00s, Memory = 0.0K)
    Checking Rule Prereqs_ConstantInput-ML (Rule 119 of total 430) .... done (Time = 0.00s, Memory = 0.0K)
    Checking Rule GenTopLevelBlocksForAutoSoc (Rule 120 of total 430) .... done (Time = 0.00s, Memory = 0.0K)
    Checking Rule syncRstReq (Rule 121 of total 430) .... done (Time = 0.00s, Memory = 0.0K)
    Checking Rule syncRstReq (Rule 122 of total 430) .... done (Time = 0.00s, Memory = 0.0K)
    Checking Rule AcOvlRtl (Rule 123 of total 430) .... done (Time = 0.00s, Memory = -1.2K)
    Checking Rule AcOvlRtl (Rule 124 of total 430) .... done (Time = 0.00s, Memory = 0.2K)
Checking ELABDU Rules for designUnit strt_checker
    Checking Rule Prereqs_ConstantInput-ML (Rule 118 of total 430) .... done (Time = 0.00s, Memory = 0.0K)
    Checking Rule Prereqs_ConstantInput-ML (Rule 119 of total 430) .... done (Time = 0.00s, Memory = 0.0K)
    Checking Rule GenTopLevelBlocksForAutoSoc (Rule 120 of total 430) .... done (Time = 0.00s, Memory = 0.0K)
    Checking Rule syncRstReq (Rule 121 of total 430) .... done (Time = 0.00s, Memory = 0.0K)
    Checking Rule syncRstReq (Rule 122 of total 430) .... done (Time = 0.00s, Memory = 0.0K)
    Checking Rule AcOvlRtl (Rule 123 of total 430) .... done (Time = 0.00s, Memory = 0.0K)
    Checking Rule AcOvlRtl (Rule 124 of total 430) .... done (Time = 0.00s, Memory = 0.2K)
Checking ELABDU Rules for designUnit stop_checker
    Checking Rule Prereqs_ConstantInput-ML (Rule 118 of total 430) .... done (Time = 0.00s, Memory = 8.0K)
    Checking Rule Prereqs_ConstantInput-ML (Rule 119 of total 430) .... done (Time = 0.00s, Memory = 0.0K)
    Checking Rule GenTopLevelBlocksForAutoSoc (Rule 120 of total 430) .... done (Time = 0.00s, Memory = 0.0K)
    Checking Rule syncRstReq (Rule 121 of total 430) .... done (Time = 0.00s, Memory = -27.3K)
    Checking Rule syncRstReq (Rule 122 of total 430) .... done (Time = 0.00s, Memory = 0.0K)
    Checking Rule AcOvlRtl (Rule 123 of total 430) .... done (Time = 0.00s, Memory = 0.0K)
    Checking Rule AcOvlRtl (Rule 124 of total 430) .... done (Time = 0.00s, Memory = 0.2K)
Checking ELABDU Rules for designUnit data_sampling
    Checking Rule Prereqs_ConstantInput-ML (Rule 118 of total 430) .... done (Time = 0.00s, Memory = 0.1K)
    Checking Rule Prereqs_ConstantInput-ML (Rule 119 of total 430) .... done (Time = 0.00s, Memory = 0.0K)
    Checking Rule GenTopLevelBlocksForAutoSoc (Rule 120 of total 430) .... done (Time = 0.00s, Memory = 0.0K)
    Checking Rule syncRstReq (Rule 121 of total 430) .... done (Time = 0.00s, Memory = 0.0K)
    Checking Rule syncRstReq (Rule 122 of total 430) .... done (Time = 0.00s, Memory = 0.0K)
    Checking Rule AcOvlRtl (Rule 123 of total 430) .... done (Time = 0.00s, Memory = 0.0K)
    Checking Rule AcOvlRtl (Rule 124 of total 430) .... done (Time = 0.00s, Memory = 0.2K)
Checking ELABDU Rules for designUnit deserializer
    Checking Rule Prereqs_ConstantInput-ML (Rule 118 of total 430) .... done (Time = 0.00s, Memory = -32.0K)
    Checking Rule Prereqs_ConstantInput-ML (Rule 119 of total 430) .... done (Time = 0.00s, Memory = 0.0K)
    Checking Rule GenTopLevelBlocksForAutoSoc (Rule 120 of total 430) .... done (Time = 0.00s, Memory = -0.4K)
    Checking Rule syncRstReq (Rule 121 of total 430) .... done (Time = 0.00s, Memory = 1.6K)
    Checking Rule syncRstReq (Rule 122 of total 430) .... done (Time = 0.00s, Memory = 0.0K)
    Checking Rule AcOvlRtl (Rule 123 of total 430) .... done (Time = 0.00s, Memory = 0.0K)
    Checking Rule AcOvlRtl (Rule 124 of total 430) .... done (Time = 0.00s, Memory = 0.2K)
Checking ELABDU Rules for designUnit edge_bit_counter
    Checking Rule Prereqs_ConstantInput-ML (Rule 118 of total 430) .... done (Time = 0.00s, Memory = -0.9K)
    Checking Rule Prereqs_ConstantInput-ML (Rule 119 of total 430) .... done (Time = 0.00s, Memory = 0.0K)
    Checking Rule GenTopLevelBlocksForAutoSoc (Rule 120 of total 430) .... done (Time = 0.00s, Memory = 28.0K)
    Checking Rule syncRstReq (Rule 121 of total 430) .... done (Time = 0.00s, Memory = 0.0K)
    Checking Rule syncRstReq (Rule 122 of total 430) .... done (Time = 0.00s, Memory = 0.0K)
    Checking Rule AcOvlRtl (Rule 123 of total 430) .... done (Time = 0.00s, Memory = -1.8K)
    Checking Rule AcOvlRtl (Rule 124 of total 430) .... done (Time = 0.00s, Memory = 0.2K)
Checking ELABDU Rules for designUnit FSM_RX
    Checking Rule Prereqs_ConstantInput-ML (Rule 118 of total 430) .... done (Time = 0.00s, Memory = 0.0K)
    Checking Rule Prereqs_ConstantInput-ML (Rule 119 of total 430) .... done (Time = 0.00s, Memory = 0.0K)
    Checking Rule GenTopLevelBlocksForAutoSoc (Rule 120 of total 430) .... done (Time = 0.00s, Memory = 0.0K)
    Checking Rule syncRstReq (Rule 121 of total 430) .... done (Time = 0.00s, Memory = 0.0K)
    Checking Rule syncRstReq (Rule 122 of total 430) .... done (Time = 0.00s, Memory = 0.0K)
    Checking Rule AcOvlRtl (Rule 123 of total 430) .... done (Time = 0.00s, Memory = 0.0K)
    Checking Rule AcOvlRtl (Rule 124 of total 430) .... done (Time = 0.00s, Memory = 0.2K)
Checking ELABDU Rules for designUnit DATA_SYNC
    Checking Rule Prereqs_ConstantInput-ML (Rule 118 of total 430) .... done (Time = 0.00s, Memory = 0.0K)
    Checking Rule Prereqs_ConstantInput-ML (Rule 119 of total 430) .... done (Time = 0.00s, Memory = 0.0K)
    Checking Rule GenTopLevelBlocksForAutoSoc (Rule 120 of total 430) .... done (Time = 0.00s, Memory = 0.0K)
    Checking Rule syncRstReq (Rule 121 of total 430) .... done (Time = 0.00s, Memory = -0.4K)
    Checking Rule syncRstReq (Rule 122 of total 430) .... done (Time = 0.00s, Memory = 0.0K)
    Checking Rule AcOvlRtl (Rule 123 of total 430) .... done (Time = 0.00s, Memory = 0.0K)
    Checking Rule AcOvlRtl (Rule 124 of total 430) .... done (Time = 0.00s, Memory = 0.2K)
Checking ELABDU Rules for designUnit SYS_CTRL
    Checking Rule Prereqs_ConstantInput-ML (Rule 118 of total 430) .... done (Time = 0.00s, Memory = -8.0K)
    Checking Rule Prereqs_ConstantInput-ML (Rule 119 of total 430) .... done (Time = 0.00s, Memory = 0.0K)
    Checking Rule GenTopLevelBlocksForAutoSoc (Rule 120 of total 430) .... done (Time = 0.00s, Memory = 8.8K)
    Checking Rule syncRstReq (Rule 121 of total 430) .... done (Time = 0.00s, Memory = 0.2K)
    Checking Rule syncRstReq (Rule 122 of total 430) .... done (Time = 0.00s, Memory = 0.0K)
    Checking Rule AcOvlRtl (Rule 123 of total 430) .... done (Time = 0.00s, Memory = 0.0K)
    Checking Rule AcOvlRtl (Rule 124 of total 430) .... done (Time = 0.00s, Memory = 0.2K)
Checking ELABDU Rules for designUnit regfile
    Checking Rule Prereqs_ConstantInput-ML (Rule 118 of total 430) .... done (Time = 0.00s, Memory = 128.0K)
    Checking Rule Prereqs_ConstantInput-ML (Rule 119 of total 430) .... done (Time = 0.00s, Memory = 0.0K)
    Checking Rule GenTopLevelBlocksForAutoSoc (Rule 120 of total 430) .... done (Time = 0.00s, Memory = 0.0K)
    Checking Rule syncRstReq (Rule 121 of total 430) .... done (Time = 0.00s, Memory = 0.0K)
    Checking Rule syncRstReq (Rule 122 of total 430) .... done (Time = 0.00s, Memory = 0.0K)
    Checking Rule AcOvlRtl (Rule 123 of total 430) .... done (Time = 0.00s, Memory = 0.0K)
    Checking Rule AcOvlRtl (Rule 124 of total 430) .... done (Time = 0.00s, Memory = 0.2K)
Checking ELABDU Rules for designUnit CLK_GATE
    Checking Rule Prereqs_ConstantInput-ML (Rule 118 of total 430) .... done (Time = 0.00s, Memory = 0.0K)
    Checking Rule Prereqs_ConstantInput-ML (Rule 119 of total 430) .... done (Time = 0.00s, Memory = 0.0K)
    Checking Rule GenTopLevelBlocksForAutoSoc (Rule 120 of total 430) .... done (Time = 0.00s, Memory = 0.0K)
    Checking Rule syncRstReq (Rule 121 of total 430) .... done (Time = 0.00s, Memory = 0.0K)
    Checking Rule syncRstReq (Rule 122 of total 430) .... done (Time = 0.00s, Memory = 0.0K)
    Checking Rule AcOvlRtl (Rule 123 of total 430) .... done (Time = 0.00s, Memory = 0.0K)
    Checking Rule AcOvlRtl (Rule 124 of total 430) .... done (Time = 0.00s, Memory = 0.2K)
Checking ELABDU Rules for designUnit ALU
    Checking Rule Prereqs_ConstantInput-ML (Rule 118 of total 430) .... done (Time = 0.00s, Memory = 14.9K)
    Checking Rule Prereqs_ConstantInput-ML (Rule 119 of total 430) .... done (Time = 0.00s, Memory = 0.0K)
    Checking Rule GenTopLevelBlocksForAutoSoc (Rule 120 of total 430) .... done (Time = 0.00s, Memory = 0.0K)
    Checking Rule syncRstReq (Rule 121 of total 430) .... done (Time = 0.00s, Memory = 0.0K)
    Checking Rule syncRstReq (Rule 122 of total 430) .... done (Time = 0.00s, Memory = 0.0K)
    Checking Rule AcOvlRtl (Rule 123 of total 430) .... done (Time = 0.00s, Memory = 0.0K)
    Checking Rule AcOvlRtl (Rule 124 of total 430) .... done (Time = 0.00s, Memory = 0.2K)
Checking ELABDU Rules for designUnit ASYNC_FIFO
    Checking Rule Prereqs_ConstantInput-ML (Rule 118 of total 430) .... done (Time = 0.00s, Memory = -1.9K)
    Checking Rule Prereqs_ConstantInput-ML (Rule 119 of total 430) .... done (Time = 0.00s, Memory = 0.0K)
    Checking Rule GenTopLevelBlocksForAutoSoc (Rule 120 of total 430) .... done (Time = 0.00s, Memory = 8.0K)
    Checking Rule syncRstReq (Rule 121 of total 430) .... done (Time = 0.00s, Memory = 8.0K)
    Checking Rule syncRstReq (Rule 122 of total 430) .... done (Time = 0.00s, Memory = 0.0K)
    Checking Rule AcOvlRtl (Rule 123 of total 430) .... done (Time = 0.00s, Memory = -1.4K)
    Checking Rule AcOvlRtl (Rule 124 of total 430) .... done (Time = 0.00s, Memory = 0.2K)
Checking ELABDU Rules for designUnit FIFO_RD
    Checking Rule Prereqs_ConstantInput-ML (Rule 118 of total 430) .... done (Time = 0.00s, Memory = 0.0K)
    Checking Rule Prereqs_ConstantInput-ML (Rule 119 of total 430) .... done (Time = 0.00s, Memory = 0.0K)
    Checking Rule GenTopLevelBlocksForAutoSoc (Rule 120 of total 430) .... done (Time = 0.00s, Memory = 0.0K)
    Checking Rule syncRstReq (Rule 121 of total 430) .... done (Time = 0.00s, Memory = 0.0K)
    Checking Rule syncRstReq (Rule 122 of total 430) .... done (Time = 0.00s, Memory = 0.0K)
    Checking Rule AcOvlRtl (Rule 123 of total 430) .... done (Time = 0.00s, Memory = 4.0K)
    Checking Rule AcOvlRtl (Rule 124 of total 430) .... done (Time = 0.00s, Memory = 0.2K)
Checking ELABDU Rules for designUnit FIFO_WR
    Checking Rule Prereqs_ConstantInput-ML (Rule 118 of total 430) .... done (Time = 0.00s, Memory = 0.0K)
    Checking Rule Prereqs_ConstantInput-ML (Rule 119 of total 430) .... done (Time = 0.00s, Memory = 0.0K)
    Checking Rule GenTopLevelBlocksForAutoSoc (Rule 120 of total 430) .... done (Time = 0.00s, Memory = 0.0K)
    Checking Rule syncRstReq (Rule 121 of total 430) .... done (Time = 0.00s, Memory = 0.0K)
    Checking Rule syncRstReq (Rule 122 of total 430) .... done (Time = 0.00s, Memory = 0.0K)
    Checking Rule AcOvlRtl (Rule 123 of total 430) .... done (Time = 0.00s, Memory = 0.0K)
    Checking Rule AcOvlRtl (Rule 124 of total 430) .... done (Time = 0.00s, Memory = 0.2K)
Checking ELABDU Rules for designUnit FIFO_MEM_CNTRL
    Checking Rule Prereqs_ConstantInput-ML (Rule 118 of total 430) .... done (Time = 0.00s, Memory = 8.0K)
    Checking Rule Prereqs_ConstantInput-ML (Rule 119 of total 430) .... done (Time = 0.00s, Memory = 0.0K)
    Checking Rule GenTopLevelBlocksForAutoSoc (Rule 120 of total 430) .... done (Time = 0.00s, Memory = 8.0K)
    Checking Rule syncRstReq (Rule 121 of total 430) .... done (Time = 0.00s, Memory = 0.0K)
    Checking Rule syncRstReq (Rule 122 of total 430) .... done (Time = 0.00s, Memory = 0.0K)
    Checking Rule AcOvlRtl (Rule 123 of total 430) .... done (Time = 0.00s, Memory = 0.0K)
    Checking Rule AcOvlRtl (Rule 124 of total 430) .... done (Time = 0.00s, Memory = 0.2K)
Checking ELABDU Rules for designUnit DF_SYNC
    Checking Rule Prereqs_ConstantInput-ML (Rule 118 of total 430) .... done (Time = 0.00s, Memory = 0.0K)
    Checking Rule Prereqs_ConstantInput-ML (Rule 119 of total 430) .... done (Time = 0.00s, Memory = 0.0K)
    Checking Rule GenTopLevelBlocksForAutoSoc (Rule 120 of total 430) .... done (Time = 0.00s, Memory = 0.2K)
    Checking Rule syncRstReq (Rule 121 of total 430) .... done (Time = 0.00s, Memory = 0.2K)
    Checking Rule syncRstReq (Rule 122 of total 430) .... done (Time = 0.00s, Memory = 0.0K)
    Checking Rule AcOvlRtl (Rule 123 of total 430) .... done (Time = 0.00s, Memory = 8.0K)
    Checking Rule AcOvlRtl (Rule 124 of total 430) .... done (Time = 0.00s, Memory = 0.2K)
Checking ELABDU Rules for designUnit Pulse_Gen
    Checking Rule Prereqs_ConstantInput-ML (Rule 118 of total 430) .... done (Time = 0.00s, Memory = 0.0K)
    Checking Rule Prereqs_ConstantInput-ML (Rule 119 of total 430) .... done (Time = 0.00s, Memory = 0.0K)
    Checking Rule GenTopLevelBlocksForAutoSoc (Rule 120 of total 430) .... done (Time = 0.00s, Memory = 0.0K)
    Checking Rule syncRstReq (Rule 121 of total 430) .... done (Time = 0.00s, Memory = 0.0K)
    Checking Rule syncRstReq (Rule 122 of total 430) .... done (Time = 0.00s, Memory = 0.0K)
    Checking Rule AcOvlRtl (Rule 123 of total 430) .... done (Time = 0.00s, Memory = 0.0K)
    Checking Rule AcOvlRtl (Rule 124 of total 430) .... done (Time = 0.00s, Memory = 0.2K)
Checking ELABDU Rules for designUnit SYSTEM_TOP
    Checking Rule Ac_setOvlDataInSynthesis (Rule 125 of total 430) .... done (Time = 0.00s, Memory = 0.0K)
Checking ELABDU Rules for designUnit prescale_mux
    Checking Rule Ac_setOvlDataInSynthesis (Rule 125 of total 430) .... done (Time = 0.00s, Memory = 0.0K)
Checking ELABDU Rules for designUnit CLK_DIV
    Checking Rule Ac_setOvlDataInSynthesis (Rule 125 of total 430) .... done (Time = 0.00s, Memory = 0.0K)
Checking ELABDU Rules for designUnit RST_SYNC
    Checking Rule Ac_setOvlDataInSynthesis (Rule 125 of total 430) .... done (Time = 0.00s, Memory = 20.1K)
Checking ELABDU Rules for designUnit UART
    Checking Rule Ac_setOvlDataInSynthesis (Rule 125 of total 430) .... done (Time = 0.00s, Memory = 8.0K)
Checking ELABDU Rules for designUnit UART_TX
    Checking Rule Ac_setOvlDataInSynthesis (Rule 125 of total 430) .... done (Time = 0.00s, Memory = 0.0K)
Checking ELABDU Rules for designUnit MUX
    Checking Rule Ac_setOvlDataInSynthesis (Rule 125 of total 430) .... done (Time = 0.00s, Memory = 0.0K)
Checking ELABDU Rules for designUnit Parity_Calc
    Checking Rule Ac_setOvlDataInSynthesis (Rule 125 of total 430) .... done (Time = 0.00s, Memory = 0.0K)
Checking ELABDU Rules for designUnit Serializer
    Checking Rule Ac_setOvlDataInSynthesis (Rule 125 of total 430) .... done (Time = 0.00s, Memory = 0.0K)
Checking ELABDU Rules for designUnit FSM_TX
    Checking Rule Ac_setOvlDataInSynthesis (Rule 125 of total 430) .... done (Time = 0.00s, Memory = 0.0K)
Checking ELABDU Rules for designUnit UART_RX
    Checking Rule Ac_setOvlDataInSynthesis (Rule 125 of total 430) .... done (Time = 0.00s, Memory = 0.0K)
Checking ELABDU Rules for designUnit parity_checker
    Checking Rule Ac_setOvlDataInSynthesis (Rule 125 of total 430) .... done (Time = 0.00s, Memory = 0.0K)
Checking ELABDU Rules for designUnit strt_checker
    Checking Rule Ac_setOvlDataInSynthesis (Rule 125 of total 430) .... done (Time = 0.00s, Memory = 0.0K)
Checking ELABDU Rules for designUnit stop_checker
    Checking Rule Ac_setOvlDataInSynthesis (Rule 125 of total 430) .... done (Time = 0.00s, Memory = 0.0K)
Checking ELABDU Rules for designUnit data_sampling
    Checking Rule Ac_setOvlDataInSynthesis (Rule 125 of total 430) .... done (Time = 0.00s, Memory = 0.0K)
Checking ELABDU Rules for designUnit deserializer
    Checking Rule Ac_setOvlDataInSynthesis (Rule 125 of total 430) .... done (Time = 0.00s, Memory = 0.0K)
Checking ELABDU Rules for designUnit edge_bit_counter
    Checking Rule Ac_setOvlDataInSynthesis (Rule 125 of total 430) .... done (Time = 0.00s, Memory = -0.4K)
Checking ELABDU Rules for designUnit FSM_RX
    Checking Rule Ac_setOvlDataInSynthesis (Rule 125 of total 430) .... done (Time = 0.00s, Memory = 0.0K)
Checking ELABDU Rules for designUnit DATA_SYNC
    Checking Rule Ac_setOvlDataInSynthesis (Rule 125 of total 430) .... done (Time = 0.00s, Memory = -8.0K)
Checking ELABDU Rules for designUnit SYS_CTRL
    Checking Rule Ac_setOvlDataInSynthesis (Rule 125 of total 430) .... done (Time = 0.00s, Memory = 8.0K)
Checking ELABDU Rules for designUnit regfile
    Checking Rule Ac_setOvlDataInSynthesis (Rule 125 of total 430) .... done (Time = 0.00s, Memory = 0.0K)
Checking ELABDU Rules for designUnit CLK_GATE
    Checking Rule Ac_setOvlDataInSynthesis (Rule 125 of total 430) .... done (Time = 0.00s, Memory = 8.0K)
Checking ELABDU Rules for designUnit ALU
    Checking Rule Ac_setOvlDataInSynthesis (Rule 125 of total 430) .... done (Time = 0.00s, Memory = 0.0K)
Checking ELABDU Rules for designUnit ASYNC_FIFO
    Checking Rule Ac_setOvlDataInSynthesis (Rule 125 of total 430) .... done (Time = 0.00s, Memory = 3.9K)
Checking ELABDU Rules for designUnit FIFO_RD
    Checking Rule Ac_setOvlDataInSynthesis (Rule 125 of total 430) .... done (Time = 0.00s, Memory = -3.3K)
Checking ELABDU Rules for designUnit FIFO_WR
    Checking Rule Ac_setOvlDataInSynthesis (Rule 125 of total 430) .... done (Time = 0.00s, Memory = 0.0K)
Checking ELABDU Rules for designUnit FIFO_MEM_CNTRL
    Checking Rule Ac_setOvlDataInSynthesis (Rule 125 of total 430) .... done (Time = 0.00s, Memory = 0.0K)
Checking ELABDU Rules for designUnit DF_SYNC
    Checking Rule Ac_setOvlDataInSynthesis (Rule 125 of total 430) .... done (Time = 0.00s, Memory = 0.0K)
Checking ELABDU Rules for designUnit Pulse_Gen
    Checking Rule Ac_setOvlDataInSynthesis (Rule 125 of total 430) .... done (Time = 0.00s, Memory = 0.0K)
Checking Rule SGDC_meta_design_hier01 (Rule 126 of total 430) .... done (Time = 0.00s, Memory = 0.0K)
 Synthesizing Library Cells specified through SgLib  ......
 Synthesis of Library Cells specified through SgLib completed 
 Synthesizing module: Pulse_Gen (elaborated name: Pulse_Gen) ... (Module 1 of total 29)  done 
 Synthesizing module: DF_SYNC (elaborated name: DF_SYNC) ... (Module 2 of total 29)  done 
 Synthesizing module: FIFO_MEM_CNTRL (elaborated name: FIFO_MEM_CNTRL) ... (Module 3 of total 29)  done 
 Synthesizing module: FIFO_WR (elaborated name: FIFO_WR) ... (Module 4 of total 29)  done 
 Synthesizing module: FIFO_RD (elaborated name: FIFO_RD) ... (Module 5 of total 29)  done 
 Synthesizing module: ASYNC_FIFO (elaborated name: ASYNC_FIFO) ... (Module 6 of total 29)  done 
 Synthesizing module: ALU (elaborated name: ALU) ... (Module 7 of total 29)  done 
 Synthesizing module: CLK_GATE (elaborated name: CLK_GATE) ... (Module 8 of total 29)  done 
 Synthesizing module: regfile (elaborated name: regfile) ... (Module 9 of total 29)  done 
 Synthesizing module: SYS_CTRL (elaborated name: SYS_CTRL) ... (Module 10 of total 29)  done 
 Synthesizing module: DATA_SYNC (elaborated name: DATA_SYNC) ... (Module 11 of total 29)  done 
 Synthesizing module: FSM_RX (elaborated name: FSM_RX) ... (Module 12 of total 29)  done 
 Synthesizing module: edge_bit_counter (elaborated name: edge_bit_counter) ... (Module 13 of total 29)  done 
 Synthesizing module: deserializer (elaborated name: deserializer) ... (Module 14 of total 29)  done 
 Synthesizing module: data_sampling (elaborated name: data_sampling) ... (Module 15 of total 29)  done 
 Synthesizing module: stop_checker (elaborated name: stop_checker) ... (Module 16 of total 29)  done 
 Synthesizing module: strt_checker (elaborated name: strt_checker) ... (Module 17 of total 29)  done 
 Synthesizing module: parity_checker (elaborated name: parity_checker) ... (Module 18 of total 29)  done 
 Synthesizing module: UART_RX (elaborated name: UART_RX) ... (Module 19 of total 29)  done 
 Synthesizing module: FSM_TX (elaborated name: FSM_TX) ... (Module 20 of total 29)  done 
 Synthesizing module: Serializer (elaborated name: Serializer) ... (Module 21 of total 29)  done 
 Synthesizing module: Parity_Calc (elaborated name: Parity_Calc) ... (Module 22 of total 29)  done 
 Synthesizing module: MUX (elaborated name: MUX) ... (Module 23 of total 29)  done 
 Synthesizing module: UART_TX (elaborated name: UART_TX) ... (Module 24 of total 29)  done 
 Synthesizing module: UART (elaborated name: UART) ... (Module 25 of total 29)  done 
 Synthesizing module: RST_SYNC (elaborated name: RST_SYNC) ... (Module 26 of total 29)  done 
 Synthesizing module: CLK_DIV (elaborated name: CLK_DIV) ... (Module 27 of total 29)  done 
 Synthesizing module: prescale_mux (elaborated name: prescale_mux) ... (Module 28 of total 29)  done 
 Synthesizing module: SYSTEM_TOP (elaborated name: SYSTEM_TOP) ... (Module 29 of total 29)  done 
 Synthesis completed.
Checking Rule InferBlackBox (Rule 127 of total 430) .... done (Time = 0.00s, Memory = -37.3K)

INFO [234]    Saving design database in directory './spyglass-1/.SG_SaveRestoreDB/autogenerated__default_snapshot' ...
              done

Checking Rule SGDC_waive37 (Rule 128 of total 430) .... done (Time = 0.00s, Memory = 0.0K)
Checking Rule SGDC_waive24 (Rule 129 of total 430) .... done (Time = 0.00s, Memory = 0.0K)
Checking Rule SGDC_waive25 (Rule 130 of total 430) .... done (Time = 0.00s, Memory = 0.0K)
Checking Rule SGDC_waive31 (Rule 131 of total 430) .... done (Time = 0.00s, Memory = -0.9K)
Checking Rule SGDC_waive35 (Rule 132 of total 430) .... done (Time = 0.00s, Memory = 13.6K)
Checking Rule ReportSglibSummary (Rule 133 of total 430) .... done (Time = 0.00s, Memory = -8.0K)
Checking Rule Txv_SvaSetup01 for module Pulse_Gen (Rule 134 of total 430) .... done (Time = 0.00s, Memory = 0.0K)
Checking Rule LogNMuxPrereq for module Pulse_Gen (Rule 135 of total 430) .... done (Time = 0.00s, Memory = 0.0K)
Checking Rule PESVASETUP01 for module Pulse_Gen (Rule 136 of total 430) .... done (Time = 0.00s, Memory = 0.0K)
Checking Rule HangingNetPreReq-ML for module Pulse_Gen (Rule 137 of total 430) .... done (Time = 0.00s, Memory = 0.0K)
Checking Rule _meta_delay01 for module Pulse_Gen (Rule 138 of total 430) .... done (Time = 0.00s, Memory = 0.0K)
Checking Rule SDC2SGDCPARSE for module Pulse_Gen (Rule 139 of total 430) .... done (Time = 0.00s, Memory = 0.0K)
Checking Rule _cdc_save_license01 for module Pulse_Gen (Rule 140 of total 430) .... done (Time = 0.00s, Memory = 0.0K)
Checking Rule Reset_check05 for module Pulse_Gen (Rule 141 of total 430) .... done (Time = 0.00s, Memory = 0.0K)
Checking Rule _syncResetStyleRTL for module Pulse_Gen (Rule 142 of total 430) .... done (Time = 0.00s, Memory = 0.0K)
Checking Rule Ac_svasetup01 for module Pulse_Gen (Rule 143 of total 430) .... done (Time = 0.00s, Memory = 0.0K)
Checking Rule Txv_SvaSetup01 for module DF_SYNC (Rule 134 of total 430) .... done (Time = 0.00s, Memory = 0.0K)
Checking Rule LogNMuxPrereq for module DF_SYNC (Rule 135 of total 430) .... done (Time = 0.00s, Memory = 0.0K)
Checking Rule PESVASETUP01 for module DF_SYNC (Rule 136 of total 430) .... done (Time = 0.00s, Memory = 0.0K)
Checking Rule HangingNetPreReq-ML for module DF_SYNC (Rule 137 of total 430) .... done (Time = 0.00s, Memory = 0.0K)
Checking Rule _meta_delay01 for module DF_SYNC (Rule 138 of total 430) .... done (Time = 0.00s, Memory = 0.0K)
Checking Rule SDC2SGDCPARSE for module DF_SYNC (Rule 139 of total 430) .... done (Time = 0.00s, Memory = 0.0K)
Checking Rule _cdc_save_license01 for module DF_SYNC (Rule 140 of total 430) .... done (Time = 0.00s, Memory = 0.0K)
Checking Rule Reset_check05 for module DF_SYNC (Rule 141 of total 430) .... done (Time = 0.00s, Memory = 0.0K)
Checking Rule _syncResetStyleRTL for module DF_SYNC (Rule 142 of total 430) .... done (Time = 0.00s, Memory = 0.0K)
Checking Rule Ac_svasetup01 for module DF_SYNC (Rule 143 of total 430) .... done (Time = 0.00s, Memory = 0.0K)
Checking Rule Txv_SvaSetup01 for module FIFO_MEM_CNTRL (Rule 134 of total 430) .... done (Time = 0.00s, Memory = 0.0K)
Checking Rule LogNMuxPrereq for module FIFO_MEM_CNTRL (Rule 135 of total 430) .... done (Time = 0.00s, Memory = 0.0K)
Checking Rule PESVASETUP01 for module FIFO_MEM_CNTRL (Rule 136 of total 430) .... done (Time = 0.00s, Memory = 0.0K)
Checking Rule HangingNetPreReq-ML for module FIFO_MEM_CNTRL (Rule 137 of total 430) .... done (Time = 0.00s, Memory = 0.0K)
Checking Rule _meta_delay01 for module FIFO_MEM_CNTRL (Rule 138 of total 430) .... done (Time = 0.00s, Memory = 0.0K)
Checking Rule SDC2SGDCPARSE for module FIFO_MEM_CNTRL (Rule 139 of total 430) .... done (Time = 0.00s, Memory = 0.0K)
Checking Rule _cdc_save_license01 for module FIFO_MEM_CNTRL (Rule 140 of total 430) .... done (Time = 0.00s, Memory = 0.0K)
Checking Rule Reset_check05 for module FIFO_MEM_CNTRL (Rule 141 of total 430) .... done (Time = 0.00s, Memory = 0.0K)
Checking Rule _syncResetStyleRTL for module FIFO_MEM_CNTRL (Rule 142 of total 430) .... done (Time = 0.00s, Memory = 0.0K)
Checking Rule Ac_svasetup01 for module FIFO_MEM_CNTRL (Rule 143 of total 430) .... done (Time = 0.00s, Memory = 0.0K)
Checking Rule Txv_SvaSetup01 for module FIFO_WR (Rule 134 of total 430) .... done (Time = 0.00s, Memory = 0.0K)
Checking Rule LogNMuxPrereq for module FIFO_WR (Rule 135 of total 430) .... done (Time = 0.00s, Memory = 0.0K)
Checking Rule PESVASETUP01 for module FIFO_WR (Rule 136 of total 430) .... done (Time = 0.00s, Memory = 0.0K)
Checking Rule HangingNetPreReq-ML for module FIFO_WR (Rule 137 of total 430) .... done (Time = 0.00s, Memory = 0.0K)
Checking Rule _meta_delay01 for module FIFO_WR (Rule 138 of total 430) .... done (Time = 0.00s, Memory = 0.0K)
Checking Rule SDC2SGDCPARSE for module FIFO_WR (Rule 139 of total 430) .... done (Time = 0.00s, Memory = 0.0K)
Checking Rule _cdc_save_license01 for module FIFO_WR (Rule 140 of total 430) .... done (Time = 0.00s, Memory = 0.0K)
Checking Rule Reset_check05 for module FIFO_WR (Rule 141 of total 430) .... done (Time = 0.00s, Memory = 0.0K)
Checking Rule _syncResetStyleRTL for module FIFO_WR (Rule 142 of total 430) .... done (Time = 0.00s, Memory = 0.0K)
Checking Rule Ac_svasetup01 for module FIFO_WR (Rule 143 of total 430) .... done (Time = 0.00s, Memory = 0.0K)
Checking Rule Txv_SvaSetup01 for module FIFO_RD (Rule 134 of total 430) .... done (Time = 0.00s, Memory = 0.0K)
Checking Rule LogNMuxPrereq for module FIFO_RD (Rule 135 of total 430) .... done (Time = 0.00s, Memory = 0.0K)
Checking Rule PESVASETUP01 for module FIFO_RD (Rule 136 of total 430) .... done (Time = 0.00s, Memory = 0.0K)
Checking Rule HangingNetPreReq-ML for module FIFO_RD (Rule 137 of total 430) .... done (Time = 0.00s, Memory = 0.0K)
Checking Rule _meta_delay01 for module FIFO_RD (Rule 138 of total 430) .... done (Time = 0.00s, Memory = 0.0K)
Checking Rule SDC2SGDCPARSE for module FIFO_RD (Rule 139 of total 430) .... done (Time = 0.00s, Memory = 0.0K)
Checking Rule _cdc_save_license01 for module FIFO_RD (Rule 140 of total 430) .... done (Time = 0.00s, Memory = 0.0K)
Checking Rule Reset_check05 for module FIFO_RD (Rule 141 of total 430) .... done (Time = 0.00s, Memory = 0.0K)
Checking Rule _syncResetStyleRTL for module FIFO_RD (Rule 142 of total 430) .... done (Time = 0.00s, Memory = 0.0K)
Checking Rule Ac_svasetup01 for module FIFO_RD (Rule 143 of total 430) .... done (Time = 0.00s, Memory = 0.0K)
Checking Rule Txv_SvaSetup01 for module ASYNC_FIFO (Rule 134 of total 430) .... done (Time = 0.00s, Memory = 0.0K)
Checking Rule LogNMuxPrereq for module ASYNC_FIFO (Rule 135 of total 430) .... done (Time = 0.00s, Memory = 0.0K)
Checking Rule PESVASETUP01 for module ASYNC_FIFO (Rule 136 of total 430) .... done (Time = 0.00s, Memory = 0.0K)
Checking Rule HangingNetPreReq-ML for module ASYNC_FIFO (Rule 137 of total 430) .... done (Time = 0.00s, Memory = 0.0K)
Checking Rule _meta_delay01 for module ASYNC_FIFO (Rule 138 of total 430) .... done (Time = 0.00s, Memory = 0.0K)
Checking Rule SDC2SGDCPARSE for module ASYNC_FIFO (Rule 139 of total 430) .... done (Time = 0.00s, Memory = 0.0K)
Checking Rule _cdc_save_license01 for module ASYNC_FIFO (Rule 140 of total 430) .... done (Time = 0.00s, Memory = 0.0K)
Checking Rule Reset_check05 for module ASYNC_FIFO (Rule 141 of total 430) .... done (Time = 0.00s, Memory = 0.0K)
Checking Rule _syncResetStyleRTL for module ASYNC_FIFO (Rule 142 of total 430) .... done (Time = 0.00s, Memory = 0.0K)
Checking Rule Ac_svasetup01 for module ASYNC_FIFO (Rule 143 of total 430) .... done (Time = 0.00s, Memory = 0.0K)
Checking Rule Txv_SvaSetup01 for module ALU (Rule 134 of total 430) .... done (Time = 0.00s, Memory = 0.0K)
Checking Rule LogNMuxPrereq for module ALU (Rule 135 of total 430) .... done (Time = 0.00s, Memory = 0.0K)
Checking Rule PESVASETUP01 for module ALU (Rule 136 of total 430) .... done (Time = 0.00s, Memory = 0.0K)
Checking Rule HangingNetPreReq-ML for module ALU (Rule 137 of total 430) .... done (Time = 0.00s, Memory = 0.0K)
Checking Rule _meta_delay01 for module ALU (Rule 138 of total 430) .... done (Time = 0.00s, Memory = 0.0K)
Checking Rule SDC2SGDCPARSE for module ALU (Rule 139 of total 430) .... done (Time = 0.00s, Memory = 0.0K)
Checking Rule _cdc_save_license01 for module ALU (Rule 140 of total 430) .... done (Time = 0.00s, Memory = 0.0K)
Checking Rule Reset_check05 for module ALU (Rule 141 of total 430) .... done (Time = 0.00s, Memory = 0.0K)
Checking Rule _syncResetStyleRTL for module ALU (Rule 142 of total 430) .... done (Time = 0.00s, Memory = 0.0K)
Checking Rule Ac_svasetup01 for module ALU (Rule 143 of total 430) .... done (Time = 0.00s, Memory = 0.0K)
Checking Rule Txv_SvaSetup01 for module CLK_GATE (Rule 134 of total 430) .... done (Time = 0.00s, Memory = 0.0K)
Checking Rule LogNMuxPrereq for module CLK_GATE (Rule 135 of total 430) .... done (Time = 0.00s, Memory = 0.0K)
Checking Rule PESVASETUP01 for module CLK_GATE (Rule 136 of total 430) .... done (Time = 0.00s, Memory = 0.0K)
Checking Rule HangingNetPreReq-ML for module CLK_GATE (Rule 137 of total 430) .... done (Time = 0.00s, Memory = 0.0K)
Checking Rule _meta_delay01 for module CLK_GATE (Rule 138 of total 430) .... done (Time = 0.00s, Memory = 0.0K)
Checking Rule SDC2SGDCPARSE for module CLK_GATE (Rule 139 of total 430) .... done (Time = 0.00s, Memory = 0.0K)
Checking Rule _cdc_save_license01 for module CLK_GATE (Rule 140 of total 430) .... done (Time = 0.00s, Memory = 0.0K)
Checking Rule Reset_check05 for module CLK_GATE (Rule 141 of total 430) .... done (Time = 0.00s, Memory = 0.0K)
Checking Rule _syncResetStyleRTL for module CLK_GATE (Rule 142 of total 430) .... done (Time = 0.00s, Memory = 0.0K)
Checking Rule Ac_svasetup01 for module CLK_GATE (Rule 143 of total 430) .... done (Time = 0.00s, Memory = 0.0K)
Checking Rule Txv_SvaSetup01 for module regfile (Rule 134 of total 430) .... done (Time = 0.00s, Memory = 0.0K)
Checking Rule LogNMuxPrereq for module regfile (Rule 135 of total 430) .... done (Time = 0.00s, Memory = 0.0K)
Checking Rule PESVASETUP01 for module regfile (Rule 136 of total 430) .... done (Time = 0.00s, Memory = 0.0K)
Checking Rule HangingNetPreReq-ML for module regfile (Rule 137 of total 430) .... done (Time = 0.00s, Memory = 0.0K)
Checking Rule _meta_delay01 for module regfile (Rule 138 of total 430) .... done (Time = 0.00s, Memory = 0.0K)
Checking Rule SDC2SGDCPARSE for module regfile (Rule 139 of total 430) .... done (Time = 0.00s, Memory = 0.0K)
Checking Rule _cdc_save_license01 for module regfile (Rule 140 of total 430) .... done (Time = 0.00s, Memory = 0.0K)
Checking Rule Reset_check05 for module regfile (Rule 141 of total 430) .... done (Time = 0.00s, Memory = 0.0K)
Checking Rule _syncResetStyleRTL for module regfile (Rule 142 of total 430) .... done (Time = 0.00s, Memory = 0.0K)
Checking Rule Ac_svasetup01 for module regfile (Rule 143 of total 430) .... done (Time = 0.00s, Memory = 0.0K)
Checking Rule Txv_SvaSetup01 for module SYS_CTRL (Rule 134 of total 430) .... done (Time = 0.00s, Memory = 0.0K)
Checking Rule LogNMuxPrereq for module SYS_CTRL (Rule 135 of total 430) .... done (Time = 0.00s, Memory = 0.0K)
Checking Rule PESVASETUP01 for module SYS_CTRL (Rule 136 of total 430) .... done (Time = 0.00s, Memory = 0.0K)
Checking Rule HangingNetPreReq-ML for module SYS_CTRL (Rule 137 of total 430) .... done (Time = 0.00s, Memory = 0.0K)
Checking Rule _meta_delay01 for module SYS_CTRL (Rule 138 of total 430) .... done (Time = 0.00s, Memory = 0.0K)
Checking Rule SDC2SGDCPARSE for module SYS_CTRL (Rule 139 of total 430) .... done (Time = 0.00s, Memory = 0.0K)
Checking Rule _cdc_save_license01 for module SYS_CTRL (Rule 140 of total 430) .... done (Time = 0.00s, Memory = 0.0K)
Checking Rule Reset_check05 for module SYS_CTRL (Rule 141 of total 430) .... done (Time = 0.00s, Memory = 0.0K)
Checking Rule _syncResetStyleRTL for module SYS_CTRL (Rule 142 of total 430) .... done (Time = 0.00s, Memory = 0.0K)
Checking Rule Ac_svasetup01 for module SYS_CTRL (Rule 143 of total 430) .... done (Time = 0.00s, Memory = 0.0K)
Checking Rule Txv_SvaSetup01 for module DATA_SYNC (Rule 134 of total 430) .... done (Time = 0.00s, Memory = 0.0K)
Checking Rule LogNMuxPrereq for module DATA_SYNC (Rule 135 of total 430) .... done (Time = 0.00s, Memory = 0.0K)
Checking Rule PESVASETUP01 for module DATA_SYNC (Rule 136 of total 430) .... done (Time = 0.00s, Memory = 0.0K)
Checking Rule HangingNetPreReq-ML for module DATA_SYNC (Rule 137 of total 430) .... done (Time = 0.00s, Memory = 0.0K)
Checking Rule _meta_delay01 for module DATA_SYNC (Rule 138 of total 430) .... done (Time = 0.00s, Memory = 0.0K)
Checking Rule SDC2SGDCPARSE for module DATA_SYNC (Rule 139 of total 430) .... done (Time = 0.00s, Memory = 0.0K)
Checking Rule _cdc_save_license01 for module DATA_SYNC (Rule 140 of total 430) .... done (Time = 0.00s, Memory = 0.0K)
Checking Rule Reset_check05 for module DATA_SYNC (Rule 141 of total 430) .... done (Time = 0.00s, Memory = 0.0K)
Checking Rule _syncResetStyleRTL for module DATA_SYNC (Rule 142 of total 430) .... done (Time = 0.00s, Memory = 0.0K)
Checking Rule Ac_svasetup01 for module DATA_SYNC (Rule 143 of total 430) .... done (Time = 0.00s, Memory = 0.0K)
Checking Rule Txv_SvaSetup01 for module FSM_RX (Rule 134 of total 430) .... done (Time = 0.00s, Memory = 0.0K)
Checking Rule LogNMuxPrereq for module FSM_RX (Rule 135 of total 430) .... done (Time = 0.00s, Memory = 0.0K)
Checking Rule PESVASETUP01 for module FSM_RX (Rule 136 of total 430) .... done (Time = 0.00s, Memory = 0.0K)
Checking Rule HangingNetPreReq-ML for module FSM_RX (Rule 137 of total 430) .... done (Time = 0.00s, Memory = 0.0K)
Checking Rule _meta_delay01 for module FSM_RX (Rule 138 of total 430) .... done (Time = 0.00s, Memory = 0.0K)
Checking Rule SDC2SGDCPARSE for module FSM_RX (Rule 139 of total 430) .... done (Time = 0.00s, Memory = 0.0K)
Checking Rule _cdc_save_license01 for module FSM_RX (Rule 140 of total 430) .... done (Time = 0.00s, Memory = 0.0K)
Checking Rule Reset_check05 for module FSM_RX (Rule 141 of total 430) .... done (Time = 0.00s, Memory = 0.0K)
Checking Rule _syncResetStyleRTL for module FSM_RX (Rule 142 of total 430) .... done (Time = 0.00s, Memory = 0.0K)
Checking Rule Ac_svasetup01 for module FSM_RX (Rule 143 of total 430) .... done (Time = 0.00s, Memory = 0.0K)
Checking Rule Txv_SvaSetup01 for module edge_bit_counter (Rule 134 of total 430) .... done (Time = 0.00s, Memory = 0.0K)
Checking Rule LogNMuxPrereq for module edge_bit_counter (Rule 135 of total 430) .... done (Time = 0.00s, Memory = 0.0K)
Checking Rule PESVASETUP01 for module edge_bit_counter (Rule 136 of total 430) .... done (Time = 0.00s, Memory = 0.0K)
Checking Rule HangingNetPreReq-ML for module edge_bit_counter (Rule 137 of total 430) .... done (Time = 0.00s, Memory = 0.0K)
Checking Rule _meta_delay01 for module edge_bit_counter (Rule 138 of total 430) .... done (Time = 0.00s, Memory = 0.0K)
Checking Rule SDC2SGDCPARSE for module edge_bit_counter (Rule 139 of total 430) .... done (Time = 0.00s, Memory = 0.0K)
Checking Rule _cdc_save_license01 for module edge_bit_counter (Rule 140 of total 430) .... done (Time = 0.00s, Memory = 0.0K)
Checking Rule Reset_check05 for module edge_bit_counter (Rule 141 of total 430) .... done (Time = 0.00s, Memory = 0.0K)
Checking Rule _syncResetStyleRTL for module edge_bit_counter (Rule 142 of total 430) .... done (Time = 0.00s, Memory = 0.0K)
Checking Rule Ac_svasetup01 for module edge_bit_counter (Rule 143 of total 430) .... done (Time = 0.00s, Memory = 0.0K)
Checking Rule Txv_SvaSetup01 for module deserializer (Rule 134 of total 430) .... done (Time = 0.00s, Memory = 0.0K)
Checking Rule LogNMuxPrereq for module deserializer (Rule 135 of total 430) .... done (Time = 0.00s, Memory = 0.0K)
Checking Rule PESVASETUP01 for module deserializer (Rule 136 of total 430) .... done (Time = 0.00s, Memory = 0.0K)
Checking Rule HangingNetPreReq-ML for module deserializer (Rule 137 of total 430) .... done (Time = 0.00s, Memory = 0.0K)
Checking Rule _meta_delay01 for module deserializer (Rule 138 of total 430) .... done (Time = 0.00s, Memory = 0.0K)
Checking Rule SDC2SGDCPARSE for module deserializer (Rule 139 of total 430) .... done (Time = 0.00s, Memory = 0.0K)
Checking Rule _cdc_save_license01 for module deserializer (Rule 140 of total 430) .... done (Time = 0.00s, Memory = 0.0K)
Checking Rule Reset_check05 for module deserializer (Rule 141 of total 430) .... done (Time = 0.00s, Memory = 0.0K)
Checking Rule _syncResetStyleRTL for module deserializer (Rule 142 of total 430) .... done (Time = 0.00s, Memory = 0.0K)
Checking Rule Ac_svasetup01 for module deserializer (Rule 143 of total 430) .... done (Time = 0.00s, Memory = 0.0K)
Checking Rule Txv_SvaSetup01 for module data_sampling (Rule 134 of total 430) .... done (Time = 0.00s, Memory = 0.0K)
Checking Rule LogNMuxPrereq for module data_sampling (Rule 135 of total 430) .... done (Time = 0.00s, Memory = 0.0K)
Checking Rule PESVASETUP01 for module data_sampling (Rule 136 of total 430) .... done (Time = 0.00s, Memory = 0.0K)
Checking Rule HangingNetPreReq-ML for module data_sampling (Rule 137 of total 430) .... done (Time = 0.00s, Memory = 0.0K)
Checking Rule _meta_delay01 for module data_sampling (Rule 138 of total 430) .... done (Time = 0.00s, Memory = 0.0K)
Checking Rule SDC2SGDCPARSE for module data_sampling (Rule 139 of total 430) .... done (Time = 0.00s, Memory = 0.0K)
Checking Rule _cdc_save_license01 for module data_sampling (Rule 140 of total 430) .... done (Time = 0.00s, Memory = 0.0K)
Checking Rule Reset_check05 for module data_sampling (Rule 141 of total 430) .... done (Time = 0.00s, Memory = 0.0K)
Checking Rule _syncResetStyleRTL for module data_sampling (Rule 142 of total 430) .... done (Time = 0.00s, Memory = 0.0K)
Checking Rule Ac_svasetup01 for module data_sampling (Rule 143 of total 430) .... done (Time = 0.00s, Memory = 0.0K)
Checking Rule Txv_SvaSetup01 for module stop_checker (Rule 134 of total 430) .... done (Time = 0.00s, Memory = 0.0K)
Checking Rule LogNMuxPrereq for module stop_checker (Rule 135 of total 430) .... done (Time = 0.00s, Memory = 0.0K)
Checking Rule PESVASETUP01 for module stop_checker (Rule 136 of total 430) .... done (Time = 0.00s, Memory = 0.0K)
Checking Rule HangingNetPreReq-ML for module stop_checker (Rule 137 of total 430) .... done (Time = 0.00s, Memory = 0.0K)
Checking Rule _meta_delay01 for module stop_checker (Rule 138 of total 430) .... done (Time = 0.00s, Memory = 0.0K)
Checking Rule SDC2SGDCPARSE for module stop_checker (Rule 139 of total 430) .... done (Time = 0.00s, Memory = 0.0K)
Checking Rule _cdc_save_license01 for module stop_checker (Rule 140 of total 430) .... done (Time = 0.00s, Memory = 0.0K)
Checking Rule Reset_check05 for module stop_checker (Rule 141 of total 430) .... done (Time = 0.00s, Memory = 0.0K)
Checking Rule _syncResetStyleRTL for module stop_checker (Rule 142 of total 430) .... done (Time = 0.00s, Memory = 0.0K)
Checking Rule Ac_svasetup01 for module stop_checker (Rule 143 of total 430) .... done (Time = 0.00s, Memory = 0.0K)
Checking Rule Txv_SvaSetup01 for module strt_checker (Rule 134 of total 430) .... done (Time = 0.00s, Memory = 0.0K)
Checking Rule LogNMuxPrereq for module strt_checker (Rule 135 of total 430) .... done (Time = 0.00s, Memory = 0.0K)
Checking Rule PESVASETUP01 for module strt_checker (Rule 136 of total 430) .... done (Time = 0.00s, Memory = 0.0K)
Checking Rule HangingNetPreReq-ML for module strt_checker (Rule 137 of total 430) .... done (Time = 0.00s, Memory = 0.0K)
Checking Rule _meta_delay01 for module strt_checker (Rule 138 of total 430) .... done (Time = 0.00s, Memory = 0.0K)
Checking Rule SDC2SGDCPARSE for module strt_checker (Rule 139 of total 430) .... done (Time = 0.00s, Memory = 0.0K)
Checking Rule _cdc_save_license01 for module strt_checker (Rule 140 of total 430) .... done (Time = 0.00s, Memory = 0.0K)
Checking Rule Reset_check05 for module strt_checker (Rule 141 of total 430) .... done (Time = 0.00s, Memory = 0.0K)
Checking Rule _syncResetStyleRTL for module strt_checker (Rule 142 of total 430) .... done (Time = 0.00s, Memory = 0.0K)
Checking Rule Ac_svasetup01 for module strt_checker (Rule 143 of total 430) .... done (Time = 0.00s, Memory = 0.0K)
Checking Rule Txv_SvaSetup01 for module parity_checker (Rule 134 of total 430) .... done (Time = 0.00s, Memory = 0.0K)
Checking Rule LogNMuxPrereq for module parity_checker (Rule 135 of total 430) .... done (Time = 0.00s, Memory = 0.0K)
Checking Rule PESVASETUP01 for module parity_checker (Rule 136 of total 430) .... done (Time = 0.00s, Memory = 0.0K)
Checking Rule HangingNetPreReq-ML for module parity_checker (Rule 137 of total 430) .... done (Time = 0.00s, Memory = 0.0K)
Checking Rule _meta_delay01 for module parity_checker (Rule 138 of total 430) .... done (Time = 0.00s, Memory = 0.0K)
Checking Rule SDC2SGDCPARSE for module parity_checker (Rule 139 of total 430) .... done (Time = 0.00s, Memory = 0.0K)
Checking Rule _cdc_save_license01 for module parity_checker (Rule 140 of total 430) .... done (Time = 0.00s, Memory = 0.0K)
Checking Rule Reset_check05 for module parity_checker (Rule 141 of total 430) .... done (Time = 0.00s, Memory = 0.0K)
Checking Rule _syncResetStyleRTL for module parity_checker (Rule 142 of total 430) .... done (Time = 0.00s, Memory = 0.0K)
Checking Rule Ac_svasetup01 for module parity_checker (Rule 143 of total 430) .... done (Time = 0.00s, Memory = 0.0K)
Checking Rule Txv_SvaSetup01 for module UART_RX (Rule 134 of total 430) .... done (Time = 0.00s, Memory = 0.0K)
Checking Rule LogNMuxPrereq for module UART_RX (Rule 135 of total 430) .... done (Time = 0.00s, Memory = 0.0K)
Checking Rule PESVASETUP01 for module UART_RX (Rule 136 of total 430) .... done (Time = 0.00s, Memory = 0.0K)
Checking Rule HangingNetPreReq-ML for module UART_RX (Rule 137 of total 430) .... done (Time = 0.00s, Memory = 0.0K)
Checking Rule _meta_delay01 for module UART_RX (Rule 138 of total 430) .... done (Time = 0.00s, Memory = 0.0K)
Checking Rule SDC2SGDCPARSE for module UART_RX (Rule 139 of total 430) .... done (Time = 0.00s, Memory = 0.0K)
Checking Rule _cdc_save_license01 for module UART_RX (Rule 140 of total 430) .... done (Time = 0.00s, Memory = 0.0K)
Checking Rule Reset_check05 for module UART_RX (Rule 141 of total 430) .... done (Time = 0.00s, Memory = 0.0K)
Checking Rule _syncResetStyleRTL for module UART_RX (Rule 142 of total 430) .... done (Time = 0.00s, Memory = 0.0K)
Checking Rule Ac_svasetup01 for module UART_RX (Rule 143 of total 430) .... done (Time = 0.00s, Memory = 0.0K)
Checking Rule Txv_SvaSetup01 for module FSM_TX (Rule 134 of total 430) .... done (Time = 0.00s, Memory = 0.0K)
Checking Rule LogNMuxPrereq for module FSM_TX (Rule 135 of total 430) .... done (Time = 0.00s, Memory = 0.0K)
Checking Rule PESVASETUP01 for module FSM_TX (Rule 136 of total 430) .... done (Time = 0.00s, Memory = 0.0K)
Checking Rule HangingNetPreReq-ML for module FSM_TX (Rule 137 of total 430) .... done (Time = 0.00s, Memory = 0.0K)
Checking Rule _meta_delay01 for module FSM_TX (Rule 138 of total 430) .... done (Time = 0.00s, Memory = 0.0K)
Checking Rule SDC2SGDCPARSE for module FSM_TX (Rule 139 of total 430) .... done (Time = 0.00s, Memory = 0.0K)
Checking Rule _cdc_save_license01 for module FSM_TX (Rule 140 of total 430) .... done (Time = 0.00s, Memory = 0.0K)
Checking Rule Reset_check05 for module FSM_TX (Rule 141 of total 430) .... done (Time = 0.00s, Memory = 0.0K)
Checking Rule _syncResetStyleRTL for module FSM_TX (Rule 142 of total 430) .... done (Time = 0.00s, Memory = 0.0K)
Checking Rule Ac_svasetup01 for module FSM_TX (Rule 143 of total 430) .... done (Time = 0.00s, Memory = 0.0K)
Checking Rule Txv_SvaSetup01 for module Serializer (Rule 134 of total 430) .... done (Time = 0.00s, Memory = 0.0K)
Checking Rule LogNMuxPrereq for module Serializer (Rule 135 of total 430) .... done (Time = 0.00s, Memory = 0.0K)
Checking Rule PESVASETUP01 for module Serializer (Rule 136 of total 430) .... done (Time = 0.00s, Memory = 0.0K)
Checking Rule HangingNetPreReq-ML for module Serializer (Rule 137 of total 430) .... done (Time = 0.00s, Memory = 0.0K)
Checking Rule _meta_delay01 for module Serializer (Rule 138 of total 430) .... done (Time = 0.00s, Memory = 0.0K)
Checking Rule SDC2SGDCPARSE for module Serializer (Rule 139 of total 430) .... done (Time = 0.00s, Memory = 0.0K)
Checking Rule _cdc_save_license01 for module Serializer (Rule 140 of total 430) .... done (Time = 0.00s, Memory = 0.0K)
Checking Rule Reset_check05 for module Serializer (Rule 141 of total 430) .... done (Time = 0.00s, Memory = 0.0K)
Checking Rule _syncResetStyleRTL for module Serializer (Rule 142 of total 430) .... done (Time = 0.00s, Memory = 0.0K)
Checking Rule Ac_svasetup01 for module Serializer (Rule 143 of total 430) .... done (Time = 0.00s, Memory = 0.0K)
Checking Rule Txv_SvaSetup01 for module Parity_Calc (Rule 134 of total 430) .... done (Time = 0.00s, Memory = 0.0K)
Checking Rule LogNMuxPrereq for module Parity_Calc (Rule 135 of total 430) .... done (Time = 0.00s, Memory = 0.0K)
Checking Rule PESVASETUP01 for module Parity_Calc (Rule 136 of total 430) .... done (Time = 0.00s, Memory = 0.0K)
Checking Rule HangingNetPreReq-ML for module Parity_Calc (Rule 137 of total 430) .... done (Time = 0.00s, Memory = 0.0K)
Checking Rule _meta_delay01 for module Parity_Calc (Rule 138 of total 430) .... done (Time = 0.00s, Memory = 0.0K)
Checking Rule SDC2SGDCPARSE for module Parity_Calc (Rule 139 of total 430) .... done (Time = 0.00s, Memory = 0.0K)
Checking Rule _cdc_save_license01 for module Parity_Calc (Rule 140 of total 430) .... done (Time = 0.00s, Memory = 0.0K)
Checking Rule Reset_check05 for module Parity_Calc (Rule 141 of total 430) .... done (Time = 0.00s, Memory = 0.0K)
Checking Rule _syncResetStyleRTL for module Parity_Calc (Rule 142 of total 430) .... done (Time = 0.00s, Memory = 0.0K)
Checking Rule Ac_svasetup01 for module Parity_Calc (Rule 143 of total 430) .... done (Time = 0.00s, Memory = 0.0K)
Checking Rule Txv_SvaSetup01 for module MUX (Rule 134 of total 430) .... done (Time = 0.00s, Memory = 0.0K)
Checking Rule LogNMuxPrereq for module MUX (Rule 135 of total 430) .... done (Time = 0.00s, Memory = 0.0K)
Checking Rule PESVASETUP01 for module MUX (Rule 136 of total 430) .... done (Time = 0.00s, Memory = 0.0K)
Checking Rule HangingNetPreReq-ML for module MUX (Rule 137 of total 430) .... done (Time = 0.00s, Memory = 0.0K)
Checking Rule _meta_delay01 for module MUX (Rule 138 of total 430) .... done (Time = 0.00s, Memory = 0.0K)
Checking Rule SDC2SGDCPARSE for module MUX (Rule 139 of total 430) .... done (Time = 0.00s, Memory = 0.0K)
Checking Rule _cdc_save_license01 for module MUX (Rule 140 of total 430) .... done (Time = 0.00s, Memory = 0.0K)
Checking Rule Reset_check05 for module MUX (Rule 141 of total 430) .... done (Time = 0.00s, Memory = 0.0K)
Checking Rule _syncResetStyleRTL for module MUX (Rule 142 of total 430) .... done (Time = 0.00s, Memory = 0.0K)
Checking Rule Ac_svasetup01 for module MUX (Rule 143 of total 430) .... done (Time = 0.00s, Memory = 0.0K)
Checking Rule Txv_SvaSetup01 for module UART_TX (Rule 134 of total 430) .... done (Time = 0.00s, Memory = 0.0K)
Checking Rule LogNMuxPrereq for module UART_TX (Rule 135 of total 430) .... done (Time = 0.00s, Memory = 0.0K)
Checking Rule PESVASETUP01 for module UART_TX (Rule 136 of total 430) .... done (Time = 0.00s, Memory = 0.0K)
Checking Rule HangingNetPreReq-ML for module UART_TX (Rule 137 of total 430) .... done (Time = 0.00s, Memory = 0.0K)
Checking Rule _meta_delay01 for module UART_TX (Rule 138 of total 430) .... done (Time = 0.00s, Memory = 0.0K)
Checking Rule SDC2SGDCPARSE for module UART_TX (Rule 139 of total 430) .... done (Time = 0.00s, Memory = 0.0K)
Checking Rule _cdc_save_license01 for module UART_TX (Rule 140 of total 430) .... done (Time = 0.00s, Memory = 0.0K)
Checking Rule Reset_check05 for module UART_TX (Rule 141 of total 430) .... done (Time = 0.00s, Memory = 0.0K)
Checking Rule _syncResetStyleRTL for module UART_TX (Rule 142 of total 430) .... done (Time = 0.00s, Memory = 0.0K)
Checking Rule Ac_svasetup01 for module UART_TX (Rule 143 of total 430) .... done (Time = 0.00s, Memory = 0.0K)
Checking Rule Txv_SvaSetup01 for module UART (Rule 134 of total 430) .... done (Time = 0.00s, Memory = 0.0K)
Checking Rule LogNMuxPrereq for module UART (Rule 135 of total 430) .... done (Time = 0.00s, Memory = 0.0K)
Checking Rule PESVASETUP01 for module UART (Rule 136 of total 430) .... done (Time = 0.00s, Memory = 0.0K)
Checking Rule HangingNetPreReq-ML for module UART (Rule 137 of total 430) .... done (Time = 0.00s, Memory = 0.0K)
Checking Rule _meta_delay01 for module UART (Rule 138 of total 430) .... done (Time = 0.00s, Memory = 0.0K)
Checking Rule SDC2SGDCPARSE for module UART (Rule 139 of total 430) .... done (Time = 0.00s, Memory = 0.0K)
Checking Rule _cdc_save_license01 for module UART (Rule 140 of total 430) .... done (Time = 0.00s, Memory = 0.0K)
Checking Rule Reset_check05 for module UART (Rule 141 of total 430) .... done (Time = 0.00s, Memory = 0.0K)
Checking Rule _syncResetStyleRTL for module UART (Rule 142 of total 430) .... done (Time = 0.00s, Memory = 0.0K)
Checking Rule Ac_svasetup01 for module UART (Rule 143 of total 430) .... done (Time = 0.00s, Memory = 0.0K)
Checking Rule Txv_SvaSetup01 for module RST_SYNC (Rule 134 of total 430) .... done (Time = 0.00s, Memory = 0.0K)
Checking Rule LogNMuxPrereq for module RST_SYNC (Rule 135 of total 430) .... done (Time = 0.00s, Memory = 0.0K)
Checking Rule PESVASETUP01 for module RST_SYNC (Rule 136 of total 430) .... done (Time = 0.00s, Memory = 0.0K)
Checking Rule HangingNetPreReq-ML for module RST_SYNC (Rule 137 of total 430) .... done (Time = 0.00s, Memory = 0.0K)
Checking Rule _meta_delay01 for module RST_SYNC (Rule 138 of total 430) .... done (Time = 0.00s, Memory = 0.0K)
Checking Rule SDC2SGDCPARSE for module RST_SYNC (Rule 139 of total 430) .... done (Time = 0.00s, Memory = 0.0K)
Checking Rule _cdc_save_license01 for module RST_SYNC (Rule 140 of total 430) .... done (Time = 0.00s, Memory = 0.0K)
Checking Rule Reset_check05 for module RST_SYNC (Rule 141 of total 430) .... done (Time = 0.00s, Memory = 0.0K)
Checking Rule _syncResetStyleRTL for module RST_SYNC (Rule 142 of total 430) .... done (Time = 0.00s, Memory = 0.0K)
Checking Rule Ac_svasetup01 for module RST_SYNC (Rule 143 of total 430) .... done (Time = 0.00s, Memory = 0.0K)
Checking Rule Txv_SvaSetup01 for module CLK_DIV (Rule 134 of total 430) .... done (Time = 0.00s, Memory = 0.0K)
Checking Rule LogNMuxPrereq for module CLK_DIV (Rule 135 of total 430) .... done (Time = 0.00s, Memory = 0.0K)
Checking Rule PESVASETUP01 for module CLK_DIV (Rule 136 of total 430) .... done (Time = 0.00s, Memory = 0.0K)
Checking Rule HangingNetPreReq-ML for module CLK_DIV (Rule 137 of total 430) .... done (Time = 0.00s, Memory = 0.0K)
Checking Rule _meta_delay01 for module CLK_DIV (Rule 138 of total 430) .... done (Time = 0.00s, Memory = 0.0K)
Checking Rule SDC2SGDCPARSE for module CLK_DIV (Rule 139 of total 430) .... done (Time = 0.00s, Memory = 0.0K)
Checking Rule _cdc_save_license01 for module CLK_DIV (Rule 140 of total 430) .... done (Time = 0.00s, Memory = 0.0K)
Checking Rule Reset_check05 for module CLK_DIV (Rule 141 of total 430) .... done (Time = 0.00s, Memory = 0.0K)
Checking Rule _syncResetStyleRTL for module CLK_DIV (Rule 142 of total 430) .... done (Time = 0.00s, Memory = 0.0K)
Checking Rule Ac_svasetup01 for module CLK_DIV (Rule 143 of total 430) .... done (Time = 0.00s, Memory = 0.0K)
Checking Rule Txv_SvaSetup01 for module prescale_mux (Rule 134 of total 430) .... done (Time = 0.00s, Memory = 0.0K)
Checking Rule LogNMuxPrereq for module prescale_mux (Rule 135 of total 430) .... done (Time = 0.00s, Memory = 0.0K)
Checking Rule PESVASETUP01 for module prescale_mux (Rule 136 of total 430) .... done (Time = 0.00s, Memory = 0.0K)
Checking Rule HangingNetPreReq-ML for module prescale_mux (Rule 137 of total 430) .... done (Time = 0.00s, Memory = 0.0K)
Checking Rule _meta_delay01 for module prescale_mux (Rule 138 of total 430) .... done (Time = 0.00s, Memory = 0.0K)
Checking Rule SDC2SGDCPARSE for module prescale_mux (Rule 139 of total 430) .... done (Time = 0.00s, Memory = 0.0K)
Checking Rule _cdc_save_license01 for module prescale_mux (Rule 140 of total 430) .... done (Time = 0.00s, Memory = 0.0K)
Checking Rule Reset_check05 for module prescale_mux (Rule 141 of total 430) .... done (Time = 0.00s, Memory = 0.0K)
Checking Rule _syncResetStyleRTL for module prescale_mux (Rule 142 of total 430) .... done (Time = 0.00s, Memory = 0.0K)
Checking Rule Ac_svasetup01 for module prescale_mux (Rule 143 of total 430) .... done (Time = 0.00s, Memory = 0.0K)
Checking Rule Txv_SvaSetup01 for module SYSTEM_TOP (Rule 134 of total 430) .... done (Time = 0.00s, Memory = 0.0K)
Checking Rule LogNMuxPrereq for module SYSTEM_TOP (Rule 135 of total 430) .... done (Time = 0.00s, Memory = 0.0K)
Checking Rule PESVASETUP01 for module SYSTEM_TOP (Rule 136 of total 430) .... done (Time = 0.00s, Memory = 0.0K)
Checking Rule HangingNetPreReq-ML for module SYSTEM_TOP (Rule 137 of total 430) .... done (Time = 0.00s, Memory = 0.0K)
Checking Rule _meta_delay01 for module SYSTEM_TOP (Rule 138 of total 430) .... done (Time = 0.00s, Memory = 0.0K)
Checking Rule SDC2SGDCPARSE for module SYSTEM_TOP (Rule 139 of total 430) .... done (Time = 0.00s, Memory = 0.0K)
Checking Rule _cdc_save_license01 for module SYSTEM_TOP (Rule 140 of total 430) .... done (Time = 0.00s, Memory = 0.0K)
Checking Rule Reset_check05 for module SYSTEM_TOP (Rule 141 of total 430) .... done (Time = 0.00s, Memory = 0.0K)
Checking Rule _syncResetStyleRTL for module SYSTEM_TOP (Rule 142 of total 430) .... done (Time = 0.00s, Memory = 0.0K)
Checking Rule Ac_svasetup01 for module SYSTEM_TOP (Rule 143 of total 430) .... done (Time = 0.00s, Memory = 0.0K)
Performing semantic checks on SGDC contents
Checking Rule SGDC_testmode03 (Rule 98 of total 430) .... done (Time = 0.00s, Memory = -0.7K)
Checking Rule checkSGDC_01 (Rule 144 of total 430) .... done (Time = 0.00s, Memory = -0.4K)
Checking Rule checkSGDC_03 (Rule 145 of total 430) .... done (Time = 0.00s, Memory = -8.0K)
Checking Rule checkSGDC_08 (Rule 146 of total 430) .... done (Time = 0.00s, Memory = 0.0K)
Checking Rule SGDC_memorywritepin04 (Rule 147 of total 430) .... done (Time = 0.00s, Memory = 5.5K)
Checking Rule SGDC_reset02 (Rule 148 of total 430) .... done (Time = 0.00s, Memory = 0.0K)
Checking Rule SGDC_reset03 (Rule 149 of total 430) .... done (Time = 0.00s, Memory = -7.8K)
Checking Rule SGDC_waive23 (Rule 150 of total 430) .... done (Time = 0.00s, Memory = 0.0K)
Checking Rule SGDC_waive26 (Rule 151 of total 430) .... done (Time = 0.00s, Memory = 2.2K)
Checking Rule SGDC_waive27 (Rule 152 of total 430) .... done (Time = 0.00s, Memory = 0.0K)
Checking Rule SGDC_waive29 (Rule 153 of total 430) .... done (Time = 0.00s, Memory = 0.0K)
Checking Rule SGDC_libgroup03 (Rule 154 of total 430) .... done (Time = 0.00s, Memory = 0.0K)
Checking Rule SGDC_ungroup02 (Rule 155 of total 430) .... done (Time = 0.00s, Memory = 0.0K)
Checking Rule _abstractPortSGDC (Rule 156 of total 430) .... done (Time = 0.00s, Memory = -2.1K)
Checking Rule SGDC_abstract_port03 (Rule 157 of total 430) .... done (Time = 0.00s, Memory = 0.0K)
Checking Rule SGDC_abstract_port04 (Rule 158 of total 430) .... done (Time = 0.00s, Memory = 0.0K)
Checking Rule SGDC_abstract_port05 (Rule 159 of total 430) .... done (Time = 0.00s, Memory = 0.0K)
Checking Rule SGDC_abstract_port07 (Rule 160 of total 430) .... done (Time = 0.00s, Memory = 0.0K)
Checking Rule SGDC_abstract_port08 (Rule 161 of total 430) .... done (Time = 0.00s, Memory = 0.0K)
Checking Rule SGDC_abstract_port10 (Rule 162 of total 430) .... done (Time = 0.00s, Memory = 64.0K)
Checking Rule SGDC_abstract_port11 (Rule 163 of total 430) .... done (Time = 0.00s, Memory = 0.9K)
Checking Rule SGDC_abstract_port12 (Rule 164 of total 430) .... done (Time = 0.00s, Memory = -2.0K)
Checking Rule SGDC_abstract_port13 (Rule 165 of total 430) .... done (Time = 0.00s, Memory = -0.6K)
Checking Rule _deltaDelayNom (Rule 166 of total 430) .... done (Time = 0.00s, Memory = 0.0K)
Checking Rule ReportUngroup (Rule 167 of total 430) .... done (Time = 0.00s, Memory = -24.0K)
Checking Rule SGDC_allow_combo_logic02 (Rule 168 of total 430) .... done (Time = 0.00s, Memory = 4.0K)
Checking Rule _portRetenClocknReset (Rule 169 of total 430) .... done (Time = 0.00s, Memory = 32.0K)
Checking Rule _portReten (Rule 170 of total 430) .... done (Time = 0.00s, Memory = 1.0K)
Checking Rule LP_POWERDATA_INFO (Rule 171 of total 430) .... done (Time = 0.00s, Memory = -32.0K)
Checking Rule SGDC_abstract_port21 (Rule 172 of total 430) .... done (Time = 0.00s, Memory = 0.9K)
Checking Rule SDC2SGDC_WRN01 (Rule 173 of total 430) .... done (Time = 0.00s, Memory = 0.0K)
Checking Rule SDC2SGDC_STX01 (Rule 174 of total 430) .... done (Time = 0.00s, Memory = 3.9K)
Checking Rule SGDC_input02 (Rule 175 of total 430) .... done (Time = 0.00s, Memory = -31.8K)
Checking Rule SGDC_input03 (Rule 176 of total 430) .... done (Time = 0.00s, Memory = 0.0K)
Checking Rule SGDC_output02 (Rule 177 of total 430) .... done (Time = 0.00s, Memory = -0.9K)
Checking Rule SGDC_output04 (Rule 178 of total 430) .... done (Time = 0.00s, Memory = 0.0K)
Checking Rule SGDC_numflops03a (Rule 179 of total 430) .... done (Time = 0.00s, Memory = 0.0K)
Checking Rule SGDC_numflops03b (Rule 180 of total 430) .... done (Time = 0.00s, Memory = 0.0K)
Checking Rule SGDC_sync_cell02b (Rule 181 of total 430) .... done (Time = 0.00s, Memory = 0.0K)
Checking Rule SGDC_qualifier02c (Rule 182 of total 430) .... done (Time = 0.00s, Memory = -32.0K)
Checking Rule SGDC_qualifier03c (Rule 183 of total 430) .... done (Time = 0.00s, Memory = 0.0K)
Checking Rule LPwrRulesSetup (Rule 184 of total 430) .... done (Time = 0.00s, Memory = 0.0K)
 Flattening SYSTEM_TOP ....
 Flattening completed
Checking Rule Domain_Conflict01 (Rule 185 of total 430) .... done (Time = 0.00s, Memory = 0.6K)
Checking Rule Domain_Matrix01 (Rule 186 of total 430) .... done (Time = 0.00s, Memory = 0.0K)
Checking Rule Domain_Missing01 (Rule 187 of total 430) .... done (Time = 0.00s, Memory = 0.0K)
Checking Rule SDC_Mapping01 (Rule 188 of total 430) .... done (Time = 0.00s, Memory = 0.0K)
Checking Rule SDC2SGDCPARSEW (Rule 189 of total 430)
AtrDomain: Inferring Clock Domains...CLOCK_STA mode..Done. (Time Taken=0s)
AtrDomain: Generating Clock Domain Reports...Done. (Time Taken=0s)
 .... done (Time = 0.06s, Memory = 57.6K)
 Flattening SYSTEM_TOP (.lib instances separately flattened) ....
 Flattening completed
Checking Rule SGDC_quasi_static_style01 (Rule 190 of total 430) .... done (Time = 0.00s, Memory = -0.5K)
Checking Rule SignalTypeSetup (Rule 191 of total 430) .... done (Time = 0.00s, Memory = 7.6K)
Checking Rule _allowInst (Rule 192 of total 430) .... done (Time = 0.00s, Memory = 0.0K)
Checking Rule _ipblock (Rule 193 of total 430) .... done (Time = 0.00s, Memory = 0.0K)
Checking Rule _rstSyncCellInst (Rule 194 of total 430) .... done (Time = 0.00s, Memory = 0.4K)
Checking Rule _syncCellDelayedQualifier (Rule 195 of total 430) .... done (Time = 0.00s, Memory = 0.0K)
Checking Rule _repeaterCellInst (Rule 196 of total 430) .... done (Time = 0.00s, Memory = 0.0K)
Checking Rule _abstract_port (Rule 197 of total 430) .... done (Time = 0.00s, Memory = 9.5K)
Checking Rule Clock_setup02 (Rule 198 of total 430) .... done (Time = 0.01s, Memory = -13.0K)
Checking Rule Clockmatrix01 (Rule 199 of total 430) .... done (Time = 0.00s, Memory = 0.0K)
Checking Rule Clock_prop (Rule 200 of total 430) .... done (Time = 0.00s, Memory = 615.5K)
Checking Rule Reset_prop (Rule 201 of total 430) .... done (Time = 0.00s, Memory = 83.3K)
Checking Rule SGDC_generated_clock06 (Rule 202 of total 430) .... done (Time = 0.00s, Memory = 1.0K)
Checking Rule Propagate_Clocks (Rule 203 of total 430) .... done (Time = 0.01s, Memory = 369.4K)
Checking Rule _syncreset_prop (Rule 204 of total 430) .... done (Time = 0.00s, Memory = 13.5K)
Checking Rule _syncc (Rule 205 of total 430) .... done (Time = 0.00s, Memory = 4.6K)
Checking Rule _syncb (Rule 206 of total 430) .... done (Time = 0.00s, Memory = 2.7K)
Checking Rule _resetPathCross (Rule 207 of total 430) .... done (Time = 0.00s, Memory = 0.0K)
Checking Rule FalsePathSetup (Rule 208 of total 430) .... done (Time = 0.00s, Memory = 0.0K)
Checking Rule _fifo01 (Rule 209 of total 430) .... done (Time = 0.00s, Memory = 0.0K)
Checking Rule _syncfifo (Rule 210 of total 430) .... done (Time = 0.00s, Memory = 0.0K)
Checking Rule _syncUDfifo (Rule 211 of total 430) .... done (Time = 0.00s, Memory = -24.0K)
Checking Rule _syncdw (Rule 212 of total 430) .... done (Time = 0.00s, Memory = 3.9K)
Checking Rule _syncd (Rule 213 of total 430) .... done (Time = 0.00s, Memory = -1.3K)
Checking Rule _syncg (Rule 214 of total 430) .... done (Time = 0.00s, Memory = -15.4K)
Checking Rule _sync_clock (Rule 215 of total 430) .... done (Time = 0.00s, Memory = 0.0K)
Checking Rule _sync_gp (Rule 216 of total 430) .... done (Time = 0.00s, Memory = 0.0K)
Checking Rule _sync_and (Rule 217 of total 430) .... done (Time = 0.00s, Memory = 1.6K)
Checking Rule _synci (Rule 218 of total 430) .... done (Time = 0.00s, Memory = 0.0K)
Checking Rule _sync_qualifier (Rule 219 of total 430) .... done (Time = 0.00s, Memory = 24.0K)
Checking Rule SGDC_fifo11 (Rule 220 of total 430) .... done (Time = 0.00s, Memory = 0.0K)
Checking Rule SGDC_fifo12 (Rule 221 of total 430) .... done (Time = 0.00s, Memory = 0.0K)
Checking Rule SGDC_fifo13 (Rule 222 of total 430) .... done (Time = 0.00s, Memory = 0.0K)
Checking Rule SGDC_fifo14 (Rule 223 of total 430) .... done (Time = 0.00s, Memory = 0.0K)
Checking Rule Gen_diff01 (Rule 224 of total 430) .... done (Time = 0.00s, Memory = 32.0K)
Checking Rule _debugData (Rule 225 of total 430) .... done (Time = 0.01s, Memory = 60.3K)
Checking Rule Ac_Sync_Init (Rule 226 of total 430) .... done (Time = 0.03s, Memory = 545.1K)
Checking Rule _propagate_cdcAttrib (Rule 227 of total 430) .... done (Time = 0.00s, Memory = 35.1K)
Checking Rule Ar_Cross_Init (Rule 228 of total 430) .... done (Time = 0.00s, Memory = 0.0K)
Checking Rule SGDC_cdc_define_transition01 (Rule 229 of total 430) .... done (Time = 0.00s, Memory = 0.0K)
Checking Rule UPF_lowpower08PR (Rule 230 of total 430) .... done (Time = 0.00s, Memory = -0.7K)
Checking Rule UPF_lowpower08 (Rule 231 of total 430) .... done (Time = 0.00s, Memory = 0.0K)
Checking Rule Setup_check01 (Rule 232 of total 430) .... done (Time = 0.00s, Memory = -26.3K)
Checking Rule Setup_check02 (Rule 233 of total 430) .... done (Time = 0.00s, Memory = 4.7K)
Checking Rule Info_Case_Analysis (Rule 234 of total 430) .... done (Time = 0.00s, Memory = -28.8K)
Checking Rule SGDC_set_case_analysis_LC (Rule 235 of total 430) .... done (Time = 0.01s, Memory = 47.4K)
Checking Rule Setup_quasi_static01 (Rule 236 of total 430) .... done (Time = 0.00s, Memory = 61.2K)
Checking Rule SGDC_signal_in_domain02 (Rule 237 of total 430) .... done (Time = 0.00s, Memory = 0.0K)
Checking Rule SGDC_signal_in_domain04 (Rule 238 of total 430) .... done (Time = 0.00s, Memory = 0.0K)
Checking Rule SGDC_numflops03c (Rule 239 of total 430) .... done (Time = 0.00s, Memory = 0.0K)
Checking Rule SGDC_numflops04 (Rule 240 of total 430) .... done (Time = 0.00s, Memory = 8.0K)
Checking Rule SGDC_numflops05 (Rule 241 of total 430) .... done (Time = 0.00s, Memory = 0.0K)
Checking Rule SGDC_numflops06 (Rule 242 of total 430) .... done (Time = 0.00s, Memory = 0.0K)
Checking Rule SGDC_numflops11 (Rule 243 of total 430) .... done (Time = 0.00s, Memory = -32.0K)
Checking Rule SGDC_numflops13 (Rule 244 of total 430) .... done (Time = 0.00s, Memory = -8.0K)
Checking Rule SGDC_numflops14 (Rule 245 of total 430) .... done (Time = 0.00s, Memory = 0.0K)
Checking Rule SGDC_clocksense02 (Rule 246 of total 430) .... done (Time = 0.00s, Memory = 0.0K)
Checking Rule SGDC_clocksense03 (Rule 247 of total 430) .... done (Time = 0.00s, Memory = -1.0K)
Checking Rule SGDC_sgclkgroup01 (Rule 248 of total 430) .... done (Time = 0.00s, Memory = 0.0K)
Checking Rule SGDC_sgclkgroup02 (Rule 249 of total 430) .... done (Time = 0.00s, Memory = 0.0K)
Checking Rule SGDC_sgclkgroup03 (Rule 250 of total 430) .... done (Time = 0.00s, Memory = -0.1K)
Checking Rule SGDC_check_clock_relation01a (Rule 251 of total 430) .... done (Time = 0.00s, Memory = 0.0K)
Checking Rule SGDC_check_clock_relation01b (Rule 252 of total 430) .... done (Time = 0.00s, Memory = 3.5K)
Checking Rule SGDC_check_clock_relation01c (Rule 253 of total 430) .... done (Time = 0.00s, Memory = -0.7K)
Checking Rule SGDC_check_clock_relation02a (Rule 254 of total 430) .... done (Time = 0.00s, Memory = 0.0K)
Checking Rule SGDC_check_clock_relation02b (Rule 255 of total 430) .... done (Time = 0.00s, Memory = 0.0K)
Checking Rule SGDC_check_clock_relation02c (Rule 256 of total 430) .... done (Time = 0.00s, Memory = 0.0K)
Checking Rule SGDC_check_clock_relation03b (Rule 257 of total 430) .... done (Time = 0.00s, Memory = 0.0K)
Checking Rule SGDC_check_clock_relation04b (Rule 258 of total 430) .... done (Time = 0.00s, Memory = 2.4K)
Checking Rule CheckClockRelationSetup (Rule 259 of total 430) .... done (Time = 0.00s, Memory = 0.0K)
Checking Rule SGDC_gray_signals01 (Rule 260 of total 430) .... done (Time = 0.00s, Memory = 0.0K)
Checking Rule SGDC_gray_signals02 (Rule 261 of total 430) .... done (Time = 0.00s, Memory = 1.6K)
Checking Rule SGDC_gray_signals03 (Rule 262 of total 430) .... done (Time = 0.00s, Memory = 0.0K)
Checking Rule SGDC_qualifier02a (Rule 263 of total 430) .... done (Time = 0.00s, Memory = 0.0K)
Checking Rule SGDC_qualifier03a (Rule 264 of total 430) .... done (Time = 0.00s, Memory = 0.0K)
Checking Rule SGDC_qualifier04 (Rule 265 of total 430) .... done (Time = 0.00s, Memory = 0.0K)
Checking Rule SGDC_qualifier05 (Rule 266 of total 430) .... done (Time = 0.00s, Memory = 0.0K)
Checking Rule SGDC_qualifier08 (Rule 267 of total 430) .... done (Time = 0.00s, Memory = 8.0K)
Checking Rule QualifierSetup (Rule 268 of total 430) .... done (Time = 0.00s, Memory = 3.5K)
Checking Rule ResetSynchronizerSetup (Rule 269 of total 430) .... done (Time = 0.00s, Memory = 0.0K)
Checking Rule SGDC_validation_filter_path03 (Rule 270 of total 430) .... done (Time = 0.00s, Memory = -0.5K)
Checking Rule SGDC_qualifier10 (Rule 271 of total 430) .... done (Time = 0.00s, Memory = 0.4K)
Checking Rule SGDC_qualifier11 (Rule 272 of total 430) .... done (Time = 0.00s, Memory = 0.0K)
Checking Rule SGDC_qualifier12 (Rule 273 of total 430) .... done (Time = 0.00s, Memory = 0.0K)
Checking Rule SGDC_qualifier13 (Rule 274 of total 430) .... done (Time = 0.00s, Memory = 0.0K)
Checking Rule SGDC_qualifier14 (Rule 275 of total 430) .... done (Time = 0.00s, Memory = 0.0K)
Checking Rule SGDC_qualifier16 (Rule 276 of total 430) .... done (Time = 0.00s, Memory = 0.0K)
Checking Rule SGDC_qualifier18 (Rule 277 of total 430) .... done (Time = 0.00s, Memory = 0.0K)
Checking Rule SGDC_qualifier19a (Rule 278 of total 430) .... done (Time = 0.00s, Memory = 0.0K)
Checking Rule SGDC_qualifier19b (Rule 279 of total 430) .... done (Time = 0.00s, Memory = 0.0K)
Checking Rule SGDC_qualifier19c (Rule 280 of total 430) .... done (Time = 0.00s, Memory = 0.0K)
Checking Rule SGDC_qualifier20b (Rule 281 of total 430) .... done (Time = 0.00s, Memory = 0.0K)
Checking Rule SGDC_qualifier21 (Rule 282 of total 430) .... done (Time = 0.00s, Memory = 24.0K)
Checking Rule SGDC_qualifier22 (Rule 283 of total 430) .... done (Time = 0.01s, Memory = 0.0K)
Checking Rule SGDC_qualifier23 (Rule 284 of total 430) .... done (Time = 0.00s, Memory = 0.0K)
Checking Rule SGDC_virtualclock01 (Rule 285 of total 430) .... done (Time = 0.00s, Memory = 0.0K)
Checking Rule SGDC_virtualreset01 (Rule 286 of total 430) .... done (Time = 0.00s, Memory = -26.5K)
Checking Rule SGDC_abstract_port19 (Rule 287 of total 430) .... done (Time = 0.00s, Memory = 0.0K)
Checking Rule SGDC_abstract_port20 (Rule 288 of total 430) .... done (Time = 0.00s, Memory = 0.3K)
Checking Rule RFPSetup (Rule 289 of total 430) .... done (Time = 0.00s, Memory = 8.0K)
Checking Rule SGDC_reset_filter_path02a (Rule 290 of total 430) .... done (Time = 0.00s, Memory = 0.0K)
Checking Rule SGDC_reset_filter_path02b (Rule 291 of total 430) .... done (Time = 0.00s, Memory = 0.0K)
Checking Rule SGDC_reset_filter_path02c (Rule 292 of total 430) .... done (Time = 0.00s, Memory = -3.9K)
Checking Rule SGDC_reset_filter_path03a (Rule 293 of total 430) .... done (Time = 0.00s, Memory = 0.0K)
Checking Rule SGDC_reset_filter_path03b (Rule 294 of total 430) .... done (Time = 0.00s, Memory = 8.0K)
Checking Rule SGDC_reset_filter_path03c (Rule 295 of total 430) .... done (Time = 0.00s, Memory = 0.0K)
Checking Rule SGDC_reset_filter_path04b (Rule 296 of total 430) .... done (Time = 0.00s, Memory = -2.0K)
Checking Rule SGDC_reset_filter_path07a (Rule 297 of total 430) .... done (Time = 0.00s, Memory = 0.0K)
Checking Rule SGDC_reset_filter_path07b (Rule 298 of total 430) .... done (Time = 0.00s, Memory = 0.0K)
Checking Rule SGDC_reset_filter_path07c (Rule 299 of total 430) .... done (Time = 0.00s, Memory = 4.7K)
Checking Rule SGDC_define_reset_order03 (Rule 300 of total 430) .... done (Time = 0.00s, Memory = 0.0K)
Checking Rule SGDC_define_reset_order04 (Rule 301 of total 430) .... done (Time = 0.00s, Memory = 0.0K)
Checking Rule SGDC_define_reset_order05 (Rule 302 of total 430) .... done (Time = 0.00s, Memory = 0.0K)
Checking Rule SGDC_cdc_false_path06 (Rule 303 of total 430) .... done (Time = 0.00s, Memory = 0.0K)
Checking Rule SGDC_cdc_false_path07 (Rule 304 of total 430) .... done (Time = 0.00s, Memory = 0.0K)
Checking Rule SGDC_cdc_false_path08 (Rule 305 of total 430) .... done (Time = 0.00s, Memory = 0.0K)
Checking Rule CDCSet_License01 (Rule 306 of total 430) .... done (Time = 0.00s, Memory = 0.0K)
Checking Rule Clock_info03a (Rule 307 of total 430) .... done (Time = 0.00s, Memory = 31.2K)
Checking Rule Clock_info03b (Rule 308 of total 430) .... done (Time = 0.01s, Memory = -72.0K)
Checking Rule Clock_info03c (Rule 309 of total 430) .... done (Time = 0.00s, Memory = 0.0K)
Checking Rule Ac_coherency06 (Rule 310 of total 430) .... done (Time = 0.00s, Memory = 33.8K)
Checking Rule Ac_unsync01 (Rule 311 of total 430) .... done (Time = 0.00s, Memory = 0.0K)
Checking Rule Ac_unsync02 (Rule 312 of total 430) .... done (Time = 0.00s, Memory = -24.0K)
Checking Rule Ac_sync01 (Rule 313 of total 430) .... done (Time = 0.00s, Memory = -7.0K)
Checking Rule Ac_sync02 (Rule 314 of total 430) .... done (Time = 0.00s, Memory = 0.0K)
Checking Rule Ac_crossing01 (Rule 315 of total 430) .... done (Time = 0.00s, Memory = -6.0K)
Checking Rule Propagate_Resets (Rule 316 of total 430) .... done (Time = 0.00s, Memory = 27.2K)
Checking Rule _reset_sync (Rule 317 of total 430) .... done (Time = 0.00s, Memory = -2.7K)
Checking Rule Setup_port01 (Rule 318 of total 430) .... done (Time = 0.00s, Memory = 0.0K)
Checking Rule Setup_blackbox01 (Rule 319 of total 430) .... done (Time = 0.00s, Memory = 0.0K)
Checking Rule Setup_library01 (Rule 320 of total 430) .... done (Time = 0.00s, Memory = 0.6K)
Checking Rule Reset_check11 (Rule 321 of total 430) .... done (Time = 0.01s, Memory = 11.2K)
Checking Rule Reset_info09a (Rule 322 of total 430) .... done (Time = 0.00s, Memory = 0.0K)
Checking Rule Clock_sync05 (Rule 323 of total 430) .... done (Time = 0.00s, Memory = 0.0K)
Checking Rule Clock_sync06 (Rule 324 of total 430) .... done (Time = 0.00s, Memory = 3.1K)
Checking Rule Clock_info02 (Rule 325 of total 430) .... done (Time = 0.01s, Memory = -8.7K)
Checking Rule Reset_info02 (Rule 326 of total 430) .... done (Time = 0.00s, Memory = 1.8K)
Checking Rule Clock_info05 (Rule 327 of total 430) .... done (Time = 0.00s, Memory = 0.0K)
Checking Rule Clock_info05b (Rule 328 of total 430) .... done (Time = 0.00s, Memory = 1.6K)
Checking Rule Reset_check03 (Rule 329 of total 430) .... done (Time = 0.00s, Memory = 9.0K)
Checking Rule _clkWrapModules (Rule 330 of total 430) .... done (Time = 0.00s, Memory = 0.5K)
Checking Rule _clock_hier_rules (Rule 331 of total 430) .... done (Time = 0.00s, Memory = 24.0K)
Checking Rule Reset_check12 (Rule 332 of total 430) .... done (Time = 0.00s, Memory = 23.6K)
Checking Rule Ar_sync_init (Rule 333 of total 430) .... done (Time = 0.01s, Memory = -23.0K)
Checking Rule _constrCoverage (Rule 334 of total 430) .... done (Time = 0.01s, Memory = 12.6K)
Checking Rule Clock_info15 (Rule 335 of total 430) .... done (Time = 0.00s, Memory = 0.3K)
Checking Rule Reset_check10 (Rule 336 of total 430) .... done (Time = 0.00s, Memory = 25.8K)
Checking Rule Reset_sync02 (Rule 337 of total 430) .... done (Time = 0.00s, Memory = -0.3K)
Checking Rule SGDC_clockreset02 (Rule 338 of total 430) .... done (Time = 0.00s, Memory = 0.0K)
Checking Rule Param_clockreset02 (Rule 339 of total 430) .... done (Time = 0.00s, Memory = 0.0K)
Checking Rule Param_clockreset04 (Rule 340 of total 430) .... done (Time = 0.00s, Memory = 0.0K)
Checking Rule Setup_clockreset01 (Rule 341 of total 430) .... done (Time = 0.00s, Memory = 0.0K)
Checking Rule Clock_check07 (Rule 342 of total 430) .... done (Time = 0.00s, Memory = 0.0K)
Checking Rule Clock_check10 (Rule 343 of total 430) .... done (Time = 0.00s, Memory = 0.0K)
Checking Rule Reset_check08 (Rule 344 of total 430) .... done (Time = 0.00s, Memory = 0.0K)
Checking Rule Clock_converge01 (Rule 345 of total 430) .... done (Time = 0.00s, Memory = 0.0K)
Checking Rule Ar_converge01 (Rule 346 of total 430) .... done (Time = 0.01s, Memory = 2.1K)
Checking Rule SGDC_noclockcell_start01 (Rule 347 of total 430) .... done (Time = 0.00s, Memory = 0.0K)
Checking Rule Ac_initseq01 (Rule 348 of total 430) .... done (Time = 0.00s, Memory = -3.8K)
Checking Rule Ac_init01 (Rule 349 of total 430) .... done (Time = 0.00s, Memory = 0.0K)
Checking Rule _ac_Auxi01 (Rule 350 of total 430) .... done (Time = 0.00s, Memory = 0.0K)
Checking Rule Ac_sanity02 (Rule 351 of total 430) .... done (Time = 0.00s, Memory = 0.0K)
Checking Rule _glitch_init (Rule 352 of total 430) .... done (Time = 0.00s, Memory = 26.1K)
Checking Rule Ac_initstate01 (Rule 353 of total 430) .... done (Time = 0.00s, Memory = 0.0K)
Checking Rule Ac_conv02 (Rule 354 of total 430) .... done (Time = 0.00s, Memory = 0.5K)
Checking Rule Ac_conv02setup01 (Rule 355 of total 430) .... done (Time = 0.00s, Memory = 0.0K)
Checking Rule Ac_conv01 (Rule 356 of total 430) .... done (Time = 0.01s, Memory = -33.8K)
Checking Rule Ac_conv03 (Rule 357 of total 430) .... done (Time = 0.00s, Memory = 3.5K)
Checking Rule Ac_conv04 (Rule 358 of total 430) .... done (Time = 0.00s, Memory = 5.1K)
Checking Rule Ac_abs01 (Rule 359 of total 430) .... done (Time = 0.00s, Memory = 0.0K)
Checking Rule Ac_glitch03 (Rule 360 of total 430) .... done (Time = 0.01s, Memory = 4.7K)
Checking Rule Ac_clockperiod01 (Rule 361 of total 430) .... done (Time = 0.00s, Memory = 0.0K)
Checking Rule Ac_clockperiod02 (Rule 362 of total 430) .... done (Time = 0.00s, Memory = 8.0K)
Checking Rule Ac_clockperiod03 (Rule 363 of total 430) .... done (Time = 0.00s, Memory = 0.0K)
Checking Rule Ac_report01 (Rule 364 of total 430) .... done (Time = 0.00s, Memory = 0.0K)
Checking Rule AllowComboLogicSetup (Rule 365 of total 430) .... done (Time = 0.00s, Memory = 0.0K)
Checking Rule Ac_resetvalue01 (Rule 366 of total 430) .... done (Time = 0.00s, Memory = -24.0K)
Checking Rule Ac_abstract_validation01 (Rule 367 of total 430) .... done (Time = 0.00s, Memory = -2.3K)
Checking Rule SGDC_abstract_mapping01 (Rule 368 of total 430) .... done (Time = 0.01s, Memory = 0.4K)
Checking Rule Ac_upfsetup02 (Rule 369 of total 430) .... done (Time = 0.00s, Memory = -0.8K)
Checking Rule Ac_upfsetup01 (Rule 370 of total 430) .... done (Time = 0.00s, Memory = -2.6K)
Checking Rule Ac_psync_init (Rule 371 of total 430) .... done (Time = 0.00s, Memory = 0.0K)
Checking Rule Ac_psetup01 (Rule 372 of total 430) .... done (Time = 0.00s, Memory = 0.0K)
Checking Rule Clock_exit01 (Rule 373 of total 430) .... done (Time = 0.00s, Memory = 0.0K)
Checking Rule SGDC_reset_synchronizer02 (Rule 374 of total 430) .... done (Time = 0.00s, Memory = 1.9K)
Checking Rule SGDC_reset_synchronizer04 (Rule 375 of total 430) .... done (Time = 0.00s, Memory = -0.8K)
Checking Rule SGDC_reset_synchronizer06 (Rule 376 of total 430) .... done (Time = 0.00s, Memory = 0.0K)
Checking Rule SGDC_reset_synchronizer08 (Rule 377 of total 430) .... done (Time = 0.00s, Memory = -11.0K)
Checking Rule SGDC_reset_synchronizer10 (Rule 378 of total 430) .... done (Time = 0.00s, Memory = -32.0K)
Checking Rule AnalyzeBBox (Rule 379 of total 430) .... done (Time = 0.00s, Memory = 0.0K)
Checking Rule ReportCheckDataSummary (Rule 95 of total 430) .... done (Time = 0.00s, Memory = 0.0K)

Generating data for Console...

SpyGlass Rule Checking Complete.

Generating moresimple report from './spyglass-1/cdc/cdc_verify_struct/spyglass.vdb' to './spyglass-1/cdc/cdc_verify_struct/spyglass_reports/moresimple.rpt' ....

Generating runsummary report from './spyglass-1/cdc/cdc_verify_struct/spyglass.vdb' ....

Generating no_msg_reporting_rules report from './spyglass-1/cdc/cdc_verify_struct/spyglass.vdb' to './spyglass-1/cdc/cdc_verify_struct/spyglass_reports/no_msg_reporting_rules.rpt' ....

Generating CDC-report report from './spyglass-1/cdc/cdc_verify_struct/spyglass.vdb' to './spyglass-1/cdc/cdc_verify_struct/spyglass_reports/CDC-report.rpt' ....

Generating CKSGDCInfo report from './spyglass-1/cdc/cdc_verify_struct/spyglass.vdb' to './spyglass-1/cdc/cdc_verify_struct/spyglass_reports/CKSGDCInfo.rpt' ....

Generating RSTree report from './spyglass-1/cdc/cdc_verify_struct/spyglass.vdb' to './spyglass-1/cdc/cdc_verify_struct/spyglass_reports/RSTree.rpt' ....

Generating CKTree report from './spyglass-1/cdc/cdc_verify_struct/spyglass.vdb' to './spyglass-1/cdc/cdc_verify_struct/spyglass_reports/CKTree.rpt' ....

Generating waiver report from './spyglass-1/cdc/cdc_verify_struct/spyglass.vdb' to './spyglass-1/cdc/cdc_verify_struct/spyglass_reports/waiver.rpt' ....

Policy specific data (reports) are present in the directory './spyglass-1/cdc/cdc_verify_struct/spyglass_reports'.

SpyGlass critical reports for the current run are present in directory './spyglass-1/consolidated_reports/cdc_cdc_verify_struct/'.

---------------------------------------------------------------------------------------------
Results Summary:
---------------------------------------------------------------------------------------------
   Goal Run           :      cdc/cdc_verify_struct
   Command-line read  :      0 error,      0 warning,      0 information message 
   Design Read        :      0 error,      0 warning,      6 information messages
      Found 1 top module:
         SYSTEM_TOP   (file: /home/ICer/IC/Projects/System/rtl/SYSTEM_TOP.v)

   Blackbox Resolution:      0 error,      0 warning,      0 information message 
   SGDC Checks        :      0 error,      0 warning,      1 information message 
** Policy clock-reset :     12 errors,     1 warning,     28 information messages
   -------------------------------------------------------------------------------------
   Total              :     12 errors,     1 warning,     35 information messages

  Total Number of Generated Messages     :        48 (12 errors, 1 warning, 35 Infos)
  Number of Reported Messages            :        48 (12 errors, 1 warning, 35 Infos)

  NOTE: It is recommended to first fix/reconcile fatals/errors reported on
        lines starting with ** as subsequent issues might be related to it.
        Please re-run SpyGlass once ** prefixed lines are fatal/error clean.

---------------------------------------------------------------------------------------------


run_goal: info: updating spyglass.log with goal summary
---------------------------------------------------------------------------------------------------
Results Summary:
---------------------------------------------------------------------------------------------------
   Goal Run           :      cdc/cdc_verify_struct
   Top Module         :      SYSTEM_TOP
---------------------------------------------------------------------------------------------------
   Reports Directory: 
   /home/ICer/IC/Projects/System/CDC/spyglass-1/consolidated_reports/cdc_cdc_verify_struct/ 

   SpyGlass LogFile: 
    /home/ICer/IC/Projects/System/CDC/spyglass-1/cdc/cdc_verify_struct/spyglass.log 

   Standard Reports: 
     waiver.rpt          moresimple.rpt          no_msg_reporting_rules.rpt       

   HTML report:
    /home/ICer/IC/Projects/System/CDC/spyglass-1/html_reports/goals_summary.html
  

   Technology Reports:    CDC( Advance CDC  Structrual Verification )
     CDC-report.rpt          CKSGDCInfo.rpt          RSTree.rpt      
     CKTree.rpt        
   
---------------------------------------------------------------------------------------------------
   Goal Violation Summary:
       Waived   Messages:                      0 Errors,      0 Warnings,      0 Infos
       Reported Messages:         0 Fatals,   12 Errors,      1 Warnings,     35 Infos
---------------------------------------------------------------------------------------------------
   
   Technology Summary: CDC( Advance CDC )   
       Unsynchronized clock domain crossings= 12
       Convergences= 1
---------------------------------------------------------------------------------------------------
 
run_goal: info: spyglass.log successfully updated with goal summary
0 {Rule-checking completed with errors}
INFO:    SpyGlass will run goal(s) 'cdc/cdc_verify_struct'.


 Auto-compiling gates libraries

        "../std_cells/scmetro_tsmc_cl013g_rvt_ff_1p32v_m40c.lib"
        "../std_cells/scmetro_tsmc_cl013g_rvt_ss_1p08v_125c.lib"
        "../std_cells/scmetro_tsmc_cl013g_rvt_tt_1p2v_25c.lib"
    to
        "./spyglass-1/spyglass_cache/autogenerated_sglib/aggregate.sglib" ...already compiled

 Using this already compiled sglib for the current run ...

RULE-CHECKING IN MIXED MODE
Loading spyglass (SpyGlass_vL-2016.06) ... (picked from /home/synopsys/SpyGlass-L2016.06/SPYGLASS_HOME/policies/spyglass)
Loading clock-reset (SpyGlass_vL-2016.06) ... (picked from /home/synopsys/SpyGlass-L2016.06/SPYGLASS_HOME/policies/clock)
 Reading sgdc file "SYSTEM_TOP.sgdc" ...
Performing unification checks on SGDC... done
Reading specified sglib files(s) ....
   Processing library: 'scmetro_tsmc_cl013g_rvt_ff_1p32v_m40c' .... done
   Processing library: 'scmetro_tsmc_cl013g_rvt_ss_1p08v_125c' .... done
   Processing library: 'scmetro_tsmc_cl013g_rvt_tt_1p2v_25c' .... done
Checking Rule AutoGenerateSglib (Rule 1 of total 414) .... done (Time = 0.00s, Memory = 4.7K)

INFO [76]    Using `./spyglass-1/WORK/64' as the Work Directory for 64bit precompiled dump.
Checking Rule Param_clockreset07 (Rule 2 of total 414) .... done (Time = 0.00s, Memory = 0.0K)
Checking Rule Clock_setup01 (Rule 3 of total 414) .... done (Time = 0.00s, Memory = 39.1K)
Checking Rule Param_clockreset06 (Rule 4 of total 414) .... done (Time = 0.00s, Memory = 0.0K)
Checking Rule SGDC_meta_monitor_attributes01 (Rule 5 of total 414) .... done (Time = 0.00s, Memory = 0.0K)
Checking Rule LP_POWERDATA_CHECK (Rule 6 of total 414) .... done (Time = 0.00s, Memory = 0.0K)
Checking Rule LP_POWERDATA_READ (Rule 7 of total 414) .... done (Time = 0.00s, Memory = 0.0K)
Checking Rule PrecompileLibCheck01 (Rule 8 of total 414) .... done (Time = 0.00s, Memory = -1.1K)
Checking Rule PrecompileLibCheck02 (Rule 9 of total 414) .... done (Time = 0.00s, Memory = 0.1K)
Checking Rule PrecompileLibCheck03 (Rule 10 of total 414) .... done (Time = 0.00s, Memory = -8.0K)
Checking Rule PrecompileLibCheck04 (Rule 11 of total 414) .... done (Time = 0.00s, Memory = 0.0K)
Checking Rule ElabSummary (Rule 12 of total 414) .... done (Time = 0.00s, Memory = -5.3K)
Checking Rule ReportSglibVersionSummary (Rule 13 of total 414) .... done (Time = 0.00s, Memory = 0.0K)
Checking Rule SGDC_assume_path01 (Rule 14 of total 414) .... done (Time = 0.00s, Memory = 0.0K)
Checking Rule SGDC_sdcschema02 (Rule 15 of total 414) .... done (Time = 0.00s, Memory = 0.0K)
Checking Rule SGDC_clock05 (Rule 16 of total 414) .... done (Time = 0.00s, Memory = 1.5K)
Checking Rule SGDC_clock09 (Rule 17 of total 414) .... done (Time = 0.00s, Memory = -19.4K)
Checking Rule SGDC_force_ta05 (Rule 18 of total 414) .... done (Time = 0.00s, Memory = 0.0K)
Checking Rule SGDC_require_path03 (Rule 19 of total 414) .... done (Time = 0.00s, Memory = 0.0K)
Checking Rule SGDC_require_value03 (Rule 20 of total 414) .... done (Time = 0.00s, Memory = 0.0K)
Checking Rule SGDC_voltagedomain05 (Rule 21 of total 414) .... done (Time = 0.00s, Memory = 0.0K)
Checking Rule SGDC_voltagedomain06 (Rule 22 of total 414) .... done (Time = 0.00s, Memory = 1.6K)
Checking Rule SGDC_voltagedomain07 (Rule 23 of total 414) .... done (Time = 0.00s, Memory = 19.0K)
Checking Rule SGDC_powerdomainoutputs02 (Rule 24 of total 414) .... done (Time = 0.00s, Memory = 0.0K)
Checking Rule SGDC_supply01 (Rule 25 of total 414) .... done (Time = 0.00s, Memory = 0.8K)
Checking Rule SGDC_waive01 (Rule 26 of total 414) .... done (Time = 0.00s, Memory = 0.0K)
Checking Rule SGDC_waive02 (Rule 27 of total 414) .... done (Time = 0.00s, Memory = -24.0K)
Checking Rule SGDC_waive03 (Rule 28 of total 414) .... done (Time = 0.00s, Memory = 1.9K)
Checking Rule SGDC_waive04 (Rule 29 of total 414) .... done (Time = 0.00s, Memory = 0.5K)
Checking Rule SGDC_waive05 (Rule 30 of total 414) .... done (Time = 0.00s, Memory = -0.7K)
Checking Rule SGDC_waive06 (Rule 31 of total 414) .... done (Time = 0.00s, Memory = 0.0K)
Checking Rule SGDC_waive07 (Rule 32 of total 414) .... done (Time = 0.00s, Memory = -0.2K)
Checking Rule SGDC_waive08 (Rule 33 of total 414) .... done (Time = 0.00s, Memory = 8.0K)
Checking Rule SGDC_waive09 (Rule 34 of total 414) .... done (Time = 0.00s, Memory = 0.2K)
Checking Rule SGDC_waive10 (Rule 35 of total 414) .... done (Time = 0.00s, Memory = 0.0K)
Checking Rule SGDC_waive11 (Rule 36 of total 414) .... done (Time = 0.00s, Memory = -1.4K)
Checking Rule SGDC_waive12 (Rule 37 of total 414) .... done (Time = 0.00s, Memory = -0.1K)
Checking Rule SGDC_waive13 (Rule 38 of total 414) .... done (Time = 0.00s, Memory = -2.0K)
Checking Rule SGDC_waive21 (Rule 39 of total 414) .... done (Time = 0.00s, Memory = -0.3K)
Checking Rule SGDC_waive22 (Rule 40 of total 414) .... done (Time = 0.00s, Memory = 0.0K)
Checking Rule SGDC_waive30 (Rule 41 of total 414) .... done (Time = 0.00s, Memory = 0.0K)
Checking Rule SGDC_waive32 (Rule 42 of total 414) .... done (Time = 0.00s, Memory = -31.8K)
Checking Rule SGDC_waive33 (Rule 43 of total 414) .... done (Time = 0.00s, Memory = -0.8K)
Checking Rule SGDC_waive36 (Rule 44 of total 414) .... done (Time = 0.00s, Memory = 0.0K)
Checking Rule SGDC_waive38 (Rule 45 of total 414) .... done (Time = 0.00s, Memory = -32.8K)
Checking Rule SGDC_fifo01 (Rule 46 of total 414) .... done (Time = 0.00s, Memory = 0.0K)
Checking Rule SGDC_libgroup01 (Rule 47 of total 414) .... done (Time = 0.00s, Memory = 0.0K)
Checking Rule SGDC_libgroup02 (Rule 48 of total 414) .... done (Time = 0.00s, Memory = 0.0K)
Checking Rule SGDC_libgroup04 (Rule 49 of total 414) .... done (Time = 0.00s, Memory = 0.0K)
Checking Rule SGDC_power_data01 (Rule 50 of total 414) .... done (Time = 0.00s, Memory = 32.5K)
Checking Rule SGDC_ungroup01 (Rule 51 of total 414) .... done (Time = 0.00s, Memory = -1.0K)
Checking Rule SGDC_abstract_port06 (Rule 52 of total 414) .... done (Time = 0.00s, Memory = 0.0K)
Checking Rule SGDC_abstract_port14 (Rule 53 of total 414) .... done (Time = 0.00s, Memory = 4.7K)
Checking Rule SGDC_abstract_port15 (Rule 54 of total 414) .... done (Time = 0.00s, Memory = 0.0K)
Checking Rule SGDC_abstract_port18 (Rule 55 of total 414) .... done (Time = 0.00s, Memory = 0.0K)
Checking Rule SDC2SGDC_INFO (Rule 56 of total 414) .... done (Time = 0.00s, Memory = 83.0K)
Checking Rule SDC_ParamSanityCheck (Rule 57 of total 414) .... done (Time = 0.00s, Memory = 0.2K)
Checking Rule SDC_Sanity_Rule (Rule 58 of total 414)SDC-file translator read from path : /home/synopsys/SpyGlass-L2016.06/SPYGLASS_HOME/auxi/sdcparser
 .... done (Time = 0.00s, Memory = 5.6K)
Checking Rule sdc_init_rule (Rule 59 of total 414) .... done (Time = 0.03s, Memory = -9.6K)
Checking Rule CMD_ignorelibs01 (Rule 60 of total 414) .... done (Time = 0.00s, Memory = 0.0K)
Checking Rule ReportRuleNotRun (Rule 61 of total 414) .... done (Time = 0.00s, Memory = -1.9K)
Checking Rule SGDC_generated_clock03 (Rule 62 of total 414) .... done (Time = 0.00s, Memory = -8.0K)
Checking Rule SGDC_generated_clock04 (Rule 63 of total 414) .... done (Time = 0.00s, Memory = 0.0K)
Checking Rule SGDC_generated_clock05 (Rule 64 of total 414) .... done (Time = 0.00s, Memory = 0.0K)
Checking Rule SGDC_quasi_static_style02 (Rule 65 of total 414) .... done (Time = 0.00s, Memory = 0.6K)
Checking Rule SGDC_syncresetstyle01 (Rule 66 of total 414) .... done (Time = 0.00s, Memory = 0.0K)
Checking Rule SGDC_network_allowed_cells01 (Rule 67 of total 414) .... done (Time = 0.00s, Memory = 0.0K)
Checking Rule SGDC_numflops01 (Rule 68 of total 414) .... done (Time = 0.00s, Memory = 0.0K)
Checking Rule SGDC_numflops07 (Rule 69 of total 414) .... done (Time = 0.00s, Memory = -1.0K)
Checking Rule SGDC_numflops08 (Rule 70 of total 414) .... done (Time = 0.00s, Memory = 8.0K)
Checking Rule SGDC_numflops09 (Rule 71 of total 414) .... done (Time = 0.00s, Memory = 0.0K)
Checking Rule SGDC_clocksense04 (Rule 72 of total 414) .... done (Time = 0.00s, Memory = 0.0K)
Checking Rule SGDC_check_clock_relation05a (Rule 73 of total 414) .... done (Time = 0.00s, Memory = -0.8K)
Checking Rule SGDC_check_clock_relation05b (Rule 74 of total 414) .... done (Time = 0.00s, Memory = 64.5K)
Checking Rule SGDC_sync_cell08a (Rule 75 of total 414) .... done (Time = 0.00s, Memory = 0.0K)
Checking Rule SGDC_sync_cell09a (Rule 76 of total 414) .... done (Time = 0.00s, Memory = 0.0K)
Checking Rule SGDC_qualifier06 (Rule 77 of total 414) .... done (Time = 0.00s, Memory = 13.2K)
Checking Rule SGDC_cdc_waive03 (Rule 78 of total 414) .... done (Time = 0.00s, Memory = 0.0K)
Checking Rule SGDC_qualifier09 (Rule 79 of total 414) .... done (Time = 0.00s, Memory = 33.5K)
Checking Rule SGDC_qualifier15 (Rule 80 of total 414) .... done (Time = 0.00s, Memory = 2.7K)
Checking Rule SGDC_allow_combo_logic01 (Rule 81 of total 414) .... done (Time = 0.00s, Memory = 0.0K)
Checking Rule SGDC_reset_filter_path01 (Rule 82 of total 414) .... done (Time = 0.00s, Memory = 0.0K)
Checking Rule SGDC_cdc_false_path05 (Rule 83 of total 414) .... done (Time = 0.00s, Memory = 0.0K)
Checking Rule Param_clockreset05 (Rule 84 of total 414) .... done (Time = 0.00s, Memory = 0.0K)
Checking Rule Ac_sanity01 (Rule 85 of total 414) .... done (Time = 0.00s, Memory = 0.0K)
Checking Rule Ac_sanity06 (Rule 86 of total 414) .... done (Time = 0.00s, Memory = 0.0K)
Checking Rule Ac_license01 (Rule 87 of total 414) .... done (Time = 0.00s, Memory = 0.0K)
Checking Rule SGDC_reset_synchronizer07 (Rule 88 of total 414) .... done (Time = 0.00s, Memory = 0.0K)
 Reading waiver file "./spyglass-1/cdc/cdc_verify_struct/spyglass_spysch/waiver/pragma2Waiver.swl" ...
 Reading included SGDC file "./spyglass-1/cdc/cdc_verify_struct/spyglass_spysch/waiver/pragma2Waiver_varfile.swl" ....
Checking Rule ReportStopSummary (Rule 89 of total 414) .... done (Time = 0.00s, Memory = 0.0K)
Checking Rule ReportIgnoreSummary (Rule 90 of total 414) .... done (Time = 0.00s, Memory = 0.0K)

INFO [235]    Restoring design database from directory './spyglass-1/.SG_SaveRestoreDB/autogenerated__default_snapshot' ...
              done

Checking Rule InferBlackBox (Rule 91 of total 414) .... done (Time = 0.00s, Memory = 0.0K)
Checking Rule SGDC_waive37 (Rule 92 of total 414) .... done (Time = 0.00s, Memory = 0.0K)
Checking Rule SGDC_waive24 (Rule 93 of total 414) .... done (Time = 0.00s, Memory = 0.0K)
Checking Rule SGDC_waive25 (Rule 94 of total 414) .... done (Time = 0.00s, Memory = 1.2K)
Checking Rule SGDC_waive31 (Rule 95 of total 414) .... done (Time = 0.00s, Memory = -32.0K)
Checking Rule SGDC_waive35 (Rule 96 of total 414) .... done (Time = 0.00s, Memory = 0.0K)
Checking Rule ReportSglibSummary (Rule 97 of total 414) .... done (Time = 0.00s, Memory = 0.0K)
Checking Rule DetectTopDesignUnits (Rule 98 of total 414)
 Detected 1 top level design units:
     SYSTEM_TOP
 .... done (Time = 0.00s, Memory = 3.5K)
Checking Rule GenerateConfMap (Rule 99 of total 414) .... done (Time = 0.00s, Memory = 1.8K)
Checking Rule Pragma_setupa for module Pulse_Gen (Rule 100 of total 414) .... done (Time = 0.00s, Memory = 0.0K)
Checking Rule SDC2SGDCPARSE for module Pulse_Gen (Rule 101 of total 414) .... done (Time = 0.00s, Memory = 0.0K)
Checking Rule Pragma_setupa for module DF_SYNC (Rule 100 of total 414) .... done (Time = 0.00s, Memory = 0.0K)
Checking Rule SDC2SGDCPARSE for module DF_SYNC (Rule 101 of total 414) .... done (Time = 0.00s, Memory = 0.0K)
Checking Rule Pragma_setupa for module FIFO_MEM_CNTRL (Rule 100 of total 414) .... done (Time = 0.00s, Memory = 0.0K)
Checking Rule SDC2SGDCPARSE for module FIFO_MEM_CNTRL (Rule 101 of total 414) .... done (Time = 0.00s, Memory = 0.0K)
Checking Rule Pragma_setupa for module FIFO_WR (Rule 100 of total 414) .... done (Time = 0.00s, Memory = 0.0K)
Checking Rule SDC2SGDCPARSE for module FIFO_WR (Rule 101 of total 414) .... done (Time = 0.00s, Memory = 0.0K)
Checking Rule Pragma_setupa for module FIFO_RD (Rule 100 of total 414) .... done (Time = 0.00s, Memory = 0.0K)
Checking Rule SDC2SGDCPARSE for module FIFO_RD (Rule 101 of total 414) .... done (Time = 0.00s, Memory = 0.0K)
Checking Rule Pragma_setupa for module ASYNC_FIFO (Rule 100 of total 414) .... done (Time = 0.00s, Memory = 0.0K)
Checking Rule SDC2SGDCPARSE for module ASYNC_FIFO (Rule 101 of total 414) .... done (Time = 0.00s, Memory = 0.0K)
Checking Rule Pragma_setupa for module ALU (Rule 100 of total 414) .... done (Time = 0.00s, Memory = 0.0K)
Checking Rule SDC2SGDCPARSE for module ALU (Rule 101 of total 414) .... done (Time = 0.00s, Memory = 0.0K)
Checking Rule Pragma_setupa for module CLK_GATE (Rule 100 of total 414) .... done (Time = 0.00s, Memory = 0.0K)
Checking Rule SDC2SGDCPARSE for module CLK_GATE (Rule 101 of total 414) .... done (Time = 0.00s, Memory = 0.0K)
Checking Rule Pragma_setupa for module regfile (Rule 100 of total 414) .... done (Time = 0.00s, Memory = 0.0K)
Checking Rule SDC2SGDCPARSE for module regfile (Rule 101 of total 414) .... done (Time = 0.00s, Memory = 0.0K)
Checking Rule Pragma_setupa for module SYS_CTRL (Rule 100 of total 414) .... done (Time = 0.00s, Memory = 0.0K)
Checking Rule SDC2SGDCPARSE for module SYS_CTRL (Rule 101 of total 414) .... done (Time = 0.00s, Memory = 0.0K)
Checking Rule Pragma_setupa for module DATA_SYNC (Rule 100 of total 414) .... done (Time = 0.00s, Memory = 0.0K)
Checking Rule SDC2SGDCPARSE for module DATA_SYNC (Rule 101 of total 414) .... done (Time = 0.00s, Memory = 0.0K)
Checking Rule Pragma_setupa for module FSM_RX (Rule 100 of total 414) .... done (Time = 0.00s, Memory = 0.0K)
Checking Rule SDC2SGDCPARSE for module FSM_RX (Rule 101 of total 414) .... done (Time = 0.00s, Memory = 0.0K)
Checking Rule Pragma_setupa for module edge_bit_counter (Rule 100 of total 414) .... done (Time = 0.00s, Memory = 0.0K)
Checking Rule SDC2SGDCPARSE for module edge_bit_counter (Rule 101 of total 414) .... done (Time = 0.00s, Memory = 0.0K)
Checking Rule Pragma_setupa for module deserializer (Rule 100 of total 414) .... done (Time = 0.00s, Memory = 0.0K)
Checking Rule SDC2SGDCPARSE for module deserializer (Rule 101 of total 414) .... done (Time = 0.00s, Memory = 0.0K)
Checking Rule Pragma_setupa for module data_sampling (Rule 100 of total 414) .... done (Time = 0.00s, Memory = 0.0K)
Checking Rule SDC2SGDCPARSE for module data_sampling (Rule 101 of total 414) .... done (Time = 0.00s, Memory = 0.0K)
Checking Rule Pragma_setupa for module stop_checker (Rule 100 of total 414) .... done (Time = 0.00s, Memory = 0.0K)
Checking Rule SDC2SGDCPARSE for module stop_checker (Rule 101 of total 414) .... done (Time = 0.00s, Memory = 0.0K)
Checking Rule Pragma_setupa for module strt_checker (Rule 100 of total 414) .... done (Time = 0.00s, Memory = 0.0K)
Checking Rule SDC2SGDCPARSE for module strt_checker (Rule 101 of total 414) .... done (Time = 0.00s, Memory = 0.0K)
Checking Rule Pragma_setupa for module parity_checker (Rule 100 of total 414) .... done (Time = 0.00s, Memory = 0.0K)
Checking Rule SDC2SGDCPARSE for module parity_checker (Rule 101 of total 414) .... done (Time = 0.00s, Memory = 0.0K)
Checking Rule Pragma_setupa for module UART_RX (Rule 100 of total 414) .... done (Time = 0.00s, Memory = 0.0K)
Checking Rule SDC2SGDCPARSE for module UART_RX (Rule 101 of total 414) .... done (Time = 0.00s, Memory = 0.0K)
Checking Rule Pragma_setupa for module FSM_TX (Rule 100 of total 414) .... done (Time = 0.00s, Memory = 0.0K)
Checking Rule SDC2SGDCPARSE for module FSM_TX (Rule 101 of total 414) .... done (Time = 0.00s, Memory = 0.0K)
Checking Rule Pragma_setupa for module Serializer (Rule 100 of total 414) .... done (Time = 0.00s, Memory = 0.0K)
Checking Rule SDC2SGDCPARSE for module Serializer (Rule 101 of total 414) .... done (Time = 0.00s, Memory = 0.0K)
Checking Rule Pragma_setupa for module Parity_Calc (Rule 100 of total 414) .... done (Time = 0.00s, Memory = 0.0K)
Checking Rule SDC2SGDCPARSE for module Parity_Calc (Rule 101 of total 414) .... done (Time = 0.00s, Memory = 0.0K)
Checking Rule Pragma_setupa for module MUX (Rule 100 of total 414) .... done (Time = 0.00s, Memory = 0.0K)
Checking Rule SDC2SGDCPARSE for module MUX (Rule 101 of total 414) .... done (Time = 0.00s, Memory = 0.0K)
Checking Rule Pragma_setupa for module UART_TX (Rule 100 of total 414) .... done (Time = 0.00s, Memory = 0.0K)
Checking Rule SDC2SGDCPARSE for module UART_TX (Rule 101 of total 414) .... done (Time = 0.00s, Memory = 0.0K)
Checking Rule Pragma_setupa for module UART (Rule 100 of total 414) .... done (Time = 0.00s, Memory = 0.0K)
Checking Rule SDC2SGDCPARSE for module UART (Rule 101 of total 414) .... done (Time = 0.00s, Memory = 0.0K)
Checking Rule Pragma_setupa for module RST_SYNC (Rule 100 of total 414) .... done (Time = 0.00s, Memory = 0.0K)
Checking Rule SDC2SGDCPARSE for module RST_SYNC (Rule 101 of total 414) .... done (Time = 0.00s, Memory = 0.0K)
Checking Rule Pragma_setupa for module CLK_DIV (Rule 100 of total 414) .... done (Time = 0.00s, Memory = 0.0K)
Checking Rule SDC2SGDCPARSE for module CLK_DIV (Rule 101 of total 414) .... done (Time = 0.00s, Memory = 0.0K)
Checking Rule Pragma_setupa for module prescale_mux (Rule 100 of total 414) .... done (Time = 0.00s, Memory = 0.0K)
Checking Rule SDC2SGDCPARSE for module prescale_mux (Rule 101 of total 414) .... done (Time = 0.00s, Memory = 0.0K)
Checking Rule Pragma_setupa for module SYSTEM_TOP (Rule 100 of total 414) .... done (Time = 0.00s, Memory = 0.0K)
Checking Rule SDC2SGDCPARSE for module SYSTEM_TOP (Rule 101 of total 414) .... done (Time = 0.00s, Memory = 0.0K)
Performing semantic checks on SGDC contents
Checking Rule SGDC_testmode03 (Rule 102 of total 414) .... done (Time = 0.00s, Memory = 0.0K)
Checking Rule Pragma_setupb (Rule 103 of total 414) .... done (Time = 0.00s, Memory = 0.0K)
Checking Rule _vhMeta01 (Rule 104 of total 414) .... done (Time = 0.00s, Memory = 0.0K)
Checking Rule _meta_delay01 (Rule 105 of total 414) .... done (Time = 0.00s, Memory = -7.0K)
Checking Rule CheckCelldefine (Rule 106 of total 414) .... done (Time = 0.00s, Memory = 0.0K)
Checking Rule checkSGDC_01 (Rule 107 of total 414) .... done (Time = 0.00s, Memory = -0.2K)
Checking Rule checkSGDC_03 (Rule 108 of total 414) .... done (Time = 0.00s, Memory = -8.3K)
Checking Rule checkSGDC_08 (Rule 109 of total 414) .... done (Time = 0.00s, Memory = -9.2K)
Checking Rule SGDC_memorywritepin04 (Rule 110 of total 414) .... done (Time = 0.00s, Memory = -27.9K)
Checking Rule SGDC_reset02 (Rule 111 of total 414) .... done (Time = 0.00s, Memory = 8.4K)
Checking Rule SGDC_reset03 (Rule 112 of total 414) .... done (Time = 0.00s, Memory = -32.0K)
Checking Rule SGDC_waive23 (Rule 113 of total 414) .... done (Time = 0.00s, Memory = 32.0K)
Checking Rule SGDC_waive26 (Rule 114 of total 414) .... done (Time = 0.00s, Memory = -0.6K)
Checking Rule SGDC_waive27 (Rule 115 of total 414) .... done (Time = 0.00s, Memory = 26.8K)
Checking Rule SGDC_waive29 (Rule 116 of total 414) .... done (Time = 0.00s, Memory = 0.0K)
Checking Rule SGDC_libgroup03 (Rule 117 of total 414) .... done (Time = 0.00s, Memory = 0.0K)
Checking Rule SGDC_ungroup02 (Rule 118 of total 414) .... done (Time = 0.00s, Memory = 0.0K)
Checking Rule _abstractPortSGDC (Rule 119 of total 414) .... done (Time = 0.00s, Memory = 2.9K)
Checking Rule SGDC_abstract_port03 (Rule 120 of total 414) .... done (Time = 0.00s, Memory = 0.0K)
Checking Rule SGDC_abstract_port04 (Rule 121 of total 414) .... done (Time = 0.00s, Memory = 0.0K)
Checking Rule SGDC_abstract_port05 (Rule 122 of total 414) .... done (Time = 0.00s, Memory = -1.2K)
Checking Rule SGDC_abstract_port07 (Rule 123 of total 414) .... done (Time = 0.00s, Memory = 7.5K)
Checking Rule SGDC_abstract_port08 (Rule 124 of total 414) .... done (Time = 0.00s, Memory = 0.0K)
Checking Rule SGDC_abstract_port10 (Rule 125 of total 414) .... done (Time = 0.00s, Memory = -8.0K)
Checking Rule SGDC_abstract_port11 (Rule 126 of total 414) .... done (Time = 0.00s, Memory = 0.0K)
Checking Rule SGDC_abstract_port12 (Rule 127 of total 414) .... done (Time = 0.00s, Memory = -32.0K)
Checking Rule SGDC_abstract_port13 (Rule 128 of total 414) .... done (Time = 0.00s, Memory = 4.7K)
Checking Rule SGDC_sdcschema01 (Rule 129 of total 414) .... done (Time = 0.00s, Memory = 24.0K)
Checking Rule _cdc_save_license01 (Rule 130 of total 414) .... done (Time = 0.00s, Memory = 0.4K)
Checking Rule syncRstReq (Rule 131 of total 414) .... done (Time = 0.00s, Memory = 0.0K)
Checking Rule syncRstReq (Rule 132 of total 414) .... done (Time = 0.00s, Memory = 0.0K)
Checking Rule _syncResetStyleRTL (Rule 133 of total 414) .... done (Time = 0.00s, Memory = 0.0K)
Checking Rule _deltaDelay (Rule 134 of total 414) .... done (Time = 0.00s, Memory = 0.0K)
Checking Rule _deltaDelay (Rule 135 of total 414) .... done (Time = 0.00s, Memory = 0.0K)
Checking Rule _deltaDelayNom (Rule 136 of total 414) .... done (Time = 0.00s, Memory = 0.0K)
Checking Rule Ac_multitop01 (Rule 137 of total 414) .... done (Time = 0.00s, Memory = -32.1K)
Checking Rule AcOvlRtl (Rule 138 of total 414) .... done (Time = 0.00s, Memory = -0.5K)
Checking Rule AcOvlRtl (Rule 139 of total 414) .... done (Time = 0.00s, Memory = 0.0K)
Checking Rule Ac_svasetup01 (Rule 140 of total 414) .... done (Time = 0.00s, Memory = 0.0K)
Checking Rule ReportUngroup (Rule 141 of total 414) .... done (Time = 0.00s, Memory = 0.0K)
Checking Rule SGDC_allow_combo_logic02 (Rule 142 of total 414) .... done (Time = 0.00s, Memory = 0.0K)
Checking Rule _portRetenClocknReset (Rule 143 of total 414) .... done (Time = 0.00s, Memory = 0.0K)
Checking Rule _portReten (Rule 144 of total 414) .... done (Time = 0.00s, Memory = 0.5K)
Checking Rule SGDC_meta_design_hier01 (Rule 145 of total 414) .... done (Time = 0.00s, Memory = 0.0K)
Checking Rule LP_POWERDATA_INFO (Rule 146 of total 414) .... done (Time = 0.00s, Memory = 0.0K)
Checking Rule SGDC_abstract_port21 (Rule 147 of total 414) .... done (Time = 0.00s, Memory = 24.0K)
Checking Rule SDC2SGDC_WRN01 (Rule 148 of total 414) .... done (Time = 0.00s, Memory = -8.0K)
Checking Rule SDC2SGDC_STX01 (Rule 149 of total 414) .... done (Time = 0.00s, Memory = 4.0K)
Checking Rule SGDC_input02 (Rule 150 of total 414) .... done (Time = 0.00s, Memory = 0.0K)
Checking Rule SGDC_input03 (Rule 151 of total 414) .... done (Time = 0.00s, Memory = 0.0K)
Checking Rule SGDC_output02 (Rule 152 of total 414) .... done (Time = 0.00s, Memory = 0.0K)
Checking Rule SGDC_output04 (Rule 153 of total 414) .... done (Time = 0.00s, Memory = 0.0K)
Checking Rule SGDC_numflops03a (Rule 154 of total 414) .... done (Time = 0.00s, Memory = 0.0K)
Checking Rule SGDC_numflops03b (Rule 155 of total 414) .... done (Time = 0.00s, Memory = -0.4K)
Checking Rule SGDC_numflops12 (Rule 156 of total 414) .... done (Time = 0.00s, Memory = -0.8K)
Checking Rule SGDC_sync_cell02b (Rule 157 of total 414) .... done (Time = 0.00s, Memory = 0.0K)
Checking Rule SGDC_sync_cell11 (Rule 158 of total 414) .... done (Time = 0.00s, Memory = 0.0K)
Checking Rule SGDC_qualifier02c (Rule 159 of total 414) .... done (Time = 0.00s, Memory = 0.0K)
Checking Rule SGDC_qualifier03c (Rule 160 of total 414) .... done (Time = 0.00s, Memory = 0.0K)
Checking Rule LPwrRulesSetup (Rule 161 of total 414) .... done (Time = 0.00s, Memory = 0.0K)
 Flattening SYSTEM_TOP ....
 Flattening completed
Checking Rule Domain_Conflict01 (Rule 162 of total 414) .... done (Time = 0.00s, Memory = 0.6K)
Checking Rule Domain_Matrix01 (Rule 163 of total 414) .... done (Time = 0.00s, Memory = 0.0K)
Checking Rule Domain_Missing01 (Rule 164 of total 414) .... done (Time = 0.00s, Memory = -0.9K)
Checking Rule SDC_Mapping01 (Rule 165 of total 414) .... done (Time = 0.00s, Memory = 0.0K)
Checking Rule SDC2SGDCPARSEW (Rule 166 of total 414)
AtrDomain: Inferring Clock Domains...CLOCK_STA mode..Done. (Time Taken=0s)
AtrDomain: Generating Clock Domain Reports...Done. (Time Taken=0s)
 .... done (Time = 0.00s, Memory = 53.4K)
 Flattening SYSTEM_TOP (.lib instances separately flattened) ....
 Flattening completed
Checking Rule SGDC_quasi_static_style01 (Rule 167 of total 414) .... done (Time = 0.00s, Memory = 0.0K)
Checking Rule SignalTypeSetup (Rule 168 of total 414) .... done (Time = 0.00s, Memory = 14.0K)
Checking Rule _allowInst (Rule 169 of total 414) .... done (Time = 0.00s, Memory = 1.6K)
Checking Rule _ipblock (Rule 170 of total 414) .... done (Time = 0.00s, Memory = 0.0K)
Checking Rule _rstSyncCellInst (Rule 171 of total 414) .... done (Time = 0.00s, Memory = 0.0K)
Checking Rule _syncCellDelayedQualifier (Rule 172 of total 414) .... done (Time = 0.00s, Memory = 0.0K)
Checking Rule _repeaterCellInst (Rule 173 of total 414) .... done (Time = 0.00s, Memory = 0.0K)
Checking Rule _abstract_port (Rule 174 of total 414) .... done (Time = 0.00s, Memory = 19.8K)
Checking Rule Clock_setup02 (Rule 175 of total 414) .... done (Time = 0.01s, Memory = -37.5K)
Checking Rule Clockmatrix01 (Rule 176 of total 414) .... done (Time = 0.00s, Memory = 0.0K)
Checking Rule Clock_prop (Rule 177 of total 414) .... done (Time = 0.00s, Memory = 631.7K)
Checking Rule Reset_prop (Rule 178 of total 414) .... done (Time = 0.00s, Memory = 53.9K)
Checking Rule SGDC_generated_clock06 (Rule 179 of total 414) .... done (Time = 0.00s, Memory = 0.2K)
Checking Rule Propagate_Clocks (Rule 180 of total 414) .... done (Time = 0.03s, Memory = 381.0K)
Checking Rule _syncreset_prop (Rule 181 of total 414) .... done (Time = 0.00s, Memory = 14.6K)
Checking Rule _syncc (Rule 182 of total 414) .... done (Time = 0.00s, Memory = 2.7K)
Checking Rule _syncb (Rule 183 of total 414) .... done (Time = 0.00s, Memory = 6.9K)
Checking Rule _resetPathCross (Rule 184 of total 414) .... done (Time = 0.00s, Memory = -8.0K)
Checking Rule FalsePathSetup (Rule 185 of total 414) .... done (Time = 0.00s, Memory = 0.0K)
Checking Rule _fifo01 (Rule 186 of total 414) .... done (Time = 0.00s, Memory = 0.0K)
Checking Rule _syncfifo (Rule 187 of total 414) .... done (Time = 0.00s, Memory = 0.0K)
Checking Rule _syncUDfifo (Rule 188 of total 414) .... done (Time = 0.00s, Memory = -1.0K)
Checking Rule _syncdw (Rule 189 of total 414) .... done (Time = 0.00s, Memory = -28.1K)
Checking Rule _syncd (Rule 190 of total 414) .... done (Time = 0.00s, Memory = 0.4K)
Checking Rule _syncg (Rule 191 of total 414) .... done (Time = 0.00s, Memory = -27.9K)
Checking Rule _sync_clock (Rule 192 of total 414) .... done (Time = 0.00s, Memory = 0.0K)
Checking Rule _sync_gp (Rule 193 of total 414) .... done (Time = 0.00s, Memory = 0.0K)
Checking Rule _sync_and (Rule 194 of total 414) .... done (Time = 0.00s, Memory = 0.4K)
Checking Rule _synci (Rule 195 of total 414) .... done (Time = 0.00s, Memory = 0.0K)
Checking Rule _sync_qualifier (Rule 196 of total 414) .... done (Time = 0.00s, Memory = 31.7K)
Checking Rule SGDC_fifo11 (Rule 197 of total 414) .... done (Time = 0.00s, Memory = -1.1K)
Checking Rule SGDC_fifo12 (Rule 198 of total 414) .... done (Time = 0.00s, Memory = 0.0K)
Checking Rule SGDC_fifo13 (Rule 199 of total 414) .... done (Time = 0.00s, Memory = -0.2K)
Checking Rule SGDC_fifo14 (Rule 200 of total 414) .... done (Time = 0.00s, Memory = -30.1K)
Checking Rule Gen_diff01 (Rule 201 of total 414) .... done (Time = 0.00s, Memory = 0.0K)
Checking Rule _debugData (Rule 202 of total 414) .... done (Time = 0.00s, Memory = 66.7K)
Checking Rule Ac_Sync_Init (Rule 203 of total 414) .... done (Time = 0.03s, Memory = 517.6K)
Checking Rule _propagate_cdcAttrib (Rule 204 of total 414) .... done (Time = 0.00s, Memory = 37.3K)
Checking Rule Ar_Cross_Init (Rule 205 of total 414) .... done (Time = 0.00s, Memory = 0.0K)
Checking Rule SGDC_cdc_define_transition01 (Rule 206 of total 414) .... done (Time = 0.00s, Memory = 0.0K)
Checking Rule UPF_lowpower08PR (Rule 207 of total 414) .... done (Time = 0.00s, Memory = -32.0K)
Checking Rule UPF_lowpower08 (Rule 208 of total 414) .... done (Time = 0.00s, Memory = 0.0K)
Checking Rule Setup_check01 (Rule 209 of total 414) .... done (Time = 0.00s, Memory = -3.5K)
Checking Rule Setup_check02 (Rule 210 of total 414) .... done (Time = 0.00s, Memory = 0.0K)
Checking Rule Info_Case_Analysis (Rule 211 of total 414) .... done (Time = 0.00s, Memory = -14.7K)
Checking Rule SGDC_set_case_analysis_LC (Rule 212 of total 414) .... done (Time = 0.00s, Memory = 30.5K)
Checking Rule Setup_quasi_static01 (Rule 213 of total 414) .... done (Time = 0.01s, Memory = 68.5K)
Checking Rule SGDC_signal_in_domain02 (Rule 214 of total 414) .... done (Time = 0.00s, Memory = 0.0K)
Checking Rule SGDC_signal_in_domain04 (Rule 215 of total 414) .... done (Time = 0.00s, Memory = 7.8K)
Checking Rule SGDC_numflops03c (Rule 216 of total 414) .... done (Time = 0.00s, Memory = 0.0K)
Checking Rule SGDC_numflops04 (Rule 217 of total 414) .... done (Time = 0.00s, Memory = 0.0K)
Checking Rule SGDC_numflops05 (Rule 218 of total 414) .... done (Time = 0.00s, Memory = 0.0K)
Checking Rule SGDC_numflops06 (Rule 219 of total 414) .... done (Time = 0.00s, Memory = 8.0K)
Checking Rule SGDC_numflops11 (Rule 220 of total 414) .... done (Time = 0.00s, Memory = -8.0K)
Checking Rule SGDC_numflops13 (Rule 221 of total 414) .... done (Time = 0.00s, Memory = 8.0K)
Checking Rule SGDC_numflops14 (Rule 222 of total 414) .... done (Time = 0.00s, Memory = 10.6K)
Checking Rule SGDC_clocksense02 (Rule 223 of total 414) .... done (Time = 0.00s, Memory = -2.0K)
Checking Rule SGDC_clocksense03 (Rule 224 of total 414) .... done (Time = 0.00s, Memory = 0.0K)
Checking Rule SGDC_sgclkgroup01 (Rule 225 of total 414) .... done (Time = 0.00s, Memory = 0.0K)
Checking Rule SGDC_sgclkgroup02 (Rule 226 of total 414) .... done (Time = 0.00s, Memory = -0.1K)
Checking Rule SGDC_sgclkgroup03 (Rule 227 of total 414) .... done (Time = 0.00s, Memory = 0.0K)
Checking Rule SGDC_check_clock_relation01a (Rule 228 of total 414) .... done (Time = 0.00s, Memory = 33.6K)
Checking Rule SGDC_check_clock_relation01b (Rule 229 of total 414) .... done (Time = 0.00s, Memory = 0.0K)
Checking Rule SGDC_check_clock_relation01c (Rule 230 of total 414) .... done (Time = 0.00s, Memory = 3.9K)
Checking Rule SGDC_check_clock_relation02a (Rule 231 of total 414) .... done (Time = 0.00s, Memory = 0.0K)
Checking Rule SGDC_check_clock_relation02b (Rule 232 of total 414) .... done (Time = 0.00s, Memory = 3.5K)
Checking Rule SGDC_check_clock_relation02c (Rule 233 of total 414) .... done (Time = 0.00s, Memory = -8.0K)
Checking Rule SGDC_check_clock_relation03b (Rule 234 of total 414) .... done (Time = 0.00s, Memory = 0.0K)
Checking Rule SGDC_check_clock_relation04b (Rule 235 of total 414) .... done (Time = 0.00s, Memory = 0.0K)
Checking Rule CheckClockRelationSetup (Rule 236 of total 414) .... done (Time = 0.00s, Memory = 0.0K)
Checking Rule SGDC_gray_signals01 (Rule 237 of total 414) .... done (Time = 0.00s, Memory = -32.0K)
Checking Rule SGDC_gray_signals02 (Rule 238 of total 414) .... done (Time = 0.00s, Memory = -32.0K)
Checking Rule SGDC_gray_signals03 (Rule 239 of total 414) .... done (Time = 0.00s, Memory = 0.0K)
Checking Rule SGDC_qualifier02a (Rule 240 of total 414) .... done (Time = 0.00s, Memory = -0.2K)
Checking Rule SGDC_qualifier03a (Rule 241 of total 414) .... done (Time = 0.00s, Memory = 0.0K)
Checking Rule SGDC_qualifier04 (Rule 242 of total 414) .... done (Time = 0.00s, Memory = 0.0K)
Checking Rule SGDC_qualifier05 (Rule 243 of total 414) .... done (Time = 0.00s, Memory = 0.0K)
Checking Rule SGDC_qualifier08 (Rule 244 of total 414) .... done (Time = 0.00s, Memory = 0.0K)
Checking Rule QualifierSetup (Rule 245 of total 414) .... done (Time = 0.00s, Memory = 0.0K)
Checking Rule ResetSynchronizerSetup (Rule 246 of total 414) .... done (Time = 0.00s, Memory = 0.0K)
Checking Rule SGDC_validation_filter_path03 (Rule 247 of total 414) .... done (Time = 0.00s, Memory = 0.0K)
Checking Rule SGDC_qualifier10 (Rule 248 of total 414) .... done (Time = 0.00s, Memory = 32.0K)
Checking Rule SGDC_qualifier11 (Rule 249 of total 414) .... done (Time = 0.00s, Memory = 4.0K)
Checking Rule SGDC_qualifier12 (Rule 250 of total 414) .... done (Time = 0.00s, Memory = 0.0K)
Checking Rule SGDC_qualifier13 (Rule 251 of total 414) .... done (Time = 0.00s, Memory = -32.0K)
Checking Rule SGDC_qualifier14 (Rule 252 of total 414) .... done (Time = 0.00s, Memory = 4.0K)
Checking Rule SGDC_qualifier16 (Rule 253 of total 414) .... done (Time = 0.00s, Memory = -0.1K)
Checking Rule SGDC_qualifier18 (Rule 254 of total 414) .... done (Time = 0.00s, Memory = -0.6K)
Checking Rule SGDC_qualifier19a (Rule 255 of total 414) .... done (Time = 0.00s, Memory = 0.0K)
Checking Rule SGDC_qualifier19b (Rule 256 of total 414) .... done (Time = 0.00s, Memory = 0.0K)
Checking Rule SGDC_qualifier19c (Rule 257 of total 414) .... done (Time = 0.00s, Memory = -34.8K)
Checking Rule SGDC_qualifier20b (Rule 258 of total 414) .... done (Time = 0.00s, Memory = 0.0K)
Checking Rule SGDC_qualifier21 (Rule 259 of total 414) .... done (Time = 0.00s, Memory = 7.9K)
Checking Rule SGDC_qualifier22 (Rule 260 of total 414) .... done (Time = 0.00s, Memory = 0.0K)
Checking Rule SGDC_qualifier23 (Rule 261 of total 414) .... done (Time = 0.00s, Memory = 0.0K)
Checking Rule SGDC_virtualclock01 (Rule 262 of total 414) .... done (Time = 0.00s, Memory = -0.4K)
Checking Rule SGDC_virtualreset01 (Rule 263 of total 414) .... done (Time = 0.00s, Memory = 0.0K)
Checking Rule SGDC_abstract_port19 (Rule 264 of total 414) .... done (Time = 0.00s, Memory = 0.0K)
Checking Rule SGDC_abstract_port20 (Rule 265 of total 414) .... done (Time = 0.00s, Memory = 0.0K)
Checking Rule RFPSetup (Rule 266 of total 414) .... done (Time = 0.00s, Memory = 24.0K)
Checking Rule SGDC_reset_filter_path02a (Rule 267 of total 414) .... done (Time = 0.00s, Memory = 0.0K)
Checking Rule SGDC_reset_filter_path02b (Rule 268 of total 414) .... done (Time = 0.00s, Memory = 5.2K)
Checking Rule SGDC_reset_filter_path02c (Rule 269 of total 414) .... done (Time = 0.00s, Memory = 0.0K)
Checking Rule SGDC_reset_filter_path03a (Rule 270 of total 414) .... done (Time = 0.00s, Memory = -0.4K)
Checking Rule SGDC_reset_filter_path03b (Rule 271 of total 414) .... done (Time = 0.00s, Memory = -0.4K)
Checking Rule SGDC_reset_filter_path03c (Rule 272 of total 414) .... done (Time = 0.00s, Memory = -0.5K)
Checking Rule SGDC_reset_filter_path04b (Rule 273 of total 414) .... done (Time = 0.00s, Memory = 0.0K)
Checking Rule SGDC_reset_filter_path07a (Rule 274 of total 414) .... done (Time = 0.00s, Memory = 0.0K)
Checking Rule SGDC_reset_filter_path07b (Rule 275 of total 414) .... done (Time = 0.00s, Memory = 0.0K)
Checking Rule SGDC_reset_filter_path07c (Rule 276 of total 414) .... done (Time = 0.00s, Memory = -32.0K)
Checking Rule SGDC_define_reset_order03 (Rule 277 of total 414) .... done (Time = 0.00s, Memory = 0.0K)
Checking Rule SGDC_define_reset_order04 (Rule 278 of total 414) .... done (Time = 0.00s, Memory = 0.4K)
Checking Rule SGDC_define_reset_order05 (Rule 279 of total 414) .... done (Time = 0.00s, Memory = 0.0K)
Checking Rule SGDC_cdc_false_path06 (Rule 280 of total 414) .... done (Time = 0.00s, Memory = 0.0K)
Checking Rule SGDC_cdc_false_path07 (Rule 281 of total 414) .... done (Time = 0.00s, Memory = -8.0K)
Checking Rule SGDC_cdc_false_path08 (Rule 282 of total 414) .... done (Time = 0.00s, Memory = -8.0K)
Checking Rule CDCSet_License01 (Rule 283 of total 414) .... done (Time = 0.00s, Memory = 0.0K)
Checking Rule Clock_info03a (Rule 284 of total 414) .... done (Time = 0.00s, Memory = -5.3K)
Checking Rule Clock_info03b (Rule 285 of total 414) .... done (Time = 0.00s, Memory = -14.5K)
Checking Rule Clock_info03c (Rule 286 of total 414) .... done (Time = 0.00s, Memory = -5.5K)
Checking Rule Ac_coherency06 (Rule 287 of total 414) .... done (Time = 0.00s, Memory = -1.1K)
Checking Rule Ac_unsync01 (Rule 288 of total 414) .... done (Time = 0.00s, Memory = 0.0K)
Checking Rule Ac_unsync02 (Rule 289 of total 414) .... done (Time = 0.00s, Memory = 0.0K)
Checking Rule Ac_sync01 (Rule 290 of total 414) .... done (Time = 0.00s, Memory = 0.0K)
Checking Rule Ac_sync02 (Rule 291 of total 414) .... done (Time = 0.00s, Memory = 0.0K)
Checking Rule Ac_crossing01 (Rule 292 of total 414) .... done (Time = 0.00s, Memory = -6.2K)
Checking Rule Propagate_Resets (Rule 293 of total 414) .... done (Time = 0.00s, Memory = -20.3K)
Checking Rule _reset_sync (Rule 294 of total 414) .... done (Time = 0.00s, Memory = 0.0K)
Checking Rule Setup_port01 (Rule 295 of total 414) .... done (Time = 0.00s, Memory = 0.0K)
Checking Rule Setup_blackbox01 (Rule 296 of total 414) .... done (Time = 0.00s, Memory = 0.0K)
Checking Rule Setup_library01 (Rule 297 of total 414) .... done (Time = 0.00s, Memory = 1.2K)
Checking Rule Reset_check11 (Rule 298 of total 414) .... done (Time = 0.01s, Memory = 22.7K)
Checking Rule Reset_info09a (Rule 299 of total 414) .... done (Time = 0.00s, Memory = -24.0K)
Checking Rule Clock_sync05 (Rule 300 of total 414) .... done (Time = 0.00s, Memory = -16.2K)
Checking Rule Clock_sync06 (Rule 301 of total 414) .... done (Time = 0.00s, Memory = 0.0K)
Checking Rule Clock_info02 (Rule 302 of total 414) .... done (Time = 0.00s, Memory = -54.6K)
Checking Rule Reset_info02 (Rule 303 of total 414) .... done (Time = 0.00s, Memory = 24.3K)
Checking Rule Clock_info05 (Rule 304 of total 414) .... done (Time = 0.00s, Memory = -24.0K)
Checking Rule Clock_info05b (Rule 305 of total 414) .... done (Time = 0.00s, Memory = 32.0K)
Checking Rule Reset_check03 (Rule 306 of total 414) .... done (Time = 0.00s, Memory = 7.9K)
Checking Rule _clkWrapModules (Rule 307 of total 414) .... done (Time = 0.00s, Memory = 0.5K)
Checking Rule _clock_hier_rules (Rule 308 of total 414) .... done (Time = 0.00s, Memory = 0.0K)
Checking Rule Reset_check12 (Rule 309 of total 414) .... done (Time = 0.01s, Memory = 46.5K)
Checking Rule Ar_sync_init (Rule 310 of total 414) .... done (Time = 0.02s, Memory = -17.8K)
Checking Rule _constrCoverage (Rule 311 of total 414) .... done (Time = 0.00s, Memory = 17.7K)
Checking Rule Clock_info15 (Rule 312 of total 414) .... done (Time = 0.00s, Memory = 24.7K)
Checking Rule Reset_check10 (Rule 313 of total 414) .... done (Time = 0.00s, Memory = 34.5K)
Checking Rule Reset_sync02 (Rule 314 of total 414) .... done (Time = 0.00s, Memory = -24.4K)
Checking Rule SGDC_clockreset02 (Rule 315 of total 414) .... done (Time = 0.00s, Memory = 0.0K)
Checking Rule Param_clockreset02 (Rule 316 of total 414) .... done (Time = 0.00s, Memory = 0.0K)
Checking Rule Param_clockreset04 (Rule 317 of total 414) .... done (Time = 0.00s, Memory = 0.0K)
Checking Rule Setup_clockreset01 (Rule 318 of total 414) .... done (Time = 0.00s, Memory = 0.0K)
Checking Rule Clock_check07 (Rule 319 of total 414) .... done (Time = 0.00s, Memory = 0.0K)
Checking Rule Clock_check10 (Rule 320 of total 414) .... done (Time = 0.00s, Memory = -1.8K)
Checking Rule Reset_check08 (Rule 321 of total 414) .... done (Time = 0.00s, Memory = 24.0K)
Checking Rule Clock_converge01 (Rule 322 of total 414) .... done (Time = 0.00s, Memory = 0.0K)
Checking Rule Ar_converge01 (Rule 323 of total 414) .... done (Time = 0.00s, Memory = -18.0K)
Checking Rule SGDC_noclockcell_start01 (Rule 324 of total 414) .... done (Time = 0.00s, Memory = 0.0K)
Checking Rule Ac_initseq01 (Rule 325 of total 414) .... done (Time = 0.00s, Memory = 0.0K)
Checking Rule Ac_init01 (Rule 326 of total 414) .... done (Time = 0.00s, Memory = 0.0K)
Checking Rule _ac_Auxi01 (Rule 327 of total 414) .... done (Time = 0.00s, Memory = -4.3K)
Checking Rule Ac_sanity02 (Rule 328 of total 414) .... done (Time = 0.00s, Memory = -0.8K)
Checking Rule _glitch_init (Rule 329 of total 414) .... done (Time = 0.00s, Memory = 1.7K)
Checking Rule Ac_initstate01 (Rule 330 of total 414) .... done (Time = 0.00s, Memory = 0.0K)
Checking Rule Ac_conv02 (Rule 331 of total 414) .... done (Time = 0.00s, Memory = -15.3K)
Checking Rule Ac_conv02setup01 (Rule 332 of total 414) .... done (Time = 0.00s, Memory = -1.1K)
Checking Rule Ac_conv01 (Rule 333 of total 414) .... done (Time = 0.00s, Memory = 7.3K)
Checking Rule Ac_conv03 (Rule 334 of total 414) .... done (Time = 0.00s, Memory = 7.2K)
Checking Rule Ac_conv04 (Rule 335 of total 414) .... done (Time = 0.00s, Memory = 5.8K)
Checking Rule Ac_abs01 (Rule 336 of total 414) .... done (Time = 0.00s, Memory = 0.0K)
Checking Rule Ac_glitch03 (Rule 337 of total 414) .... done (Time = 0.00s, Memory = -2.5K)
Checking Rule Ac_clockperiod01 (Rule 338 of total 414) .... done (Time = 0.00s, Memory = 0.0K)
Checking Rule Ac_clockperiod02 (Rule 339 of total 414) .... done (Time = 0.00s, Memory = 0.0K)
Checking Rule Ac_clockperiod03 (Rule 340 of total 414) .... done (Time = 0.00s, Memory = 0.0K)
Checking Rule Ac_report01 (Rule 341 of total 414) .... done (Time = 0.00s, Memory = -8.0K)
Checking Rule AllowComboLogicSetup (Rule 342 of total 414) .... done (Time = 0.00s, Memory = 0.0K)
Checking Rule Ac_resetvalue01 (Rule 343 of total 414) .... done (Time = 0.00s, Memory = -0.6K)
Checking Rule Ac_abstract_validation01 (Rule 344 of total 414) .... done (Time = 0.00s, Memory = 0.0K)
Checking Rule SGDC_abstract_mapping01 (Rule 345 of total 414) .... done (Time = 0.00s, Memory = 0.0K)
Checking Rule Ac_upfsetup02 (Rule 346 of total 414) .... done (Time = 0.00s, Memory = 0.0K)
Checking Rule Ac_upfsetup01 (Rule 347 of total 414) .... done (Time = 0.00s, Memory = 0.0K)
Checking Rule Ac_psync_init (Rule 348 of total 414) .... done (Time = 0.00s, Memory = 0.0K)
Checking Rule Ac_psetup01 (Rule 349 of total 414) .... done (Time = 0.00s, Memory = 0.0K)
Checking Rule Clock_exit01 (Rule 350 of total 414) .... done (Time = 0.00s, Memory = 0.0K)
Checking Rule SGDC_reset_synchronizer02 (Rule 351 of total 414) .... done (Time = 0.00s, Memory = 0.0K)
Checking Rule SGDC_reset_synchronizer04 (Rule 352 of total 414) .... done (Time = 0.00s, Memory = 0.0K)
Checking Rule SGDC_reset_synchronizer06 (Rule 353 of total 414) .... done (Time = 0.00s, Memory = 0.0K)
Checking Rule SGDC_reset_synchronizer08 (Rule 354 of total 414) .... done (Time = 0.00s, Memory = -0.4K)
Checking Rule SGDC_reset_synchronizer10 (Rule 355 of total 414) .... done (Time = 0.00s, Memory = 24.0K)
Checking Rule AnalyzeBBox (Rule 356 of total 414) .... done (Time = 0.00s, Memory = 3.1K)
Checking Rule ReportCheckDataSummary (Rule 357 of total 414) .... done (Time = 0.00s, Memory = 0.0K)

Generating data for Console...

SpyGlass Rule Checking Complete.

Generating moresimple report from './spyglass-1/cdc/cdc_verify_struct/spyglass.vdb' to './spyglass-1/cdc/cdc_verify_struct/spyglass_reports/moresimple.rpt' ....

Generating runsummary report from './spyglass-1/cdc/cdc_verify_struct/spyglass.vdb' ....

Generating no_msg_reporting_rules report from './spyglass-1/cdc/cdc_verify_struct/spyglass.vdb' to './spyglass-1/cdc/cdc_verify_struct/spyglass_reports/no_msg_reporting_rules.rpt' ....

Generating CDC-report report from './spyglass-1/cdc/cdc_verify_struct/spyglass.vdb' to './spyglass-1/cdc/cdc_verify_struct/spyglass_reports/CDC-report.rpt' ....

Generating CKSGDCInfo report from './spyglass-1/cdc/cdc_verify_struct/spyglass.vdb' to './spyglass-1/cdc/cdc_verify_struct/spyglass_reports/CKSGDCInfo.rpt' ....

Generating RSTree report from './spyglass-1/cdc/cdc_verify_struct/spyglass.vdb' to './spyglass-1/cdc/cdc_verify_struct/spyglass_reports/RSTree.rpt' ....

Generating CKTree report from './spyglass-1/cdc/cdc_verify_struct/spyglass.vdb' to './spyglass-1/cdc/cdc_verify_struct/spyglass_reports/CKTree.rpt' ....

Generating waiver report from './spyglass-1/cdc/cdc_verify_struct/spyglass.vdb' to './spyglass-1/cdc/cdc_verify_struct/spyglass_reports/waiver.rpt' ....

Policy specific data (reports) are present in the directory './spyglass-1/cdc/cdc_verify_struct/spyglass_reports'.

SpyGlass critical reports for the current run are present in directory './spyglass-1/consolidated_reports/cdc_cdc_verify_struct/'.

---------------------------------------------------------------------------------------------
Results Summary:
---------------------------------------------------------------------------------------------
   Goal Run           :      cdc/cdc_verify_struct
   Command-line read  :      0 error,      0 warning,      0 information message 
   Design Read        :      0 error,      0 warning,      6 information messages
      Found 1 top module:
         SYSTEM_TOP   (file: /home/ICer/IC/Projects/System/rtl/SYSTEM_TOP.v)

   Blackbox Resolution:      0 error,      0 warning,      0 information message 
   SGDC Checks        :      0 error,      0 warning,      1 information message 
** Policy clock-reset :     12 errors,     1 warning,     28 information messages
   -------------------------------------------------------------------------------------
   Total              :     12 errors,     1 warning,     35 information messages

  Total Number of Generated Messages     :        48 (12 errors, 1 warning, 35 Infos)
  Number of Reported Messages            :        48 (12 errors, 1 warning, 35 Infos)

  NOTE: It is recommended to first fix/reconcile fatals/errors reported on
        lines starting with ** as subsequent issues might be related to it.
        Please re-run SpyGlass once ** prefixed lines are fatal/error clean.

---------------------------------------------------------------------------------------------


run_goal: info: updating spyglass.log with goal summary
---------------------------------------------------------------------------------------------------
Results Summary:
---------------------------------------------------------------------------------------------------
   Goal Run           :      cdc/cdc_verify_struct
   Top Module         :      SYSTEM_TOP
---------------------------------------------------------------------------------------------------
   Reports Directory: 
   /home/ICer/IC/Projects/System/CDC/spyglass-1/consolidated_reports/cdc_cdc_verify_struct/ 

   SpyGlass LogFile: 
    /home/ICer/IC/Projects/System/CDC/spyglass-1/cdc/cdc_verify_struct/spyglass.log 

   Standard Reports: 
     waiver.rpt          moresimple.rpt          no_msg_reporting_rules.rpt       

   HTML report:
    /home/ICer/IC/Projects/System/CDC/spyglass-1/html_reports/goals_summary.html
  

   Technology Reports:    CDC( Advance CDC  Structrual Verification )
     CDC-report.rpt          CKSGDCInfo.rpt          RSTree.rpt      
     CKTree.rpt        
   
---------------------------------------------------------------------------------------------------
   Goal Violation Summary:
       Waived   Messages:                      0 Errors,      0 Warnings,      0 Infos
       Reported Messages:         0 Fatals,   12 Errors,      1 Warnings,     35 Infos
---------------------------------------------------------------------------------------------------
   
   Technology Summary: CDC( Advance CDC )   
       Unsynchronized clock domain crossings= 12
       Convergences= 1
---------------------------------------------------------------------------------------------------
 
run_goal: info: spyglass.log successfully updated with goal summary
0 {Rule-checking completed with errors}
INFO:    SpyGlass will run goal(s) 'cdc/cdc_verify_struct'.


 Auto-compiling gates libraries

        "../std_cells/scmetro_tsmc_cl013g_rvt_ff_1p32v_m40c.lib"
        "../std_cells/scmetro_tsmc_cl013g_rvt_ss_1p08v_125c.lib"
        "../std_cells/scmetro_tsmc_cl013g_rvt_tt_1p2v_25c.lib"
    to
        "./spyglass-1/spyglass_cache/autogenerated_sglib/aggregate.sglib" ...already compiled

 Using this already compiled sglib for the current run ...

RULE-CHECKING IN MIXED MODE
Loading spyglass (SpyGlass_vL-2016.06) ... (picked from /home/synopsys/SpyGlass-L2016.06/SPYGLASS_HOME/policies/spyglass)
Loading clock-reset (SpyGlass_vL-2016.06) ... (picked from /home/synopsys/SpyGlass-L2016.06/SPYGLASS_HOME/policies/clock)
 Reading sgdc file "SYSTEM_TOP.sgdc" ...
Performing unification checks on SGDC... done
Reading specified sglib files(s) ....
   Processing library: 'scmetro_tsmc_cl013g_rvt_ff_1p32v_m40c' .... done
   Processing library: 'scmetro_tsmc_cl013g_rvt_ss_1p08v_125c' .... done
   Processing library: 'scmetro_tsmc_cl013g_rvt_tt_1p2v_25c' .... done
Checking Rule AutoGenerateSglib (Rule 1 of total 414) .... done (Time = 0.00s, Memory = 0.0K)

INFO [76]    Using `./spyglass-1/WORK/64' as the Work Directory for 64bit precompiled dump.
Checking Rule Param_clockreset07 (Rule 2 of total 414) .... done (Time = 0.00s, Memory = 0.0K)
Checking Rule Clock_setup01 (Rule 3 of total 414) .... done (Time = 0.00s, Memory = 31.3K)
Checking Rule Param_clockreset06 (Rule 4 of total 414) .... done (Time = 0.00s, Memory = 0.0K)
Checking Rule SGDC_meta_monitor_attributes01 (Rule 5 of total 414) .... done (Time = 0.00s, Memory = 0.0K)
Checking Rule LP_POWERDATA_CHECK (Rule 6 of total 414) .... done (Time = 0.00s, Memory = 0.0K)
Checking Rule LP_POWERDATA_READ (Rule 7 of total 414) .... done (Time = 0.00s, Memory = -1.0K)
Checking Rule PrecompileLibCheck01 (Rule 8 of total 414) .... done (Time = 0.00s, Memory = 32.1K)
Checking Rule PrecompileLibCheck02 (Rule 9 of total 414) .... done (Time = 0.00s, Memory = 0.0K)
Checking Rule PrecompileLibCheck03 (Rule 10 of total 414) .... done (Time = 0.00s, Memory = 0.0K)
Checking Rule PrecompileLibCheck04 (Rule 11 of total 414) .... done (Time = 0.00s, Memory = 0.4K)
Checking Rule ElabSummary (Rule 12 of total 414) .... done (Time = 0.01s, Memory = 2.6K)
Checking Rule ReportSglibVersionSummary (Rule 13 of total 414) .... done (Time = 0.00s, Memory = 0.0K)
Checking Rule SGDC_assume_path01 (Rule 14 of total 414) .... done (Time = 0.00s, Memory = 0.0K)
Checking Rule SGDC_sdcschema02 (Rule 15 of total 414) .... done (Time = 0.00s, Memory = 0.0K)
Checking Rule SGDC_clock05 (Rule 16 of total 414) .... done (Time = 0.00s, Memory = -1.5K)
Checking Rule SGDC_clock09 (Rule 17 of total 414) .... done (Time = 0.00s, Memory = 0.0K)
Checking Rule SGDC_force_ta05 (Rule 18 of total 414) .... done (Time = 0.00s, Memory = 0.0K)
Checking Rule SGDC_require_path03 (Rule 19 of total 414) .... done (Time = 0.00s, Memory = 0.0K)
Checking Rule SGDC_require_value03 (Rule 20 of total 414) .... done (Time = 0.00s, Memory = -0.2K)
Checking Rule SGDC_voltagedomain05 (Rule 21 of total 414) .... done (Time = 0.00s, Memory = 15.1K)
Checking Rule SGDC_voltagedomain06 (Rule 22 of total 414) .... done (Time = 0.00s, Memory = -0.8K)
Checking Rule SGDC_voltagedomain07 (Rule 23 of total 414) .... done (Time = 0.00s, Memory = 7.5K)
Checking Rule SGDC_powerdomainoutputs02 (Rule 24 of total 414) .... done (Time = 0.00s, Memory = 6.8K)
Checking Rule SGDC_supply01 (Rule 25 of total 414) .... done (Time = 0.00s, Memory = -24.0K)
Checking Rule SGDC_waive01 (Rule 26 of total 414) .... done (Time = 0.00s, Memory = 0.0K)
Checking Rule SGDC_waive02 (Rule 27 of total 414) .... done (Time = 0.00s, Memory = 0.1K)
Checking Rule SGDC_waive03 (Rule 28 of total 414) .... done (Time = 0.00s, Memory = 0.1K)
Checking Rule SGDC_waive04 (Rule 29 of total 414) .... done (Time = 0.00s, Memory = 0.1K)
Checking Rule SGDC_waive05 (Rule 30 of total 414) .... done (Time = 0.00s, Memory = 0.1K)
Checking Rule SGDC_waive06 (Rule 31 of total 414) .... done (Time = 0.00s, Memory = -34.9K)
Checking Rule SGDC_waive07 (Rule 32 of total 414) .... done (Time = 0.00s, Memory = -8.0K)
Checking Rule SGDC_waive08 (Rule 33 of total 414) .... done (Time = 0.00s, Memory = 0.0K)
Checking Rule SGDC_waive09 (Rule 34 of total 414) .... done (Time = 0.00s, Memory = 0.0K)
Checking Rule SGDC_waive10 (Rule 35 of total 414) .... done (Time = 0.00s, Memory = 0.0K)
Checking Rule SGDC_waive11 (Rule 36 of total 414) .... done (Time = 0.00s, Memory = 0.0K)
Checking Rule SGDC_waive12 (Rule 37 of total 414) .... done (Time = 0.00s, Memory = 64.0K)
Checking Rule SGDC_waive13 (Rule 38 of total 414) .... done (Time = 0.00s, Memory = 0.0K)
Checking Rule SGDC_waive21 (Rule 39 of total 414) .... done (Time = 0.00s, Memory = 0.0K)
Checking Rule SGDC_waive22 (Rule 40 of total 414) .... done (Time = 0.00s, Memory = 0.0K)
Checking Rule SGDC_waive30 (Rule 41 of total 414) .... done (Time = 0.00s, Memory = 0.1K)
Checking Rule SGDC_waive32 (Rule 42 of total 414) .... done (Time = 0.00s, Memory = 32.0K)
Checking Rule SGDC_waive33 (Rule 43 of total 414) .... done (Time = 0.00s, Memory = 4.0K)
Checking Rule SGDC_waive36 (Rule 44 of total 414) .... done (Time = 0.00s, Memory = -24.0K)
Checking Rule SGDC_waive38 (Rule 45 of total 414) .... done (Time = 0.00s, Memory = -3.5K)
Checking Rule SGDC_fifo01 (Rule 46 of total 414) .... done (Time = 0.00s, Memory = 0.1K)
Checking Rule SGDC_libgroup01 (Rule 47 of total 414) .... done (Time = 0.00s, Memory = 0.4K)
Checking Rule SGDC_libgroup02 (Rule 48 of total 414) .... done (Time = 0.00s, Memory = -10.4K)
Checking Rule SGDC_libgroup04 (Rule 49 of total 414) .... done (Time = 0.00s, Memory = 0.0K)
Checking Rule SGDC_power_data01 (Rule 50 of total 414) .... done (Time = 0.00s, Memory = 7.5K)
Checking Rule SGDC_ungroup01 (Rule 51 of total 414) .... done (Time = 0.00s, Memory = -0.1K)
Checking Rule SGDC_abstract_port06 (Rule 52 of total 414) .... done (Time = 0.00s, Memory = 7.5K)
Checking Rule SGDC_abstract_port14 (Rule 53 of total 414) .... done (Time = 0.00s, Memory = 1.6K)
Checking Rule SGDC_abstract_port15 (Rule 54 of total 414) .... done (Time = 0.00s, Memory = 0.0K)
Checking Rule SGDC_abstract_port18 (Rule 55 of total 414) .... done (Time = 0.00s, Memory = -6.7K)
Checking Rule SDC2SGDC_INFO (Rule 56 of total 414) .... done (Time = 0.00s, Memory = 83.0K)
Checking Rule SDC_ParamSanityCheck (Rule 57 of total 414) .... done (Time = 0.00s, Memory = 0.0K)
Checking Rule SDC_Sanity_Rule (Rule 58 of total 414)SDC-file translator read from path : /home/synopsys/SpyGlass-L2016.06/SPYGLASS_HOME/auxi/sdcparser
 .... done (Time = 0.00s, Memory = 0.0K)
Checking Rule sdc_init_rule (Rule 59 of total 414) .... done (Time = 0.03s, Memory = 4.2K)
Checking Rule CMD_ignorelibs01 (Rule 60 of total 414) .... done (Time = 0.00s, Memory = 0.0K)
Checking Rule ReportRuleNotRun (Rule 61 of total 414) .... done (Time = 0.01s, Memory = 0.0K)
Checking Rule SGDC_generated_clock03 (Rule 62 of total 414) .... done (Time = 0.00s, Memory = 0.0K)
Checking Rule SGDC_generated_clock04 (Rule 63 of total 414) .... done (Time = 0.00s, Memory = 11.9K)
Checking Rule SGDC_generated_clock05 (Rule 64 of total 414) .... done (Time = 0.00s, Memory = 0.0K)
Checking Rule SGDC_quasi_static_style02 (Rule 65 of total 414) .... done (Time = 0.00s, Memory = 8.1K)
Checking Rule SGDC_syncresetstyle01 (Rule 66 of total 414) .... done (Time = 0.00s, Memory = 0.0K)
Checking Rule SGDC_network_allowed_cells01 (Rule 67 of total 414) .... done (Time = 0.00s, Memory = 22.6K)
Checking Rule SGDC_numflops01 (Rule 68 of total 414) .... done (Time = 0.00s, Memory = -8.0K)
Checking Rule SGDC_numflops07 (Rule 69 of total 414) .... done (Time = 0.00s, Memory = 0.0K)
Checking Rule SGDC_numflops08 (Rule 70 of total 414) .... done (Time = 0.00s, Memory = -26.8K)
Checking Rule SGDC_numflops09 (Rule 71 of total 414) .... done (Time = 0.00s, Memory = 7.5K)
Checking Rule SGDC_clocksense04 (Rule 72 of total 414) .... done (Time = 0.00s, Memory = 0.0K)
Checking Rule SGDC_check_clock_relation05a (Rule 73 of total 414) .... done (Time = 0.00s, Memory = 0.0K)
Checking Rule SGDC_check_clock_relation05b (Rule 74 of total 414) .... done (Time = 0.00s, Memory = -3.9K)
Checking Rule SGDC_sync_cell08a (Rule 75 of total 414) .... done (Time = 0.00s, Memory = 45.0K)
Checking Rule SGDC_sync_cell09a (Rule 76 of total 414) .... done (Time = 0.00s, Memory = 16.7K)
Checking Rule SGDC_qualifier06 (Rule 77 of total 414) .... done (Time = 0.00s, Memory = 4.0K)
Checking Rule SGDC_cdc_waive03 (Rule 78 of total 414) .... done (Time = 0.00s, Memory = -5.9K)
Checking Rule SGDC_qualifier09 (Rule 79 of total 414) .... done (Time = 0.00s, Memory = 0.5K)
Checking Rule SGDC_qualifier15 (Rule 80 of total 414) .... done (Time = 0.00s, Memory = 0.9K)
Checking Rule SGDC_allow_combo_logic01 (Rule 81 of total 414) .... done (Time = 0.00s, Memory = 0.0K)
Checking Rule SGDC_reset_filter_path01 (Rule 82 of total 414) .... done (Time = 0.00s, Memory = 0.0K)
Checking Rule SGDC_cdc_false_path05 (Rule 83 of total 414) .... done (Time = 0.00s, Memory = 7.5K)
Checking Rule Param_clockreset05 (Rule 84 of total 414) .... done (Time = 0.00s, Memory = 0.0K)
Checking Rule Ac_sanity01 (Rule 85 of total 414) .... done (Time = 0.00s, Memory = 0.0K)
Checking Rule Ac_sanity06 (Rule 86 of total 414) .... done (Time = 0.00s, Memory = 0.0K)
Checking Rule Ac_license01 (Rule 87 of total 414) .... done (Time = 0.00s, Memory = 0.0K)
Checking Rule SGDC_reset_synchronizer07 (Rule 88 of total 414) .... done (Time = 0.00s, Memory = -25.1K)
 Reading waiver file "./spyglass-1/cdc/cdc_verify_struct/spyglass_spysch/waiver/pragma2Waiver.swl" ...
 Reading included SGDC file "./spyglass-1/cdc/cdc_verify_struct/spyglass_spysch/waiver/pragma2Waiver_varfile.swl" ....
Checking Rule ReportStopSummary (Rule 89 of total 414) .... done (Time = 0.00s, Memory = 0.0K)
Checking Rule ReportIgnoreSummary (Rule 90 of total 414) .... done (Time = 0.00s, Memory = 0.0K)

INFO [235]    Restoring design database from directory './spyglass-1/.SG_SaveRestoreDB/autogenerated__default_snapshot' ...
              done

Checking Rule InferBlackBox (Rule 91 of total 414) .... done (Time = 0.00s, Memory = 0.0K)
Checking Rule SGDC_waive37 (Rule 92 of total 414) .... done (Time = 0.00s, Memory = 0.0K)
Checking Rule SGDC_waive24 (Rule 93 of total 414) .... done (Time = 0.00s, Memory = 0.0K)
Checking Rule SGDC_waive25 (Rule 94 of total 414) .... done (Time = 0.00s, Memory = 0.0K)
Checking Rule SGDC_waive31 (Rule 95 of total 414) .... done (Time = 0.00s, Memory = 0.0K)
Checking Rule SGDC_waive35 (Rule 96 of total 414) .... done (Time = 0.00s, Memory = 0.0K)
Checking Rule ReportSglibSummary (Rule 97 of total 414) .... done (Time = 0.00s, Memory = 0.0K)
Checking Rule DetectTopDesignUnits (Rule 98 of total 414)
 Detected 1 top level design units:
     SYSTEM_TOP
 .... done (Time = 0.00s, Memory = -3.5K)
Checking Rule GenerateConfMap (Rule 99 of total 414) .... done (Time = 0.00s, Memory = 0.3K)
Checking Rule Pragma_setupa for module Pulse_Gen (Rule 100 of total 414) .... done (Time = 0.00s, Memory = 0.0K)
Checking Rule SDC2SGDCPARSE for module Pulse_Gen (Rule 101 of total 414) .... done (Time = 0.00s, Memory = 0.0K)
Checking Rule Pragma_setupa for module DF_SYNC (Rule 100 of total 414) .... done (Time = 0.00s, Memory = 0.0K)
Checking Rule SDC2SGDCPARSE for module DF_SYNC (Rule 101 of total 414) .... done (Time = 0.00s, Memory = 0.0K)
Checking Rule Pragma_setupa for module FIFO_MEM_CNTRL (Rule 100 of total 414) .... done (Time = 0.00s, Memory = 0.0K)
Checking Rule SDC2SGDCPARSE for module FIFO_MEM_CNTRL (Rule 101 of total 414) .... done (Time = 0.00s, Memory = 0.0K)
Checking Rule Pragma_setupa for module FIFO_WR (Rule 100 of total 414) .... done (Time = 0.00s, Memory = 0.0K)
Checking Rule SDC2SGDCPARSE for module FIFO_WR (Rule 101 of total 414) .... done (Time = 0.00s, Memory = 0.0K)
Checking Rule Pragma_setupa for module FIFO_RD (Rule 100 of total 414) .... done (Time = 0.00s, Memory = 0.0K)
Checking Rule SDC2SGDCPARSE for module FIFO_RD (Rule 101 of total 414) .... done (Time = 0.00s, Memory = 0.0K)
Checking Rule Pragma_setupa for module ASYNC_FIFO (Rule 100 of total 414) .... done (Time = 0.00s, Memory = 0.0K)
Checking Rule SDC2SGDCPARSE for module ASYNC_FIFO (Rule 101 of total 414) .... done (Time = 0.00s, Memory = 0.0K)
Checking Rule Pragma_setupa for module ALU (Rule 100 of total 414) .... done (Time = 0.00s, Memory = 0.0K)
Checking Rule SDC2SGDCPARSE for module ALU (Rule 101 of total 414) .... done (Time = 0.00s, Memory = 0.0K)
Checking Rule Pragma_setupa for module CLK_GATE (Rule 100 of total 414) .... done (Time = 0.00s, Memory = 0.0K)
Checking Rule SDC2SGDCPARSE for module CLK_GATE (Rule 101 of total 414) .... done (Time = 0.00s, Memory = 0.0K)
Checking Rule Pragma_setupa for module regfile (Rule 100 of total 414) .... done (Time = 0.00s, Memory = 0.0K)
Checking Rule SDC2SGDCPARSE for module regfile (Rule 101 of total 414) .... done (Time = 0.00s, Memory = 0.0K)
Checking Rule Pragma_setupa for module SYS_CTRL (Rule 100 of total 414) .... done (Time = 0.00s, Memory = 0.0K)
Checking Rule SDC2SGDCPARSE for module SYS_CTRL (Rule 101 of total 414) .... done (Time = 0.00s, Memory = 0.0K)
Checking Rule Pragma_setupa for module DATA_SYNC (Rule 100 of total 414) .... done (Time = 0.00s, Memory = 0.0K)
Checking Rule SDC2SGDCPARSE for module DATA_SYNC (Rule 101 of total 414) .... done (Time = 0.00s, Memory = 0.0K)
Checking Rule Pragma_setupa for module FSM_RX (Rule 100 of total 414) .... done (Time = 0.00s, Memory = 0.0K)
Checking Rule SDC2SGDCPARSE for module FSM_RX (Rule 101 of total 414) .... done (Time = 0.00s, Memory = 0.0K)
Checking Rule Pragma_setupa for module edge_bit_counter (Rule 100 of total 414) .... done (Time = 0.00s, Memory = 0.0K)
Checking Rule SDC2SGDCPARSE for module edge_bit_counter (Rule 101 of total 414) .... done (Time = 0.00s, Memory = 0.0K)
Checking Rule Pragma_setupa for module deserializer (Rule 100 of total 414) .... done (Time = 0.00s, Memory = 0.0K)
Checking Rule SDC2SGDCPARSE for module deserializer (Rule 101 of total 414) .... done (Time = 0.00s, Memory = 0.0K)
Checking Rule Pragma_setupa for module data_sampling (Rule 100 of total 414) .... done (Time = 0.00s, Memory = 0.0K)
Checking Rule SDC2SGDCPARSE for module data_sampling (Rule 101 of total 414) .... done (Time = 0.00s, Memory = 0.0K)
Checking Rule Pragma_setupa for module stop_checker (Rule 100 of total 414) .... done (Time = 0.00s, Memory = 0.0K)
Checking Rule SDC2SGDCPARSE for module stop_checker (Rule 101 of total 414) .... done (Time = 0.00s, Memory = 0.0K)
Checking Rule Pragma_setupa for module strt_checker (Rule 100 of total 414) .... done (Time = 0.00s, Memory = 0.0K)
Checking Rule SDC2SGDCPARSE for module strt_checker (Rule 101 of total 414) .... done (Time = 0.00s, Memory = 0.0K)
Checking Rule Pragma_setupa for module parity_checker (Rule 100 of total 414) .... done (Time = 0.00s, Memory = 0.0K)
Checking Rule SDC2SGDCPARSE for module parity_checker (Rule 101 of total 414) .... done (Time = 0.00s, Memory = 0.0K)
Checking Rule Pragma_setupa for module UART_RX (Rule 100 of total 414) .... done (Time = 0.00s, Memory = 0.0K)
Checking Rule SDC2SGDCPARSE for module UART_RX (Rule 101 of total 414) .... done (Time = 0.00s, Memory = 0.0K)
Checking Rule Pragma_setupa for module FSM_TX (Rule 100 of total 414) .... done (Time = 0.00s, Memory = 0.0K)
Checking Rule SDC2SGDCPARSE for module FSM_TX (Rule 101 of total 414) .... done (Time = 0.00s, Memory = 0.0K)
Checking Rule Pragma_setupa for module Serializer (Rule 100 of total 414) .... done (Time = 0.00s, Memory = 0.0K)
Checking Rule SDC2SGDCPARSE for module Serializer (Rule 101 of total 414) .... done (Time = 0.00s, Memory = 0.0K)
Checking Rule Pragma_setupa for module Parity_Calc (Rule 100 of total 414) .... done (Time = 0.00s, Memory = 0.0K)
Checking Rule SDC2SGDCPARSE for module Parity_Calc (Rule 101 of total 414) .... done (Time = 0.00s, Memory = 0.0K)
Checking Rule Pragma_setupa for module MUX (Rule 100 of total 414) .... done (Time = 0.00s, Memory = 0.0K)
Checking Rule SDC2SGDCPARSE for module MUX (Rule 101 of total 414) .... done (Time = 0.00s, Memory = 0.0K)
Checking Rule Pragma_setupa for module UART_TX (Rule 100 of total 414) .... done (Time = 0.00s, Memory = 0.0K)
Checking Rule SDC2SGDCPARSE for module UART_TX (Rule 101 of total 414) .... done (Time = 0.00s, Memory = 0.0K)
Checking Rule Pragma_setupa for module UART (Rule 100 of total 414) .... done (Time = 0.00s, Memory = 0.0K)
Checking Rule SDC2SGDCPARSE for module UART (Rule 101 of total 414) .... done (Time = 0.00s, Memory = 0.0K)
Checking Rule Pragma_setupa for module RST_SYNC (Rule 100 of total 414) .... done (Time = 0.00s, Memory = 0.0K)
Checking Rule SDC2SGDCPARSE for module RST_SYNC (Rule 101 of total 414) .... done (Time = 0.00s, Memory = 0.0K)
Checking Rule Pragma_setupa for module CLK_DIV (Rule 100 of total 414) .... done (Time = 0.00s, Memory = 0.0K)
Checking Rule SDC2SGDCPARSE for module CLK_DIV (Rule 101 of total 414) .... done (Time = 0.00s, Memory = 0.0K)
Checking Rule Pragma_setupa for module prescale_mux (Rule 100 of total 414) .... done (Time = 0.00s, Memory = 0.0K)
Checking Rule SDC2SGDCPARSE for module prescale_mux (Rule 101 of total 414) .... done (Time = 0.00s, Memory = 0.0K)
Checking Rule Pragma_setupa for module SYSTEM_TOP (Rule 100 of total 414) .... done (Time = 0.00s, Memory = 0.0K)
Checking Rule SDC2SGDCPARSE for module SYSTEM_TOP (Rule 101 of total 414) .... done (Time = 0.00s, Memory = 0.0K)
Performing semantic checks on SGDC contents
Checking Rule SGDC_testmode03 (Rule 102 of total 414) .... done (Time = 0.00s, Memory = 0.0K)
Checking Rule Pragma_setupb (Rule 103 of total 414) .... done (Time = 0.00s, Memory = -0.9K)
Checking Rule _vhMeta01 (Rule 104 of total 414) .... done (Time = 0.00s, Memory = 8.0K)
Checking Rule _meta_delay01 (Rule 105 of total 414) .... done (Time = 0.00s, Memory = 0.0K)
Checking Rule CheckCelldefine (Rule 106 of total 414) .... done (Time = 0.00s, Memory = 0.0K)
Checking Rule checkSGDC_01 (Rule 107 of total 414) .... done (Time = 0.00s, Memory = -1.4K)
Checking Rule checkSGDC_03 (Rule 108 of total 414) .... done (Time = 0.00s, Memory = 0.0K)
Checking Rule checkSGDC_08 (Rule 109 of total 414) .... done (Time = 0.00s, Memory = 0.0K)
Checking Rule SGDC_memorywritepin04 (Rule 110 of total 414) .... done (Time = 0.00s, Memory = 7.5K)
Checking Rule SGDC_reset02 (Rule 111 of total 414) .... done (Time = 0.00s, Memory = 8.4K)
Checking Rule SGDC_reset03 (Rule 112 of total 414) .... done (Time = 0.00s, Memory = 0.0K)
Checking Rule SGDC_waive23 (Rule 113 of total 414) .... done (Time = 0.00s, Memory = 0.0K)
Checking Rule SGDC_waive26 (Rule 114 of total 414) .... done (Time = 0.00s, Memory = 0.3K)
Checking Rule SGDC_waive27 (Rule 115 of total 414) .... done (Time = 0.00s, Memory = 0.0K)
Checking Rule SGDC_waive29 (Rule 116 of total 414) .... done (Time = 0.00s, Memory = 0.0K)
Checking Rule SGDC_libgroup03 (Rule 117 of total 414) .... done (Time = 0.00s, Memory = 0.0K)
Checking Rule SGDC_ungroup02 (Rule 118 of total 414) .... done (Time = 0.00s, Memory = -1.0K)
Checking Rule _abstractPortSGDC (Rule 119 of total 414) .... done (Time = 0.00s, Memory = 38.1K)
Checking Rule SGDC_abstract_port03 (Rule 120 of total 414) .... done (Time = 0.00s, Memory = 0.0K)
Checking Rule SGDC_abstract_port04 (Rule 121 of total 414) .... done (Time = 0.00s, Memory = 4.0K)
Checking Rule SGDC_abstract_port05 (Rule 122 of total 414) .... done (Time = 0.00s, Memory = 8.0K)
Checking Rule SGDC_abstract_port07 (Rule 123 of total 414) .... done (Time = 0.00s, Memory = -7.6K)
Checking Rule SGDC_abstract_port08 (Rule 124 of total 414) .... done (Time = 0.00s, Memory = -4.0K)
Checking Rule SGDC_abstract_port10 (Rule 125 of total 414) .... done (Time = 0.00s, Memory = 0.0K)
Checking Rule SGDC_abstract_port11 (Rule 126 of total 414) .... done (Time = 0.00s, Memory = 0.0K)
Checking Rule SGDC_abstract_port12 (Rule 127 of total 414) .... done (Time = 0.00s, Memory = 0.0K)
Checking Rule SGDC_abstract_port13 (Rule 128 of total 414) .... done (Time = 0.00s, Memory = 0.0K)
Checking Rule SGDC_sdcschema01 (Rule 129 of total 414) .... done (Time = 0.00s, Memory = -32.0K)
Checking Rule _cdc_save_license01 (Rule 130 of total 414) .... done (Time = 0.00s, Memory = -28.7K)
Checking Rule syncRstReq (Rule 131 of total 414) .... done (Time = 0.00s, Memory = 0.0K)
Checking Rule syncRstReq (Rule 132 of total 414) .... done (Time = 0.00s, Memory = 0.0K)
Checking Rule _syncResetStyleRTL (Rule 133 of total 414) .... done (Time = 0.00s, Memory = 0.0K)
Checking Rule _deltaDelay (Rule 134 of total 414) .... done (Time = 0.00s, Memory = 0.0K)
Checking Rule _deltaDelay (Rule 135 of total 414) .... done (Time = 0.00s, Memory = 0.0K)
Checking Rule _deltaDelayNom (Rule 136 of total 414) .... done (Time = 0.00s, Memory = 0.0K)
Checking Rule Ac_multitop01 (Rule 137 of total 414) .... done (Time = 0.00s, Memory = 1.6K)
Checking Rule AcOvlRtl (Rule 138 of total 414) .... done (Time = 0.00s, Memory = 4.7K)
Checking Rule AcOvlRtl (Rule 139 of total 414) .... done (Time = 0.00s, Memory = 0.9K)
Checking Rule Ac_svasetup01 (Rule 140 of total 414) .... done (Time = 0.00s, Memory = 32.0K)
Checking Rule ReportUngroup (Rule 141 of total 414) .... done (Time = 0.00s, Memory = -8.0K)
Checking Rule SGDC_allow_combo_logic02 (Rule 142 of total 414) .... done (Time = 0.00s, Memory = -4.0K)
Checking Rule _portRetenClocknReset (Rule 143 of total 414) .... done (Time = 0.00s, Memory = 0.0K)
Checking Rule _portReten (Rule 144 of total 414) .... done (Time = 0.00s, Memory = -1.5K)
Checking Rule SGDC_meta_design_hier01 (Rule 145 of total 414) .... done (Time = 0.00s, Memory = 0.0K)
Checking Rule LP_POWERDATA_INFO (Rule 146 of total 414) .... done (Time = 0.00s, Memory = 0.0K)
Checking Rule SGDC_abstract_port21 (Rule 147 of total 414) .... done (Time = 0.00s, Memory = 0.0K)
Checking Rule SDC2SGDC_WRN01 (Rule 148 of total 414) .... done (Time = 0.00s, Memory = 0.0K)
Checking Rule SDC2SGDC_STX01 (Rule 149 of total 414) .... done (Time = 0.00s, Memory = 0.0K)
Checking Rule SGDC_input02 (Rule 150 of total 414) .... done (Time = 0.00s, Memory = 0.0K)
Checking Rule SGDC_input03 (Rule 151 of total 414) .... done (Time = 0.00s, Memory = 0.0K)
Checking Rule SGDC_output02 (Rule 152 of total 414) .... done (Time = 0.00s, Memory = 0.0K)
Checking Rule SGDC_output04 (Rule 153 of total 414) .... done (Time = 0.00s, Memory = 0.0K)
Checking Rule SGDC_numflops03a (Rule 154 of total 414) .... done (Time = 0.00s, Memory = 0.8K)
Checking Rule SGDC_numflops03b (Rule 155 of total 414) .... done (Time = 0.00s, Memory = 0.0K)
Checking Rule SGDC_numflops12 (Rule 156 of total 414) .... done (Time = 0.00s, Memory = 0.0K)
Checking Rule SGDC_sync_cell02b (Rule 157 of total 414) .... done (Time = 0.00s, Memory = 0.0K)
Checking Rule SGDC_sync_cell11 (Rule 158 of total 414) .... done (Time = 0.00s, Memory = 0.0K)
Checking Rule SGDC_qualifier02c (Rule 159 of total 414) .... done (Time = 0.00s, Memory = 0.0K)
Checking Rule SGDC_qualifier03c (Rule 160 of total 414) .... done (Time = 0.00s, Memory = 8.0K)
Checking Rule LPwrRulesSetup (Rule 161 of total 414) .... done (Time = 0.00s, Memory = 0.0K)
 Flattening SYSTEM_TOP ....
 Flattening completed
Checking Rule Domain_Conflict01 (Rule 162 of total 414) .... done (Time = 0.00s, Memory = 0.6K)
Checking Rule Domain_Matrix01 (Rule 163 of total 414) .... done (Time = 0.00s, Memory = -0.3K)
Checking Rule Domain_Missing01 (Rule 164 of total 414) .... done (Time = 0.00s, Memory = 0.0K)
Checking Rule SDC_Mapping01 (Rule 165 of total 414) .... done (Time = 0.00s, Memory = 11.8K)
Checking Rule SDC2SGDCPARSEW (Rule 166 of total 414)
AtrDomain: Inferring Clock Domains...CLOCK_STA mode..Done. (Time Taken=0s)
AtrDomain: Generating Clock Domain Reports...Done. (Time Taken=0s)
 .... done (Time = 0.01s, Memory = 52.2K)
 Flattening SYSTEM_TOP (.lib instances separately flattened) ....
 Flattening completed
Checking Rule SGDC_quasi_static_style01 (Rule 167 of total 414) .... done (Time = 0.00s, Memory = -0.2K)
Checking Rule SignalTypeSetup (Rule 168 of total 414) .... done (Time = 0.00s, Memory = 8.0K)
Checking Rule _allowInst (Rule 169 of total 414) .... done (Time = 0.00s, Memory = 0.0K)
Checking Rule _ipblock (Rule 170 of total 414) .... done (Time = 0.00s, Memory = 0.0K)
Checking Rule _rstSyncCellInst (Rule 171 of total 414) .... done (Time = 0.00s, Memory = 0.4K)
Checking Rule _syncCellDelayedQualifier (Rule 172 of total 414) .... done (Time = 0.00s, Memory = 0.0K)
Checking Rule _repeaterCellInst (Rule 173 of total 414) .... done (Time = 0.00s, Memory = 0.0K)
Checking Rule _abstract_port (Rule 174 of total 414) .... done (Time = 0.00s, Memory = 25.5K)
Checking Rule Clock_setup02 (Rule 175 of total 414) .... done (Time = 0.00s, Memory = -8.5K)
Checking Rule Clockmatrix01 (Rule 176 of total 414) .... done (Time = 0.00s, Memory = 0.0K)
Checking Rule Clock_prop (Rule 177 of total 414) .... done (Time = 0.00s, Memory = 628.9K)
Checking Rule Reset_prop (Rule 178 of total 414) .... done (Time = 0.00s, Memory = 55.2K)
Checking Rule SGDC_generated_clock06 (Rule 179 of total 414) .... done (Time = 0.00s, Memory = 0.0K)
Checking Rule Propagate_Clocks (Rule 180 of total 414) .... done (Time = 0.01s, Memory = 376.3K)
Checking Rule _syncreset_prop (Rule 181 of total 414) .... done (Time = 0.00s, Memory = 8.8K)
Checking Rule _syncc (Rule 182 of total 414) .... done (Time = 0.00s, Memory = -10.5K)
Checking Rule _syncb (Rule 183 of total 414) .... done (Time = 0.00s, Memory = 5.4K)
Checking Rule _resetPathCross (Rule 184 of total 414) .... done (Time = 0.00s, Memory = 0.0K)
Checking Rule FalsePathSetup (Rule 185 of total 414) .... done (Time = 0.00s, Memory = 0.0K)
Checking Rule _fifo01 (Rule 186 of total 414) .... done (Time = 0.00s, Memory = 0.0K)
Checking Rule _syncfifo (Rule 187 of total 414) .... done (Time = 0.00s, Memory = 0.0K)
Checking Rule _syncUDfifo (Rule 188 of total 414) .... done (Time = 0.00s, Memory = 0.8K)
Checking Rule _syncdw (Rule 189 of total 414) .... done (Time = 0.00s, Memory = 22.2K)
Checking Rule _syncd (Rule 190 of total 414) .... done (Time = 0.00s, Memory = -5.2K)
Checking Rule _syncg (Rule 191 of total 414) .... done (Time = 0.00s, Memory = 10.8K)
Checking Rule _sync_clock (Rule 192 of total 414) .... done (Time = 0.00s, Memory = 0.0K)
Checking Rule _sync_gp (Rule 193 of total 414) .... done (Time = 0.00s, Memory = 0.0K)
Checking Rule _sync_and (Rule 194 of total 414) .... done (Time = 0.00s, Memory = 1.8K)
Checking Rule _synci (Rule 195 of total 414) .... done (Time = 0.00s, Memory = 0.0K)
Checking Rule _sync_qualifier (Rule 196 of total 414) .... done (Time = 0.00s, Memory = -0.2K)
Checking Rule SGDC_fifo11 (Rule 197 of total 414) .... done (Time = 0.00s, Memory = -0.5K)
Checking Rule SGDC_fifo12 (Rule 198 of total 414) .... done (Time = 0.00s, Memory = -0.9K)
Checking Rule SGDC_fifo13 (Rule 199 of total 414) .... done (Time = 0.00s, Memory = 0.0K)
Checking Rule SGDC_fifo14 (Rule 200 of total 414) .... done (Time = 0.00s, Memory = 0.0K)
Checking Rule Gen_diff01 (Rule 201 of total 414) .... done (Time = 0.00s, Memory = 0.0K)
Checking Rule _debugData (Rule 202 of total 414) .... done (Time = 0.00s, Memory = 72.9K)
Checking Rule Ac_Sync_Init (Rule 203 of total 414) .... done (Time = 0.01s, Memory = 512.1K)
Checking Rule _propagate_cdcAttrib (Rule 204 of total 414) .... done (Time = 0.00s, Memory = 5.3K)
Checking Rule Ar_Cross_Init (Rule 205 of total 414) .... done (Time = 0.00s, Memory = 0.0K)
Checking Rule SGDC_cdc_define_transition01 (Rule 206 of total 414) .... done (Time = 0.00s, Memory = 0.0K)
Checking Rule UPF_lowpower08PR (Rule 207 of total 414) .... done (Time = 0.00s, Memory = 1.6K)
Checking Rule UPF_lowpower08 (Rule 208 of total 414) .... done (Time = 0.00s, Memory = 4.7K)
Checking Rule Setup_check01 (Rule 209 of total 414) .... done (Time = 0.00s, Memory = -0.4K)
Checking Rule Setup_check02 (Rule 210 of total 414) .... done (Time = 0.00s, Memory = 0.0K)
Checking Rule Info_Case_Analysis (Rule 211 of total 414) .... done (Time = 0.01s, Memory = -28.7K)
Checking Rule SGDC_set_case_analysis_LC (Rule 212 of total 414) .... done (Time = 0.00s, Memory = 75.5K)
Checking Rule Setup_quasi_static01 (Rule 213 of total 414) .... done (Time = 0.00s, Memory = 57.6K)
Checking Rule SGDC_signal_in_domain02 (Rule 214 of total 414) .... done (Time = 0.00s, Memory = 0.0K)
Checking Rule SGDC_signal_in_domain04 (Rule 215 of total 414) .... done (Time = 0.00s, Memory = 0.0K)
Checking Rule SGDC_numflops03c (Rule 216 of total 414) .... done (Time = 0.00s, Memory = 0.0K)
Checking Rule SGDC_numflops04 (Rule 217 of total 414) .... done (Time = 0.00s, Memory = 0.0K)
Checking Rule SGDC_numflops05 (Rule 218 of total 414) .... done (Time = 0.00s, Memory = 0.0K)
Checking Rule SGDC_numflops06 (Rule 219 of total 414) .... done (Time = 0.00s, Memory = 0.0K)
Checking Rule SGDC_numflops11 (Rule 220 of total 414) .... done (Time = 0.00s, Memory = 0.0K)
Checking Rule SGDC_numflops13 (Rule 221 of total 414) .... done (Time = 0.00s, Memory = -0.2K)
Checking Rule SGDC_numflops14 (Rule 222 of total 414) .... done (Time = 0.00s, Memory = -0.7K)
Checking Rule SGDC_clocksense02 (Rule 223 of total 414) .... done (Time = 0.00s, Memory = -0.8K)
Checking Rule SGDC_clocksense03 (Rule 224 of total 414) .... done (Time = 0.00s, Memory = -0.3K)
Checking Rule SGDC_sgclkgroup01 (Rule 225 of total 414) .... done (Time = 0.00s, Memory = -0.4K)
Checking Rule SGDC_sgclkgroup02 (Rule 226 of total 414) .... done (Time = 0.00s, Memory = 0.0K)
Checking Rule SGDC_sgclkgroup03 (Rule 227 of total 414) .... done (Time = 0.00s, Memory = -1.0K)
Checking Rule SGDC_check_clock_relation01a (Rule 228 of total 414) .... done (Time = 0.00s, Memory = 0.0K)
Checking Rule SGDC_check_clock_relation01b (Rule 229 of total 414) .... done (Time = 0.00s, Memory = 0.0K)
Checking Rule SGDC_check_clock_relation01c (Rule 230 of total 414) .... done (Time = 0.00s, Memory = 0.0K)
Checking Rule SGDC_check_clock_relation02a (Rule 231 of total 414) .... done (Time = 0.00s, Memory = 0.0K)
Checking Rule SGDC_check_clock_relation02b (Rule 232 of total 414) .... done (Time = 0.00s, Memory = 0.0K)
Checking Rule SGDC_check_clock_relation02c (Rule 233 of total 414) .... done (Time = 0.00s, Memory = 0.0K)
Checking Rule SGDC_check_clock_relation03b (Rule 234 of total 414) .... done (Time = 0.00s, Memory = 0.0K)
Checking Rule SGDC_check_clock_relation04b (Rule 235 of total 414) .... done (Time = 0.00s, Memory = 0.0K)
Checking Rule CheckClockRelationSetup (Rule 236 of total 414) .... done (Time = 0.00s, Memory = 4.0K)
Checking Rule SGDC_gray_signals01 (Rule 237 of total 414) .... done (Time = 0.00s, Memory = 0.0K)
Checking Rule SGDC_gray_signals02 (Rule 238 of total 414) .... done (Time = 0.00s, Memory = 8.0K)
Checking Rule SGDC_gray_signals03 (Rule 239 of total 414) .... done (Time = 0.00s, Memory = -20.1K)
Checking Rule SGDC_qualifier02a (Rule 240 of total 414) .... done (Time = 0.00s, Memory = 0.0K)
Checking Rule SGDC_qualifier03a (Rule 241 of total 414) .... done (Time = 0.00s, Memory = -2.5K)
Checking Rule SGDC_qualifier04 (Rule 242 of total 414) .... done (Time = 0.00s, Memory = 0.0K)
Checking Rule SGDC_qualifier05 (Rule 243 of total 414) .... done (Time = 0.00s, Memory = 0.0K)
Checking Rule SGDC_qualifier08 (Rule 244 of total 414) .... done (Time = 0.00s, Memory = -11.4K)
Checking Rule QualifierSetup (Rule 245 of total 414) .... done (Time = 0.00s, Memory = -0.5K)
Checking Rule ResetSynchronizerSetup (Rule 246 of total 414) .... done (Time = 0.00s, Memory = 0.0K)
Checking Rule SGDC_validation_filter_path03 (Rule 247 of total 414) .... done (Time = 0.00s, Memory = 0.0K)
Checking Rule SGDC_qualifier10 (Rule 248 of total 414) .... done (Time = 0.00s, Memory = 8.0K)
Checking Rule SGDC_qualifier11 (Rule 249 of total 414) .... done (Time = 0.00s, Memory = 0.0K)
Checking Rule SGDC_qualifier12 (Rule 250 of total 414) .... done (Time = 0.00s, Memory = 0.0K)
Checking Rule SGDC_qualifier13 (Rule 251 of total 414) .... done (Time = 0.00s, Memory = 0.0K)
Checking Rule SGDC_qualifier14 (Rule 252 of total 414) .... done (Time = 0.00s, Memory = 0.0K)
Checking Rule SGDC_qualifier16 (Rule 253 of total 414) .... done (Time = 0.00s, Memory = -1.5K)
Checking Rule SGDC_qualifier18 (Rule 254 of total 414) .... done (Time = 0.00s, Memory = -32.3K)
Checking Rule SGDC_qualifier19a (Rule 255 of total 414) .... done (Time = 0.00s, Memory = 15.8K)
Checking Rule SGDC_qualifier19b (Rule 256 of total 414) .... done (Time = 0.00s, Memory = 0.0K)
Checking Rule SGDC_qualifier19c (Rule 257 of total 414) .... done (Time = 0.00s, Memory = 0.0K)
Checking Rule SGDC_qualifier20b (Rule 258 of total 414) .... done (Time = 0.00s, Memory = 96.0K)
Checking Rule SGDC_qualifier21 (Rule 259 of total 414) .... done (Time = 0.00s, Memory = -0.8K)
Checking Rule SGDC_qualifier22 (Rule 260 of total 414) .... done (Time = 0.00s, Memory = -0.9K)
Checking Rule SGDC_qualifier23 (Rule 261 of total 414) .... done (Time = 0.00s, Memory = -4.0K)
Checking Rule SGDC_virtualclock01 (Rule 262 of total 414) .... done (Time = 0.00s, Memory = -1.5K)
Checking Rule SGDC_virtualreset01 (Rule 263 of total 414) .... done (Time = 0.00s, Memory = 0.4K)
Checking Rule SGDC_abstract_port19 (Rule 264 of total 414) .... done (Time = 0.00s, Memory = 0.0K)
Checking Rule SGDC_abstract_port20 (Rule 265 of total 414) .... done (Time = 0.00s, Memory = 0.0K)
Checking Rule RFPSetup (Rule 266 of total 414) .... done (Time = 0.00s, Memory = 0.0K)
Checking Rule SGDC_reset_filter_path02a (Rule 267 of total 414) .... done (Time = 0.00s, Memory = 0.0K)
Checking Rule SGDC_reset_filter_path02b (Rule 268 of total 414) .... done (Time = 0.00s, Memory = 0.0K)
Checking Rule SGDC_reset_filter_path02c (Rule 269 of total 414) .... done (Time = 0.00s, Memory = 0.0K)
Checking Rule SGDC_reset_filter_path03a (Rule 270 of total 414) .... done (Time = 0.00s, Memory = -6.0K)
Checking Rule SGDC_reset_filter_path03b (Rule 271 of total 414) .... done (Time = 0.00s, Memory = 24.0K)
Checking Rule SGDC_reset_filter_path03c (Rule 272 of total 414) .... done (Time = 0.00s, Memory = 1.6K)
Checking Rule SGDC_reset_filter_path04b (Rule 273 of total 414) .... done (Time = 0.00s, Memory = 8.0K)
Checking Rule SGDC_reset_filter_path07a (Rule 274 of total 414) .... done (Time = 0.00s, Memory = 0.0K)
Checking Rule SGDC_reset_filter_path07b (Rule 275 of total 414) .... done (Time = 0.00s, Memory = -8.0K)
Checking Rule SGDC_reset_filter_path07c (Rule 276 of total 414) .... done (Time = 0.00s, Memory = -0.4K)
Checking Rule SGDC_define_reset_order03 (Rule 277 of total 414) .... done (Time = 0.00s, Memory = 0.0K)
Checking Rule SGDC_define_reset_order04 (Rule 278 of total 414) .... done (Time = 0.00s, Memory = 0.0K)
Checking Rule SGDC_define_reset_order05 (Rule 279 of total 414) .... done (Time = 0.00s, Memory = 1024.0K)
Checking Rule SGDC_cdc_false_path06 (Rule 280 of total 414) .... done (Time = 0.00s, Memory = 0.0K)
Checking Rule SGDC_cdc_false_path07 (Rule 281 of total 414) .... done (Time = 0.00s, Memory = 0.0K)
Checking Rule SGDC_cdc_false_path08 (Rule 282 of total 414) .... done (Time = 0.00s, Memory = 0.0K)
Checking Rule CDCSet_License01 (Rule 283 of total 414) .... done (Time = 0.00s, Memory = 0.0K)
Checking Rule Clock_info03a (Rule 284 of total 414) .... done (Time = 0.00s, Memory = 1.1K)
Checking Rule Clock_info03b (Rule 285 of total 414) .... done (Time = 0.01s, Memory = -551.8K)
Checking Rule Clock_info03c (Rule 286 of total 414) .... done (Time = 0.00s, Memory = 0.0K)
Checking Rule Ac_coherency06 (Rule 287 of total 414) .... done (Time = 0.00s, Memory = 33.8K)
Checking Rule Ac_unsync01 (Rule 288 of total 414) .... done (Time = 0.00s, Memory = 0.0K)
Checking Rule Ac_unsync02 (Rule 289 of total 414) .... done (Time = 0.00s, Memory = -24.0K)
Checking Rule Ac_sync01 (Rule 290 of total 414) .... done (Time = 0.00s, Memory = -34.8K)
Checking Rule Ac_sync02 (Rule 291 of total 414) .... done (Time = 0.00s, Memory = 0.0K)
Checking Rule Ac_crossing01 (Rule 292 of total 414) .... done (Time = 0.00s, Memory = -43.3K)
Checking Rule Propagate_Resets (Rule 293 of total 414) .... done (Time = 0.00s, Memory = -1.5K)
Checking Rule _reset_sync (Rule 294 of total 414) .... done (Time = 0.00s, Memory = 0.0K)
Checking Rule Setup_port01 (Rule 295 of total 414) .... done (Time = 0.00s, Memory = 0.0K)
Checking Rule Setup_blackbox01 (Rule 296 of total 414) .... done (Time = 0.00s, Memory = 0.0K)
Checking Rule Setup_library01 (Rule 297 of total 414) .... done (Time = 0.00s, Memory = 0.0K)
Checking Rule Reset_check11 (Rule 298 of total 414) .... done (Time = 0.01s, Memory = -5.8K)
Checking Rule Reset_info09a (Rule 299 of total 414) .... done (Time = 0.00s, Memory = 0.0K)
Checking Rule Clock_sync05 (Rule 300 of total 414) .... done (Time = 0.00s, Memory = 0.0K)
Checking Rule Clock_sync06 (Rule 301 of total 414) .... done (Time = 0.00s, Memory = 0.0K)
Checking Rule Clock_info02 (Rule 302 of total 414) .... done (Time = 0.00s, Memory = -10.8K)
Checking Rule Reset_info02 (Rule 303 of total 414) .... done (Time = 0.01s, Memory = -24.1K)
Checking Rule Clock_info05 (Rule 304 of total 414) .... done (Time = 0.00s, Memory = -14.0K)
Checking Rule Clock_info05b (Rule 305 of total 414) .... done (Time = 0.00s, Memory = 0.0K)
Checking Rule Reset_check03 (Rule 306 of total 414) .... done (Time = 0.00s, Memory = 9.1K)
Checking Rule _clkWrapModules (Rule 307 of total 414) .... done (Time = 0.00s, Memory = 0.5K)
Checking Rule _clock_hier_rules (Rule 308 of total 414) .... done (Time = 0.00s, Memory = 0.0K)
Checking Rule Reset_check12 (Rule 309 of total 414) .... done (Time = 0.01s, Memory = 45.0K)
Checking Rule Ar_sync_init (Rule 310 of total 414) .... done (Time = 0.01s, Memory = -25.1K)
Checking Rule _constrCoverage (Rule 311 of total 414) .... done (Time = 0.00s, Memory = 18.0K)
Checking Rule Clock_info15 (Rule 312 of total 414) .... done (Time = 0.00s, Memory = 0.7K)
Checking Rule Reset_check10 (Rule 313 of total 414) .... done (Time = 0.01s, Memory = 23.7K)
Checking Rule Reset_sync02 (Rule 314 of total 414) .... done (Time = 0.00s, Memory = 2.0K)
Checking Rule SGDC_clockreset02 (Rule 315 of total 414) .... done (Time = 0.00s, Memory = 0.0K)
Checking Rule Param_clockreset02 (Rule 316 of total 414) .... done (Time = 0.00s, Memory = 0.0K)
Checking Rule Param_clockreset04 (Rule 317 of total 414) .... done (Time = 0.00s, Memory = 0.0K)
Checking Rule Setup_clockreset01 (Rule 318 of total 414) .... done (Time = 0.00s, Memory = 0.0K)
Checking Rule Clock_check07 (Rule 319 of total 414) .... done (Time = 0.00s, Memory = 0.0K)
Checking Rule Clock_check10 (Rule 320 of total 414) .... done (Time = 0.00s, Memory = 0.0K)
Checking Rule Reset_check08 (Rule 321 of total 414) .... done (Time = 0.00s, Memory = 0.0K)
Checking Rule Clock_converge01 (Rule 322 of total 414) .... done (Time = 0.00s, Memory = 0.0K)
Checking Rule Ar_converge01 (Rule 323 of total 414) .... done (Time = 0.00s, Memory = 0.8K)
Checking Rule SGDC_noclockcell_start01 (Rule 324 of total 414) .... done (Time = 0.00s, Memory = 0.0K)
Checking Rule Ac_initseq01 (Rule 325 of total 414) .... done (Time = 0.00s, Memory = 0.0K)
Checking Rule Ac_init01 (Rule 326 of total 414) .... done (Time = 0.00s, Memory = 0.4K)
Checking Rule _ac_Auxi01 (Rule 327 of total 414) .... done (Time = 0.00s, Memory = 0.0K)
Checking Rule Ac_sanity02 (Rule 328 of total 414) .... done (Time = 0.00s, Memory = 0.0K)
Checking Rule _glitch_init (Rule 329 of total 414) .... done (Time = 0.00s, Memory = 2.1K)
Checking Rule Ac_initstate01 (Rule 330 of total 414) .... done (Time = 0.00s, Memory = 0.0K)
Checking Rule Ac_conv02 (Rule 331 of total 414) .... done (Time = 0.01s, Memory = -5.2K)
Checking Rule Ac_conv02setup01 (Rule 332 of total 414) .... done (Time = 0.00s, Memory = 8.0K)
Checking Rule Ac_conv01 (Rule 333 of total 414) .... done (Time = 0.01s, Memory = -49.8K)
Checking Rule Ac_conv03 (Rule 334 of total 414) .... done (Time = 0.00s, Memory = 2.0K)
Checking Rule Ac_conv04 (Rule 335 of total 414) .... done (Time = 0.00s, Memory = 5.7K)
Checking Rule Ac_abs01 (Rule 336 of total 414) .... done (Time = 0.00s, Memory = 0.0K)
Checking Rule Ac_glitch03 (Rule 337 of total 414) .... done (Time = 0.00s, Memory = 0.0K)
Checking Rule Ac_clockperiod01 (Rule 338 of total 414) .... done (Time = 0.00s, Memory = 0.0K)
Checking Rule Ac_clockperiod02 (Rule 339 of total 414) .... done (Time = 0.00s, Memory = -1.2K)
Checking Rule Ac_clockperiod03 (Rule 340 of total 414) .... done (Time = 0.00s, Memory = 0.0K)
Checking Rule Ac_report01 (Rule 341 of total 414) .... done (Time = 0.00s, Memory = 0.0K)
Checking Rule AllowComboLogicSetup (Rule 342 of total 414) .... done (Time = 0.00s, Memory = 0.0K)
Checking Rule Ac_resetvalue01 (Rule 343 of total 414) .... done (Time = 0.00s, Memory = -22.4K)
Checking Rule Ac_abstract_validation01 (Rule 344 of total 414) .... done (Time = 0.00s, Memory = 16.5K)
Checking Rule SGDC_abstract_mapping01 (Rule 345 of total 414) .... done (Time = 0.00s, Memory = 0.0K)
Checking Rule Ac_upfsetup02 (Rule 346 of total 414) .... done (Time = 0.00s, Memory = 5.5K)
Checking Rule Ac_upfsetup01 (Rule 347 of total 414) .... done (Time = 0.00s, Memory = 0.0K)
Checking Rule Ac_psync_init (Rule 348 of total 414) .... done (Time = 0.00s, Memory = -0.1K)
Checking Rule Ac_psetup01 (Rule 349 of total 414) .... done (Time = 0.00s, Memory = 0.0K)
Checking Rule Clock_exit01 (Rule 350 of total 414) .... done (Time = 0.00s, Memory = 0.0K)
Checking Rule SGDC_reset_synchronizer02 (Rule 351 of total 414) .... done (Time = 0.00s, Memory = 0.0K)
Checking Rule SGDC_reset_synchronizer04 (Rule 352 of total 414) .... done (Time = 0.00s, Memory = 0.0K)
Checking Rule SGDC_reset_synchronizer06 (Rule 353 of total 414) .... done (Time = 0.00s, Memory = 0.0K)
Checking Rule SGDC_reset_synchronizer08 (Rule 354 of total 414) .... done (Time = 0.00s, Memory = 0.0K)
Checking Rule SGDC_reset_synchronizer10 (Rule 355 of total 414) .... done (Time = 0.00s, Memory = 0.0K)
Checking Rule AnalyzeBBox (Rule 356 of total 414) .... done (Time = 0.00s, Memory = 0.0K)
Checking Rule ReportCheckDataSummary (Rule 357 of total 414) .... done (Time = 0.00s, Memory = 0.0K)

Generating data for Console...

SpyGlass Rule Checking Complete.

Generating moresimple report from './spyglass-1/cdc/cdc_verify_struct/spyglass.vdb' to './spyglass-1/cdc/cdc_verify_struct/spyglass_reports/moresimple.rpt' ....

Generating runsummary report from './spyglass-1/cdc/cdc_verify_struct/spyglass.vdb' ....

Generating no_msg_reporting_rules report from './spyglass-1/cdc/cdc_verify_struct/spyglass.vdb' to './spyglass-1/cdc/cdc_verify_struct/spyglass_reports/no_msg_reporting_rules.rpt' ....

Generating CDC-report report from './spyglass-1/cdc/cdc_verify_struct/spyglass.vdb' to './spyglass-1/cdc/cdc_verify_struct/spyglass_reports/CDC-report.rpt' ....

Generating CKSGDCInfo report from './spyglass-1/cdc/cdc_verify_struct/spyglass.vdb' to './spyglass-1/cdc/cdc_verify_struct/spyglass_reports/CKSGDCInfo.rpt' ....

Generating RSTree report from './spyglass-1/cdc/cdc_verify_struct/spyglass.vdb' to './spyglass-1/cdc/cdc_verify_struct/spyglass_reports/RSTree.rpt' ....

Generating CKTree report from './spyglass-1/cdc/cdc_verify_struct/spyglass.vdb' to './spyglass-1/cdc/cdc_verify_struct/spyglass_reports/CKTree.rpt' ....

Generating waiver report from './spyglass-1/cdc/cdc_verify_struct/spyglass.vdb' to './spyglass-1/cdc/cdc_verify_struct/spyglass_reports/waiver.rpt' ....

Policy specific data (reports) are present in the directory './spyglass-1/cdc/cdc_verify_struct/spyglass_reports'.

SpyGlass critical reports for the current run are present in directory './spyglass-1/consolidated_reports/cdc_cdc_verify_struct/'.

---------------------------------------------------------------------------------------------
Results Summary:
---------------------------------------------------------------------------------------------
   Goal Run           :      cdc/cdc_verify_struct
   Command-line read  :      0 error,      0 warning,      0 information message 
   Design Read        :      0 error,      0 warning,      6 information messages
      Found 1 top module:
         SYSTEM_TOP   (file: /home/ICer/IC/Projects/System/rtl/SYSTEM_TOP.v)

   Blackbox Resolution:      0 error,      0 warning,      0 information message 
   SGDC Checks        :      0 error,      0 warning,      1 information message 
** Policy clock-reset :     12 errors,     1 warning,     28 information messages
   -------------------------------------------------------------------------------------
   Total              :     12 errors,     1 warning,     35 information messages

  Total Number of Generated Messages     :        48 (12 errors, 1 warning, 35 Infos)
  Number of Reported Messages            :        48 (12 errors, 1 warning, 35 Infos)

  NOTE: It is recommended to first fix/reconcile fatals/errors reported on
        lines starting with ** as subsequent issues might be related to it.
        Please re-run SpyGlass once ** prefixed lines are fatal/error clean.

---------------------------------------------------------------------------------------------


run_goal: info: updating spyglass.log with goal summary
run_goal: info: spyglass.log successfully updated with goal summary
0 {Rule-checking completed with errors}
INFO:    SpyGlass will run goal(s) 'cdc/cdc_verify_struct'.


 Auto-compiling gates libraries

        "../std_cells/scmetro_tsmc_cl013g_rvt_ff_1p32v_m40c.lib"
        "../std_cells/scmetro_tsmc_cl013g_rvt_ss_1p08v_125c.lib"
        "../std_cells/scmetro_tsmc_cl013g_rvt_tt_1p2v_25c.lib"
    to
        "./spyglass-1/spyglass_cache/autogenerated_sglib/aggregate.sglib" ...already compiled

 Using this already compiled sglib for the current run ...

RULE-CHECKING IN MIXED MODE
Loading spyglass (SpyGlass_vL-2016.06) ... (picked from /home/synopsys/SpyGlass-L2016.06/SPYGLASS_HOME/policies/spyglass)
Loading clock-reset (SpyGlass_vL-2016.06) ... (picked from /home/synopsys/SpyGlass-L2016.06/SPYGLASS_HOME/policies/clock)
 Reading sgdc file "SYSTEM_TOP.sgdc" ...
Performing unification checks on SGDC... done
Reading specified sglib files(s) ....
   Processing library: 'scmetro_tsmc_cl013g_rvt_ff_1p32v_m40c' .... done
   Processing library: 'scmetro_tsmc_cl013g_rvt_ss_1p08v_125c' .... done
   Processing library: 'scmetro_tsmc_cl013g_rvt_tt_1p2v_25c' .... done
Checking Rule AutoGenerateSglib (Rule 1 of total 414) .... done (Time = 0.00s, Memory = -11.2K)

INFO [76]    Using `./spyglass-1/WORK/64' as the Work Directory for 64bit precompiled dump.
Checking Rule Param_clockreset07 (Rule 2 of total 414) .... done (Time = 0.00s, Memory = 0.0K)
Checking Rule Clock_setup01 (Rule 3 of total 414) .... done (Time = 0.00s, Memory = 43.1K)
Checking Rule Param_clockreset06 (Rule 4 of total 414) .... done (Time = 0.00s, Memory = 0.0K)
Checking Rule SGDC_meta_monitor_attributes01 (Rule 5 of total 414) .... done (Time = 0.00s, Memory = 0.0K)
Checking Rule LP_POWERDATA_CHECK (Rule 6 of total 414) .... done (Time = 0.00s, Memory = 0.0K)
Checking Rule LP_POWERDATA_READ (Rule 7 of total 414) .... done (Time = 0.00s, Memory = 0.0K)
Checking Rule PrecompileLibCheck01 (Rule 8 of total 414) .... done (Time = 0.00s, Memory = 0.0K)
Checking Rule PrecompileLibCheck02 (Rule 9 of total 414) .... done (Time = 0.00s, Memory = 0.0K)
Checking Rule PrecompileLibCheck03 (Rule 10 of total 414) .... done (Time = 0.00s, Memory = 0.0K)
Checking Rule PrecompileLibCheck04 (Rule 11 of total 414) .... done (Time = 0.00s, Memory = 0.0K)
Checking Rule ElabSummary (Rule 12 of total 414) .... done (Time = 0.01s, Memory = 0.0K)
Checking Rule ReportSglibVersionSummary (Rule 13 of total 414) .... done (Time = 0.00s, Memory = 24.0K)
Checking Rule SGDC_assume_path01 (Rule 14 of total 414) .... done (Time = 0.00s, Memory = 4.0K)
Checking Rule SGDC_sdcschema02 (Rule 15 of total 414) .... done (Time = 0.00s, Memory = 0.0K)
Checking Rule SGDC_clock05 (Rule 16 of total 414) .... done (Time = 0.00s, Memory = 33.5K)
Checking Rule SGDC_clock09 (Rule 17 of total 414) .... done (Time = 0.00s, Memory = 0.0K)
Checking Rule SGDC_force_ta05 (Rule 18 of total 414) .... done (Time = 0.00s, Memory = 0.0K)
Checking Rule SGDC_require_path03 (Rule 19 of total 414) .... done (Time = 0.00s, Memory = 0.0K)
Checking Rule SGDC_require_value03 (Rule 20 of total 414) .... done (Time = 0.00s, Memory = -0.9K)
Checking Rule SGDC_voltagedomain05 (Rule 21 of total 414) .... done (Time = 0.00s, Memory = 0.0K)
Checking Rule SGDC_voltagedomain06 (Rule 22 of total 414) .... done (Time = 0.00s, Memory = 0.0K)
Checking Rule SGDC_voltagedomain07 (Rule 23 of total 414) .... done (Time = 0.00s, Memory = -7.9K)
Checking Rule SGDC_powerdomainoutputs02 (Rule 24 of total 414) .... done (Time = 0.00s, Memory = 0.0K)
Checking Rule SGDC_supply01 (Rule 25 of total 414) .... done (Time = 0.00s, Memory = -0.6K)
Checking Rule SGDC_waive01 (Rule 26 of total 414) .... done (Time = 0.00s, Memory = -0.3K)
Checking Rule SGDC_waive02 (Rule 27 of total 414) .... done (Time = 0.00s, Memory = -0.8K)
Checking Rule SGDC_waive03 (Rule 28 of total 414) .... done (Time = 0.00s, Memory = 0.0K)
Checking Rule SGDC_waive04 (Rule 29 of total 414) .... done (Time = 0.00s, Memory = 0.0K)
Checking Rule SGDC_waive05 (Rule 30 of total 414) .... done (Time = 0.00s, Memory = -0.4K)
Checking Rule SGDC_waive06 (Rule 31 of total 414) .... done (Time = 0.00s, Memory = -32.0K)
Checking Rule SGDC_waive07 (Rule 32 of total 414) .... done (Time = 0.00s, Memory = 8.0K)
Checking Rule SGDC_waive08 (Rule 33 of total 414) .... done (Time = 0.00s, Memory = 0.0K)
Checking Rule SGDC_waive09 (Rule 34 of total 414) .... done (Time = 0.00s, Memory = 0.0K)
Checking Rule SGDC_waive10 (Rule 35 of total 414) .... done (Time = 0.00s, Memory = 0.0K)
Checking Rule SGDC_waive11 (Rule 36 of total 414) .... done (Time = 0.00s, Memory = 0.0K)
Checking Rule SGDC_waive12 (Rule 37 of total 414) .... done (Time = 0.00s, Memory = 0.0K)
Checking Rule SGDC_waive13 (Rule 38 of total 414) .... done (Time = 0.00s, Memory = 0.0K)
Checking Rule SGDC_waive21 (Rule 39 of total 414) .... done (Time = 0.00s, Memory = 0.0K)
Checking Rule SGDC_waive22 (Rule 40 of total 414) .... done (Time = 0.00s, Memory = 0.0K)
Checking Rule SGDC_waive30 (Rule 41 of total 414) .... done (Time = 0.00s, Memory = -0.6K)
Checking Rule SGDC_waive32 (Rule 42 of total 414) .... done (Time = 0.00s, Memory = 0.0K)
Checking Rule SGDC_waive33 (Rule 43 of total 414) .... done (Time = 0.00s, Memory = 0.0K)
Checking Rule SGDC_waive36 (Rule 44 of total 414) .... done (Time = 0.00s, Memory = 18.5K)
Checking Rule SGDC_waive38 (Rule 45 of total 414) .... done (Time = 0.00s, Memory = 0.0K)
Checking Rule SGDC_fifo01 (Rule 46 of total 414) .... done (Time = 0.00s, Memory = 0.0K)
Checking Rule SGDC_libgroup01 (Rule 47 of total 414) .... done (Time = 0.00s, Memory = 0.0K)
Checking Rule SGDC_libgroup02 (Rule 48 of total 414) .... done (Time = 0.00s, Memory = -24.6K)
Checking Rule SGDC_libgroup04 (Rule 49 of total 414) .... done (Time = 0.00s, Memory = 0.0K)
Checking Rule SGDC_power_data01 (Rule 50 of total 414) .... done (Time = 0.00s, Memory = 0.0K)
Checking Rule SGDC_ungroup01 (Rule 51 of total 414) .... done (Time = 0.00s, Memory = 0.0K)
Checking Rule SGDC_abstract_port06 (Rule 52 of total 414) .... done (Time = 0.00s, Memory = 0.0K)
Checking Rule SGDC_abstract_port14 (Rule 53 of total 414) .... done (Time = 0.00s, Memory = 0.0K)
Checking Rule SGDC_abstract_port15 (Rule 54 of total 414) .... done (Time = 0.00s, Memory = 0.0K)
Checking Rule SGDC_abstract_port18 (Rule 55 of total 414) .... done (Time = 0.00s, Memory = 0.0K)
Checking Rule SDC2SGDC_INFO (Rule 56 of total 414) .... done (Time = 0.00s, Memory = 86.1K)
Checking Rule SDC_ParamSanityCheck (Rule 57 of total 414) .... done (Time = 0.00s, Memory = 0.0K)
Checking Rule SDC_Sanity_Rule (Rule 58 of total 414)SDC-file translator read from path : /home/synopsys/SpyGlass-L2016.06/SPYGLASS_HOME/auxi/sdcparser
 .... done (Time = 0.00s, Memory = -1.5K)
Checking Rule sdc_init_rule (Rule 59 of total 414) .... done (Time = 0.02s, Memory = -31.0K)
Checking Rule CMD_ignorelibs01 (Rule 60 of total 414) .... done (Time = 0.00s, Memory = 4.7K)
Checking Rule ReportRuleNotRun (Rule 61 of total 414) .... done (Time = 0.01s, Memory = 36.5K)
Checking Rule SGDC_generated_clock03 (Rule 62 of total 414) .... done (Time = 0.00s, Memory = 0.0K)
Checking Rule SGDC_generated_clock04 (Rule 63 of total 414) .... done (Time = 0.00s, Memory = 31.0K)
Checking Rule SGDC_generated_clock05 (Rule 64 of total 414) .... done (Time = 0.00s, Memory = -24.0K)
Checking Rule SGDC_quasi_static_style02 (Rule 65 of total 414) .... done (Time = 0.00s, Memory = 0.6K)
Checking Rule SGDC_syncresetstyle01 (Rule 66 of total 414) .... done (Time = 0.00s, Memory = 0.0K)
Checking Rule SGDC_network_allowed_cells01 (Rule 67 of total 414) .... done (Time = 0.00s, Memory = 15.0K)
Checking Rule SGDC_numflops01 (Rule 68 of total 414) .... done (Time = 0.00s, Memory = 0.0K)
Checking Rule SGDC_numflops07 (Rule 69 of total 414) .... done (Time = 0.00s, Memory = 0.0K)
Checking Rule SGDC_numflops08 (Rule 70 of total 414) .... done (Time = 0.00s, Memory = 16.0K)
Checking Rule SGDC_numflops09 (Rule 71 of total 414) .... done (Time = 0.00s, Memory = 0.0K)
Checking Rule SGDC_clocksense04 (Rule 72 of total 414) .... done (Time = 0.00s, Memory = 0.0K)
Checking Rule SGDC_check_clock_relation05a (Rule 73 of total 414) .... done (Time = 0.00s, Memory = 0.0K)
Checking Rule SGDC_check_clock_relation05b (Rule 74 of total 414) .... done (Time = 0.00s, Memory = 0.0K)
Checking Rule SGDC_sync_cell08a (Rule 75 of total 414) .... done (Time = 0.00s, Memory = -10.8K)
Checking Rule SGDC_sync_cell09a (Rule 76 of total 414) .... done (Time = 0.00s, Memory = 0.0K)
Checking Rule SGDC_qualifier06 (Rule 77 of total 414) .... done (Time = 0.00s, Memory = 0.0K)
Checking Rule SGDC_cdc_waive03 (Rule 78 of total 414) .... done (Time = 0.00s, Memory = 32.5K)
Checking Rule SGDC_qualifier09 (Rule 79 of total 414) .... done (Time = 0.00s, Memory = 0.5K)
Checking Rule SGDC_qualifier15 (Rule 80 of total 414) .... done (Time = 0.00s, Memory = 0.9K)
Checking Rule SGDC_allow_combo_logic01 (Rule 81 of total 414) .... done (Time = 0.00s, Memory = 0.8K)
Checking Rule SGDC_reset_filter_path01 (Rule 82 of total 414) .... done (Time = 0.00s, Memory = 0.0K)
Checking Rule SGDC_cdc_false_path05 (Rule 83 of total 414) .... done (Time = 0.00s, Memory = 0.0K)
Checking Rule Param_clockreset05 (Rule 84 of total 414) .... done (Time = 0.00s, Memory = 0.0K)
Checking Rule Ac_sanity01 (Rule 85 of total 414) .... done (Time = 0.00s, Memory = 0.0K)
Checking Rule Ac_sanity06 (Rule 86 of total 414) .... done (Time = 0.00s, Memory = 0.0K)
Checking Rule Ac_license01 (Rule 87 of total 414) .... done (Time = 0.00s, Memory = 17.8K)
Checking Rule SGDC_reset_synchronizer07 (Rule 88 of total 414) .... done (Time = 0.00s, Memory = 0.0K)
 Reading waiver file "./spyglass-1/cdc/cdc_verify_struct/spyglass_spysch/waiver/pragma2Waiver.swl" ...
 Reading included SGDC file "./spyglass-1/cdc/cdc_verify_struct/spyglass_spysch/waiver/pragma2Waiver_varfile.swl" ....
Checking Rule ReportStopSummary (Rule 89 of total 414) .... done (Time = 0.00s, Memory = 0.0K)
Checking Rule ReportIgnoreSummary (Rule 90 of total 414) .... done (Time = 0.00s, Memory = 0.0K)

INFO [235]    Restoring design database from directory './spyglass-1/.SG_SaveRestoreDB/autogenerated__default_snapshot' ...
              done

Checking Rule InferBlackBox (Rule 91 of total 414) .... done (Time = 0.00s, Memory = 0.0K)
Checking Rule SGDC_waive37 (Rule 92 of total 414) .... done (Time = 0.00s, Memory = 0.0K)
Checking Rule SGDC_waive24 (Rule 93 of total 414) .... done (Time = 0.00s, Memory = 0.0K)
Checking Rule SGDC_waive25 (Rule 94 of total 414) .... done (Time = 0.00s, Memory = 31.0K)
Checking Rule SGDC_waive31 (Rule 95 of total 414) .... done (Time = 0.00s, Memory = 0.0K)
Checking Rule SGDC_waive35 (Rule 96 of total 414) .... done (Time = 0.00s, Memory = 0.0K)
Checking Rule ReportSglibSummary (Rule 97 of total 414) .... done (Time = 0.00s, Memory = 0.0K)
Checking Rule DetectTopDesignUnits (Rule 98 of total 414)
 Detected 1 top level design units:
     SYSTEM_TOP
 .... done (Time = 0.00s, Memory = -3.0K)
Checking Rule GenerateConfMap (Rule 99 of total 414) .... done (Time = 0.00s, Memory = 0.0K)
Checking Rule Pragma_setupa for module Pulse_Gen (Rule 100 of total 414) .... done (Time = 0.00s, Memory = 0.0K)
Checking Rule SDC2SGDCPARSE for module Pulse_Gen (Rule 101 of total 414) .... done (Time = 0.00s, Memory = 0.0K)
Checking Rule Pragma_setupa for module DF_SYNC (Rule 100 of total 414) .... done (Time = 0.00s, Memory = 0.0K)
Checking Rule SDC2SGDCPARSE for module DF_SYNC (Rule 101 of total 414) .... done (Time = 0.00s, Memory = 0.0K)
Checking Rule Pragma_setupa for module FIFO_MEM_CNTRL (Rule 100 of total 414) .... done (Time = 0.00s, Memory = 0.0K)
Checking Rule SDC2SGDCPARSE for module FIFO_MEM_CNTRL (Rule 101 of total 414) .... done (Time = 0.00s, Memory = 0.0K)
Checking Rule Pragma_setupa for module FIFO_WR (Rule 100 of total 414) .... done (Time = 0.00s, Memory = 0.0K)
Checking Rule SDC2SGDCPARSE for module FIFO_WR (Rule 101 of total 414) .... done (Time = 0.00s, Memory = 0.0K)
Checking Rule Pragma_setupa for module FIFO_RD (Rule 100 of total 414) .... done (Time = 0.00s, Memory = 0.0K)
Checking Rule SDC2SGDCPARSE for module FIFO_RD (Rule 101 of total 414) .... done (Time = 0.00s, Memory = 0.0K)
Checking Rule Pragma_setupa for module ASYNC_FIFO (Rule 100 of total 414) .... done (Time = 0.00s, Memory = 0.0K)
Checking Rule SDC2SGDCPARSE for module ASYNC_FIFO (Rule 101 of total 414) .... done (Time = 0.00s, Memory = 0.0K)
Checking Rule Pragma_setupa for module ALU (Rule 100 of total 414) .... done (Time = 0.00s, Memory = 0.0K)
Checking Rule SDC2SGDCPARSE for module ALU (Rule 101 of total 414) .... done (Time = 0.00s, Memory = 0.0K)
Checking Rule Pragma_setupa for module CLK_GATE (Rule 100 of total 414) .... done (Time = 0.00s, Memory = 0.0K)
Checking Rule SDC2SGDCPARSE for module CLK_GATE (Rule 101 of total 414) .... done (Time = 0.00s, Memory = 0.0K)
Checking Rule Pragma_setupa for module regfile (Rule 100 of total 414) .... done (Time = 0.00s, Memory = 0.0K)
Checking Rule SDC2SGDCPARSE for module regfile (Rule 101 of total 414) .... done (Time = 0.00s, Memory = 0.0K)
Checking Rule Pragma_setupa for module SYS_CTRL (Rule 100 of total 414) .... done (Time = 0.00s, Memory = 0.0K)
Checking Rule SDC2SGDCPARSE for module SYS_CTRL (Rule 101 of total 414) .... done (Time = 0.00s, Memory = 0.0K)
Checking Rule Pragma_setupa for module DATA_SYNC (Rule 100 of total 414) .... done (Time = 0.00s, Memory = 0.0K)
Checking Rule SDC2SGDCPARSE for module DATA_SYNC (Rule 101 of total 414) .... done (Time = 0.00s, Memory = 0.0K)
Checking Rule Pragma_setupa for module FSM_RX (Rule 100 of total 414) .... done (Time = 0.00s, Memory = 0.0K)
Checking Rule SDC2SGDCPARSE for module FSM_RX (Rule 101 of total 414) .... done (Time = 0.00s, Memory = 0.0K)
Checking Rule Pragma_setupa for module edge_bit_counter (Rule 100 of total 414) .... done (Time = 0.00s, Memory = 0.0K)
Checking Rule SDC2SGDCPARSE for module edge_bit_counter (Rule 101 of total 414) .... done (Time = 0.00s, Memory = 0.0K)
Checking Rule Pragma_setupa for module deserializer (Rule 100 of total 414) .... done (Time = 0.00s, Memory = 0.0K)
Checking Rule SDC2SGDCPARSE for module deserializer (Rule 101 of total 414) .... done (Time = 0.00s, Memory = 0.0K)
Checking Rule Pragma_setupa for module data_sampling (Rule 100 of total 414) .... done (Time = 0.00s, Memory = 0.0K)
Checking Rule SDC2SGDCPARSE for module data_sampling (Rule 101 of total 414) .... done (Time = 0.00s, Memory = 0.0K)
Checking Rule Pragma_setupa for module stop_checker (Rule 100 of total 414) .... done (Time = 0.00s, Memory = 0.0K)
Checking Rule SDC2SGDCPARSE for module stop_checker (Rule 101 of total 414) .... done (Time = 0.00s, Memory = 0.0K)
Checking Rule Pragma_setupa for module strt_checker (Rule 100 of total 414) .... done (Time = 0.00s, Memory = 0.0K)
Checking Rule SDC2SGDCPARSE for module strt_checker (Rule 101 of total 414) .... done (Time = 0.00s, Memory = 0.0K)
Checking Rule Pragma_setupa for module parity_checker (Rule 100 of total 414) .... done (Time = 0.00s, Memory = 0.0K)
Checking Rule SDC2SGDCPARSE for module parity_checker (Rule 101 of total 414) .... done (Time = 0.00s, Memory = 0.0K)
Checking Rule Pragma_setupa for module UART_RX (Rule 100 of total 414) .... done (Time = 0.00s, Memory = 0.0K)
Checking Rule SDC2SGDCPARSE for module UART_RX (Rule 101 of total 414) .... done (Time = 0.00s, Memory = 0.0K)
Checking Rule Pragma_setupa for module FSM_TX (Rule 100 of total 414) .... done (Time = 0.00s, Memory = 0.0K)
Checking Rule SDC2SGDCPARSE for module FSM_TX (Rule 101 of total 414) .... done (Time = 0.00s, Memory = 0.0K)
Checking Rule Pragma_setupa for module Serializer (Rule 100 of total 414) .... done (Time = 0.00s, Memory = 0.0K)
Checking Rule SDC2SGDCPARSE for module Serializer (Rule 101 of total 414) .... done (Time = 0.00s, Memory = 0.0K)
Checking Rule Pragma_setupa for module Parity_Calc (Rule 100 of total 414) .... done (Time = 0.00s, Memory = 0.0K)
Checking Rule SDC2SGDCPARSE for module Parity_Calc (Rule 101 of total 414) .... done (Time = 0.00s, Memory = 0.0K)
Checking Rule Pragma_setupa for module MUX (Rule 100 of total 414) .... done (Time = 0.00s, Memory = 0.0K)
Checking Rule SDC2SGDCPARSE for module MUX (Rule 101 of total 414) .... done (Time = 0.00s, Memory = 0.0K)
Checking Rule Pragma_setupa for module UART_TX (Rule 100 of total 414) .... done (Time = 0.00s, Memory = 0.0K)
Checking Rule SDC2SGDCPARSE for module UART_TX (Rule 101 of total 414) .... done (Time = 0.00s, Memory = 0.0K)
Checking Rule Pragma_setupa for module UART (Rule 100 of total 414) .... done (Time = 0.00s, Memory = 0.0K)
Checking Rule SDC2SGDCPARSE for module UART (Rule 101 of total 414) .... done (Time = 0.00s, Memory = 0.0K)
Checking Rule Pragma_setupa for module RST_SYNC (Rule 100 of total 414) .... done (Time = 0.00s, Memory = 0.0K)
Checking Rule SDC2SGDCPARSE for module RST_SYNC (Rule 101 of total 414) .... done (Time = 0.00s, Memory = 0.0K)
Checking Rule Pragma_setupa for module CLK_DIV (Rule 100 of total 414) .... done (Time = 0.00s, Memory = 0.0K)
Checking Rule SDC2SGDCPARSE for module CLK_DIV (Rule 101 of total 414) .... done (Time = 0.00s, Memory = 0.0K)
Checking Rule Pragma_setupa for module prescale_mux (Rule 100 of total 414) .... done (Time = 0.00s, Memory = 0.0K)
Checking Rule SDC2SGDCPARSE for module prescale_mux (Rule 101 of total 414) .... done (Time = 0.00s, Memory = 0.0K)
Checking Rule Pragma_setupa for module SYSTEM_TOP (Rule 100 of total 414) .... done (Time = 0.00s, Memory = 0.0K)
Checking Rule SDC2SGDCPARSE for module SYSTEM_TOP (Rule 101 of total 414) .... done (Time = 0.00s, Memory = 0.0K)
Performing semantic checks on SGDC contents
Checking Rule SGDC_testmode03 (Rule 102 of total 414) .... done (Time = 0.00s, Memory = 0.0K)
Checking Rule Pragma_setupb (Rule 103 of total 414) .... done (Time = 0.00s, Memory = 32.0K)
Checking Rule _vhMeta01 (Rule 104 of total 414) .... done (Time = 0.00s, Memory = 8.5K)
Checking Rule _meta_delay01 (Rule 105 of total 414) .... done (Time = 0.00s, Memory = 0.0K)
Checking Rule CheckCelldefine (Rule 106 of total 414) .... done (Time = 0.00s, Memory = -8.0K)
Checking Rule checkSGDC_01 (Rule 107 of total 414) .... done (Time = 0.00s, Memory = 0.1K)
Checking Rule checkSGDC_03 (Rule 108 of total 414) .... done (Time = 0.00s, Memory = 0.0K)
Checking Rule checkSGDC_08 (Rule 109 of total 414) .... done (Time = 0.00s, Memory = -3.5K)
Checking Rule SGDC_memorywritepin04 (Rule 110 of total 414) .... done (Time = 0.00s, Memory = 11.9K)
Checking Rule SGDC_reset02 (Rule 111 of total 414) .... done (Time = 0.00s, Memory = 47.0K)
Checking Rule SGDC_reset03 (Rule 112 of total 414) .... done (Time = 0.00s, Memory = 0.0K)
Checking Rule SGDC_waive23 (Rule 113 of total 414) .... done (Time = 0.00s, Memory = -33.6K)
Checking Rule SGDC_waive26 (Rule 114 of total 414) .... done (Time = 0.00s, Memory = 0.2K)
Checking Rule SGDC_waive27 (Rule 115 of total 414) .... done (Time = 0.00s, Memory = 0.0K)
Checking Rule SGDC_waive29 (Rule 116 of total 414) .... done (Time = 0.00s, Memory = 31.0K)
Checking Rule SGDC_libgroup03 (Rule 117 of total 414) .... done (Time = 0.00s, Memory = 0.0K)
Checking Rule SGDC_ungroup02 (Rule 118 of total 414) .... done (Time = 0.00s, Memory = 0.0K)
Checking Rule _abstractPortSGDC (Rule 119 of total 414) .... done (Time = 0.00s, Memory = 3.4K)
Checking Rule SGDC_abstract_port03 (Rule 120 of total 414) .... done (Time = 0.00s, Memory = 0.0K)
Checking Rule SGDC_abstract_port04 (Rule 121 of total 414) .... done (Time = 0.00s, Memory = 0.0K)
Checking Rule SGDC_abstract_port05 (Rule 122 of total 414) .... done (Time = 0.00s, Memory = 0.9K)
Checking Rule SGDC_abstract_port07 (Rule 123 of total 414) .... done (Time = 0.00s, Memory = 3.9K)
Checking Rule SGDC_abstract_port08 (Rule 124 of total 414) .... done (Time = 0.00s, Memory = 0.0K)
Checking Rule SGDC_abstract_port10 (Rule 125 of total 414) .... done (Time = 0.00s, Memory = 8.0K)
Checking Rule SGDC_abstract_port11 (Rule 126 of total 414) .... done (Time = 0.00s, Memory = -24.0K)
Checking Rule SGDC_abstract_port12 (Rule 127 of total 414) .... done (Time = 0.00s, Memory = 0.0K)
Checking Rule SGDC_abstract_port13 (Rule 128 of total 414) .... done (Time = 0.00s, Memory = 18.6K)
Checking Rule SGDC_sdcschema01 (Rule 129 of total 414) .... done (Time = 0.00s, Memory = 8.0K)
Checking Rule _cdc_save_license01 (Rule 130 of total 414) .... done (Time = 0.00s, Memory = 0.4K)
Checking Rule syncRstReq (Rule 131 of total 414) .... done (Time = 0.00s, Memory = -0.7K)
Checking Rule syncRstReq (Rule 132 of total 414) .... done (Time = 0.00s, Memory = -32.0K)
Checking Rule _syncResetStyleRTL (Rule 133 of total 414) .... done (Time = 0.00s, Memory = 0.0K)
Checking Rule _deltaDelay (Rule 134 of total 414) .... done (Time = 0.00s, Memory = 0.7K)
Checking Rule _deltaDelay (Rule 135 of total 414) .... done (Time = 0.00s, Memory = 4.7K)
Checking Rule _deltaDelayNom (Rule 136 of total 414) .... done (Time = 0.00s, Memory = 0.0K)
Checking Rule Ac_multitop01 (Rule 137 of total 414) .... done (Time = 0.00s, Memory = 0.0K)
Checking Rule AcOvlRtl (Rule 138 of total 414) .... done (Time = 0.00s, Memory = 0.0K)
Checking Rule AcOvlRtl (Rule 139 of total 414) .... done (Time = 0.00s, Memory = 0.9K)
Checking Rule Ac_svasetup01 (Rule 140 of total 414) .... done (Time = 0.00s, Memory = 0.0K)
Checking Rule ReportUngroup (Rule 141 of total 414) .... done (Time = 0.00s, Memory = 0.0K)
Checking Rule SGDC_allow_combo_logic02 (Rule 142 of total 414) .... done (Time = 0.00s, Memory = 8.0K)
Checking Rule _portRetenClocknReset (Rule 143 of total 414) .... done (Time = 0.00s, Memory = 0.0K)
Checking Rule _portReten (Rule 144 of total 414) .... done (Time = 0.00s, Memory = 0.1K)
Checking Rule SGDC_meta_design_hier01 (Rule 145 of total 414) .... done (Time = 0.00s, Memory = 0.0K)
Checking Rule LP_POWERDATA_INFO (Rule 146 of total 414) .... done (Time = 0.00s, Memory = 0.0K)
Checking Rule SGDC_abstract_port21 (Rule 147 of total 414) .... done (Time = 0.00s, Memory = -1.8K)
Checking Rule SDC2SGDC_WRN01 (Rule 148 of total 414) .... done (Time = 0.00s, Memory = 0.0K)
Checking Rule SDC2SGDC_STX01 (Rule 149 of total 414) .... done (Time = 0.00s, Memory = 32.0K)
Checking Rule SGDC_input02 (Rule 150 of total 414) .... done (Time = 0.00s, Memory = -3.5K)
Checking Rule SGDC_input03 (Rule 151 of total 414) .... done (Time = 0.00s, Memory = 0.0K)
Checking Rule SGDC_output02 (Rule 152 of total 414) .... done (Time = 0.00s, Memory = 11.8K)
Checking Rule SGDC_output04 (Rule 153 of total 414) .... done (Time = 0.00s, Memory = 0.0K)
Checking Rule SGDC_numflops03a (Rule 154 of total 414) .... done (Time = 0.00s, Memory = 0.2K)
Checking Rule SGDC_numflops03b (Rule 155 of total 414) .... done (Time = 0.00s, Memory = 0.0K)
Checking Rule SGDC_numflops12 (Rule 156 of total 414) .... done (Time = 0.00s, Memory = 32.0K)
Checking Rule SGDC_sync_cell02b (Rule 157 of total 414) .... done (Time = 0.00s, Memory = -0.2K)
Checking Rule SGDC_sync_cell11 (Rule 158 of total 414) .... done (Time = 0.00s, Memory = -0.7K)
Checking Rule SGDC_qualifier02c (Rule 159 of total 414) .... done (Time = 0.00s, Memory = 0.0K)
Checking Rule SGDC_qualifier03c (Rule 160 of total 414) .... done (Time = 0.00s, Memory = 0.0K)
Checking Rule LPwrRulesSetup (Rule 161 of total 414) .... done (Time = 0.00s, Memory = 0.0K)
 Flattening SYSTEM_TOP ....
 Flattening completed
Checking Rule Domain_Conflict01 (Rule 162 of total 414) .... done (Time = 0.00s, Memory = 0.6K)
Checking Rule Domain_Matrix01 (Rule 163 of total 414) .... done (Time = 0.00s, Memory = -0.5K)
Checking Rule Domain_Missing01 (Rule 164 of total 414) .... done (Time = 0.00s, Memory = -0.7K)
Checking Rule SDC_Mapping01 (Rule 165 of total 414) .... done (Time = 0.00s, Memory = -0.0K)
Checking Rule SDC2SGDCPARSEW (Rule 166 of total 414)
AtrDomain: Inferring Clock Domains...CLOCK_STA mode..Done. (Time Taken=0s)
AtrDomain: Generating Clock Domain Reports...Done. (Time Taken=0s)
 .... done (Time = 0.00s, Memory = 83.6K)
 Flattening SYSTEM_TOP (.lib instances separately flattened) ....
 Flattening completed
Checking Rule SGDC_quasi_static_style01 (Rule 167 of total 414) .... done (Time = 0.00s, Memory = -0.5K)
Checking Rule SignalTypeSetup (Rule 168 of total 414) .... done (Time = 0.00s, Memory = 8.0K)
Checking Rule _allowInst (Rule 169 of total 414) .... done (Time = 0.00s, Memory = 0.0K)
Checking Rule _ipblock (Rule 170 of total 414) .... done (Time = 0.00s, Memory = 0.0K)
Checking Rule _rstSyncCellInst (Rule 171 of total 414) .... done (Time = 0.00s, Memory = 0.4K)
Checking Rule _syncCellDelayedQualifier (Rule 172 of total 414) .... done (Time = 0.00s, Memory = 0.0K)
Checking Rule _repeaterCellInst (Rule 173 of total 414) .... done (Time = 0.00s, Memory = 0.0K)
Checking Rule _abstract_port (Rule 174 of total 414) .... done (Time = 0.00s, Memory = 26.0K)
Checking Rule Clock_setup02 (Rule 175 of total 414) .... done (Time = 0.00s, Memory = 14.5K)
Checking Rule Clockmatrix01 (Rule 176 of total 414) .... done (Time = 0.00s, Memory = 0.0K)
Checking Rule Clock_prop (Rule 177 of total 414) .... done (Time = 0.00s, Memory = 619.1K)
Checking Rule Reset_prop (Rule 178 of total 414) .... done (Time = 0.00s, Memory = 81.7K)
Checking Rule SGDC_generated_clock06 (Rule 179 of total 414) .... done (Time = 0.00s, Memory = 0.0K)
Checking Rule Propagate_Clocks (Rule 180 of total 414) .... done (Time = 0.01s, Memory = 375.9K)
Checking Rule _syncreset_prop (Rule 181 of total 414) .... done (Time = 0.00s, Memory = 22.8K)
Checking Rule _syncc (Rule 182 of total 414) .... done (Time = 0.00s, Memory = 4.4K)
Checking Rule _syncb (Rule 183 of total 414) .... done (Time = 0.01s, Memory = 30.5K)
Checking Rule _resetPathCross (Rule 184 of total 414) .... done (Time = 0.00s, Memory = 0.0K)
Checking Rule FalsePathSetup (Rule 185 of total 414) .... done (Time = 0.00s, Memory = 0.0K)
Checking Rule _fifo01 (Rule 186 of total 414) .... done (Time = 0.00s, Memory = 0.0K)
Checking Rule _syncfifo (Rule 187 of total 414) .... done (Time = 0.00s, Memory = 0.0K)
Checking Rule _syncUDfifo (Rule 188 of total 414) .... done (Time = 0.00s, Memory = 0.4K)
Checking Rule _syncdw (Rule 189 of total 414) .... done (Time = 0.00s, Memory = 0.0K)
Checking Rule _syncd (Rule 190 of total 414) .... done (Time = 0.00s, Memory = -8.1K)
Checking Rule _syncg (Rule 191 of total 414) .... done (Time = 0.00s, Memory = -15.8K)
Checking Rule _sync_clock (Rule 192 of total 414) .... done (Time = 0.00s, Memory = 0.0K)
Checking Rule _sync_gp (Rule 193 of total 414) .... done (Time = 0.00s, Memory = 0.0K)
Checking Rule _sync_and (Rule 194 of total 414) .... done (Time = 0.00s, Memory = 0.0K)
Checking Rule _synci (Rule 195 of total 414) .... done (Time = 0.00s, Memory = 0.0K)
Checking Rule _sync_qualifier (Rule 196 of total 414) .... done (Time = 0.00s, Memory = 0.0K)
Checking Rule SGDC_fifo11 (Rule 197 of total 414) .... done (Time = 0.00s, Memory = 0.0K)
Checking Rule SGDC_fifo12 (Rule 198 of total 414) .... done (Time = 0.00s, Memory = 0.0K)
Checking Rule SGDC_fifo13 (Rule 199 of total 414) .... done (Time = 0.00s, Memory = -24.0K)
Checking Rule SGDC_fifo14 (Rule 200 of total 414) .... done (Time = 0.00s, Memory = 1024.0K)
Checking Rule Gen_diff01 (Rule 201 of total 414) .... done (Time = 0.00s, Memory = 1.6K)
Checking Rule _debugData (Rule 202 of total 414) .... done (Time = 0.00s, Memory = -449.5K)
Checking Rule Ac_Sync_Init (Rule 203 of total 414) .... done (Time = 0.04s, Memory = 509.1K)
Checking Rule _propagate_cdcAttrib (Rule 204 of total 414) .... done (Time = 0.00s, Memory = 5.6K)
Checking Rule Ar_Cross_Init (Rule 205 of total 414) .... done (Time = 0.00s, Memory = 0.0K)
Checking Rule SGDC_cdc_define_transition01 (Rule 206 of total 414) .... done (Time = 0.00s, Memory = 5.8K)
Checking Rule UPF_lowpower08PR (Rule 207 of total 414) .... done (Time = 0.00s, Memory = -0.5K)
Checking Rule UPF_lowpower08 (Rule 208 of total 414) .... done (Time = 0.00s, Memory = 0.0K)
Checking Rule Setup_check01 (Rule 209 of total 414) .... done (Time = 0.00s, Memory = -8.9K)
Checking Rule Setup_check02 (Rule 210 of total 414) .... done (Time = 0.00s, Memory = -11.2K)
Checking Rule Info_Case_Analysis (Rule 211 of total 414) .... done (Time = 0.01s, Memory = -23.0K)
Checking Rule SGDC_set_case_analysis_LC (Rule 212 of total 414) .... done (Time = 0.00s, Memory = 70.0K)
Checking Rule Setup_quasi_static01 (Rule 213 of total 414) .... done (Time = 0.00s, Memory = 58.9K)
Checking Rule SGDC_signal_in_domain02 (Rule 214 of total 414) .... done (Time = 0.00s, Memory = 8.0K)
Checking Rule SGDC_signal_in_domain04 (Rule 215 of total 414) .... done (Time = 0.00s, Memory = 0.0K)
Checking Rule SGDC_numflops03c (Rule 216 of total 414) .... done (Time = 0.00s, Memory = 0.0K)
Checking Rule SGDC_numflops04 (Rule 217 of total 414) .... done (Time = 0.00s, Memory = 0.0K)
Checking Rule SGDC_numflops05 (Rule 218 of total 414) .... done (Time = 0.00s, Memory = -32.0K)
Checking Rule SGDC_numflops06 (Rule 219 of total 414) .... done (Time = 0.00s, Memory = 0.0K)
Checking Rule SGDC_numflops11 (Rule 220 of total 414) .... done (Time = 0.00s, Memory = 3.9K)
Checking Rule SGDC_numflops13 (Rule 221 of total 414) .... done (Time = 0.00s, Memory = 0.0K)
Checking Rule SGDC_numflops14 (Rule 222 of total 414) .... done (Time = 0.00s, Memory = 0.0K)
Checking Rule SGDC_clocksense02 (Rule 223 of total 414) .... done (Time = 0.00s, Memory = 0.0K)
Checking Rule SGDC_clocksense03 (Rule 224 of total 414) .... done (Time = 0.00s, Memory = 0.0K)
Checking Rule SGDC_sgclkgroup01 (Rule 225 of total 414) .... done (Time = 0.00s, Memory = 0.0K)
Checking Rule SGDC_sgclkgroup02 (Rule 226 of total 414) .... done (Time = 0.00s, Memory = 0.0K)
Checking Rule SGDC_sgclkgroup03 (Rule 227 of total 414) .... done (Time = 0.00s, Memory = 23.8K)
Checking Rule SGDC_check_clock_relation01a (Rule 228 of total 414) .... done (Time = 0.00s, Memory = 8.0K)
Checking Rule SGDC_check_clock_relation01b (Rule 229 of total 414) .... done (Time = 0.00s, Memory = 0.0K)
Checking Rule SGDC_check_clock_relation01c (Rule 230 of total 414) .... done (Time = 0.00s, Memory = -24.0K)
Checking Rule SGDC_check_clock_relation02a (Rule 231 of total 414) .... done (Time = 0.00s, Memory = 4.0K)
Checking Rule SGDC_check_clock_relation02b (Rule 232 of total 414) .... done (Time = 0.00s, Memory = 0.0K)
Checking Rule SGDC_check_clock_relation02c (Rule 233 of total 414) .... done (Time = 0.00s, Memory = 0.0K)
Checking Rule SGDC_check_clock_relation03b (Rule 234 of total 414) .... done (Time = 0.00s, Memory = -3.2K)
Checking Rule SGDC_check_clock_relation04b (Rule 235 of total 414) .... done (Time = 0.00s, Memory = 5.8K)
Checking Rule CheckClockRelationSetup (Rule 236 of total 414) .... done (Time = 0.00s, Memory = -0.1K)
Checking Rule SGDC_gray_signals01 (Rule 237 of total 414) .... done (Time = 0.00s, Memory = 4.7K)
Checking Rule SGDC_gray_signals02 (Rule 238 of total 414) .... done (Time = 0.00s, Memory = 0.0K)
Checking Rule SGDC_gray_signals03 (Rule 239 of total 414) .... done (Time = 0.00s, Memory = -0.8K)
Checking Rule SGDC_qualifier02a (Rule 240 of total 414) .... done (Time = 0.00s, Memory = -0.6K)
Checking Rule SGDC_qualifier03a (Rule 241 of total 414) .... done (Time = 0.00s, Memory = -32.0K)
Checking Rule SGDC_qualifier04 (Rule 242 of total 414) .... done (Time = 0.00s, Memory = 32.0K)
Checking Rule SGDC_qualifier05 (Rule 243 of total 414) .... done (Time = 0.00s, Memory = -0.8K)
Checking Rule SGDC_qualifier08 (Rule 244 of total 414) .... done (Time = 0.00s, Memory = 0.0K)
Checking Rule QualifierSetup (Rule 245 of total 414) .... done (Time = 0.00s, Memory = 0.0K)
Checking Rule ResetSynchronizerSetup (Rule 246 of total 414) .... done (Time = 0.00s, Memory = 0.0K)
Checking Rule SGDC_validation_filter_path03 (Rule 247 of total 414) .... done (Time = 0.00s, Memory = 0.0K)
Checking Rule SGDC_qualifier10 (Rule 248 of total 414) .... done (Time = 0.00s, Memory = 0.0K)
Checking Rule SGDC_qualifier11 (Rule 249 of total 414) .... done (Time = 0.00s, Memory = 0.0K)
Checking Rule SGDC_qualifier12 (Rule 250 of total 414) .... done (Time = 0.00s, Memory = -3.1K)
Checking Rule SGDC_qualifier13 (Rule 251 of total 414) .... done (Time = 0.00s, Memory = 0.0K)
Checking Rule SGDC_qualifier14 (Rule 252 of total 414) .... done (Time = 0.00s, Memory = -1.4K)
Checking Rule SGDC_qualifier16 (Rule 253 of total 414) .... done (Time = 0.00s, Memory = -2.1K)
Checking Rule SGDC_qualifier18 (Rule 254 of total 414) .... done (Time = 0.00s, Memory = 0.0K)
Checking Rule SGDC_qualifier19a (Rule 255 of total 414) .... done (Time = 0.00s, Memory = 0.0K)
Checking Rule SGDC_qualifier19b (Rule 256 of total 414) .... done (Time = 0.00s, Memory = 0.0K)
Checking Rule SGDC_qualifier19c (Rule 257 of total 414) .... done (Time = 0.00s, Memory = 0.0K)
Checking Rule SGDC_qualifier20b (Rule 258 of total 414) .... done (Time = 0.00s, Memory = 0.0K)
Checking Rule SGDC_qualifier21 (Rule 259 of total 414) .... done (Time = 0.00s, Memory = 0.0K)
Checking Rule SGDC_qualifier22 (Rule 260 of total 414) .... done (Time = 0.00s, Memory = 0.0K)
Checking Rule SGDC_qualifier23 (Rule 261 of total 414) .... done (Time = 0.00s, Memory = 0.1K)
Checking Rule SGDC_virtualclock01 (Rule 262 of total 414) .... done (Time = 0.00s, Memory = 0.0K)
Checking Rule SGDC_virtualreset01 (Rule 263 of total 414) .... done (Time = 0.00s, Memory = 8.0K)
Checking Rule SGDC_abstract_port19 (Rule 264 of total 414) .... done (Time = 0.00s, Memory = 3.1K)
Checking Rule SGDC_abstract_port20 (Rule 265 of total 414) .... done (Time = 0.00s, Memory = 128.0K)
Checking Rule RFPSetup (Rule 266 of total 414) .... done (Time = 0.00s, Memory = -1.7K)
Checking Rule SGDC_reset_filter_path02a (Rule 267 of total 414) .... done (Time = 0.00s, Memory = 3.5K)
Checking Rule SGDC_reset_filter_path02b (Rule 268 of total 414) .... done (Time = 0.00s, Memory = 8.0K)
Checking Rule SGDC_reset_filter_path02c (Rule 269 of total 414) .... done (Time = 0.00s, Memory = 0.0K)
Checking Rule SGDC_reset_filter_path03a (Rule 270 of total 414) .... done (Time = 0.00s, Memory = 0.0K)
Checking Rule SGDC_reset_filter_path03b (Rule 271 of total 414) .... done (Time = 0.00s, Memory = -0.5K)
Checking Rule SGDC_reset_filter_path03c (Rule 272 of total 414) .... done (Time = 0.00s, Memory = 0.0K)
Checking Rule SGDC_reset_filter_path04b (Rule 273 of total 414) .... done (Time = 0.00s, Memory = 0.0K)
Checking Rule SGDC_reset_filter_path07a (Rule 274 of total 414) .... done (Time = 0.00s, Memory = 0.0K)
Checking Rule SGDC_reset_filter_path07b (Rule 275 of total 414) .... done (Time = 0.00s, Memory = 0.0K)
Checking Rule SGDC_reset_filter_path07c (Rule 276 of total 414) .... done (Time = 0.00s, Memory = 0.0K)
Checking Rule SGDC_define_reset_order03 (Rule 277 of total 414) .... done (Time = 0.00s, Memory = 29.0K)
Checking Rule SGDC_define_reset_order04 (Rule 278 of total 414) .... done (Time = 0.00s, Memory = -34.0K)
Checking Rule SGDC_define_reset_order05 (Rule 279 of total 414) .... done (Time = 0.00s, Memory = -2.5K)
Checking Rule SGDC_cdc_false_path06 (Rule 280 of total 414) .... done (Time = 0.00s, Memory = 0.0K)
Checking Rule SGDC_cdc_false_path07 (Rule 281 of total 414) .... done (Time = 0.00s, Memory = -3.5K)
Checking Rule SGDC_cdc_false_path08 (Rule 282 of total 414) .... done (Time = 0.00s, Memory = -36.0K)
Checking Rule CDCSet_License01 (Rule 283 of total 414) .... done (Time = 0.00s, Memory = 0.0K)
Checking Rule Clock_info03a (Rule 284 of total 414) .... done (Time = 0.00s, Memory = -0.3K)
Checking Rule Clock_info03b (Rule 285 of total 414) .... done (Time = 0.00s, Memory = -41.7K)
Checking Rule Clock_info03c (Rule 286 of total 414) .... done (Time = 0.00s, Memory = 0.0K)
Checking Rule Ac_coherency06 (Rule 287 of total 414) .... done (Time = 0.00s, Memory = -0.1K)
Checking Rule Ac_unsync01 (Rule 288 of total 414) .... done (Time = 0.00s, Memory = 0.0K)
Checking Rule Ac_unsync02 (Rule 289 of total 414) .... done (Time = 0.00s, Memory = 0.0K)
Checking Rule Ac_sync01 (Rule 290 of total 414) .... done (Time = 0.00s, Memory = 0.0K)
Checking Rule Ac_sync02 (Rule 291 of total 414) .... done (Time = 0.00s, Memory = 0.0K)
Checking Rule Ac_crossing01 (Rule 292 of total 414) .... done (Time = 0.00s, Memory = 22.0K)
Checking Rule Propagate_Resets (Rule 293 of total 414) .... done (Time = 0.00s, Memory = -8.6K)
Checking Rule _reset_sync (Rule 294 of total 414) .... done (Time = 0.00s, Memory = 0.0K)
Checking Rule Setup_port01 (Rule 295 of total 414) .... done (Time = 0.00s, Memory = -3.9K)
Checking Rule Setup_blackbox01 (Rule 296 of total 414) .... done (Time = 0.00s, Memory = 22.2K)
Checking Rule Setup_library01 (Rule 297 of total 414) .... done (Time = 0.00s, Memory = 0.6K)
Checking Rule Reset_check11 (Rule 298 of total 414) .... done (Time = 0.00s, Memory = -4.8K)
Checking Rule Reset_info09a (Rule 299 of total 414) .... done (Time = 0.00s, Memory = 0.0K)
Checking Rule Clock_sync05 (Rule 300 of total 414) .... done (Time = 0.00s, Memory = 0.0K)
Checking Rule Clock_sync06 (Rule 301 of total 414) .... done (Time = 0.00s, Memory = 0.0K)
Checking Rule Clock_info02 (Rule 302 of total 414) .... done (Time = 0.00s, Memory = -34.3K)
Checking Rule Reset_info02 (Rule 303 of total 414) .... done (Time = 0.00s, Memory = -1.8K)
Checking Rule Clock_info05 (Rule 304 of total 414) .... done (Time = 0.00s, Memory = 0.0K)
Checking Rule Clock_info05b (Rule 305 of total 414) .... done (Time = 0.00s, Memory = 0.0K)
Checking Rule Reset_check03 (Rule 306 of total 414) .... done (Time = 0.00s, Memory = 9.0K)
Checking Rule _clkWrapModules (Rule 307 of total 414) .... done (Time = 0.00s, Memory = 0.5K)
Checking Rule _clock_hier_rules (Rule 308 of total 414) .... done (Time = 0.00s, Memory = 0.0K)
Checking Rule Reset_check12 (Rule 309 of total 414) .... done (Time = 0.01s, Memory = 45.3K)
Checking Rule Ar_sync_init (Rule 310 of total 414) .... done (Time = 0.01s, Memory = -37.6K)
Checking Rule _constrCoverage (Rule 311 of total 414) .... done (Time = 0.00s, Memory = 17.4K)
Checking Rule Clock_info15 (Rule 312 of total 414) .... done (Time = 0.00s, Memory = 40.6K)
Checking Rule Reset_check10 (Rule 313 of total 414) .... done (Time = 0.00s, Memory = 9.5K)
Checking Rule Reset_sync02 (Rule 314 of total 414) .... done (Time = 0.00s, Memory = 20.7K)
Checking Rule SGDC_clockreset02 (Rule 315 of total 414) .... done (Time = 0.00s, Memory = 0.0K)
Checking Rule Param_clockreset02 (Rule 316 of total 414) .... done (Time = 0.00s, Memory = 0.0K)
Checking Rule Param_clockreset04 (Rule 317 of total 414) .... done (Time = 0.00s, Memory = 0.0K)
Checking Rule Setup_clockreset01 (Rule 318 of total 414) .... done (Time = 0.00s, Memory = 0.0K)
Checking Rule Clock_check07 (Rule 319 of total 414) .... done (Time = 0.00s, Memory = 0.0K)
Checking Rule Clock_check10 (Rule 320 of total 414) .... done (Time = 0.00s, Memory = 0.0K)
Checking Rule Reset_check08 (Rule 321 of total 414) .... done (Time = 0.00s, Memory = 0.0K)
Checking Rule Clock_converge01 (Rule 322 of total 414) .... done (Time = 0.00s, Memory = 0.0K)
Checking Rule Ar_converge01 (Rule 323 of total 414) .... done (Time = 0.00s, Memory = 23.1K)
Checking Rule SGDC_noclockcell_start01 (Rule 324 of total 414) .... done (Time = 0.00s, Memory = 0.0K)
Checking Rule Ac_initseq01 (Rule 325 of total 414) .... done (Time = 0.00s, Memory = 0.0K)
Checking Rule Ac_init01 (Rule 326 of total 414) .... done (Time = 0.00s, Memory = 2.6K)
Checking Rule _ac_Auxi01 (Rule 327 of total 414) .... done (Time = 0.00s, Memory = 0.0K)
Checking Rule Ac_sanity02 (Rule 328 of total 414) .... done (Time = 0.00s, Memory = 32.0K)
Checking Rule _glitch_init (Rule 329 of total 414) .... done (Time = 0.00s, Memory = 0.0K)
Checking Rule Ac_initstate01 (Rule 330 of total 414) .... done (Time = 0.00s, Memory = 0.0K)
Checking Rule Ac_conv02 (Rule 331 of total 414) .... done (Time = 0.01s, Memory = 15.8K)
Checking Rule Ac_conv02setup01 (Rule 332 of total 414) .... done (Time = 0.00s, Memory = 0.0K)
Checking Rule Ac_conv01 (Rule 333 of total 414) .... done (Time = 0.00s, Memory = -25.0K)
Checking Rule Ac_conv03 (Rule 334 of total 414) .... done (Time = 0.00s, Memory = 9.2K)
Checking Rule Ac_conv04 (Rule 335 of total 414) .... done (Time = 0.00s, Memory = 4.9K)
Checking Rule Ac_abs01 (Rule 336 of total 414) .... done (Time = 0.00s, Memory = -0.8K)
Checking Rule Ac_glitch03 (Rule 337 of total 414) .... done (Time = 0.00s, Memory = 1.6K)
Checking Rule Ac_clockperiod01 (Rule 338 of total 414) .... done (Time = 0.00s, Memory = -19.3K)
Checking Rule Ac_clockperiod02 (Rule 339 of total 414) .... done (Time = 0.00s, Memory = 0.0K)
Checking Rule Ac_clockperiod03 (Rule 340 of total 414) .... done (Time = 0.00s, Memory = -0.5K)
Checking Rule Ac_report01 (Rule 341 of total 414) .... done (Time = 0.00s, Memory = 24.0K)
Checking Rule AllowComboLogicSetup (Rule 342 of total 414) .... done (Time = 0.00s, Memory = 0.0K)
Checking Rule Ac_resetvalue01 (Rule 343 of total 414) .... done (Time = 0.00s, Memory = 0.0K)
Checking Rule Ac_abstract_validation01 (Rule 344 of total 414) .... done (Time = 0.01s, Memory = -24.0K)
Checking Rule SGDC_abstract_mapping01 (Rule 345 of total 414) .... done (Time = 0.00s, Memory = 11.8K)
Checking Rule Ac_upfsetup02 (Rule 346 of total 414) .... done (Time = 0.00s, Memory = 0.0K)
Checking Rule Ac_upfsetup01 (Rule 347 of total 414) .... done (Time = 0.00s, Memory = 0.0K)
Checking Rule Ac_psync_init (Rule 348 of total 414) .... done (Time = 0.00s, Memory = 0.0K)
Checking Rule Ac_psetup01 (Rule 349 of total 414) .... done (Time = 0.00s, Memory = 0.0K)
Checking Rule Clock_exit01 (Rule 350 of total 414) .... done (Time = 0.00s, Memory = -32.0K)
Checking Rule SGDC_reset_synchronizer02 (Rule 351 of total 414) .... done (Time = 0.00s, Memory = -32.0K)
Checking Rule SGDC_reset_synchronizer04 (Rule 352 of total 414) .... done (Time = 0.00s, Memory = 0.0K)
Checking Rule SGDC_reset_synchronizer06 (Rule 353 of total 414) .... done (Time = 0.00s, Memory = 0.0K)
Checking Rule SGDC_reset_synchronizer08 (Rule 354 of total 414) .... done (Time = 0.00s, Memory = -0.9K)
Checking Rule SGDC_reset_synchronizer10 (Rule 355 of total 414) .... done (Time = 0.00s, Memory = 0.0K)
Checking Rule AnalyzeBBox (Rule 356 of total 414) .... done (Time = 0.00s, Memory = 0.0K)
Checking Rule ReportCheckDataSummary (Rule 357 of total 414) .... done (Time = 0.00s, Memory = 0.0K)

Generating data for Console...

SpyGlass Rule Checking Complete.

Generating moresimple report from './spyglass-1/cdc/cdc_verify_struct/spyglass.vdb' to './spyglass-1/cdc/cdc_verify_struct/spyglass_reports/moresimple.rpt' ....

Generating runsummary report from './spyglass-1/cdc/cdc_verify_struct/spyglass.vdb' ....

Generating no_msg_reporting_rules report from './spyglass-1/cdc/cdc_verify_struct/spyglass.vdb' to './spyglass-1/cdc/cdc_verify_struct/spyglass_reports/no_msg_reporting_rules.rpt' ....

Generating CDC-report report from './spyglass-1/cdc/cdc_verify_struct/spyglass.vdb' to './spyglass-1/cdc/cdc_verify_struct/spyglass_reports/CDC-report.rpt' ....

Generating CKSGDCInfo report from './spyglass-1/cdc/cdc_verify_struct/spyglass.vdb' to './spyglass-1/cdc/cdc_verify_struct/spyglass_reports/CKSGDCInfo.rpt' ....

Generating RSTree report from './spyglass-1/cdc/cdc_verify_struct/spyglass.vdb' to './spyglass-1/cdc/cdc_verify_struct/spyglass_reports/RSTree.rpt' ....

Generating CKTree report from './spyglass-1/cdc/cdc_verify_struct/spyglass.vdb' to './spyglass-1/cdc/cdc_verify_struct/spyglass_reports/CKTree.rpt' ....

Generating waiver report from './spyglass-1/cdc/cdc_verify_struct/spyglass.vdb' to './spyglass-1/cdc/cdc_verify_struct/spyglass_reports/waiver.rpt' ....

Policy specific data (reports) are present in the directory './spyglass-1/cdc/cdc_verify_struct/spyglass_reports'.

SpyGlass critical reports for the current run are present in directory './spyglass-1/consolidated_reports/cdc_cdc_verify_struct/'.

---------------------------------------------------------------------------------------------
Results Summary:
---------------------------------------------------------------------------------------------
   Goal Run           :      cdc/cdc_verify_struct
   Command-line read  :      0 error,      0 warning,      0 information message 
   Design Read        :      0 error,      0 warning,      6 information messages
      Found 1 top module:
         SYSTEM_TOP   (file: /home/ICer/IC/Projects/System/rtl/SYSTEM_TOP.v)

   Blackbox Resolution:      0 error,      0 warning,      0 information message 
   SGDC Checks        :      0 error,      0 warning,      1 information message 
** Policy clock-reset :      2 errors,     1 warning,     39 information messages
   -------------------------------------------------------------------------------------
   Total              :      2 errors,     1 warning,     46 information messages

  Total Number of Generated Messages     :        49 (2 errors, 1 warning, 46 Infos)
  Number of Reported Messages            :        49 (2 errors, 1 warning, 46 Infos)

  NOTE: It is recommended to first fix/reconcile fatals/errors reported on
        lines starting with ** as subsequent issues might be related to it.
        Please re-run SpyGlass once ** prefixed lines are fatal/error clean.

---------------------------------------------------------------------------------------------


run_goal: info: updating spyglass.log with goal summary
run_goal: info: spyglass.log successfully updated with goal summary
0 {Rule-checking completed with errors}
INFO:    SpyGlass will run goal(s) 'cdc/cdc_verify_struct'.


 Auto-compiling gates libraries

        "../std_cells/scmetro_tsmc_cl013g_rvt_ff_1p32v_m40c.lib"
        "../std_cells/scmetro_tsmc_cl013g_rvt_ss_1p08v_125c.lib"
        "../std_cells/scmetro_tsmc_cl013g_rvt_tt_1p2v_25c.lib"
    to
        "./spyglass-1/spyglass_cache/autogenerated_sglib/aggregate.sglib" ...already compiled

 Using this already compiled sglib for the current run ...

RULE-CHECKING IN MIXED MODE
Loading spyglass (SpyGlass_vL-2016.06) ... (picked from /home/synopsys/SpyGlass-L2016.06/SPYGLASS_HOME/policies/spyglass)
Loading clock-reset (SpyGlass_vL-2016.06) ... (picked from /home/synopsys/SpyGlass-L2016.06/SPYGLASS_HOME/policies/clock)
 Reading sgdc file "SYSTEM_TOP.sgdc" ...
Performing unification checks on SGDC... done
Reading specified sglib files(s) ....
   Processing library: 'scmetro_tsmc_cl013g_rvt_ff_1p32v_m40c' .... done
   Processing library: 'scmetro_tsmc_cl013g_rvt_ss_1p08v_125c' .... done
   Processing library: 'scmetro_tsmc_cl013g_rvt_tt_1p2v_25c' .... done
Checking Rule AutoGenerateSglib (Rule 1 of total 414) .... done (Time = 0.00s, Memory = 0.0K)

INFO [76]    Using `./spyglass-1/WORK/64' as the Work Directory for 64bit precompiled dump.
Checking Rule Param_clockreset07 (Rule 2 of total 414) .... done (Time = 0.00s, Memory = 0.0K)
Checking Rule Clock_setup01 (Rule 3 of total 414) .... done (Time = 0.00s, Memory = 33.1K)
Checking Rule Param_clockreset06 (Rule 4 of total 414) .... done (Time = 0.00s, Memory = 0.0K)
Checking Rule SGDC_meta_monitor_attributes01 (Rule 5 of total 414) .... done (Time = 0.00s, Memory = 0.0K)
Checking Rule LP_POWERDATA_CHECK (Rule 6 of total 414) .... done (Time = 0.00s, Memory = 0.0K)
Checking Rule LP_POWERDATA_READ (Rule 7 of total 414) .... done (Time = 0.00s, Memory = -1.5K)
Checking Rule PrecompileLibCheck01 (Rule 8 of total 414) .... done (Time = 0.00s, Memory = 0.0K)
Checking Rule PrecompileLibCheck02 (Rule 9 of total 414) .... done (Time = 0.00s, Memory = 0.0K)
Checking Rule PrecompileLibCheck03 (Rule 10 of total 414) .... done (Time = 0.00s, Memory = 0.1K)
Checking Rule PrecompileLibCheck04 (Rule 11 of total 414) .... done (Time = 0.00s, Memory = -8.0K)
Checking Rule ElabSummary (Rule 12 of total 414) .... done (Time = 0.00s, Memory = -21.6K)
Checking Rule ReportSglibVersionSummary (Rule 13 of total 414) .... done (Time = 0.00s, Memory = 0.0K)
Checking Rule SGDC_assume_path01 (Rule 14 of total 414) .... done (Time = 0.00s, Memory = 0.0K)
Checking Rule SGDC_sdcschema02 (Rule 15 of total 414) .... done (Time = 0.00s, Memory = 0.0K)
Checking Rule SGDC_clock05 (Rule 16 of total 414) .... done (Time = 0.00s, Memory = 1.5K)
Checking Rule SGDC_clock09 (Rule 17 of total 414) .... done (Time = 0.00s, Memory = 0.0K)
Checking Rule SGDC_force_ta05 (Rule 18 of total 414) .... done (Time = 0.00s, Memory = 64.0K)
Checking Rule SGDC_require_path03 (Rule 19 of total 414) .... done (Time = 0.00s, Memory = 0.0K)
Checking Rule SGDC_require_value03 (Rule 20 of total 414) .... done (Time = 0.00s, Memory = 0.1K)
Checking Rule SGDC_voltagedomain05 (Rule 21 of total 414) .... done (Time = 0.00s, Memory = 7.6K)
Checking Rule SGDC_voltagedomain06 (Rule 22 of total 414) .... done (Time = 0.00s, Memory = 0.0K)
Checking Rule SGDC_voltagedomain07 (Rule 23 of total 414) .... done (Time = 0.00s, Memory = 19.5K)
Checking Rule SGDC_powerdomainoutputs02 (Rule 24 of total 414) .... done (Time = 0.00s, Memory = 7.5K)
Checking Rule SGDC_supply01 (Rule 25 of total 414) .... done (Time = 0.00s, Memory = -0.9K)
Checking Rule SGDC_waive01 (Rule 26 of total 414) .... done (Time = 0.00s, Memory = 0.0K)
Checking Rule SGDC_waive02 (Rule 27 of total 414) .... done (Time = 0.00s, Memory = 32.9K)
Checking Rule SGDC_waive03 (Rule 28 of total 414) .... done (Time = 0.00s, Memory = -2.2K)
Checking Rule SGDC_waive04 (Rule 29 of total 414) .... done (Time = 0.00s, Memory = 0.1K)
Checking Rule SGDC_waive05 (Rule 30 of total 414) .... done (Time = 0.00s, Memory = 0.1K)
Checking Rule SGDC_waive06 (Rule 31 of total 414) .... done (Time = 0.00s, Memory = 0.2K)
Checking Rule SGDC_waive07 (Rule 32 of total 414) .... done (Time = 0.00s, Memory = 0.0K)
Checking Rule SGDC_waive08 (Rule 33 of total 414) .... done (Time = 0.00s, Memory = -31.8K)
Checking Rule SGDC_waive09 (Rule 34 of total 414) .... done (Time = 0.00s, Memory = -0.3K)
Checking Rule SGDC_waive10 (Rule 35 of total 414) .... done (Time = 0.00s, Memory = -31.8K)
Checking Rule SGDC_waive11 (Rule 36 of total 414) .... done (Time = 0.00s, Memory = 1.6K)
Checking Rule SGDC_waive12 (Rule 37 of total 414) .... done (Time = 0.00s, Memory = 0.2K)
Checking Rule SGDC_waive13 (Rule 38 of total 414) .... done (Time = 0.00s, Memory = 0.0K)
Checking Rule SGDC_waive21 (Rule 39 of total 414) .... done (Time = 0.00s, Memory = 0.0K)
Checking Rule SGDC_waive22 (Rule 40 of total 414) .... done (Time = 0.00s, Memory = 0.0K)
Checking Rule SGDC_waive30 (Rule 41 of total 414) .... done (Time = 0.00s, Memory = 0.0K)
Checking Rule SGDC_waive32 (Rule 42 of total 414) .... done (Time = 0.00s, Memory = 0.0K)
Checking Rule SGDC_waive33 (Rule 43 of total 414) .... done (Time = 0.00s, Memory = 0.4K)
Checking Rule SGDC_waive36 (Rule 44 of total 414) .... done (Time = 0.00s, Memory = 0.0K)
Checking Rule SGDC_waive38 (Rule 45 of total 414) .... done (Time = 0.00s, Memory = -0.2K)
Checking Rule SGDC_fifo01 (Rule 46 of total 414) .... done (Time = 0.00s, Memory = 0.2K)
Checking Rule SGDC_libgroup01 (Rule 47 of total 414) .... done (Time = 0.00s, Memory = 0.0K)
Checking Rule SGDC_libgroup02 (Rule 48 of total 414) .... done (Time = 0.00s, Memory = 0.0K)
Checking Rule SGDC_libgroup04 (Rule 49 of total 414) .... done (Time = 0.00s, Memory = 4.0K)
Checking Rule SGDC_power_data01 (Rule 50 of total 414) .... done (Time = 0.00s, Memory = 7.5K)
Checking Rule SGDC_ungroup01 (Rule 51 of total 414) .... done (Time = 0.00s, Memory = 0.0K)
Checking Rule SGDC_abstract_port06 (Rule 52 of total 414) .... done (Time = 0.00s, Memory = 8.4K)
Checking Rule SGDC_abstract_port14 (Rule 53 of total 414) .... done (Time = 0.00s, Memory = 0.2K)
Checking Rule SGDC_abstract_port15 (Rule 54 of total 414) .... done (Time = 0.00s, Memory = 0.0K)
Checking Rule SGDC_abstract_port18 (Rule 55 of total 414) .... done (Time = 0.00s, Memory = 0.0K)
Checking Rule SDC2SGDC_INFO (Rule 56 of total 414) .... done (Time = 0.00s, Memory = 83.0K)
Checking Rule SDC_ParamSanityCheck (Rule 57 of total 414) .... done (Time = 0.00s, Memory = -31.8K)
Checking Rule SDC_Sanity_Rule (Rule 58 of total 414)SDC-file translator read from path : /home/synopsys/SpyGlass-L2016.06/SPYGLASS_HOME/auxi/sdcparser
 .... done (Time = 0.00s, Memory = 3.1K)
Checking Rule sdc_init_rule (Rule 59 of total 414) .... done (Time = 0.03s, Memory = -59.5K)
Checking Rule CMD_ignorelibs01 (Rule 60 of total 414) .... done (Time = 0.00s, Memory = 0.0K)
Checking Rule ReportRuleNotRun (Rule 61 of total 414) .... done (Time = 0.00s, Memory = -30.6K)
Checking Rule SGDC_generated_clock03 (Rule 62 of total 414) .... done (Time = 0.00s, Memory = 4.6K)
Checking Rule SGDC_generated_clock04 (Rule 63 of total 414) .... done (Time = 0.00s, Memory = 11.5K)
Checking Rule SGDC_generated_clock05 (Rule 64 of total 414) .... done (Time = 0.00s, Memory = 0.0K)
Checking Rule SGDC_quasi_static_style02 (Rule 65 of total 414) .... done (Time = 0.00s, Memory = 0.1K)
Checking Rule SGDC_syncresetstyle01 (Rule 66 of total 414) .... done (Time = 0.00s, Memory = -8.0K)
Checking Rule SGDC_network_allowed_cells01 (Rule 67 of total 414) .... done (Time = 0.00s, Memory = 11.5K)
Checking Rule SGDC_numflops01 (Rule 68 of total 414) .... done (Time = 0.00s, Memory = 9.6K)
Checking Rule SGDC_numflops07 (Rule 69 of total 414) .... done (Time = 0.00s, Memory = 0.4K)
Checking Rule SGDC_numflops08 (Rule 70 of total 414) .... done (Time = 0.00s, Memory = 4.0K)
Checking Rule SGDC_numflops09 (Rule 71 of total 414) .... done (Time = 0.00s, Memory = 7.5K)
Checking Rule SGDC_clocksense04 (Rule 72 of total 414) .... done (Time = 0.00s, Memory = 0.8K)
Checking Rule SGDC_check_clock_relation05a (Rule 73 of total 414) .... done (Time = 0.00s, Memory = 0.0K)
Checking Rule SGDC_check_clock_relation05b (Rule 74 of total 414) .... done (Time = 0.00s, Memory = 7.5K)
Checking Rule SGDC_sync_cell08a (Rule 75 of total 414) .... done (Time = 0.00s, Memory = 11.5K)
Checking Rule SGDC_sync_cell09a (Rule 76 of total 414) .... done (Time = 0.00s, Memory = 0.0K)
Checking Rule SGDC_qualifier06 (Rule 77 of total 414) .... done (Time = 0.00s, Memory = 4.0K)
Checking Rule SGDC_cdc_waive03 (Rule 78 of total 414) .... done (Time = 0.00s, Memory = 0.0K)
Checking Rule SGDC_qualifier09 (Rule 79 of total 414) .... done (Time = 0.00s, Memory = 1.2K)
Checking Rule SGDC_qualifier15 (Rule 80 of total 414) .... done (Time = 0.00s, Memory = 0.4K)
Checking Rule SGDC_allow_combo_logic01 (Rule 81 of total 414) .... done (Time = 0.00s, Memory = 0.0K)
Checking Rule SGDC_reset_filter_path01 (Rule 82 of total 414) .... done (Time = 0.00s, Memory = 0.0K)
Checking Rule SGDC_cdc_false_path05 (Rule 83 of total 414) .... done (Time = 0.00s, Memory = 15.5K)
Checking Rule Param_clockreset05 (Rule 84 of total 414) .... done (Time = 0.00s, Memory = 0.0K)
Checking Rule Ac_sanity01 (Rule 85 of total 414) .... done (Time = 0.00s, Memory = 0.0K)
Checking Rule Ac_sanity06 (Rule 86 of total 414) .... done (Time = 0.00s, Memory = 0.0K)
Checking Rule Ac_license01 (Rule 87 of total 414) .... done (Time = 0.00s, Memory = 0.0K)
Checking Rule SGDC_reset_synchronizer07 (Rule 88 of total 414) .... done (Time = 0.00s, Memory = 0.0K)
 Reading waiver file "./spyglass-1/cdc/cdc_verify_struct/spyglass_spysch/waiver/pragma2Waiver.swl" ...
 Reading included SGDC file "./spyglass-1/cdc/cdc_verify_struct/spyglass_spysch/waiver/pragma2Waiver_varfile.swl" ....
Checking Rule ReportStopSummary (Rule 89 of total 414) .... done (Time = 0.00s, Memory = 0.0K)
Checking Rule ReportIgnoreSummary (Rule 90 of total 414) .... done (Time = 0.00s, Memory = 0.0K)

INFO [235]    Restoring design database from directory './spyglass-1/.SG_SaveRestoreDB/autogenerated__default_snapshot' ...
              done

Checking Rule InferBlackBox (Rule 91 of total 414) .... done (Time = 0.00s, Memory = -1.0K)
Checking Rule SGDC_waive37 (Rule 92 of total 414) .... done (Time = 0.00s, Memory = 1.2K)
Checking Rule SGDC_waive24 (Rule 93 of total 414) .... done (Time = 0.00s, Memory = 2.5K)
Checking Rule SGDC_waive25 (Rule 94 of total 414) .... done (Time = 0.00s, Memory = 0.0K)
Checking Rule SGDC_waive31 (Rule 95 of total 414) .... done (Time = 0.00s, Memory = 27.6K)
Checking Rule SGDC_waive35 (Rule 96 of total 414) .... done (Time = 0.00s, Memory = 0.0K)
Checking Rule ReportSglibSummary (Rule 97 of total 414) .... done (Time = 0.00s, Memory = 0.0K)
Checking Rule DetectTopDesignUnits (Rule 98 of total 414)
 Detected 1 top level design units:
     SYSTEM_TOP
 .... done (Time = 0.00s, Memory = 0.0K)
Checking Rule GenerateConfMap (Rule 99 of total 414) .... done (Time = 0.00s, Memory = 0.0K)
Checking Rule Pragma_setupa for module Pulse_Gen (Rule 100 of total 414) .... done (Time = 0.00s, Memory = 0.0K)
Checking Rule SDC2SGDCPARSE for module Pulse_Gen (Rule 101 of total 414) .... done (Time = 0.00s, Memory = 0.0K)
Checking Rule Pragma_setupa for module DF_SYNC (Rule 100 of total 414) .... done (Time = 0.00s, Memory = 0.0K)
Checking Rule SDC2SGDCPARSE for module DF_SYNC (Rule 101 of total 414) .... done (Time = 0.00s, Memory = 0.0K)
Checking Rule Pragma_setupa for module FIFO_MEM_CNTRL (Rule 100 of total 414) .... done (Time = 0.00s, Memory = 0.0K)
Checking Rule SDC2SGDCPARSE for module FIFO_MEM_CNTRL (Rule 101 of total 414) .... done (Time = 0.00s, Memory = 0.0K)
Checking Rule Pragma_setupa for module FIFO_WR (Rule 100 of total 414) .... done (Time = 0.00s, Memory = 0.0K)
Checking Rule SDC2SGDCPARSE for module FIFO_WR (Rule 101 of total 414) .... done (Time = 0.00s, Memory = 0.0K)
Checking Rule Pragma_setupa for module FIFO_RD (Rule 100 of total 414) .... done (Time = 0.00s, Memory = 0.0K)
Checking Rule SDC2SGDCPARSE for module FIFO_RD (Rule 101 of total 414) .... done (Time = 0.00s, Memory = 0.0K)
Checking Rule Pragma_setupa for module ASYNC_FIFO (Rule 100 of total 414) .... done (Time = 0.00s, Memory = 0.0K)
Checking Rule SDC2SGDCPARSE for module ASYNC_FIFO (Rule 101 of total 414) .... done (Time = 0.00s, Memory = 0.0K)
Checking Rule Pragma_setupa for module ALU (Rule 100 of total 414) .... done (Time = 0.00s, Memory = 0.0K)
Checking Rule SDC2SGDCPARSE for module ALU (Rule 101 of total 414) .... done (Time = 0.00s, Memory = 0.0K)
Checking Rule Pragma_setupa for module CLK_GATE (Rule 100 of total 414) .... done (Time = 0.00s, Memory = 0.0K)
Checking Rule SDC2SGDCPARSE for module CLK_GATE (Rule 101 of total 414) .... done (Time = 0.00s, Memory = 0.0K)
Checking Rule Pragma_setupa for module regfile (Rule 100 of total 414) .... done (Time = 0.00s, Memory = 0.0K)
Checking Rule SDC2SGDCPARSE for module regfile (Rule 101 of total 414) .... done (Time = 0.00s, Memory = 0.0K)
Checking Rule Pragma_setupa for module SYS_CTRL (Rule 100 of total 414) .... done (Time = 0.00s, Memory = 0.0K)
Checking Rule SDC2SGDCPARSE for module SYS_CTRL (Rule 101 of total 414) .... done (Time = 0.00s, Memory = 0.0K)
Checking Rule Pragma_setupa for module DATA_SYNC (Rule 100 of total 414) .... done (Time = 0.00s, Memory = 0.0K)
Checking Rule SDC2SGDCPARSE for module DATA_SYNC (Rule 101 of total 414) .... done (Time = 0.00s, Memory = 0.0K)
Checking Rule Pragma_setupa for module FSM_RX (Rule 100 of total 414) .... done (Time = 0.00s, Memory = 0.0K)
Checking Rule SDC2SGDCPARSE for module FSM_RX (Rule 101 of total 414) .... done (Time = 0.00s, Memory = 0.0K)
Checking Rule Pragma_setupa for module edge_bit_counter (Rule 100 of total 414) .... done (Time = 0.00s, Memory = 0.0K)
Checking Rule SDC2SGDCPARSE for module edge_bit_counter (Rule 101 of total 414) .... done (Time = 0.00s, Memory = 0.0K)
Checking Rule Pragma_setupa for module deserializer (Rule 100 of total 414) .... done (Time = 0.00s, Memory = 0.0K)
Checking Rule SDC2SGDCPARSE for module deserializer (Rule 101 of total 414) .... done (Time = 0.00s, Memory = 0.0K)
Checking Rule Pragma_setupa for module data_sampling (Rule 100 of total 414) .... done (Time = 0.00s, Memory = 0.0K)
Checking Rule SDC2SGDCPARSE for module data_sampling (Rule 101 of total 414) .... done (Time = 0.00s, Memory = 0.0K)
Checking Rule Pragma_setupa for module stop_checker (Rule 100 of total 414) .... done (Time = 0.00s, Memory = 0.0K)
Checking Rule SDC2SGDCPARSE for module stop_checker (Rule 101 of total 414) .... done (Time = 0.00s, Memory = 0.0K)
Checking Rule Pragma_setupa for module strt_checker (Rule 100 of total 414) .... done (Time = 0.00s, Memory = 0.0K)
Checking Rule SDC2SGDCPARSE for module strt_checker (Rule 101 of total 414) .... done (Time = 0.00s, Memory = 0.0K)
Checking Rule Pragma_setupa for module parity_checker (Rule 100 of total 414) .... done (Time = 0.00s, Memory = 0.0K)
Checking Rule SDC2SGDCPARSE for module parity_checker (Rule 101 of total 414) .... done (Time = 0.00s, Memory = 0.0K)
Checking Rule Pragma_setupa for module UART_RX (Rule 100 of total 414) .... done (Time = 0.00s, Memory = 0.0K)
Checking Rule SDC2SGDCPARSE for module UART_RX (Rule 101 of total 414) .... done (Time = 0.00s, Memory = 0.0K)
Checking Rule Pragma_setupa for module FSM_TX (Rule 100 of total 414) .... done (Time = 0.00s, Memory = 0.0K)
Checking Rule SDC2SGDCPARSE for module FSM_TX (Rule 101 of total 414) .... done (Time = 0.00s, Memory = 0.0K)
Checking Rule Pragma_setupa for module Serializer (Rule 100 of total 414) .... done (Time = 0.00s, Memory = 0.0K)
Checking Rule SDC2SGDCPARSE for module Serializer (Rule 101 of total 414) .... done (Time = 0.00s, Memory = 0.0K)
Checking Rule Pragma_setupa for module Parity_Calc (Rule 100 of total 414) .... done (Time = 0.00s, Memory = 0.0K)
Checking Rule SDC2SGDCPARSE for module Parity_Calc (Rule 101 of total 414) .... done (Time = 0.00s, Memory = 0.0K)
Checking Rule Pragma_setupa for module MUX (Rule 100 of total 414) .... done (Time = 0.00s, Memory = 0.0K)
Checking Rule SDC2SGDCPARSE for module MUX (Rule 101 of total 414) .... done (Time = 0.00s, Memory = 0.0K)
Checking Rule Pragma_setupa for module UART_TX (Rule 100 of total 414) .... done (Time = 0.00s, Memory = 0.0K)
Checking Rule SDC2SGDCPARSE for module UART_TX (Rule 101 of total 414) .... done (Time = 0.00s, Memory = 0.0K)
Checking Rule Pragma_setupa for module UART (Rule 100 of total 414) .... done (Time = 0.00s, Memory = 0.0K)
Checking Rule SDC2SGDCPARSE for module UART (Rule 101 of total 414) .... done (Time = 0.00s, Memory = 0.0K)
Checking Rule Pragma_setupa for module RST_SYNC (Rule 100 of total 414) .... done (Time = 0.00s, Memory = 0.0K)
Checking Rule SDC2SGDCPARSE for module RST_SYNC (Rule 101 of total 414) .... done (Time = 0.00s, Memory = 0.0K)
Checking Rule Pragma_setupa for module CLK_DIV (Rule 100 of total 414) .... done (Time = 0.00s, Memory = 0.0K)
Checking Rule SDC2SGDCPARSE for module CLK_DIV (Rule 101 of total 414) .... done (Time = 0.00s, Memory = 0.0K)
Checking Rule Pragma_setupa for module prescale_mux (Rule 100 of total 414) .... done (Time = 0.00s, Memory = 0.0K)
Checking Rule SDC2SGDCPARSE for module prescale_mux (Rule 101 of total 414) .... done (Time = 0.00s, Memory = 0.0K)
Checking Rule Pragma_setupa for module SYSTEM_TOP (Rule 100 of total 414) .... done (Time = 0.00s, Memory = 0.0K)
Checking Rule SDC2SGDCPARSE for module SYSTEM_TOP (Rule 101 of total 414) .... done (Time = 0.00s, Memory = 0.0K)
Performing semantic checks on SGDC contents
Checking Rule SGDC_testmode03 (Rule 102 of total 414) .... done (Time = 0.00s, Memory = 0.0K)
Checking Rule Pragma_setupb (Rule 103 of total 414) .... done (Time = 0.00s, Memory = -1.4K)
Checking Rule _vhMeta01 (Rule 104 of total 414) .... done (Time = 0.00s, Memory = 0.0K)
Checking Rule _meta_delay01 (Rule 105 of total 414) .... done (Time = 0.00s, Memory = 0.0K)
Checking Rule CheckCelldefine (Rule 106 of total 414) .... done (Time = 0.00s, Memory = 0.0K)
Checking Rule checkSGDC_01 (Rule 107 of total 414) .... done (Time = 0.00s, Memory = 0.1K)
Checking Rule checkSGDC_03 (Rule 108 of total 414) .... done (Time = 0.00s, Memory = 0.0K)
Checking Rule checkSGDC_08 (Rule 109 of total 414) .... done (Time = 0.00s, Memory = -2.9K)
Checking Rule SGDC_memorywritepin04 (Rule 110 of total 414) .... done (Time = 0.00s, Memory = 15.5K)
Checking Rule SGDC_reset02 (Rule 111 of total 414) .... done (Time = 0.00s, Memory = 7.5K)
Checking Rule SGDC_reset03 (Rule 112 of total 414) .... done (Time = 0.00s, Memory = 0.1K)
Checking Rule SGDC_waive23 (Rule 113 of total 414) .... done (Time = 0.00s, Memory = -8.0K)
Checking Rule SGDC_waive26 (Rule 114 of total 414) .... done (Time = 0.00s, Memory = 0.3K)
Checking Rule SGDC_waive27 (Rule 115 of total 414) .... done (Time = 0.00s, Memory = -16.3K)
Checking Rule SGDC_waive29 (Rule 116 of total 414) .... done (Time = 0.00s, Memory = -7.0K)
Checking Rule SGDC_libgroup03 (Rule 117 of total 414) .... done (Time = 0.00s, Memory = 4.3K)
Checking Rule SGDC_ungroup02 (Rule 118 of total 414) .... done (Time = 0.00s, Memory = -32.0K)
Checking Rule _abstractPortSGDC (Rule 119 of total 414) .... done (Time = 0.00s, Memory = 4.4K)
Checking Rule SGDC_abstract_port03 (Rule 120 of total 414) .... done (Time = 0.00s, Memory = 0.0K)
Checking Rule SGDC_abstract_port04 (Rule 121 of total 414) .... done (Time = 0.00s, Memory = 0.0K)
Checking Rule SGDC_abstract_port05 (Rule 122 of total 414) .... done (Time = 0.00s, Memory = 0.0K)
Checking Rule SGDC_abstract_port07 (Rule 123 of total 414) .... done (Time = 0.00s, Memory = 0.0K)
Checking Rule SGDC_abstract_port08 (Rule 124 of total 414) .... done (Time = 0.00s, Memory = 0.0K)
Checking Rule SGDC_abstract_port10 (Rule 125 of total 414) .... done (Time = 0.00s, Memory = 0.0K)
Checking Rule SGDC_abstract_port11 (Rule 126 of total 414) .... done (Time = 0.00s, Memory = 0.0K)
Checking Rule SGDC_abstract_port12 (Rule 127 of total 414) .... done (Time = 0.00s, Memory = 0.0K)
Checking Rule SGDC_abstract_port13 (Rule 128 of total 414) .... done (Time = 0.00s, Memory = 17.1K)
Checking Rule SGDC_sdcschema01 (Rule 129 of total 414) .... done (Time = 0.00s, Memory = 0.0K)
Checking Rule _cdc_save_license01 (Rule 130 of total 414) .... done (Time = 0.00s, Memory = 0.2K)
Checking Rule syncRstReq (Rule 131 of total 414) .... done (Time = 0.00s, Memory = -24.0K)
Checking Rule syncRstReq (Rule 132 of total 414) .... done (Time = 0.00s, Memory = -0.5K)
Checking Rule _syncResetStyleRTL (Rule 133 of total 414) .... done (Time = 0.00s, Memory = 0.0K)
Checking Rule _deltaDelay (Rule 134 of total 414) .... done (Time = 0.00s, Memory = -1.5K)
Checking Rule _deltaDelay (Rule 135 of total 414) .... done (Time = 0.00s, Memory = 5.5K)
Checking Rule _deltaDelayNom (Rule 136 of total 414) .... done (Time = 0.00s, Memory = 0.0K)
Checking Rule Ac_multitop01 (Rule 137 of total 414) .... done (Time = 0.00s, Memory = 0.0K)
Checking Rule AcOvlRtl (Rule 138 of total 414) .... done (Time = 0.00s, Memory = -1.5K)
Checking Rule AcOvlRtl (Rule 139 of total 414) .... done (Time = 0.00s, Memory = 0.0K)
Checking Rule Ac_svasetup01 (Rule 140 of total 414) .... done (Time = 0.00s, Memory = 0.0K)
Checking Rule ReportUngroup (Rule 141 of total 414) .... done (Time = 0.00s, Memory = 0.0K)
Checking Rule SGDC_allow_combo_logic02 (Rule 142 of total 414) .... done (Time = 0.00s, Memory = 0.0K)
Checking Rule _portRetenClocknReset (Rule 143 of total 414) .... done (Time = 0.00s, Memory = 25.8K)
Checking Rule _portReten (Rule 144 of total 414) .... done (Time = 0.00s, Memory = -7.0K)
Checking Rule SGDC_meta_design_hier01 (Rule 145 of total 414) .... done (Time = 0.00s, Memory = 0.0K)
Checking Rule LP_POWERDATA_INFO (Rule 146 of total 414) .... done (Time = 0.00s, Memory = -20.0K)
Checking Rule SGDC_abstract_port21 (Rule 147 of total 414) .... done (Time = 0.00s, Memory = 8.0K)
Checking Rule SDC2SGDC_WRN01 (Rule 148 of total 414) .... done (Time = 0.00s, Memory = 0.0K)
Checking Rule SDC2SGDC_STX01 (Rule 149 of total 414) .... done (Time = 0.00s, Memory = 0.0K)
Checking Rule SGDC_input02 (Rule 150 of total 414) .... done (Time = 0.00s, Memory = 0.0K)
Checking Rule SGDC_input03 (Rule 151 of total 414) .... done (Time = 0.00s, Memory = -33.3K)
Checking Rule SGDC_output02 (Rule 152 of total 414) .... done (Time = 0.00s, Memory = -0.7K)
Checking Rule SGDC_output04 (Rule 153 of total 414) .... done (Time = 0.00s, Memory = 0.0K)
Checking Rule SGDC_numflops03a (Rule 154 of total 414) .... done (Time = 0.00s, Memory = 0.0K)
Checking Rule SGDC_numflops03b (Rule 155 of total 414) .... done (Time = 0.00s, Memory = 0.0K)
Checking Rule SGDC_numflops12 (Rule 156 of total 414) .... done (Time = 0.00s, Memory = 0.0K)
Checking Rule SGDC_sync_cell02b (Rule 157 of total 414) .... done (Time = 0.00s, Memory = 0.0K)
Checking Rule SGDC_sync_cell11 (Rule 158 of total 414) .... done (Time = 0.00s, Memory = 0.0K)
Checking Rule SGDC_qualifier02c (Rule 159 of total 414) .... done (Time = 0.00s, Memory = 0.0K)
Checking Rule SGDC_qualifier03c (Rule 160 of total 414) .... done (Time = 0.00s, Memory = 0.0K)
Checking Rule LPwrRulesSetup (Rule 161 of total 414) .... done (Time = 0.00s, Memory = 0.0K)
 Flattening SYSTEM_TOP ....
 Flattening completed
Checking Rule Domain_Conflict01 (Rule 162 of total 414) .... done (Time = 0.00s, Memory = 0.6K)
Checking Rule Domain_Matrix01 (Rule 163 of total 414) .... done (Time = 0.00s, Memory = 0.0K)
Checking Rule Domain_Missing01 (Rule 164 of total 414) .... done (Time = 0.00s, Memory = 0.4K)
Checking Rule SDC_Mapping01 (Rule 165 of total 414) .... done (Time = 0.00s, Memory = 0.0K)
Checking Rule SDC2SGDCPARSEW (Rule 166 of total 414)
AtrDomain: Inferring Clock Domains...CLOCK_STA mode..Done. (Time Taken=0s)
AtrDomain: Generating Clock Domain Reports...Done. (Time Taken=0s)
 .... done (Time = 0.00s, Memory = 38.4K)
 Flattening SYSTEM_TOP (.lib instances separately flattened) ....
 Flattening completed
Checking Rule SGDC_quasi_static_style01 (Rule 167 of total 414) .... done (Time = 0.00s, Memory = 0.0K)
Checking Rule SignalTypeSetup (Rule 168 of total 414) .... done (Time = 0.00s, Memory = 8.0K)
Checking Rule _allowInst (Rule 169 of total 414) .... done (Time = 0.00s, Memory = 0.0K)
Checking Rule _ipblock (Rule 170 of total 414) .... done (Time = 0.00s, Memory = 0.0K)
Checking Rule _rstSyncCellInst (Rule 171 of total 414) .... done (Time = 0.00s, Memory = 0.0K)
Checking Rule _syncCellDelayedQualifier (Rule 172 of total 414) .... done (Time = 0.00s, Memory = 4.7K)
Checking Rule _repeaterCellInst (Rule 173 of total 414) .... done (Time = 0.00s, Memory = 0.0K)
Checking Rule _abstract_port (Rule 174 of total 414) .... done (Time = 0.00s, Memory = 25.8K)
Checking Rule Clock_setup02 (Rule 175 of total 414) .... done (Time = 0.00s, Memory = -5.1K)
Checking Rule Clockmatrix01 (Rule 176 of total 414) .... done (Time = 0.00s, Memory = -0.8K)
Checking Rule Clock_prop (Rule 177 of total 414) .... done (Time = 0.00s, Memory = 618.0K)
Checking Rule Reset_prop (Rule 178 of total 414) .... done (Time = 0.01s, Memory = 76.1K)
Checking Rule SGDC_generated_clock06 (Rule 179 of total 414) .... done (Time = 0.00s, Memory = 0.0K)
Checking Rule Propagate_Clocks (Rule 180 of total 414) .... done (Time = 0.01s, Memory = 381.6K)
Checking Rule _syncreset_prop (Rule 181 of total 414) .... done (Time = 0.00s, Memory = 18.5K)
Checking Rule _syncc (Rule 182 of total 414) .... done (Time = 0.00s, Memory = 5.3K)
Checking Rule _syncb (Rule 183 of total 414) .... done (Time = 0.00s, Memory = 30.0K)
Checking Rule _resetPathCross (Rule 184 of total 414) .... done (Time = 0.00s, Memory = 8.0K)
Checking Rule FalsePathSetup (Rule 185 of total 414) .... done (Time = 0.00s, Memory = -22.9K)
Checking Rule _fifo01 (Rule 186 of total 414) .... done (Time = 0.00s, Memory = 0.0K)
Checking Rule _syncfifo (Rule 187 of total 414) .... done (Time = 0.00s, Memory = 0.0K)
Checking Rule _syncUDfifo (Rule 188 of total 414) .... done (Time = 0.00s, Memory = 0.4K)
Checking Rule _syncdw (Rule 189 of total 414) .... done (Time = 0.00s, Memory = 0.4K)
Checking Rule _syncd (Rule 190 of total 414) .... done (Time = 0.00s, Memory = 2.1K)
Checking Rule _syncg (Rule 191 of total 414) .... done (Time = 0.01s, Memory = -28.5K)
Checking Rule _sync_clock (Rule 192 of total 414) .... done (Time = 0.00s, Memory = 0.0K)
Checking Rule _sync_gp (Rule 193 of total 414) .... done (Time = 0.00s, Memory = 0.0K)
Checking Rule _sync_and (Rule 194 of total 414) .... done (Time = 0.00s, Memory = 0.0K)
Checking Rule _synci (Rule 195 of total 414) .... done (Time = 0.00s, Memory = 0.0K)
Checking Rule _sync_qualifier (Rule 196 of total 414) .... done (Time = 0.00s, Memory = -22.4K)
Checking Rule SGDC_fifo11 (Rule 197 of total 414) .... done (Time = 0.00s, Memory = 0.0K)
Checking Rule SGDC_fifo12 (Rule 198 of total 414) .... done (Time = 0.00s, Memory = 0.0K)
Checking Rule SGDC_fifo13 (Rule 199 of total 414) .... done (Time = 0.00s, Memory = -32.0K)
Checking Rule SGDC_fifo14 (Rule 200 of total 414) .... done (Time = 0.00s, Memory = 0.0K)
Checking Rule Gen_diff01 (Rule 201 of total 414) .... done (Time = 0.00s, Memory = 3.9K)
Checking Rule _debugData (Rule 202 of total 414) .... done (Time = 0.01s, Memory = 66.2K)
Checking Rule Ac_Sync_Init (Rule 203 of total 414) .... done (Time = 0.02s, Memory = 549.3K)
Checking Rule _propagate_cdcAttrib (Rule 204 of total 414) .... done (Time = 0.00s, Memory = 40.8K)
Checking Rule Ar_Cross_Init (Rule 205 of total 414) .... done (Time = 0.00s, Memory = -0.3K)
Checking Rule SGDC_cdc_define_transition01 (Rule 206 of total 414) .... done (Time = 0.00s, Memory = 5.8K)
Checking Rule UPF_lowpower08PR (Rule 207 of total 414) .... done (Time = 0.00s, Memory = 0.0K)
Checking Rule UPF_lowpower08 (Rule 208 of total 414) .... done (Time = 0.00s, Memory = 0.0K)
Checking Rule Setup_check01 (Rule 209 of total 414) .... done (Time = 0.00s, Memory = -3.5K)
Checking Rule Setup_check02 (Rule 210 of total 414) .... done (Time = 0.00s, Memory = 0.0K)
Checking Rule Info_Case_Analysis (Rule 211 of total 414) .... done (Time = 0.00s, Memory = -71.0K)
Checking Rule SGDC_set_case_analysis_LC (Rule 212 of total 414) .... done (Time = 0.00s, Memory = 71.3K)
Checking Rule Setup_quasi_static01 (Rule 213 of total 414) .... done (Time = 0.01s, Memory = 90.3K)
Checking Rule SGDC_signal_in_domain02 (Rule 214 of total 414) .... done (Time = 0.00s, Memory = 0.0K)
Checking Rule SGDC_signal_in_domain04 (Rule 215 of total 414) .... done (Time = 0.00s, Memory = -0.2K)
Checking Rule SGDC_numflops03c (Rule 216 of total 414) .... done (Time = 0.00s, Memory = 0.0K)
Checking Rule SGDC_numflops04 (Rule 217 of total 414) .... done (Time = 0.00s, Memory = 0.0K)
Checking Rule SGDC_numflops05 (Rule 218 of total 414) .... done (Time = 0.00s, Memory = 0.0K)
Checking Rule SGDC_numflops06 (Rule 219 of total 414) .... done (Time = 0.00s, Memory = 0.0K)
Checking Rule SGDC_numflops11 (Rule 220 of total 414) .... done (Time = 0.00s, Memory = -0.5K)
Checking Rule SGDC_numflops13 (Rule 221 of total 414) .... done (Time = 0.00s, Memory = 0.0K)
Checking Rule SGDC_numflops14 (Rule 222 of total 414) .... done (Time = 0.00s, Memory = 0.0K)
Checking Rule SGDC_clocksense02 (Rule 223 of total 414) .... done (Time = 0.00s, Memory = 0.0K)
Checking Rule SGDC_clocksense03 (Rule 224 of total 414) .... done (Time = 0.00s, Memory = 8.0K)
Checking Rule SGDC_sgclkgroup01 (Rule 225 of total 414) .... done (Time = 0.00s, Memory = -24.0K)
Checking Rule SGDC_sgclkgroup02 (Rule 226 of total 414) .... done (Time = 0.00s, Memory = 5.8K)
Checking Rule SGDC_sgclkgroup03 (Rule 227 of total 414) .... done (Time = 0.00s, Memory = -2.6K)
Checking Rule SGDC_check_clock_relation01a (Rule 228 of total 414) .... done (Time = 0.00s, Memory = 0.0K)
Checking Rule SGDC_check_clock_relation01b (Rule 229 of total 414) .... done (Time = 0.00s, Memory = -7.0K)
Checking Rule SGDC_check_clock_relation01c (Rule 230 of total 414) .... done (Time = 0.00s, Memory = 1.8K)
Checking Rule SGDC_check_clock_relation02a (Rule 231 of total 414) .... done (Time = 0.00s, Memory = 0.0K)
Checking Rule SGDC_check_clock_relation02b (Rule 232 of total 414) .... done (Time = 0.00s, Memory = -24.0K)
Checking Rule SGDC_check_clock_relation02c (Rule 233 of total 414) .... done (Time = 0.00s, Memory = 7.9K)
Checking Rule SGDC_check_clock_relation03b (Rule 234 of total 414) .... done (Time = 0.00s, Memory = 0.0K)
Checking Rule SGDC_check_clock_relation04b (Rule 235 of total 414) .... done (Time = 0.00s, Memory = 11.8K)
Checking Rule CheckClockRelationSetup (Rule 236 of total 414) .... done (Time = 0.00s, Memory = -32.0K)
Checking Rule SGDC_gray_signals01 (Rule 237 of total 414) .... done (Time = 0.00s, Memory = -0.5K)
Checking Rule SGDC_gray_signals02 (Rule 238 of total 414) .... done (Time = 0.00s, Memory = 0.0K)
Checking Rule SGDC_gray_signals03 (Rule 239 of total 414) .... done (Time = 0.00s, Memory = 0.0K)
Checking Rule SGDC_qualifier02a (Rule 240 of total 414) .... done (Time = 0.00s, Memory = 8.0K)
Checking Rule SGDC_qualifier03a (Rule 241 of total 414) .... done (Time = 0.00s, Memory = 0.0K)
Checking Rule SGDC_qualifier04 (Rule 242 of total 414) .... done (Time = 0.00s, Memory = 0.0K)
Checking Rule SGDC_qualifier05 (Rule 243 of total 414) .... done (Time = 0.00s, Memory = -2.0K)
Checking Rule SGDC_qualifier08 (Rule 244 of total 414) .... done (Time = 0.00s, Memory = -2.5K)
Checking Rule QualifierSetup (Rule 245 of total 414) .... done (Time = 0.00s, Memory = 0.0K)
Checking Rule ResetSynchronizerSetup (Rule 246 of total 414) .... done (Time = 0.00s, Memory = 0.0K)
Checking Rule SGDC_validation_filter_path03 (Rule 247 of total 414) .... done (Time = 0.00s, Memory = 0.0K)
Checking Rule SGDC_qualifier10 (Rule 248 of total 414) .... done (Time = 0.00s, Memory = 0.0K)
Checking Rule SGDC_qualifier11 (Rule 249 of total 414) .... done (Time = 0.00s, Memory = -8.0K)
Checking Rule SGDC_qualifier12 (Rule 250 of total 414) .... done (Time = 0.00s, Memory = 0.0K)
Checking Rule SGDC_qualifier13 (Rule 251 of total 414) .... done (Time = 0.00s, Memory = -0.5K)
Checking Rule SGDC_qualifier14 (Rule 252 of total 414) .... done (Time = 0.00s, Memory = -0.1K)
Checking Rule SGDC_qualifier16 (Rule 253 of total 414) .... done (Time = 0.00s, Memory = 0.0K)
Checking Rule SGDC_qualifier18 (Rule 254 of total 414) .... done (Time = 0.00s, Memory = -32.0K)
Checking Rule SGDC_qualifier19a (Rule 255 of total 414) .... done (Time = 0.00s, Memory = -0.4K)
Checking Rule SGDC_qualifier19b (Rule 256 of total 414) .... done (Time = 0.00s, Memory = 0.0K)
Checking Rule SGDC_qualifier19c (Rule 257 of total 414) .... done (Time = 0.00s, Memory = 0.0K)
Checking Rule SGDC_qualifier20b (Rule 258 of total 414) .... done (Time = 0.00s, Memory = 0.0K)
Checking Rule SGDC_qualifier21 (Rule 259 of total 414) .... done (Time = 0.00s, Memory = 0.0K)
Checking Rule SGDC_qualifier22 (Rule 260 of total 414) .... done (Time = 0.00s, Memory = 0.0K)
Checking Rule SGDC_qualifier23 (Rule 261 of total 414) .... done (Time = 0.00s, Memory = 0.0K)
Checking Rule SGDC_virtualclock01 (Rule 262 of total 414) .... done (Time = 0.00s, Memory = 0.0K)
Checking Rule SGDC_virtualreset01 (Rule 263 of total 414) .... done (Time = 0.00s, Memory = 0.0K)
Checking Rule SGDC_abstract_port19 (Rule 264 of total 414) .... done (Time = 0.00s, Memory = 0.0K)
Checking Rule SGDC_abstract_port20 (Rule 265 of total 414) .... done (Time = 0.00s, Memory = 0.0K)
Checking Rule RFPSetup (Rule 266 of total 414) .... done (Time = 0.00s, Memory = 3.9K)
Checking Rule SGDC_reset_filter_path02a (Rule 267 of total 414) .... done (Time = 0.00s, Memory = 0.0K)
Checking Rule SGDC_reset_filter_path02b (Rule 268 of total 414) .... done (Time = 0.00s, Memory = 0.0K)
Checking Rule SGDC_reset_filter_path02c (Rule 269 of total 414) .... done (Time = 0.00s, Memory = 0.0K)
Checking Rule SGDC_reset_filter_path03a (Rule 270 of total 414) .... done (Time = 0.00s, Memory = 122.0K)
Checking Rule SGDC_reset_filter_path03b (Rule 271 of total 414) .... done (Time = 0.00s, Memory = 0.0K)
Checking Rule SGDC_reset_filter_path03c (Rule 272 of total 414) .... done (Time = 0.00s, Memory = 0.0K)
Checking Rule SGDC_reset_filter_path04b (Rule 273 of total 414) .... done (Time = 0.00s, Memory = 0.0K)
Checking Rule SGDC_reset_filter_path07a (Rule 274 of total 414) .... done (Time = 0.00s, Memory = -32.0K)
Checking Rule SGDC_reset_filter_path07b (Rule 275 of total 414) .... done (Time = 0.00s, Memory = 0.0K)
Checking Rule SGDC_reset_filter_path07c (Rule 276 of total 414) .... done (Time = 0.00s, Memory = 0.0K)
Checking Rule SGDC_define_reset_order03 (Rule 277 of total 414) .... done (Time = 0.00s, Memory = 0.0K)
Checking Rule SGDC_define_reset_order04 (Rule 278 of total 414) .... done (Time = 0.00s, Memory = 0.0K)
Checking Rule SGDC_define_reset_order05 (Rule 279 of total 414) .... done (Time = 0.00s, Memory = 0.0K)
Checking Rule SGDC_cdc_false_path06 (Rule 280 of total 414) .... done (Time = 0.00s, Memory = 0.0K)
Checking Rule SGDC_cdc_false_path07 (Rule 281 of total 414) .... done (Time = 0.00s, Memory = 32.0K)
Checking Rule SGDC_cdc_false_path08 (Rule 282 of total 414) .... done (Time = 0.00s, Memory = -32.0K)
Checking Rule CDCSet_License01 (Rule 283 of total 414) .... done (Time = 0.00s, Memory = 0.0K)
Checking Rule Clock_info03a (Rule 284 of total 414) .... done (Time = 0.00s, Memory = -32.1K)
Checking Rule Clock_info03b (Rule 285 of total 414) .... done (Time = 0.01s, Memory = -20.6K)
Checking Rule Clock_info03c (Rule 286 of total 414) .... done (Time = 0.00s, Memory = 0.0K)
Checking Rule Ac_coherency06 (Rule 287 of total 414) .... done (Time = 0.00s, Memory = -0.6K)
Checking Rule Ac_unsync01 (Rule 288 of total 414) .... done (Time = 0.00s, Memory = -5.2K)
Checking Rule Ac_unsync02 (Rule 289 of total 414) .... done (Time = 0.00s, Memory = 0.0K)
Checking Rule Ac_sync01 (Rule 290 of total 414) .... done (Time = 0.00s, Memory = -1.9K)
Checking Rule Ac_sync02 (Rule 291 of total 414) .... done (Time = 0.00s, Memory = 0.0K)
Checking Rule Ac_crossing01 (Rule 292 of total 414) .... done (Time = 0.00s, Memory = -32.0K)
Checking Rule Propagate_Resets (Rule 293 of total 414) .... done (Time = 0.01s, Memory = 3.4K)
Checking Rule _reset_sync (Rule 294 of total 414) .... done (Time = 0.00s, Memory = 0.0K)
Checking Rule Setup_port01 (Rule 295 of total 414) .... done (Time = 0.00s, Memory = 0.0K)
Checking Rule Setup_blackbox01 (Rule 296 of total 414) .... done (Time = 0.00s, Memory = 0.0K)
Checking Rule Setup_library01 (Rule 297 of total 414) .... done (Time = 0.00s, Memory = 0.0K)
Checking Rule Reset_check11 (Rule 298 of total 414) .... done (Time = 0.01s, Memory = 13.9K)
Checking Rule Reset_info09a (Rule 299 of total 414) .... done (Time = 0.00s, Memory = 32.0K)
Checking Rule Clock_sync05 (Rule 300 of total 414) .... done (Time = 0.00s, Memory = -8.0K)
Checking Rule Clock_sync06 (Rule 301 of total 414) .... done (Time = 0.00s, Memory = 0.0K)
Checking Rule Clock_info02 (Rule 302 of total 414) .... done (Time = 0.00s, Memory = -35.5K)
Checking Rule Reset_info02 (Rule 303 of total 414) .... done (Time = 0.01s, Memory = -7.2K)
Checking Rule Clock_info05 (Rule 304 of total 414) .... done (Time = 0.00s, Memory = 0.0K)
Checking Rule Clock_info05b (Rule 305 of total 414) .... done (Time = 0.00s, Memory = 0.0K)
Checking Rule Reset_check03 (Rule 306 of total 414) .... done (Time = 0.00s, Memory = 9.0K)
Checking Rule _clkWrapModules (Rule 307 of total 414) .... done (Time = 0.00s, Memory = 0.5K)
Checking Rule _clock_hier_rules (Rule 308 of total 414) .... done (Time = 0.00s, Memory = 0.0K)
Checking Rule Reset_check12 (Rule 309 of total 414) .... done (Time = 0.00s, Memory = 46.5K)
Checking Rule Ar_sync_init (Rule 310 of total 414) .... done (Time = 0.01s, Memory = -15.5K)
Checking Rule _constrCoverage (Rule 311 of total 414) .... done (Time = 0.00s, Memory = 23.3K)
Checking Rule Clock_info15 (Rule 312 of total 414) .... done (Time = 0.00s, Memory = 0.7K)
Checking Rule Reset_check10 (Rule 313 of total 414) .... done (Time = 0.00s, Memory = 25.0K)
Checking Rule Reset_sync02 (Rule 314 of total 414) .... done (Time = 0.00s, Memory = -0.1K)
Checking Rule SGDC_clockreset02 (Rule 315 of total 414) .... done (Time = 0.00s, Memory = -4.5K)
Checking Rule Param_clockreset02 (Rule 316 of total 414) .... done (Time = 0.00s, Memory = -0.5K)
Checking Rule Param_clockreset04 (Rule 317 of total 414) .... done (Time = 0.00s, Memory = 0.0K)
Checking Rule Setup_clockreset01 (Rule 318 of total 414) .... done (Time = 0.00s, Memory = 0.0K)
Checking Rule Clock_check07 (Rule 319 of total 414) .... done (Time = 0.00s, Memory = 32.0K)
Checking Rule Clock_check10 (Rule 320 of total 414) .... done (Time = 0.00s, Memory = 10.3K)
Checking Rule Reset_check08 (Rule 321 of total 414) .... done (Time = 0.00s, Memory = 0.0K)
Checking Rule Clock_converge01 (Rule 322 of total 414) .... done (Time = 0.00s, Memory = 0.0K)
Checking Rule Ar_converge01 (Rule 323 of total 414) .... done (Time = 0.00s, Memory = 2.1K)
Checking Rule SGDC_noclockcell_start01 (Rule 324 of total 414) .... done (Time = 0.00s, Memory = 0.0K)
Checking Rule Ac_initseq01 (Rule 325 of total 414) .... done (Time = 0.00s, Memory = 0.0K)
Checking Rule Ac_init01 (Rule 326 of total 414) .... done (Time = 0.00s, Memory = 0.0K)
Checking Rule _ac_Auxi01 (Rule 327 of total 414) .... done (Time = 0.00s, Memory = -0.9K)
Checking Rule Ac_sanity02 (Rule 328 of total 414) .... done (Time = 0.00s, Memory = 24.0K)
Checking Rule _glitch_init (Rule 329 of total 414) .... done (Time = 0.00s, Memory = 2.1K)
Checking Rule Ac_initstate01 (Rule 330 of total 414) .... done (Time = 0.00s, Memory = 0.0K)
Checking Rule Ac_conv02 (Rule 331 of total 414) .... done (Time = 0.00s, Memory = -14.6K)
Checking Rule Ac_conv02setup01 (Rule 332 of total 414) .... done (Time = 0.00s, Memory = 0.0K)
Checking Rule Ac_conv01 (Rule 333 of total 414) .... done (Time = 0.00s, Memory = -50.1K)
Checking Rule Ac_conv03 (Rule 334 of total 414) .... done (Time = 0.01s, Memory = 4.2K)
Checking Rule Ac_conv04 (Rule 335 of total 414) .... done (Time = 0.00s, Memory = 3.7K)
Checking Rule Ac_abs01 (Rule 336 of total 414) .... done (Time = 0.00s, Memory = 0.0K)
Checking Rule Ac_glitch03 (Rule 337 of total 414) .... done (Time = 0.00s, Memory = 0.0K)
Checking Rule Ac_clockperiod01 (Rule 338 of total 414) .... done (Time = 0.00s, Memory = 0.0K)
Checking Rule Ac_clockperiod02 (Rule 339 of total 414) .... done (Time = 0.00s, Memory = 32.0K)
Checking Rule Ac_clockperiod03 (Rule 340 of total 414) .... done (Time = 0.00s, Memory = 0.0K)
Checking Rule Ac_report01 (Rule 341 of total 414) .... done (Time = 0.00s, Memory = 0.0K)
Checking Rule AllowComboLogicSetup (Rule 342 of total 414) .... done (Time = 0.00s, Memory = -12.9K)
Checking Rule Ac_resetvalue01 (Rule 343 of total 414) .... done (Time = 0.00s, Memory = 0.0K)
Checking Rule Ac_abstract_validation01 (Rule 344 of total 414) .... done (Time = 0.00s, Memory = 3.9K)
Checking Rule SGDC_abstract_mapping01 (Rule 345 of total 414) .... done (Time = 0.00s, Memory = 0.0K)
Checking Rule Ac_upfsetup02 (Rule 346 of total 414) .... done (Time = 0.00s, Memory = 1.2K)
Checking Rule Ac_upfsetup01 (Rule 347 of total 414) .... done (Time = 0.00s, Memory = 4.7K)
Checking Rule Ac_psync_init (Rule 348 of total 414) .... done (Time = 0.00s, Memory = 32.0K)
Checking Rule Ac_psetup01 (Rule 349 of total 414) .... done (Time = 0.00s, Memory = -0.2K)
Checking Rule Clock_exit01 (Rule 350 of total 414) .... done (Time = 0.00s, Memory = 0.0K)
Checking Rule SGDC_reset_synchronizer02 (Rule 351 of total 414) .... done (Time = 0.00s, Memory = -1.1K)
Checking Rule SGDC_reset_synchronizer04 (Rule 352 of total 414) .... done (Time = 0.00s, Memory = -5.0K)
Checking Rule SGDC_reset_synchronizer06 (Rule 353 of total 414) .... done (Time = 0.00s, Memory = 0.0K)
Checking Rule SGDC_reset_synchronizer08 (Rule 354 of total 414) .... done (Time = 0.00s, Memory = 0.0K)
Checking Rule SGDC_reset_synchronizer10 (Rule 355 of total 414) .... done (Time = 0.00s, Memory = 0.0K)
Checking Rule AnalyzeBBox (Rule 356 of total 414) .... done (Time = 0.00s, Memory = 0.0K)
Checking Rule ReportCheckDataSummary (Rule 357 of total 414) .... done (Time = 0.00s, Memory = 0.0K)

Generating data for Console...

SpyGlass Rule Checking Complete.

Generating moresimple report from './spyglass-1/cdc/cdc_verify_struct/spyglass.vdb' to './spyglass-1/cdc/cdc_verify_struct/spyglass_reports/moresimple.rpt' ....

Generating runsummary report from './spyglass-1/cdc/cdc_verify_struct/spyglass.vdb' ....

Generating no_msg_reporting_rules report from './spyglass-1/cdc/cdc_verify_struct/spyglass.vdb' to './spyglass-1/cdc/cdc_verify_struct/spyglass_reports/no_msg_reporting_rules.rpt' ....

Generating CDC-report report from './spyglass-1/cdc/cdc_verify_struct/spyglass.vdb' to './spyglass-1/cdc/cdc_verify_struct/spyglass_reports/CDC-report.rpt' ....

Generating CKSGDCInfo report from './spyglass-1/cdc/cdc_verify_struct/spyglass.vdb' to './spyglass-1/cdc/cdc_verify_struct/spyglass_reports/CKSGDCInfo.rpt' ....

Generating RSTree report from './spyglass-1/cdc/cdc_verify_struct/spyglass.vdb' to './spyglass-1/cdc/cdc_verify_struct/spyglass_reports/RSTree.rpt' ....

Generating CKTree report from './spyglass-1/cdc/cdc_verify_struct/spyglass.vdb' to './spyglass-1/cdc/cdc_verify_struct/spyglass_reports/CKTree.rpt' ....

Generating waiver report from './spyglass-1/cdc/cdc_verify_struct/spyglass.vdb' to './spyglass-1/cdc/cdc_verify_struct/spyglass_reports/waiver.rpt' ....

Policy specific data (reports) are present in the directory './spyglass-1/cdc/cdc_verify_struct/spyglass_reports'.

SpyGlass critical reports for the current run are present in directory './spyglass-1/consolidated_reports/cdc_cdc_verify_struct/'.

---------------------------------------------------------------------------------------------
Results Summary:
---------------------------------------------------------------------------------------------
   Goal Run           :      cdc/cdc_verify_struct
   Command-line read  :      0 error,      0 warning,      0 information message 
   Design Read        :      0 error,      0 warning,      6 information messages
      Found 1 top module:
         SYSTEM_TOP   (file: /home/ICer/IC/Projects/System/rtl/SYSTEM_TOP.v)

   Blackbox Resolution:      0 error,      0 warning,      0 information message 
   SGDC Checks        :      0 error,      0 warning,      1 information message 
** Policy clock-reset :      1 error,      1 warning,     40 information messages
   -------------------------------------------------------------------------------------
   Total              :      1 error,      1 warning,     47 information messages

  Total Number of Generated Messages     :        49 (1 error, 1 warning, 47 Infos)
  Number of Reported Messages            :        49 (1 error, 1 warning, 47 Infos)

  NOTE: It is recommended to first fix/reconcile fatals/errors reported on
        lines starting with ** as subsequent issues might be related to it.
        Please re-run SpyGlass once ** prefixed lines are fatal/error clean.

---------------------------------------------------------------------------------------------


run_goal: info: updating spyglass.log with goal summary
run_goal: info: spyglass.log successfully updated with goal summary
0 {Rule-checking completed with errors}
INFO:    SpyGlass will run goal(s) 'cdc/cdc_verify_struct'.


 Auto-compiling gates libraries

        "../std_cells/scmetro_tsmc_cl013g_rvt_ff_1p32v_m40c.lib"
        "../std_cells/scmetro_tsmc_cl013g_rvt_ss_1p08v_125c.lib"
        "../std_cells/scmetro_tsmc_cl013g_rvt_tt_1p2v_25c.lib"
    to
        "./spyglass-1/spyglass_cache/autogenerated_sglib/aggregate.sglib" ...already compiled

 Using this already compiled sglib for the current run ...

RULE-CHECKING IN MIXED MODE
Loading spyglass (SpyGlass_vL-2016.06) ... (picked from /home/synopsys/SpyGlass-L2016.06/SPYGLASS_HOME/policies/spyglass)
Loading clock-reset (SpyGlass_vL-2016.06) ... (picked from /home/synopsys/SpyGlass-L2016.06/SPYGLASS_HOME/policies/clock)
 Reading sgdc file "SYSTEM_TOP.sgdc" ...
Performing unification checks on SGDC... done
Reading specified sglib files(s) ....
   Processing library: 'scmetro_tsmc_cl013g_rvt_ff_1p32v_m40c' .... done
   Processing library: 'scmetro_tsmc_cl013g_rvt_ss_1p08v_125c' .... done
   Processing library: 'scmetro_tsmc_cl013g_rvt_tt_1p2v_25c' .... done
Checking Rule AutoGenerateSglib (Rule 1 of total 414) .... done (Time = 0.00s, Memory = 1.9K)

INFO [76]    Using `./spyglass-1/WORK/64' as the Work Directory for 64bit precompiled dump.
Checking Rule Param_clockreset07 (Rule 2 of total 414) .... done (Time = 0.00s, Memory = 0.4K)
Checking Rule Clock_setup01 (Rule 3 of total 414) .... done (Time = 0.00s, Memory = 36.7K)
Checking Rule Param_clockreset06 (Rule 4 of total 414) .... done (Time = 0.00s, Memory = 0.0K)
Checking Rule SGDC_meta_monitor_attributes01 (Rule 5 of total 414) .... done (Time = 0.00s, Memory = 0.0K)
Checking Rule LP_POWERDATA_CHECK (Rule 6 of total 414) .... done (Time = 0.00s, Memory = 0.0K)
Checking Rule LP_POWERDATA_READ (Rule 7 of total 414) .... done (Time = 0.00s, Memory = 0.0K)
Checking Rule PrecompileLibCheck01 (Rule 8 of total 414) .... done (Time = 0.00s, Memory = 0.0K)
Checking Rule PrecompileLibCheck02 (Rule 9 of total 414) .... done (Time = 0.00s, Memory = 0.0K)
Checking Rule PrecompileLibCheck03 (Rule 10 of total 414) .... done (Time = 0.00s, Memory = 0.0K)
Checking Rule PrecompileLibCheck04 (Rule 11 of total 414) .... done (Time = 0.00s, Memory = 0.0K)
Checking Rule ElabSummary (Rule 12 of total 414) .... done (Time = 0.00s, Memory = 24.4K)
Checking Rule ReportSglibVersionSummary (Rule 13 of total 414) .... done (Time = 0.00s, Memory = -20.0K)
Checking Rule SGDC_assume_path01 (Rule 14 of total 414) .... done (Time = 0.00s, Memory = 0.0K)
Checking Rule SGDC_sdcschema02 (Rule 15 of total 414) .... done (Time = 0.00s, Memory = 3.8K)
Checking Rule SGDC_clock05 (Rule 16 of total 414) .... done (Time = 0.00s, Memory = 0.0K)
Checking Rule SGDC_clock09 (Rule 17 of total 414) .... done (Time = 0.00s, Memory = 0.0K)
Checking Rule SGDC_force_ta05 (Rule 18 of total 414) .... done (Time = 0.00s, Memory = 0.0K)
Checking Rule SGDC_require_path03 (Rule 19 of total 414) .... done (Time = 0.00s, Memory = 0.0K)
Checking Rule SGDC_require_value03 (Rule 20 of total 414) .... done (Time = 0.00s, Memory = 0.0K)
Checking Rule SGDC_voltagedomain05 (Rule 21 of total 414) .... done (Time = 0.00s, Memory = 0.0K)
Checking Rule SGDC_voltagedomain06 (Rule 22 of total 414) .... done (Time = 0.00s, Memory = 0.0K)
Checking Rule SGDC_voltagedomain07 (Rule 23 of total 414) .... done (Time = 0.00s, Memory = 15.0K)
Checking Rule SGDC_powerdomainoutputs02 (Rule 24 of total 414) .... done (Time = 0.00s, Memory = 0.0K)
Checking Rule SGDC_supply01 (Rule 25 of total 414) .... done (Time = 0.00s, Memory = 0.0K)
Checking Rule SGDC_waive01 (Rule 26 of total 414) .... done (Time = 0.00s, Memory = 3.5K)
Checking Rule SGDC_waive02 (Rule 27 of total 414) .... done (Time = 0.00s, Memory = 0.0K)
Checking Rule SGDC_waive03 (Rule 28 of total 414) .... done (Time = 0.00s, Memory = 0.0K)
Checking Rule SGDC_waive04 (Rule 29 of total 414) .... done (Time = 0.00s, Memory = 0.0K)
Checking Rule SGDC_waive05 (Rule 30 of total 414) .... done (Time = 0.00s, Memory = 0.0K)
Checking Rule SGDC_waive06 (Rule 31 of total 414) .... done (Time = 0.00s, Memory = -0.6K)
Checking Rule SGDC_waive07 (Rule 32 of total 414) .... done (Time = 0.00s, Memory = 0.0K)
Checking Rule SGDC_waive08 (Rule 33 of total 414) .... done (Time = 0.00s, Memory = 0.0K)
Checking Rule SGDC_waive09 (Rule 34 of total 414) .... done (Time = 0.00s, Memory = 0.8K)
Checking Rule SGDC_waive10 (Rule 35 of total 414) .... done (Time = 0.00s, Memory = 0.0K)
Checking Rule SGDC_waive11 (Rule 36 of total 414) .... done (Time = 0.00s, Memory = 0.0K)
Checking Rule SGDC_waive12 (Rule 37 of total 414) .... done (Time = 0.00s, Memory = 0.1K)
Checking Rule SGDC_waive13 (Rule 38 of total 414) .... done (Time = 0.00s, Memory = 0.0K)
Checking Rule SGDC_waive21 (Rule 39 of total 414) .... done (Time = 0.00s, Memory = -27.0K)
Checking Rule SGDC_waive22 (Rule 40 of total 414) .... done (Time = 0.00s, Memory = 0.0K)
Checking Rule SGDC_waive30 (Rule 41 of total 414) .... done (Time = 0.00s, Memory = 0.0K)
Checking Rule SGDC_waive32 (Rule 42 of total 414) .... done (Time = 0.00s, Memory = 0.0K)
Checking Rule SGDC_waive33 (Rule 43 of total 414) .... done (Time = 0.00s, Memory = 0.4K)
Checking Rule SGDC_waive36 (Rule 44 of total 414) .... done (Time = 0.00s, Memory = 0.0K)
Checking Rule SGDC_waive38 (Rule 45 of total 414) .... done (Time = 0.00s, Memory = 0.0K)
Checking Rule SGDC_fifo01 (Rule 46 of total 414) .... done (Time = 0.00s, Memory = 0.0K)
Checking Rule SGDC_libgroup01 (Rule 47 of total 414) .... done (Time = 0.00s, Memory = 0.1K)
Checking Rule SGDC_libgroup02 (Rule 48 of total 414) .... done (Time = 0.00s, Memory = 0.0K)
Checking Rule SGDC_libgroup04 (Rule 49 of total 414) .... done (Time = 0.00s, Memory = 0.0K)
Checking Rule SGDC_power_data01 (Rule 50 of total 414) .... done (Time = 0.00s, Memory = 15.0K)
Checking Rule SGDC_ungroup01 (Rule 51 of total 414) .... done (Time = 0.00s, Memory = 0.8K)
Checking Rule SGDC_abstract_port06 (Rule 52 of total 414) .... done (Time = 0.00s, Memory = 15.0K)
Checking Rule SGDC_abstract_port14 (Rule 53 of total 414) .... done (Time = 0.00s, Memory = 0.0K)
Checking Rule SGDC_abstract_port15 (Rule 54 of total 414) .... done (Time = 0.00s, Memory = 0.0K)
Checking Rule SGDC_abstract_port18 (Rule 55 of total 414) .... done (Time = 0.00s, Memory = 0.0K)
Checking Rule SDC2SGDC_INFO (Rule 56 of total 414) .... done (Time = 0.00s, Memory = 83.0K)
Checking Rule SDC_ParamSanityCheck (Rule 57 of total 414) .... done (Time = 0.00s, Memory = 27.1K)
Checking Rule SDC_Sanity_Rule (Rule 58 of total 414)SDC-file translator read from path : /home/synopsys/SpyGlass-L2016.06/SPYGLASS_HOME/auxi/sdcparser
 .... done (Time = 0.00s, Memory = 4.0K)
Checking Rule sdc_init_rule (Rule 59 of total 414) .... done (Time = 0.01s, Memory = -9.9K)
Checking Rule CMD_ignorelibs01 (Rule 60 of total 414) .... done (Time = 0.00s, Memory = 0.0K)
Checking Rule ReportRuleNotRun (Rule 61 of total 414) .... done (Time = 0.01s, Memory = -0.4K)
Checking Rule SGDC_generated_clock03 (Rule 62 of total 414) .... done (Time = 0.00s, Memory = 0.0K)
Checking Rule SGDC_generated_clock04 (Rule 63 of total 414) .... done (Time = 0.00s, Memory = 19.0K)
Checking Rule SGDC_generated_clock05 (Rule 64 of total 414) .... done (Time = 0.00s, Memory = -8.0K)
Checking Rule SGDC_quasi_static_style02 (Rule 65 of total 414) .... done (Time = 0.00s, Memory = 0.6K)
Checking Rule SGDC_syncresetstyle01 (Rule 66 of total 414) .... done (Time = 0.00s, Memory = 31.9K)
Checking Rule SGDC_network_allowed_cells01 (Rule 67 of total 414) .... done (Time = 0.00s, Memory = 27.0K)
Checking Rule SGDC_numflops01 (Rule 68 of total 414) .... done (Time = 0.00s, Memory = -0.1K)
Checking Rule SGDC_numflops07 (Rule 69 of total 414) .... done (Time = 0.00s, Memory = 0.0K)
Checking Rule SGDC_numflops08 (Rule 70 of total 414) .... done (Time = 0.00s, Memory = 4.0K)
Checking Rule SGDC_numflops09 (Rule 71 of total 414) .... done (Time = 0.00s, Memory = 0.0K)
Checking Rule SGDC_clocksense04 (Rule 72 of total 414) .... done (Time = 0.00s, Memory = 0.0K)
Checking Rule SGDC_check_clock_relation05a (Rule 73 of total 414) .... done (Time = 0.00s, Memory = 0.0K)
Checking Rule SGDC_check_clock_relation05b (Rule 74 of total 414) .... done (Time = 0.00s, Memory = 0.0K)
Checking Rule SGDC_sync_cell08a (Rule 75 of total 414) .... done (Time = 0.00s, Memory = 20.6K)
Checking Rule SGDC_sync_cell09a (Rule 76 of total 414) .... done (Time = 0.00s, Memory = 0.0K)
Checking Rule SGDC_qualifier06 (Rule 77 of total 414) .... done (Time = 0.00s, Memory = 4.0K)
Checking Rule SGDC_cdc_waive03 (Rule 78 of total 414) .... done (Time = 0.00s, Memory = 4.0K)
Checking Rule SGDC_qualifier09 (Rule 79 of total 414) .... done (Time = 0.00s, Memory = -7.5K)
Checking Rule SGDC_qualifier15 (Rule 80 of total 414) .... done (Time = 0.00s, Memory = -23.1K)
Checking Rule SGDC_allow_combo_logic01 (Rule 81 of total 414) .... done (Time = 0.00s, Memory = 0.0K)
Checking Rule SGDC_reset_filter_path01 (Rule 82 of total 414) .... done (Time = 0.00s, Memory = 0.0K)
Checking Rule SGDC_cdc_false_path05 (Rule 83 of total 414) .... done (Time = 0.00s, Memory = 0.0K)
Checking Rule Param_clockreset05 (Rule 84 of total 414) .... done (Time = 0.00s, Memory = 0.0K)
Checking Rule Ac_sanity01 (Rule 85 of total 414) .... done (Time = 0.00s, Memory = -32.0K)
Checking Rule Ac_sanity06 (Rule 86 of total 414) .... done (Time = 0.00s, Memory = -0.4K)
Checking Rule Ac_license01 (Rule 87 of total 414) .... done (Time = 0.00s, Memory = 0.0K)
Checking Rule SGDC_reset_synchronizer07 (Rule 88 of total 414) .... done (Time = 0.00s, Memory = 0.0K)
 Reading waiver file "./spyglass-1/cdc/cdc_verify_struct/spyglass_spysch/waiver/pragma2Waiver.swl" ...
 Reading included SGDC file "./spyglass-1/cdc/cdc_verify_struct/spyglass_spysch/waiver/pragma2Waiver_varfile.swl" ....
Checking Rule ReportStopSummary (Rule 89 of total 414) .... done (Time = 0.00s, Memory = 0.0K)
Checking Rule ReportIgnoreSummary (Rule 90 of total 414) .... done (Time = 0.00s, Memory = 0.0K)

INFO [235]    Restoring design database from directory './spyglass-1/.SG_SaveRestoreDB/autogenerated__default_snapshot' ...
              done

Checking Rule InferBlackBox (Rule 91 of total 414) .... done (Time = 0.00s, Memory = 0.0K)
Checking Rule SGDC_waive37 (Rule 92 of total 414) .... done (Time = 0.00s, Memory = 0.0K)
Checking Rule SGDC_waive24 (Rule 93 of total 414) .... done (Time = 0.00s, Memory = 18.2K)
Checking Rule SGDC_waive25 (Rule 94 of total 414) .... done (Time = 0.00s, Memory = -1.5K)
Checking Rule SGDC_waive31 (Rule 95 of total 414) .... done (Time = 0.00s, Memory = 0.0K)
Checking Rule SGDC_waive35 (Rule 96 of total 414) .... done (Time = 0.00s, Memory = 0.0K)
Checking Rule ReportSglibSummary (Rule 97 of total 414) .... done (Time = 0.00s, Memory = 0.0K)
Checking Rule DetectTopDesignUnits (Rule 98 of total 414)
 Detected 1 top level design units:
     SYSTEM_TOP
 .... done (Time = 0.00s, Memory = 0.5K)
Checking Rule GenerateConfMap (Rule 99 of total 414) .... done (Time = 0.00s, Memory = 0.0K)
Checking Rule Pragma_setupa for module Pulse_Gen (Rule 100 of total 414) .... done (Time = 0.00s, Memory = 0.0K)
Checking Rule SDC2SGDCPARSE for module Pulse_Gen (Rule 101 of total 414) .... done (Time = 0.00s, Memory = 0.0K)
Checking Rule Pragma_setupa for module DF_SYNC (Rule 100 of total 414) .... done (Time = 0.00s, Memory = 0.0K)
Checking Rule SDC2SGDCPARSE for module DF_SYNC (Rule 101 of total 414) .... done (Time = 0.00s, Memory = 0.0K)
Checking Rule Pragma_setupa for module FIFO_MEM_CNTRL (Rule 100 of total 414) .... done (Time = 0.00s, Memory = 0.0K)
Checking Rule SDC2SGDCPARSE for module FIFO_MEM_CNTRL (Rule 101 of total 414) .... done (Time = 0.00s, Memory = 0.0K)
Checking Rule Pragma_setupa for module FIFO_WR (Rule 100 of total 414) .... done (Time = 0.00s, Memory = 0.0K)
Checking Rule SDC2SGDCPARSE for module FIFO_WR (Rule 101 of total 414) .... done (Time = 0.00s, Memory = 0.0K)
Checking Rule Pragma_setupa for module FIFO_RD (Rule 100 of total 414) .... done (Time = 0.00s, Memory = 0.0K)
Checking Rule SDC2SGDCPARSE for module FIFO_RD (Rule 101 of total 414) .... done (Time = 0.00s, Memory = 0.0K)
Checking Rule Pragma_setupa for module ASYNC_FIFO (Rule 100 of total 414) .... done (Time = 0.00s, Memory = 0.0K)
Checking Rule SDC2SGDCPARSE for module ASYNC_FIFO (Rule 101 of total 414) .... done (Time = 0.00s, Memory = 0.0K)
Checking Rule Pragma_setupa for module ALU (Rule 100 of total 414) .... done (Time = 0.00s, Memory = 0.0K)
Checking Rule SDC2SGDCPARSE for module ALU (Rule 101 of total 414) .... done (Time = 0.00s, Memory = 0.0K)
Checking Rule Pragma_setupa for module CLK_GATE (Rule 100 of total 414) .... done (Time = 0.00s, Memory = 0.0K)
Checking Rule SDC2SGDCPARSE for module CLK_GATE (Rule 101 of total 414) .... done (Time = 0.00s, Memory = 0.0K)
Checking Rule Pragma_setupa for module regfile (Rule 100 of total 414) .... done (Time = 0.00s, Memory = 0.0K)
Checking Rule SDC2SGDCPARSE for module regfile (Rule 101 of total 414) .... done (Time = 0.00s, Memory = 0.0K)
Checking Rule Pragma_setupa for module SYS_CTRL (Rule 100 of total 414) .... done (Time = 0.00s, Memory = 0.0K)
Checking Rule SDC2SGDCPARSE for module SYS_CTRL (Rule 101 of total 414) .... done (Time = 0.00s, Memory = 0.0K)
Checking Rule Pragma_setupa for module DATA_SYNC (Rule 100 of total 414) .... done (Time = 0.00s, Memory = 0.0K)
Checking Rule SDC2SGDCPARSE for module DATA_SYNC (Rule 101 of total 414) .... done (Time = 0.00s, Memory = 0.0K)
Checking Rule Pragma_setupa for module FSM_RX (Rule 100 of total 414) .... done (Time = 0.00s, Memory = 0.0K)
Checking Rule SDC2SGDCPARSE for module FSM_RX (Rule 101 of total 414) .... done (Time = 0.00s, Memory = 0.0K)
Checking Rule Pragma_setupa for module edge_bit_counter (Rule 100 of total 414) .... done (Time = 0.00s, Memory = 0.0K)
Checking Rule SDC2SGDCPARSE for module edge_bit_counter (Rule 101 of total 414) .... done (Time = 0.00s, Memory = 0.0K)
Checking Rule Pragma_setupa for module deserializer (Rule 100 of total 414) .... done (Time = 0.00s, Memory = 0.0K)
Checking Rule SDC2SGDCPARSE for module deserializer (Rule 101 of total 414) .... done (Time = 0.00s, Memory = 0.0K)
Checking Rule Pragma_setupa for module data_sampling (Rule 100 of total 414) .... done (Time = 0.00s, Memory = 0.0K)
Checking Rule SDC2SGDCPARSE for module data_sampling (Rule 101 of total 414) .... done (Time = 0.00s, Memory = 0.0K)
Checking Rule Pragma_setupa for module stop_checker (Rule 100 of total 414) .... done (Time = 0.00s, Memory = 0.0K)
Checking Rule SDC2SGDCPARSE for module stop_checker (Rule 101 of total 414) .... done (Time = 0.00s, Memory = 0.0K)
Checking Rule Pragma_setupa for module strt_checker (Rule 100 of total 414) .... done (Time = 0.00s, Memory = 0.0K)
Checking Rule SDC2SGDCPARSE for module strt_checker (Rule 101 of total 414) .... done (Time = 0.00s, Memory = 0.0K)
Checking Rule Pragma_setupa for module parity_checker (Rule 100 of total 414) .... done (Time = 0.00s, Memory = 0.0K)
Checking Rule SDC2SGDCPARSE for module parity_checker (Rule 101 of total 414) .... done (Time = 0.00s, Memory = 0.0K)
Checking Rule Pragma_setupa for module UART_RX (Rule 100 of total 414) .... done (Time = 0.00s, Memory = 0.0K)
Checking Rule SDC2SGDCPARSE for module UART_RX (Rule 101 of total 414) .... done (Time = 0.00s, Memory = 0.0K)
Checking Rule Pragma_setupa for module FSM_TX (Rule 100 of total 414) .... done (Time = 0.00s, Memory = 0.0K)
Checking Rule SDC2SGDCPARSE for module FSM_TX (Rule 101 of total 414) .... done (Time = 0.00s, Memory = 0.0K)
Checking Rule Pragma_setupa for module Serializer (Rule 100 of total 414) .... done (Time = 0.00s, Memory = 0.0K)
Checking Rule SDC2SGDCPARSE for module Serializer (Rule 101 of total 414) .... done (Time = 0.00s, Memory = 0.0K)
Checking Rule Pragma_setupa for module Parity_Calc (Rule 100 of total 414) .... done (Time = 0.00s, Memory = 0.0K)
Checking Rule SDC2SGDCPARSE for module Parity_Calc (Rule 101 of total 414) .... done (Time = 0.00s, Memory = 0.0K)
Checking Rule Pragma_setupa for module MUX (Rule 100 of total 414) .... done (Time = 0.00s, Memory = 0.0K)
Checking Rule SDC2SGDCPARSE for module MUX (Rule 101 of total 414) .... done (Time = 0.00s, Memory = 0.0K)
Checking Rule Pragma_setupa for module UART_TX (Rule 100 of total 414) .... done (Time = 0.00s, Memory = 0.0K)
Checking Rule SDC2SGDCPARSE for module UART_TX (Rule 101 of total 414) .... done (Time = 0.00s, Memory = 0.0K)
Checking Rule Pragma_setupa for module UART (Rule 100 of total 414) .... done (Time = 0.00s, Memory = 0.0K)
Checking Rule SDC2SGDCPARSE for module UART (Rule 101 of total 414) .... done (Time = 0.00s, Memory = 0.0K)
Checking Rule Pragma_setupa for module RST_SYNC (Rule 100 of total 414) .... done (Time = 0.00s, Memory = 0.0K)
Checking Rule SDC2SGDCPARSE for module RST_SYNC (Rule 101 of total 414) .... done (Time = 0.00s, Memory = 0.0K)
Checking Rule Pragma_setupa for module CLK_DIV (Rule 100 of total 414) .... done (Time = 0.00s, Memory = 0.0K)
Checking Rule SDC2SGDCPARSE for module CLK_DIV (Rule 101 of total 414) .... done (Time = 0.00s, Memory = 0.0K)
Checking Rule Pragma_setupa for module prescale_mux (Rule 100 of total 414) .... done (Time = 0.00s, Memory = 0.0K)
Checking Rule SDC2SGDCPARSE for module prescale_mux (Rule 101 of total 414) .... done (Time = 0.00s, Memory = 0.0K)
Checking Rule Pragma_setupa for module SYSTEM_TOP (Rule 100 of total 414) .... done (Time = 0.00s, Memory = 0.0K)
Checking Rule SDC2SGDCPARSE for module SYSTEM_TOP (Rule 101 of total 414) .... done (Time = 0.00s, Memory = 0.0K)
Performing semantic checks on SGDC contents
Checking Rule SGDC_testmode03 (Rule 102 of total 414) .... done (Time = 0.00s, Memory = 0.0K)
Checking Rule Pragma_setupb (Rule 103 of total 414) .... done (Time = 0.00s, Memory = 32.0K)
Checking Rule _vhMeta01 (Rule 104 of total 414) .... done (Time = 0.00s, Memory = 0.0K)
Checking Rule _meta_delay01 (Rule 105 of total 414) .... done (Time = 0.00s, Memory = 8.0K)
Checking Rule CheckCelldefine (Rule 106 of total 414) .... done (Time = 0.00s, Memory = 0.0K)
Checking Rule checkSGDC_01 (Rule 107 of total 414) .... done (Time = 0.00s, Memory = -8.0K)
Checking Rule checkSGDC_03 (Rule 108 of total 414) .... done (Time = 0.00s, Memory = -1.5K)
Checking Rule checkSGDC_08 (Rule 109 of total 414) .... done (Time = 0.00s, Memory = 0.8K)
Checking Rule SGDC_memorywritepin04 (Rule 110 of total 414) .... done (Time = 0.00s, Memory = 18.1K)
Checking Rule SGDC_reset02 (Rule 111 of total 414) .... done (Time = 0.00s, Memory = 16.5K)
Checking Rule SGDC_reset03 (Rule 112 of total 414) .... done (Time = 0.00s, Memory = 0.0K)
Checking Rule SGDC_waive23 (Rule 113 of total 414) .... done (Time = 0.00s, Memory = 0.0K)
Checking Rule SGDC_waive26 (Rule 114 of total 414) .... done (Time = 0.00s, Memory = -31.7K)
Checking Rule SGDC_waive27 (Rule 115 of total 414) .... done (Time = 0.00s, Memory = -0.2K)
Checking Rule SGDC_waive29 (Rule 116 of total 414) .... done (Time = 0.00s, Memory = 0.0K)
Checking Rule SGDC_libgroup03 (Rule 117 of total 414) .... done (Time = 0.00s, Memory = 0.0K)
Checking Rule SGDC_ungroup02 (Rule 118 of total 414) .... done (Time = 0.00s, Memory = 1.6K)
Checking Rule _abstractPortSGDC (Rule 119 of total 414) .... done (Time = 0.00s, Memory = 8.6K)
Checking Rule SGDC_abstract_port03 (Rule 120 of total 414) .... done (Time = 0.00s, Memory = -1.9K)
Checking Rule SGDC_abstract_port04 (Rule 121 of total 414) .... done (Time = 0.00s, Memory = 0.0K)
Checking Rule SGDC_abstract_port05 (Rule 122 of total 414) .... done (Time = 0.00s, Memory = 0.0K)
Checking Rule SGDC_abstract_port07 (Rule 123 of total 414) .... done (Time = 0.00s, Memory = 0.0K)
Checking Rule SGDC_abstract_port08 (Rule 124 of total 414) .... done (Time = 0.00s, Memory = 0.0K)
Checking Rule SGDC_abstract_port10 (Rule 125 of total 414) .... done (Time = 0.00s, Memory = 0.0K)
Checking Rule SGDC_abstract_port11 (Rule 126 of total 414) .... done (Time = 0.00s, Memory = 0.0K)
Checking Rule SGDC_abstract_port12 (Rule 127 of total 414) .... done (Time = 0.00s, Memory = 8.0K)
Checking Rule SGDC_abstract_port13 (Rule 128 of total 414) .... done (Time = 0.00s, Memory = 0.0K)
Checking Rule SGDC_sdcschema01 (Rule 129 of total 414) .... done (Time = 0.00s, Memory = 0.0K)
Checking Rule _cdc_save_license01 (Rule 130 of total 414) .... done (Time = 0.00s, Memory = -0.2K)
Checking Rule syncRstReq (Rule 131 of total 414) .... done (Time = 0.00s, Memory = 0.0K)
Checking Rule syncRstReq (Rule 132 of total 414) .... done (Time = 0.00s, Memory = 0.0K)
Checking Rule _syncResetStyleRTL (Rule 133 of total 414) .... done (Time = 0.00s, Memory = 0.0K)
Checking Rule _deltaDelay (Rule 134 of total 414) .... done (Time = 0.00s, Memory = 0.0K)
Checking Rule _deltaDelay (Rule 135 of total 414) .... done (Time = 0.00s, Memory = 0.0K)
Checking Rule _deltaDelayNom (Rule 136 of total 414) .... done (Time = 0.00s, Memory = 0.0K)
Checking Rule Ac_multitop01 (Rule 137 of total 414) .... done (Time = 0.00s, Memory = 0.0K)
Checking Rule AcOvlRtl (Rule 138 of total 414) .... done (Time = 0.00s, Memory = 0.0K)
Checking Rule AcOvlRtl (Rule 139 of total 414) .... done (Time = 0.00s, Memory = 14.0K)
Checking Rule Ac_svasetup01 (Rule 140 of total 414) .... done (Time = 0.00s, Memory = 4.0K)
Checking Rule ReportUngroup (Rule 141 of total 414) .... done (Time = 0.00s, Memory = 0.0K)
Checking Rule SGDC_allow_combo_logic02 (Rule 142 of total 414) .... done (Time = 0.00s, Memory = 0.0K)
Checking Rule _portRetenClocknReset (Rule 143 of total 414) .... done (Time = 0.00s, Memory = 0.0K)
Checking Rule _portReten (Rule 144 of total 414) .... done (Time = 0.00s, Memory = 0.0K)
Checking Rule SGDC_meta_design_hier01 (Rule 145 of total 414) .... done (Time = 0.00s, Memory = 0.0K)
Checking Rule LP_POWERDATA_INFO (Rule 146 of total 414) .... done (Time = 0.00s, Memory = -25.8K)
Checking Rule SGDC_abstract_port21 (Rule 147 of total 414) .... done (Time = 0.00s, Memory = -6.0K)
Checking Rule SDC2SGDC_WRN01 (Rule 148 of total 414) .... done (Time = 0.00s, Memory = 0.0K)
Checking Rule SDC2SGDC_STX01 (Rule 149 of total 414) .... done (Time = 0.00s, Memory = -32.0K)
Checking Rule SGDC_input02 (Rule 150 of total 414) .... done (Time = 0.00s, Memory = -0.2K)
Checking Rule SGDC_input03 (Rule 151 of total 414) .... done (Time = 0.00s, Memory = 0.0K)
Checking Rule SGDC_output02 (Rule 152 of total 414) .... done (Time = 0.00s, Memory = 0.0K)
Checking Rule SGDC_output04 (Rule 153 of total 414) .... done (Time = 0.00s, Memory = 0.0K)
Checking Rule SGDC_numflops03a (Rule 154 of total 414) .... done (Time = 0.00s, Memory = 0.0K)
Checking Rule SGDC_numflops03b (Rule 155 of total 414) .... done (Time = 0.00s, Memory = 0.0K)
Checking Rule SGDC_numflops12 (Rule 156 of total 414) .... done (Time = 0.00s, Memory = 0.0K)
Checking Rule SGDC_sync_cell02b (Rule 157 of total 414) .... done (Time = 0.00s, Memory = 0.0K)
Checking Rule SGDC_sync_cell11 (Rule 158 of total 414) .... done (Time = 0.00s, Memory = 0.0K)
Checking Rule SGDC_qualifier02c (Rule 159 of total 414) .... done (Time = 0.00s, Memory = 0.0K)
Checking Rule SGDC_qualifier03c (Rule 160 of total 414) .... done (Time = 0.00s, Memory = 0.0K)
Checking Rule LPwrRulesSetup (Rule 161 of total 414) .... done (Time = 0.00s, Memory = -8.0K)
 Flattening SYSTEM_TOP ....
 Flattening completed
Checking Rule Domain_Conflict01 (Rule 162 of total 414) .... done (Time = 0.00s, Memory = 0.6K)
Checking Rule Domain_Matrix01 (Rule 163 of total 414) .... done (Time = 0.01s, Memory = 0.0K)
Checking Rule Domain_Missing01 (Rule 164 of total 414) .... done (Time = 0.00s, Memory = 0.0K)
Checking Rule SDC_Mapping01 (Rule 165 of total 414) .... done (Time = 0.00s, Memory = 0.0K)
Checking Rule SDC2SGDCPARSEW (Rule 166 of total 414)
AtrDomain: Inferring Clock Domains...CLOCK_STA mode..Done. (Time Taken=0s)
AtrDomain: Generating Clock Domain Reports...Done. (Time Taken=0s)
 .... done (Time = 0.01s, Memory = 42.8K)
 Flattening SYSTEM_TOP (.lib instances separately flattened) ....
 Flattening completed
Checking Rule SGDC_quasi_static_style01 (Rule 167 of total 414) .... done (Time = 0.00s, Memory = 0.0K)
Checking Rule SignalTypeSetup (Rule 168 of total 414) .... done (Time = 0.00s, Memory = 8.0K)
Checking Rule _allowInst (Rule 169 of total 414) .... done (Time = 0.00s, Memory = 0.0K)
Checking Rule _ipblock (Rule 170 of total 414) .... done (Time = 0.00s, Memory = -0.5K)
Checking Rule _rstSyncCellInst (Rule 171 of total 414) .... done (Time = 0.00s, Memory = 24.0K)
Checking Rule _syncCellDelayedQualifier (Rule 172 of total 414) .... done (Time = 0.00s, Memory = 0.0K)
Checking Rule _repeaterCellInst (Rule 173 of total 414) .... done (Time = 0.00s, Memory = -26.1K)
Checking Rule _abstract_port (Rule 174 of total 414) .... done (Time = 0.00s, Memory = 30.4K)
Checking Rule Clock_setup02 (Rule 175 of total 414) .... done (Time = 0.00s, Memory = -15.7K)
Checking Rule Clockmatrix01 (Rule 176 of total 414) .... done (Time = 0.00s, Memory = -1.3K)
Checking Rule Clock_prop (Rule 177 of total 414) .... done (Time = 0.01s, Memory = 619.9K)
Checking Rule Reset_prop (Rule 178 of total 414) .... done (Time = 0.00s, Memory = 81.8K)
Checking Rule SGDC_generated_clock06 (Rule 179 of total 414) .... done (Time = 0.00s, Memory = 0.0K)
Checking Rule Propagate_Clocks (Rule 180 of total 414) .... done (Time = 0.01s, Memory = 352.5K)
Checking Rule _syncreset_prop (Rule 181 of total 414) .... done (Time = 0.00s, Memory = 11.7K)
Checking Rule _syncc (Rule 182 of total 414) .... done (Time = 0.00s, Memory = 4.4K)
Checking Rule _syncb (Rule 183 of total 414) .... done (Time = 0.00s, Memory = 27.2K)
Checking Rule _resetPathCross (Rule 184 of total 414) .... done (Time = 0.00s, Memory = -8.0K)
Checking Rule FalsePathSetup (Rule 185 of total 414) .... done (Time = 0.00s, Memory = 0.0K)
Checking Rule _fifo01 (Rule 186 of total 414) .... done (Time = 0.00s, Memory = 0.0K)
Checking Rule _syncfifo (Rule 187 of total 414) .... done (Time = 0.00s, Memory = 0.0K)
Checking Rule _syncUDfifo (Rule 188 of total 414) .... done (Time = 0.00s, Memory = 3.8K)
Checking Rule _syncdw (Rule 189 of total 414) .... done (Time = 0.00s, Memory = -32.0K)
Checking Rule _syncd (Rule 190 of total 414) .... done (Time = 0.00s, Memory = 1.8K)
Checking Rule _syncg (Rule 191 of total 414) .... done (Time = 0.00s, Memory = -3.7K)
Checking Rule _sync_clock (Rule 192 of total 414) .... done (Time = 0.00s, Memory = 0.0K)
Checking Rule _sync_gp (Rule 193 of total 414) .... done (Time = 0.00s, Memory = 0.0K)
Checking Rule _sync_and (Rule 194 of total 414) .... done (Time = 0.00s, Memory = 0.0K)
Checking Rule _synci (Rule 195 of total 414) .... done (Time = 0.00s, Memory = 0.0K)
Checking Rule _sync_qualifier (Rule 196 of total 414) .... done (Time = 0.00s, Memory = 0.0K)
Checking Rule SGDC_fifo11 (Rule 197 of total 414) .... done (Time = 0.00s, Memory = 0.0K)
Checking Rule SGDC_fifo12 (Rule 198 of total 414) .... done (Time = 0.00s, Memory = 0.0K)
Checking Rule SGDC_fifo13 (Rule 199 of total 414) .... done (Time = 0.00s, Memory = 0.0K)
Checking Rule SGDC_fifo14 (Rule 200 of total 414) .... done (Time = 0.00s, Memory = 0.0K)
Checking Rule Gen_diff01 (Rule 201 of total 414) .... done (Time = 0.00s, Memory = 0.0K)
Checking Rule _debugData (Rule 202 of total 414) .... done (Time = 0.01s, Memory = 68.5K)
Checking Rule Ac_Sync_Init (Rule 203 of total 414) .... done (Time = 0.01s, Memory = 541.0K)
Checking Rule _propagate_cdcAttrib (Rule 204 of total 414) .... done (Time = 0.00s, Memory = 5.4K)
Checking Rule Ar_Cross_Init (Rule 205 of total 414) .... done (Time = 0.00s, Memory = -0.2K)
Checking Rule SGDC_cdc_define_transition01 (Rule 206 of total 414) .... done (Time = 0.00s, Memory = -8.0K)
Checking Rule UPF_lowpower08PR (Rule 207 of total 414) .... done (Time = 0.00s, Memory = 0.0K)
Checking Rule UPF_lowpower08 (Rule 208 of total 414) .... done (Time = 0.00s, Memory = -1.9K)
Checking Rule Setup_check01 (Rule 209 of total 414) .... done (Time = 0.00s, Memory = -0.6K)
Checking Rule Setup_check02 (Rule 210 of total 414) .... done (Time = 0.00s, Memory = 0.0K)
Checking Rule Info_Case_Analysis (Rule 211 of total 414) .... done (Time = 0.00s, Memory = -76.8K)
Checking Rule SGDC_set_case_analysis_LC (Rule 212 of total 414) .... done (Time = 0.00s, Memory = 45.5K)
Checking Rule Setup_quasi_static01 (Rule 213 of total 414) .... done (Time = 0.01s, Memory = 90.9K)
Checking Rule SGDC_signal_in_domain02 (Rule 214 of total 414) .... done (Time = 0.00s, Memory = 8.0K)
Checking Rule SGDC_signal_in_domain04 (Rule 215 of total 414) .... done (Time = 0.00s, Memory = 0.3K)
Checking Rule SGDC_numflops03c (Rule 216 of total 414) .... done (Time = 0.00s, Memory = 0.0K)
Checking Rule SGDC_numflops04 (Rule 217 of total 414) .... done (Time = 0.00s, Memory = 0.0K)
Checking Rule SGDC_numflops05 (Rule 218 of total 414) .... done (Time = 0.00s, Memory = 0.0K)
Checking Rule SGDC_numflops06 (Rule 219 of total 414) .... done (Time = 0.00s, Memory = 0.0K)
Checking Rule SGDC_numflops11 (Rule 220 of total 414) .... done (Time = 0.00s, Memory = 0.0K)
Checking Rule SGDC_numflops13 (Rule 221 of total 414) .... done (Time = 0.00s, Memory = 0.0K)
Checking Rule SGDC_numflops14 (Rule 222 of total 414) .... done (Time = 0.00s, Memory = -3.0K)
Checking Rule SGDC_clocksense02 (Rule 223 of total 414) .... done (Time = 0.00s, Memory = 0.0K)
Checking Rule SGDC_clocksense03 (Rule 224 of total 414) .... done (Time = 0.00s, Memory = 24.0K)
Checking Rule SGDC_sgclkgroup01 (Rule 225 of total 414) .... done (Time = 0.00s, Memory = 8.0K)
Checking Rule SGDC_sgclkgroup02 (Rule 226 of total 414) .... done (Time = 0.00s, Memory = 0.0K)
Checking Rule SGDC_sgclkgroup03 (Rule 227 of total 414) .... done (Time = 0.00s, Memory = 0.0K)
Checking Rule SGDC_check_clock_relation01a (Rule 228 of total 414) .... done (Time = 0.00s, Memory = 0.0K)
Checking Rule SGDC_check_clock_relation01b (Rule 229 of total 414) .... done (Time = 0.00s, Memory = -1.8K)
Checking Rule SGDC_check_clock_relation01c (Rule 230 of total 414) .... done (Time = 0.00s, Memory = 0.0K)
Checking Rule SGDC_check_clock_relation02a (Rule 231 of total 414) .... done (Time = 0.00s, Memory = 0.0K)
Checking Rule SGDC_check_clock_relation02b (Rule 232 of total 414) .... done (Time = 0.00s, Memory = 0.0K)
Checking Rule SGDC_check_clock_relation02c (Rule 233 of total 414) .... done (Time = 0.00s, Memory = 0.0K)
Checking Rule SGDC_check_clock_relation03b (Rule 234 of total 414) .... done (Time = 0.00s, Memory = 0.0K)
Checking Rule SGDC_check_clock_relation04b (Rule 235 of total 414) .... done (Time = 0.00s, Memory = -8.0K)
Checking Rule CheckClockRelationSetup (Rule 236 of total 414) .... done (Time = 0.00s, Memory = -0.2K)
Checking Rule SGDC_gray_signals01 (Rule 237 of total 414) .... done (Time = 0.00s, Memory = -0.6K)
Checking Rule SGDC_gray_signals02 (Rule 238 of total 414) .... done (Time = 0.00s, Memory = 0.0K)
Checking Rule SGDC_gray_signals03 (Rule 239 of total 414) .... done (Time = 0.00s, Memory = 8.0K)
Checking Rule SGDC_qualifier02a (Rule 240 of total 414) .... done (Time = 0.00s, Memory = 30.7K)
Checking Rule SGDC_qualifier03a (Rule 241 of total 414) .... done (Time = 0.00s, Memory = -2.9K)
Checking Rule SGDC_qualifier04 (Rule 242 of total 414) .... done (Time = 0.00s, Memory = 32.0K)
Checking Rule SGDC_qualifier05 (Rule 243 of total 414) .... done (Time = 0.00s, Memory = -0.1K)
Checking Rule SGDC_qualifier08 (Rule 244 of total 414) .... done (Time = 0.00s, Memory = 0.0K)
Checking Rule QualifierSetup (Rule 245 of total 414) .... done (Time = 0.00s, Memory = 0.0K)
Checking Rule ResetSynchronizerSetup (Rule 246 of total 414) .... done (Time = 0.00s, Memory = 0.0K)
Checking Rule SGDC_validation_filter_path03 (Rule 247 of total 414) .... done (Time = 0.00s, Memory = -3.2K)
Checking Rule SGDC_qualifier10 (Rule 248 of total 414) .... done (Time = 0.00s, Memory = 0.0K)
Checking Rule SGDC_qualifier11 (Rule 249 of total 414) .... done (Time = 0.00s, Memory = 0.0K)
Checking Rule SGDC_qualifier12 (Rule 250 of total 414) .... done (Time = 0.00s, Memory = 0.0K)
Checking Rule SGDC_qualifier13 (Rule 251 of total 414) .... done (Time = 0.00s, Memory = 0.0K)
Checking Rule SGDC_qualifier14 (Rule 252 of total 414) .... done (Time = 0.00s, Memory = -0.2K)
Checking Rule SGDC_qualifier16 (Rule 253 of total 414) .... done (Time = 0.00s, Memory = 31.2K)
Checking Rule SGDC_qualifier18 (Rule 254 of total 414) .... done (Time = 0.00s, Memory = 4.0K)
Checking Rule SGDC_qualifier19a (Rule 255 of total 414) .... done (Time = 0.00s, Memory = -8.0K)
Checking Rule SGDC_qualifier19b (Rule 256 of total 414) .... done (Time = 0.00s, Memory = -24.0K)
Checking Rule SGDC_qualifier19c (Rule 257 of total 414) .... done (Time = 0.00s, Memory = 7.1K)
Checking Rule SGDC_qualifier20b (Rule 258 of total 414) .... done (Time = 0.00s, Memory = -0.9K)
Checking Rule SGDC_qualifier21 (Rule 259 of total 414) .... done (Time = 0.00s, Memory = -0.5K)
Checking Rule SGDC_qualifier22 (Rule 260 of total 414) .... done (Time = 0.00s, Memory = 0.0K)
Checking Rule SGDC_qualifier23 (Rule 261 of total 414) .... done (Time = 0.00s, Memory = 4.7K)
Checking Rule SGDC_virtualclock01 (Rule 262 of total 414) .... done (Time = 0.00s, Memory = 32.0K)
Checking Rule SGDC_virtualreset01 (Rule 263 of total 414) .... done (Time = 0.00s, Memory = 0.0K)
Checking Rule SGDC_abstract_port19 (Rule 264 of total 414) .... done (Time = 0.00s, Memory = 0.0K)
Checking Rule SGDC_abstract_port20 (Rule 265 of total 414) .... done (Time = 0.00s, Memory = 0.0K)
Checking Rule RFPSetup (Rule 266 of total 414) .... done (Time = 0.00s, Memory = 0.0K)
Checking Rule SGDC_reset_filter_path02a (Rule 267 of total 414) .... done (Time = 0.00s, Memory = 0.0K)
Checking Rule SGDC_reset_filter_path02b (Rule 268 of total 414) .... done (Time = 0.00s, Memory = -0.4K)
Checking Rule SGDC_reset_filter_path02c (Rule 269 of total 414) .... done (Time = 0.00s, Memory = 0.0K)
Checking Rule SGDC_reset_filter_path03a (Rule 270 of total 414) .... done (Time = 0.00s, Memory = 32.0K)
Checking Rule SGDC_reset_filter_path03b (Rule 271 of total 414) .... done (Time = 0.00s, Memory = 0.0K)
Checking Rule SGDC_reset_filter_path03c (Rule 272 of total 414) .... done (Time = 0.00s, Memory = 15.8K)
Checking Rule SGDC_reset_filter_path04b (Rule 273 of total 414) .... done (Time = 0.00s, Memory = 0.0K)
Checking Rule SGDC_reset_filter_path07a (Rule 274 of total 414) .... done (Time = 0.00s, Memory = 0.0K)
Checking Rule SGDC_reset_filter_path07b (Rule 275 of total 414) .... done (Time = 0.00s, Memory = 0.0K)
Checking Rule SGDC_reset_filter_path07c (Rule 276 of total 414) .... done (Time = 0.00s, Memory = 32.0K)
Checking Rule SGDC_define_reset_order03 (Rule 277 of total 414) .... done (Time = 0.00s, Memory = -8.0K)
Checking Rule SGDC_define_reset_order04 (Rule 278 of total 414) .... done (Time = 0.00s, Memory = -0.4K)
Checking Rule SGDC_define_reset_order05 (Rule 279 of total 414) .... done (Time = 0.00s, Memory = -1.0K)
Checking Rule SGDC_cdc_false_path06 (Rule 280 of total 414) .... done (Time = 0.00s, Memory = 0.0K)
Checking Rule SGDC_cdc_false_path07 (Rule 281 of total 414) .... done (Time = 0.00s, Memory = 3.8K)
Checking Rule SGDC_cdc_false_path08 (Rule 282 of total 414) .... done (Time = 0.00s, Memory = -3.0K)
Checking Rule CDCSet_License01 (Rule 283 of total 414) .... done (Time = 0.00s, Memory = 0.0K)
Checking Rule Clock_info03a (Rule 284 of total 414) .... done (Time = 0.00s, Memory = -7.5K)
Checking Rule Clock_info03b (Rule 285 of total 414) .... done (Time = 0.01s, Memory = -42.4K)
Checking Rule Clock_info03c (Rule 286 of total 414) .... done (Time = 0.00s, Memory = -18.0K)
Checking Rule Ac_coherency06 (Rule 287 of total 414) .... done (Time = 0.00s, Memory = -19.8K)
Checking Rule Ac_unsync01 (Rule 288 of total 414) .... done (Time = 0.00s, Memory = -0.4K)
Checking Rule Ac_unsync02 (Rule 289 of total 414) .... done (Time = 0.00s, Memory = 0.0K)
Checking Rule Ac_sync01 (Rule 290 of total 414) .... done (Time = 0.00s, Memory = 0.0K)
Checking Rule Ac_sync02 (Rule 291 of total 414) .... done (Time = 0.00s, Memory = 0.0K)
Checking Rule Ac_crossing01 (Rule 292 of total 414) .... done (Time = 0.00s, Memory = -12.1K)
Checking Rule Propagate_Resets (Rule 293 of total 414) .... done (Time = 0.00s, Memory = 27.0K)
Checking Rule _reset_sync (Rule 294 of total 414) .... done (Time = 0.00s, Memory = 8.0K)
Checking Rule Setup_port01 (Rule 295 of total 414) .... done (Time = 0.00s, Memory = 0.0K)
Checking Rule Setup_blackbox01 (Rule 296 of total 414) .... done (Time = 0.00s, Memory = 32.0K)
Checking Rule Setup_library01 (Rule 297 of total 414) .... done (Time = 0.00s, Memory = 0.6K)
Checking Rule Reset_check11 (Rule 298 of total 414) .... done (Time = 0.01s, Memory = 22.9K)
Checking Rule Reset_info09a (Rule 299 of total 414) .... done (Time = 0.00s, Memory = 0.0K)
Checking Rule Clock_sync05 (Rule 300 of total 414) .... done (Time = 0.00s, Memory = 0.0K)
Checking Rule Clock_sync06 (Rule 301 of total 414) .... done (Time = 0.00s, Memory = 0.0K)
Checking Rule Clock_info02 (Rule 302 of total 414) .... done (Time = 0.00s, Memory = -33.2K)
Checking Rule Reset_info02 (Rule 303 of total 414) .... done (Time = 0.00s, Memory = 3.2K)
Checking Rule Clock_info05 (Rule 304 of total 414) .... done (Time = 0.00s, Memory = 0.0K)
Checking Rule Clock_info05b (Rule 305 of total 414) .... done (Time = 0.00s, Memory = 0.0K)
Checking Rule Reset_check03 (Rule 306 of total 414) .... done (Time = 0.00s, Memory = 8.7K)
Checking Rule _clkWrapModules (Rule 307 of total 414) .... done (Time = 0.00s, Memory = 0.5K)
Checking Rule _clock_hier_rules (Rule 308 of total 414) .... done (Time = 0.00s, Memory = -0.5K)
Checking Rule Reset_check12 (Rule 309 of total 414) .... done (Time = 0.01s, Memory = 18.7K)
Checking Rule Ar_sync_init (Rule 310 of total 414) .... done (Time = 0.00s, Memory = -43.3K)
Checking Rule _constrCoverage (Rule 311 of total 414) .... done (Time = 0.01s, Memory = 17.2K)
Checking Rule Clock_info15 (Rule 312 of total 414) .... done (Time = 0.01s, Memory = -0.4K)
Checking Rule Reset_check10 (Rule 313 of total 414) .... done (Time = 0.00s, Memory = 27.5K)
Checking Rule Reset_sync02 (Rule 314 of total 414) .... done (Time = 0.00s, Memory = -0.6K)
Checking Rule SGDC_clockreset02 (Rule 315 of total 414) .... done (Time = 0.00s, Memory = 0.0K)
Checking Rule Param_clockreset02 (Rule 316 of total 414) .... done (Time = 0.00s, Memory = 0.0K)
Checking Rule Param_clockreset04 (Rule 317 of total 414) .... done (Time = 0.00s, Memory = 0.0K)
Checking Rule Setup_clockreset01 (Rule 318 of total 414) .... done (Time = 0.00s, Memory = 0.0K)
Checking Rule Clock_check07 (Rule 319 of total 414) .... done (Time = 0.00s, Memory = 0.0K)
Checking Rule Clock_check10 (Rule 320 of total 414) .... done (Time = 0.00s, Memory = -16.2K)
Checking Rule Reset_check08 (Rule 321 of total 414) .... done (Time = 0.00s, Memory = 0.0K)
Checking Rule Clock_converge01 (Rule 322 of total 414) .... done (Time = 0.00s, Memory = 0.0K)
Checking Rule Ar_converge01 (Rule 323 of total 414) .... done (Time = 0.00s, Memory = 2.7K)
Checking Rule SGDC_noclockcell_start01 (Rule 324 of total 414) .... done (Time = 0.00s, Memory = 0.0K)
Checking Rule Ac_initseq01 (Rule 325 of total 414) .... done (Time = 0.00s, Memory = 0.0K)
Checking Rule Ac_init01 (Rule 326 of total 414) .... done (Time = 0.00s, Memory = 0.0K)
Checking Rule _ac_Auxi01 (Rule 327 of total 414) .... done (Time = 0.00s, Memory = 24.0K)
Checking Rule Ac_sanity02 (Rule 328 of total 414) .... done (Time = 0.00s, Memory = -3.0K)
Checking Rule _glitch_init (Rule 329 of total 414) .... done (Time = 0.00s, Memory = -15.4K)
Checking Rule Ac_initstate01 (Rule 330 of total 414) .... done (Time = 0.00s, Memory = 4.7K)
Checking Rule Ac_conv02 (Rule 331 of total 414) .... done (Time = 0.00s, Memory = 2.0K)
Checking Rule Ac_conv02setup01 (Rule 332 of total 414) .... done (Time = 0.00s, Memory = -24.0K)
Checking Rule Ac_conv01 (Rule 333 of total 414) .... done (Time = 0.00s, Memory = -20.7K)
Checking Rule Ac_conv03 (Rule 334 of total 414) .... done (Time = 0.00s, Memory = 0.6K)
Checking Rule Ac_conv04 (Rule 335 of total 414) .... done (Time = 0.00s, Memory = 2.0K)
Checking Rule Ac_abs01 (Rule 336 of total 414) .... done (Time = 0.00s, Memory = 15.5K)
Checking Rule Ac_glitch03 (Rule 337 of total 414) .... done (Time = 0.00s, Memory = 0.0K)
Checking Rule Ac_clockperiod01 (Rule 338 of total 414) .... done (Time = 0.00s, Memory = 0.0K)
Checking Rule Ac_clockperiod02 (Rule 339 of total 414) .... done (Time = 0.00s, Memory = 0.0K)
Checking Rule Ac_clockperiod03 (Rule 340 of total 414) .... done (Time = 0.00s, Memory = 0.0K)
Checking Rule Ac_report01 (Rule 341 of total 414) .... done (Time = 0.00s, Memory = 0.0K)
Checking Rule AllowComboLogicSetup (Rule 342 of total 414) .... done (Time = 0.00s, Memory = -24.0K)
Checking Rule Ac_resetvalue01 (Rule 343 of total 414) .... done (Time = 0.00s, Memory = 0.0K)
Checking Rule Ac_abstract_validation01 (Rule 344 of total 414) .... done (Time = 0.00s, Memory = 0.0K)
Checking Rule SGDC_abstract_mapping01 (Rule 345 of total 414) .... done (Time = 0.00s, Memory = 0.0K)
Checking Rule Ac_upfsetup02 (Rule 346 of total 414) .... done (Time = 0.00s, Memory = 0.0K)
Checking Rule Ac_upfsetup01 (Rule 347 of total 414) .... done (Time = 0.00s, Memory = 0.0K)
Checking Rule Ac_psync_init (Rule 348 of total 414) .... done (Time = 0.00s, Memory = 0.0K)
Checking Rule Ac_psetup01 (Rule 349 of total 414) .... done (Time = 0.00s, Memory = 0.0K)
Checking Rule Clock_exit01 (Rule 350 of total 414) .... done (Time = 0.00s, Memory = 0.0K)
Checking Rule SGDC_reset_synchronizer02 (Rule 351 of total 414) .... done (Time = 0.00s, Memory = 0.0K)
Checking Rule SGDC_reset_synchronizer04 (Rule 352 of total 414) .... done (Time = 0.00s, Memory = 0.0K)
Checking Rule SGDC_reset_synchronizer06 (Rule 353 of total 414) .... done (Time = 0.00s, Memory = 0.0K)
Checking Rule SGDC_reset_synchronizer08 (Rule 354 of total 414) .... done (Time = 0.00s, Memory = 0.0K)
Checking Rule SGDC_reset_synchronizer10 (Rule 355 of total 414) .... done (Time = 0.00s, Memory = 0.0K)
Checking Rule AnalyzeBBox (Rule 356 of total 414) .... done (Time = 0.00s, Memory = 0.0K)
Checking Rule ReportCheckDataSummary (Rule 357 of total 414) .... done (Time = 0.00s, Memory = 0.0K)

Generating data for Console...

SpyGlass Rule Checking Complete.

Generating moresimple report from './spyglass-1/cdc/cdc_verify_struct/spyglass.vdb' to './spyglass-1/cdc/cdc_verify_struct/spyglass_reports/moresimple.rpt' ....

Generating runsummary report from './spyglass-1/cdc/cdc_verify_struct/spyglass.vdb' ....

Generating no_msg_reporting_rules report from './spyglass-1/cdc/cdc_verify_struct/spyglass.vdb' to './spyglass-1/cdc/cdc_verify_struct/spyglass_reports/no_msg_reporting_rules.rpt' ....

Generating CDC-report report from './spyglass-1/cdc/cdc_verify_struct/spyglass.vdb' to './spyglass-1/cdc/cdc_verify_struct/spyglass_reports/CDC-report.rpt' ....

Generating CKSGDCInfo report from './spyglass-1/cdc/cdc_verify_struct/spyglass.vdb' to './spyglass-1/cdc/cdc_verify_struct/spyglass_reports/CKSGDCInfo.rpt' ....

Generating RSTree report from './spyglass-1/cdc/cdc_verify_struct/spyglass.vdb' to './spyglass-1/cdc/cdc_verify_struct/spyglass_reports/RSTree.rpt' ....

Generating CKTree report from './spyglass-1/cdc/cdc_verify_struct/spyglass.vdb' to './spyglass-1/cdc/cdc_verify_struct/spyglass_reports/CKTree.rpt' ....

Generating waiver report from './spyglass-1/cdc/cdc_verify_struct/spyglass.vdb' to './spyglass-1/cdc/cdc_verify_struct/spyglass_reports/waiver.rpt' ....

Policy specific data (reports) are present in the directory './spyglass-1/cdc/cdc_verify_struct/spyglass_reports'.

SpyGlass critical reports for the current run are present in directory './spyglass-1/consolidated_reports/cdc_cdc_verify_struct/'.

---------------------------------------------------------------------------------------------
Results Summary:
---------------------------------------------------------------------------------------------
   Goal Run           :      cdc/cdc_verify_struct
   Command-line read  :      0 error,      0 warning,      0 information message 
   Design Read        :      0 error,      0 warning,      6 information messages
      Found 1 top module:
         SYSTEM_TOP   (file: /home/ICer/IC/Projects/System/rtl/SYSTEM_TOP.v)

   Blackbox Resolution:      0 error,      0 warning,      0 information message 
   SGDC Checks        :      0 error,      0 warning,      1 information message 
   Policy clock-reset :      0 error,      1 warning,     40 information messages
   -------------------------------------------------------------------------------------
   Total              :      0 error,      1 warning,     47 information messages

  Total Number of Generated Messages     :        48 (0 error, 1 warning, 47 Infos)
  Number of Reported Messages            :        48 (0 error, 1 warning, 47 Infos)

---------------------------------------------------------------------------------------------


run_goal: info: updating spyglass.log with goal summary
run_goal: info: spyglass.log successfully updated with goal summary
0 {Rule-checking completed with warnings}./spyglass-1/cdc/cdc_verify_struct/spyglass-1_waiver_file.awl1./spyglass-1/cdc/cdc_verify_struct/spyglass-1_waiver_file.awlcurrent_goal: warning: goal `cdc/cdc_verify_struct' is already selected - ignoring this command

INFO:    SpyGlass will run goal(s) 'cdc/cdc_verify_struct'.


 Auto-compiling gates libraries

        "../std_cells/scmetro_tsmc_cl013g_rvt_ff_1p32v_m40c.lib"
        "../std_cells/scmetro_tsmc_cl013g_rvt_ss_1p08v_125c.lib"
        "../std_cells/scmetro_tsmc_cl013g_rvt_tt_1p2v_25c.lib"
    to
        "./spyglass-1/spyglass_cache/autogenerated_sglib/aggregate.sglib" ...already compiled

 Using this already compiled sglib for the current run ...

RULE-CHECKING IN MIXED MODE
Loading spyglass (SpyGlass_vL-2016.06) ... (picked from /home/synopsys/SpyGlass-L2016.06/SPYGLASS_HOME/policies/spyglass)
Loading clock-reset (SpyGlass_vL-2016.06) ... (picked from /home/synopsys/SpyGlass-L2016.06/SPYGLASS_HOME/policies/clock)
 Reading sgdc file "SYSTEM_TOP.sgdc" ...
Performing unification checks on SGDC... done
Reading specified sglib files(s) ....
   Processing library: 'scmetro_tsmc_cl013g_rvt_ff_1p32v_m40c' .... done
   Processing library: 'scmetro_tsmc_cl013g_rvt_ss_1p08v_125c' .... done
   Processing library: 'scmetro_tsmc_cl013g_rvt_tt_1p2v_25c' .... done
Checking Rule AutoGenerateSglib (Rule 1 of total 414) .... done (Time = 0.00s, Memory = 0.0K)

INFO [76]    Using `./spyglass-1/WORK/64' as the Work Directory for 64bit precompiled dump.
Checking Rule Param_clockreset07 (Rule 2 of total 414) .... done (Time = 0.00s, Memory = 0.0K)
Checking Rule Clock_setup01 (Rule 3 of total 414) .... done (Time = 0.00s, Memory = 23.8K)
Checking Rule Param_clockreset06 (Rule 4 of total 414) .... done (Time = 0.00s, Memory = 0.0K)
Checking Rule SGDC_meta_monitor_attributes01 (Rule 5 of total 414) .... done (Time = 0.00s, Memory = 0.0K)
Checking Rule LP_POWERDATA_CHECK (Rule 6 of total 414) .... done (Time = 0.00s, Memory = 0.0K)
Checking Rule LP_POWERDATA_READ (Rule 7 of total 414) .... done (Time = 0.00s, Memory = 0.0K)
Checking Rule PrecompileLibCheck01 (Rule 8 of total 414) .... done (Time = 0.00s, Memory = 0.0K)
Checking Rule PrecompileLibCheck02 (Rule 9 of total 414) .... done (Time = 0.00s, Memory = 0.0K)
Checking Rule PrecompileLibCheck03 (Rule 10 of total 414) .... done (Time = 0.00s, Memory = -1.3K)
Checking Rule PrecompileLibCheck04 (Rule 11 of total 414) .... done (Time = 0.00s, Memory = 16.0K)
Checking Rule ElabSummary (Rule 12 of total 414) .... done (Time = 0.00s, Memory = -22.5K)
Checking Rule ReportSglibVersionSummary (Rule 13 of total 414) .... done (Time = 0.00s, Memory = 0.0K)
Checking Rule SGDC_assume_path01 (Rule 14 of total 414) .... done (Time = 0.00s, Memory = 0.9K)
Checking Rule SGDC_sdcschema02 (Rule 15 of total 414) .... done (Time = 0.00s, Memory = 0.4K)
Checking Rule SGDC_clock05 (Rule 16 of total 414) .... done (Time = 0.00s, Memory = -0.8K)
Checking Rule SGDC_clock09 (Rule 17 of total 414) .... done (Time = 0.00s, Memory = 0.0K)
Checking Rule SGDC_force_ta05 (Rule 18 of total 414) .... done (Time = 0.00s, Memory = -2.8K)
Checking Rule SGDC_require_path03 (Rule 19 of total 414) .... done (Time = 0.00s, Memory = 0.0K)
Checking Rule SGDC_require_value03 (Rule 20 of total 414) .... done (Time = 0.00s, Memory = 0.4K)
Checking Rule SGDC_voltagedomain05 (Rule 21 of total 414) .... done (Time = 0.00s, Memory = 0.0K)
Checking Rule SGDC_voltagedomain06 (Rule 22 of total 414) .... done (Time = 0.00s, Memory = 0.0K)
Checking Rule SGDC_voltagedomain07 (Rule 23 of total 414) .... done (Time = 0.00s, Memory = 18.2K)
Checking Rule SGDC_powerdomainoutputs02 (Rule 24 of total 414) .... done (Time = 0.00s, Memory = 0.0K)
Checking Rule SGDC_supply01 (Rule 25 of total 414) .... done (Time = 0.00s, Memory = 0.0K)
Checking Rule SGDC_waive01 (Rule 26 of total 414) .... done (Time = 0.00s, Memory = 0.0K)
Checking Rule SGDC_waive02 (Rule 27 of total 414) .... done (Time = 0.00s, Memory = 0.0K)
Checking Rule SGDC_waive03 (Rule 28 of total 414) .... done (Time = 0.00s, Memory = 0.0K)
Checking Rule SGDC_waive04 (Rule 29 of total 414) .... done (Time = 0.00s, Memory = 0.0K)
Checking Rule SGDC_waive05 (Rule 30 of total 414) .... done (Time = 0.00s, Memory = 0.0K)
Checking Rule SGDC_waive06 (Rule 31 of total 414) .... done (Time = 0.00s, Memory = 0.0K)
Checking Rule SGDC_waive07 (Rule 32 of total 414) .... done (Time = 0.00s, Memory = -8.0K)
Checking Rule SGDC_waive08 (Rule 33 of total 414) .... done (Time = 0.00s, Memory = -8.0K)
Checking Rule SGDC_waive09 (Rule 34 of total 414) .... done (Time = 0.00s, Memory = -0.8K)
Checking Rule SGDC_waive10 (Rule 35 of total 414) .... done (Time = 0.00s, Memory = -24.0K)
Checking Rule SGDC_waive11 (Rule 36 of total 414) .... done (Time = 0.00s, Memory = 0.0K)
Checking Rule SGDC_waive12 (Rule 37 of total 414) .... done (Time = 0.00s, Memory = -28.6K)
Checking Rule SGDC_waive13 (Rule 38 of total 414) .... done (Time = 0.00s, Memory = 0.0K)
Checking Rule SGDC_waive21 (Rule 39 of total 414) .... done (Time = 0.00s, Memory = -1.2K)
Checking Rule SGDC_waive22 (Rule 40 of total 414) .... done (Time = 0.00s, Memory = 32.0K)
Checking Rule SGDC_waive30 (Rule 41 of total 414) .... done (Time = 0.00s, Memory = 0.0K)
Checking Rule SGDC_waive32 (Rule 42 of total 414) .... done (Time = 0.00s, Memory = 0.0K)
Checking Rule SGDC_waive33 (Rule 43 of total 414) .... done (Time = 0.00s, Memory = 0.4K)
Checking Rule SGDC_waive36 (Rule 44 of total 414) .... done (Time = 0.00s, Memory = 0.0K)
Checking Rule SGDC_waive38 (Rule 45 of total 414) .... done (Time = 0.00s, Memory = 0.0K)
Checking Rule SGDC_fifo01 (Rule 46 of total 414) .... done (Time = 0.00s, Memory = 0.0K)
Checking Rule SGDC_libgroup01 (Rule 47 of total 414) .... done (Time = 0.00s, Memory = 0.0K)
Checking Rule SGDC_libgroup02 (Rule 48 of total 414) .... done (Time = 0.00s, Memory = 0.0K)
Checking Rule SGDC_libgroup04 (Rule 49 of total 414) .... done (Time = 0.00s, Memory = 0.0K)
Checking Rule SGDC_power_data01 (Rule 50 of total 414) .... done (Time = 0.00s, Memory = -10.6K)
Checking Rule SGDC_ungroup01 (Rule 51 of total 414) .... done (Time = 0.00s, Memory = 0.0K)
Checking Rule SGDC_abstract_port06 (Rule 52 of total 414) .... done (Time = 0.00s, Memory = 15.8K)
Checking Rule SGDC_abstract_port14 (Rule 53 of total 414) .... done (Time = 0.00s, Memory = -0.5K)
Checking Rule SGDC_abstract_port15 (Rule 54 of total 414) .... done (Time = 0.00s, Memory = 0.4K)
Checking Rule SGDC_abstract_port18 (Rule 55 of total 414) .... done (Time = 0.00s, Memory = 0.0K)
Checking Rule SDC2SGDC_INFO (Rule 56 of total 414) .... done (Time = 0.00s, Memory = 55.1K)
Checking Rule SDC_ParamSanityCheck (Rule 57 of total 414) .... done (Time = 0.00s, Memory = 0.0K)
Checking Rule SDC_Sanity_Rule (Rule 58 of total 414)SDC-file translator read from path : /home/synopsys/SpyGlass-L2016.06/SPYGLASS_HOME/auxi/sdcparser
 .... done (Time = 0.00s, Memory = 0.0K)
Checking Rule sdc_init_rule (Rule 59 of total 414) .... done (Time = 0.03s, Memory = 9.7K)
Checking Rule CMD_ignorelibs01 (Rule 60 of total 414) .... done (Time = 0.00s, Memory = 0.0K)
Checking Rule ReportRuleNotRun (Rule 61 of total 414) .... done (Time = 0.00s, Memory = -1.8K)
Checking Rule SGDC_generated_clock03 (Rule 62 of total 414) .... done (Time = 0.00s, Memory = 0.0K)
Checking Rule SGDC_generated_clock04 (Rule 63 of total 414) .... done (Time = 0.00s, Memory = 15.0K)
Checking Rule SGDC_generated_clock05 (Rule 64 of total 414) .... done (Time = 0.00s, Memory = -8.0K)
Checking Rule SGDC_quasi_static_style02 (Rule 65 of total 414) .... done (Time = 0.00s, Memory = 0.6K)
Checking Rule SGDC_syncresetstyle01 (Rule 66 of total 414) .... done (Time = 0.00s, Memory = 0.0K)
Checking Rule SGDC_network_allowed_cells01 (Rule 67 of total 414) .... done (Time = 0.00s, Memory = 15.0K)
Checking Rule SGDC_numflops01 (Rule 68 of total 414) .... done (Time = 0.00s, Memory = 0.0K)
Checking Rule SGDC_numflops07 (Rule 69 of total 414) .... done (Time = 0.00s, Memory = -1.2K)
Checking Rule SGDC_numflops08 (Rule 70 of total 414) .... done (Time = 0.00s, Memory = 6.5K)
Checking Rule SGDC_numflops09 (Rule 71 of total 414) .... done (Time = 0.00s, Memory = 0.0K)
Checking Rule SGDC_clocksense04 (Rule 72 of total 414) .... done (Time = 0.00s, Memory = 0.0K)
Checking Rule SGDC_check_clock_relation05a (Rule 73 of total 414) .... done (Time = 0.00s, Memory = 0.0K)
Checking Rule SGDC_check_clock_relation05b (Rule 74 of total 414) .... done (Time = 0.00s, Memory = 0.0K)
Checking Rule SGDC_sync_cell08a (Rule 75 of total 414) .... done (Time = 0.00s, Memory = 15.0K)
Checking Rule SGDC_sync_cell09a (Rule 76 of total 414) .... done (Time = 0.00s, Memory = 0.0K)
Checking Rule SGDC_qualifier06 (Rule 77 of total 414) .... done (Time = 0.00s, Memory = 8.8K)
Checking Rule SGDC_cdc_waive03 (Rule 78 of total 414) .... done (Time = 0.00s, Memory = 0.0K)
Checking Rule SGDC_qualifier09 (Rule 79 of total 414) .... done (Time = 0.00s, Memory = 0.5K)
Checking Rule SGDC_qualifier15 (Rule 80 of total 414) .... done (Time = 0.00s, Memory = 0.9K)
Checking Rule SGDC_allow_combo_logic01 (Rule 81 of total 414) .... done (Time = 0.00s, Memory = 0.0K)
Checking Rule SGDC_reset_filter_path01 (Rule 82 of total 414) .... done (Time = 0.00s, Memory = 0.0K)
Checking Rule SGDC_cdc_false_path05 (Rule 83 of total 414) .... done (Time = 0.00s, Memory = 0.0K)
Checking Rule Param_clockreset05 (Rule 84 of total 414) .... done (Time = 0.00s, Memory = 0.0K)
Checking Rule Ac_sanity01 (Rule 85 of total 414) .... done (Time = 0.00s, Memory = 0.0K)
Checking Rule Ac_sanity06 (Rule 86 of total 414) .... done (Time = 0.00s, Memory = 0.0K)
Checking Rule Ac_license01 (Rule 87 of total 414) .... done (Time = 0.00s, Memory = 24.0K)
Checking Rule SGDC_reset_synchronizer07 (Rule 88 of total 414) .... done (Time = 0.00s, Memory = 0.0K)
 Reading waiver file "./spyglass-1/cdc/cdc_verify_struct/spyglass_spysch/waiver/pragma2Waiver.swl" ...
 Reading included SGDC file "./spyglass-1/cdc/cdc_verify_struct/spyglass_spysch/waiver/pragma2Waiver_varfile.swl" ....
Checking Rule ReportStopSummary (Rule 89 of total 414) .... done (Time = 0.00s, Memory = 32.0K)
Checking Rule ReportIgnoreSummary (Rule 90 of total 414) .... done (Time = 0.00s, Memory = 0.0K)

INFO [235]    Restoring design database from directory './spyglass-1/.SG_SaveRestoreDB/autogenerated__default_snapshot' ...
              done

Checking Rule InferBlackBox (Rule 91 of total 414) .... done (Time = 0.00s, Memory = 0.0K)
Checking Rule SGDC_waive37 (Rule 92 of total 414) .... done (Time = 0.00s, Memory = 0.0K)
Checking Rule SGDC_waive24 (Rule 93 of total 414) .... done (Time = 0.00s, Memory = 2.5K)
Checking Rule SGDC_waive25 (Rule 94 of total 414) .... done (Time = 0.00s, Memory = -32.0K)
Checking Rule SGDC_waive31 (Rule 95 of total 414) .... done (Time = 0.00s, Memory = 0.0K)
Checking Rule SGDC_waive35 (Rule 96 of total 414) .... done (Time = 0.00s, Memory = 0.0K)
Checking Rule ReportSglibSummary (Rule 97 of total 414) .... done (Time = 0.00s, Memory = 0.0K)
Checking Rule DetectTopDesignUnits (Rule 98 of total 414)
 Detected 1 top level design units:
     SYSTEM_TOP
 .... done (Time = 0.00s, Memory = 0.5K)
Checking Rule GenerateConfMap (Rule 99 of total 414) .... done (Time = 0.00s, Memory = 0.0K)
Checking Rule Pragma_setupa for module Pulse_Gen (Rule 100 of total 414) .... done (Time = 0.00s, Memory = 0.0K)
Checking Rule SDC2SGDCPARSE for module Pulse_Gen (Rule 101 of total 414) .... done (Time = 0.00s, Memory = 0.0K)
Checking Rule Pragma_setupa for module DF_SYNC (Rule 100 of total 414) .... done (Time = 0.00s, Memory = 0.0K)
Checking Rule SDC2SGDCPARSE for module DF_SYNC (Rule 101 of total 414) .... done (Time = 0.00s, Memory = 0.0K)
Checking Rule Pragma_setupa for module FIFO_MEM_CNTRL (Rule 100 of total 414) .... done (Time = 0.00s, Memory = 0.0K)
Checking Rule SDC2SGDCPARSE for module FIFO_MEM_CNTRL (Rule 101 of total 414) .... done (Time = 0.00s, Memory = 0.0K)
Checking Rule Pragma_setupa for module FIFO_WR (Rule 100 of total 414) .... done (Time = 0.00s, Memory = 0.0K)
Checking Rule SDC2SGDCPARSE for module FIFO_WR (Rule 101 of total 414) .... done (Time = 0.00s, Memory = 0.0K)
Checking Rule Pragma_setupa for module FIFO_RD (Rule 100 of total 414) .... done (Time = 0.00s, Memory = 0.0K)
Checking Rule SDC2SGDCPARSE for module FIFO_RD (Rule 101 of total 414) .... done (Time = 0.00s, Memory = 0.0K)
Checking Rule Pragma_setupa for module ASYNC_FIFO (Rule 100 of total 414) .... done (Time = 0.00s, Memory = 0.0K)
Checking Rule SDC2SGDCPARSE for module ASYNC_FIFO (Rule 101 of total 414) .... done (Time = 0.00s, Memory = 0.0K)
Checking Rule Pragma_setupa for module ALU (Rule 100 of total 414) .... done (Time = 0.00s, Memory = 0.0K)
Checking Rule SDC2SGDCPARSE for module ALU (Rule 101 of total 414) .... done (Time = 0.00s, Memory = 0.0K)
Checking Rule Pragma_setupa for module CLK_GATE (Rule 100 of total 414) .... done (Time = 0.00s, Memory = 0.0K)
Checking Rule SDC2SGDCPARSE for module CLK_GATE (Rule 101 of total 414) .... done (Time = 0.00s, Memory = 0.0K)
Checking Rule Pragma_setupa for module regfile (Rule 100 of total 414) .... done (Time = 0.00s, Memory = 0.0K)
Checking Rule SDC2SGDCPARSE for module regfile (Rule 101 of total 414) .... done (Time = 0.00s, Memory = 0.0K)
Checking Rule Pragma_setupa for module SYS_CTRL (Rule 100 of total 414) .... done (Time = 0.00s, Memory = 0.0K)
Checking Rule SDC2SGDCPARSE for module SYS_CTRL (Rule 101 of total 414) .... done (Time = 0.00s, Memory = 0.0K)
Checking Rule Pragma_setupa for module DATA_SYNC (Rule 100 of total 414) .... done (Time = 0.00s, Memory = 0.0K)
Checking Rule SDC2SGDCPARSE for module DATA_SYNC (Rule 101 of total 414) .... done (Time = 0.00s, Memory = 0.0K)
Checking Rule Pragma_setupa for module FSM_RX (Rule 100 of total 414) .... done (Time = 0.00s, Memory = 0.0K)
Checking Rule SDC2SGDCPARSE for module FSM_RX (Rule 101 of total 414) .... done (Time = 0.00s, Memory = 0.0K)
Checking Rule Pragma_setupa for module edge_bit_counter (Rule 100 of total 414) .... done (Time = 0.00s, Memory = 0.0K)
Checking Rule SDC2SGDCPARSE for module edge_bit_counter (Rule 101 of total 414) .... done (Time = 0.00s, Memory = 0.0K)
Checking Rule Pragma_setupa for module deserializer (Rule 100 of total 414) .... done (Time = 0.00s, Memory = 0.0K)
Checking Rule SDC2SGDCPARSE for module deserializer (Rule 101 of total 414) .... done (Time = 0.00s, Memory = 0.0K)
Checking Rule Pragma_setupa for module data_sampling (Rule 100 of total 414) .... done (Time = 0.00s, Memory = 0.0K)
Checking Rule SDC2SGDCPARSE for module data_sampling (Rule 101 of total 414) .... done (Time = 0.00s, Memory = 0.0K)
Checking Rule Pragma_setupa for module stop_checker (Rule 100 of total 414) .... done (Time = 0.00s, Memory = 0.0K)
Checking Rule SDC2SGDCPARSE for module stop_checker (Rule 101 of total 414) .... done (Time = 0.00s, Memory = 0.0K)
Checking Rule Pragma_setupa for module strt_checker (Rule 100 of total 414) .... done (Time = 0.00s, Memory = 0.0K)
Checking Rule SDC2SGDCPARSE for module strt_checker (Rule 101 of total 414) .... done (Time = 0.00s, Memory = 0.0K)
Checking Rule Pragma_setupa for module parity_checker (Rule 100 of total 414) .... done (Time = 0.00s, Memory = 0.0K)
Checking Rule SDC2SGDCPARSE for module parity_checker (Rule 101 of total 414) .... done (Time = 0.00s, Memory = 0.0K)
Checking Rule Pragma_setupa for module UART_RX (Rule 100 of total 414) .... done (Time = 0.00s, Memory = 0.0K)
Checking Rule SDC2SGDCPARSE for module UART_RX (Rule 101 of total 414) .... done (Time = 0.00s, Memory = 0.0K)
Checking Rule Pragma_setupa for module FSM_TX (Rule 100 of total 414) .... done (Time = 0.00s, Memory = 0.0K)
Checking Rule SDC2SGDCPARSE for module FSM_TX (Rule 101 of total 414) .... done (Time = 0.00s, Memory = 0.0K)
Checking Rule Pragma_setupa for module Serializer (Rule 100 of total 414) .... done (Time = 0.00s, Memory = 0.0K)
Checking Rule SDC2SGDCPARSE for module Serializer (Rule 101 of total 414) .... done (Time = 0.00s, Memory = 0.0K)
Checking Rule Pragma_setupa for module Parity_Calc (Rule 100 of total 414) .... done (Time = 0.00s, Memory = 0.0K)
Checking Rule SDC2SGDCPARSE for module Parity_Calc (Rule 101 of total 414) .... done (Time = 0.00s, Memory = 0.0K)
Checking Rule Pragma_setupa for module MUX (Rule 100 of total 414) .... done (Time = 0.00s, Memory = 0.0K)
Checking Rule SDC2SGDCPARSE for module MUX (Rule 101 of total 414) .... done (Time = 0.00s, Memory = 0.0K)
Checking Rule Pragma_setupa for module UART_TX (Rule 100 of total 414) .... done (Time = 0.00s, Memory = 0.0K)
Checking Rule SDC2SGDCPARSE for module UART_TX (Rule 101 of total 414) .... done (Time = 0.00s, Memory = 0.0K)
Checking Rule Pragma_setupa for module UART (Rule 100 of total 414) .... done (Time = 0.00s, Memory = 0.0K)
Checking Rule SDC2SGDCPARSE for module UART (Rule 101 of total 414) .... done (Time = 0.00s, Memory = 0.0K)
Checking Rule Pragma_setupa for module RST_SYNC (Rule 100 of total 414) .... done (Time = 0.00s, Memory = 0.0K)
Checking Rule SDC2SGDCPARSE for module RST_SYNC (Rule 101 of total 414) .... done (Time = 0.00s, Memory = 0.0K)
Checking Rule Pragma_setupa for module CLK_DIV (Rule 100 of total 414) .... done (Time = 0.00s, Memory = 0.0K)
Checking Rule SDC2SGDCPARSE for module CLK_DIV (Rule 101 of total 414) .... done (Time = 0.00s, Memory = 0.0K)
Checking Rule Pragma_setupa for module prescale_mux (Rule 100 of total 414) .... done (Time = 0.00s, Memory = 0.0K)
Checking Rule SDC2SGDCPARSE for module prescale_mux (Rule 101 of total 414) .... done (Time = 0.00s, Memory = 0.0K)
Checking Rule Pragma_setupa for module SYSTEM_TOP (Rule 100 of total 414) .... done (Time = 0.00s, Memory = 0.0K)
Checking Rule SDC2SGDCPARSE for module SYSTEM_TOP (Rule 101 of total 414) .... done (Time = 0.00s, Memory = 0.0K)
Performing semantic checks on SGDC contents
Checking Rule SGDC_testmode03 (Rule 102 of total 414) .... done (Time = 0.00s, Memory = 0.0K)
Checking Rule Pragma_setupb (Rule 103 of total 414) .... done (Time = 0.00s, Memory = 0.0K)
Checking Rule _vhMeta01 (Rule 104 of total 414) .... done (Time = 0.00s, Memory = 0.0K)
Checking Rule _meta_delay01 (Rule 105 of total 414) .... done (Time = 0.00s, Memory = 32.0K)
Checking Rule CheckCelldefine (Rule 106 of total 414) .... done (Time = 0.00s, Memory = -10.8K)
Checking Rule checkSGDC_01 (Rule 107 of total 414) .... done (Time = 0.00s, Memory = 0.0K)
Checking Rule checkSGDC_03 (Rule 108 of total 414) .... done (Time = 0.00s, Memory = 0.0K)
Checking Rule checkSGDC_08 (Rule 109 of total 414) .... done (Time = 0.00s, Memory = 0.0K)
Checking Rule SGDC_memorywritepin04 (Rule 110 of total 414) .... done (Time = 0.00s, Memory = 47.0K)
Checking Rule SGDC_reset02 (Rule 111 of total 414) .... done (Time = 0.00s, Memory = -26.1K)
Checking Rule SGDC_reset03 (Rule 112 of total 414) .... done (Time = 0.00s, Memory = -32.0K)
Checking Rule SGDC_waive23 (Rule 113 of total 414) .... done (Time = 0.00s, Memory = 0.2K)
Checking Rule SGDC_waive26 (Rule 114 of total 414) .... done (Time = 0.00s, Memory = 0.3K)
Checking Rule SGDC_waive27 (Rule 115 of total 414) .... done (Time = 0.00s, Memory = 0.0K)
Checking Rule SGDC_waive29 (Rule 116 of total 414) .... done (Time = 0.00s, Memory = 0.0K)
Checking Rule SGDC_libgroup03 (Rule 117 of total 414) .... done (Time = 0.00s, Memory = 0.0K)
Checking Rule SGDC_ungroup02 (Rule 118 of total 414) .... done (Time = 0.00s, Memory = 0.0K)
Checking Rule _abstractPortSGDC (Rule 119 of total 414) .... done (Time = 0.00s, Memory = 4.8K)
Checking Rule SGDC_abstract_port03 (Rule 120 of total 414) .... done (Time = 0.00s, Memory = 0.0K)
Checking Rule SGDC_abstract_port04 (Rule 121 of total 414) .... done (Time = 0.00s, Memory = -2.0K)
Checking Rule SGDC_abstract_port05 (Rule 122 of total 414) .... done (Time = 0.00s, Memory = 0.0K)
Checking Rule SGDC_abstract_port07 (Rule 123 of total 414) .... done (Time = 0.00s, Memory = 0.0K)
Checking Rule SGDC_abstract_port08 (Rule 124 of total 414) .... done (Time = 0.00s, Memory = 4.0K)
Checking Rule SGDC_abstract_port10 (Rule 125 of total 414) .... done (Time = 0.00s, Memory = 8.0K)
Checking Rule SGDC_abstract_port11 (Rule 126 of total 414) .... done (Time = 0.00s, Memory = 0.0K)
Checking Rule SGDC_abstract_port12 (Rule 127 of total 414) .... done (Time = 0.00s, Memory = 0.0K)
Checking Rule SGDC_abstract_port13 (Rule 128 of total 414) .... done (Time = 0.00s, Memory = 0.0K)
Checking Rule SGDC_sdcschema01 (Rule 129 of total 414) .... done (Time = 0.00s, Memory = 22.8K)
Checking Rule _cdc_save_license01 (Rule 130 of total 414) .... done (Time = 0.00s, Memory = -2.0K)
Checking Rule syncRstReq (Rule 131 of total 414) .... done (Time = 0.00s, Memory = 0.0K)
Checking Rule syncRstReq (Rule 132 of total 414) .... done (Time = 0.00s, Memory = 0.0K)
Checking Rule _syncResetStyleRTL (Rule 133 of total 414) .... done (Time = 0.00s, Memory = 32.0K)
Checking Rule _deltaDelay (Rule 134 of total 414) .... done (Time = 0.00s, Memory = -1.8K)
Checking Rule _deltaDelay (Rule 135 of total 414) .... done (Time = 0.00s, Memory = 0.0K)
Checking Rule _deltaDelayNom (Rule 136 of total 414) .... done (Time = 0.00s, Memory = 0.0K)
Checking Rule Ac_multitop01 (Rule 137 of total 414) .... done (Time = 0.00s, Memory = 8.0K)
Checking Rule AcOvlRtl (Rule 138 of total 414) .... done (Time = 0.00s, Memory = -0.2K)
Checking Rule AcOvlRtl (Rule 139 of total 414) .... done (Time = 0.00s, Memory = 0.0K)
Checking Rule Ac_svasetup01 (Rule 140 of total 414) .... done (Time = 0.00s, Memory = 24.0K)
Checking Rule ReportUngroup (Rule 141 of total 414) .... done (Time = 0.00s, Memory = 0.0K)
Checking Rule SGDC_allow_combo_logic02 (Rule 142 of total 414) .... done (Time = 0.00s, Memory = 0.0K)
Checking Rule _portRetenClocknReset (Rule 143 of total 414) .... done (Time = 0.00s, Memory = 0.0K)
Checking Rule _portReten (Rule 144 of total 414) .... done (Time = 0.00s, Memory = 1.6K)
Checking Rule SGDC_meta_design_hier01 (Rule 145 of total 414) .... done (Time = 0.00s, Memory = 0.0K)
Checking Rule LP_POWERDATA_INFO (Rule 146 of total 414) .... done (Time = 0.00s, Memory = 0.0K)
Checking Rule SGDC_abstract_port21 (Rule 147 of total 414) .... done (Time = 0.00s, Memory = 5.5K)
Checking Rule SDC2SGDC_WRN01 (Rule 148 of total 414) .... done (Time = 0.00s, Memory = 0.0K)
Checking Rule SDC2SGDC_STX01 (Rule 149 of total 414) .... done (Time = 0.00s, Memory = 0.0K)
Checking Rule SGDC_input02 (Rule 150 of total 414) .... done (Time = 0.00s, Memory = 32.0K)
Checking Rule SGDC_input03 (Rule 151 of total 414) .... done (Time = 0.00s, Memory = 0.0K)
Checking Rule SGDC_output02 (Rule 152 of total 414) .... done (Time = 0.00s, Memory = 0.0K)
Checking Rule SGDC_output04 (Rule 153 of total 414) .... done (Time = 0.00s, Memory = 0.0K)
Checking Rule SGDC_numflops03a (Rule 154 of total 414) .... done (Time = 0.00s, Memory = 5.8K)
Checking Rule SGDC_numflops03b (Rule 155 of total 414) .... done (Time = 0.00s, Memory = -0.4K)
Checking Rule SGDC_numflops12 (Rule 156 of total 414) .... done (Time = 0.00s, Memory = -0.8K)
Checking Rule SGDC_sync_cell02b (Rule 157 of total 414) .... done (Time = 0.00s, Memory = -0.3K)
Checking Rule SGDC_sync_cell11 (Rule 158 of total 414) .... done (Time = 0.00s, Memory = 0.0K)
Checking Rule SGDC_qualifier02c (Rule 159 of total 414) .... done (Time = 0.00s, Memory = 0.0K)
Checking Rule SGDC_qualifier03c (Rule 160 of total 414) .... done (Time = 0.00s, Memory = -0.8K)
Checking Rule LPwrRulesSetup (Rule 161 of total 414) .... done (Time = 0.00s, Memory = 0.0K)
 Flattening SYSTEM_TOP ....
 Flattening completed
Checking Rule Domain_Conflict01 (Rule 162 of total 414) .... done (Time = 0.00s, Memory = 0.6K)
Checking Rule Domain_Matrix01 (Rule 163 of total 414) .... done (Time = 0.00s, Memory = -32.0K)
Checking Rule Domain_Missing01 (Rule 164 of total 414) .... done (Time = 0.00s, Memory = -2.2K)
Checking Rule SDC_Mapping01 (Rule 165 of total 414) .... done (Time = 0.00s, Memory = 0.0K)
Checking Rule SDC2SGDCPARSEW (Rule 166 of total 414)
AtrDomain: Inferring Clock Domains...CLOCK_STA mode..Done. (Time Taken=0s)
AtrDomain: Generating Clock Domain Reports...Done. (Time Taken=0s)
 .... done (Time = 0.01s, Memory = 67.4K)
 Flattening SYSTEM_TOP (.lib instances separately flattened) ....
 Flattening completed
Checking Rule SGDC_quasi_static_style01 (Rule 167 of total 414) .... done (Time = 0.00s, Memory = 0.6K)
Checking Rule SignalTypeSetup (Rule 168 of total 414) .... done (Time = 0.00s, Memory = 8.0K)
Checking Rule _allowInst (Rule 169 of total 414) .... done (Time = 0.00s, Memory = 0.0K)
Checking Rule _ipblock (Rule 170 of total 414) .... done (Time = 0.00s, Memory = 0.0K)
Checking Rule _rstSyncCellInst (Rule 171 of total 414) .... done (Time = 0.00s, Memory = 0.0K)
Checking Rule _syncCellDelayedQualifier (Rule 172 of total 414) .... done (Time = 0.00s, Memory = 0.0K)
Checking Rule _repeaterCellInst (Rule 173 of total 414) .... done (Time = 0.00s, Memory = 3.1K)
Checking Rule _abstract_port (Rule 174 of total 414) .... done (Time = 0.00s, Memory = 25.8K)
Checking Rule Clock_setup02 (Rule 175 of total 414) .... done (Time = 0.00s, Memory = 40.8K)
Checking Rule Clockmatrix01 (Rule 176 of total 414) .... done (Time = 0.00s, Memory = 0.0K)
Checking Rule Clock_prop (Rule 177 of total 414) .... done (Time = 0.00s, Memory = 613.9K)
Checking Rule Reset_prop (Rule 178 of total 414) .... done (Time = 0.00s, Memory = 87.6K)
Checking Rule SGDC_generated_clock06 (Rule 179 of total 414) .... done (Time = 0.00s, Memory = 32.0K)
Checking Rule Propagate_Clocks (Rule 180 of total 414) .... done (Time = 0.02s, Memory = 357.2K)
Checking Rule _syncreset_prop (Rule 181 of total 414) .... done (Time = 0.00s, Memory = 18.1K)
Checking Rule _syncc (Rule 182 of total 414) .... done (Time = 0.00s, Memory = 3.6K)
Checking Rule _syncb (Rule 183 of total 414) .... done (Time = 0.00s, Memory = 4.6K)
Checking Rule _resetPathCross (Rule 184 of total 414) .... done (Time = 0.00s, Memory = 0.0K)
Checking Rule FalsePathSetup (Rule 185 of total 414) .... done (Time = 0.00s, Memory = 0.0K)
Checking Rule _fifo01 (Rule 186 of total 414) .... done (Time = 0.00s, Memory = 0.0K)
Checking Rule _syncfifo (Rule 187 of total 414) .... done (Time = 0.00s, Memory = 0.0K)
Checking Rule _syncUDfifo (Rule 188 of total 414) .... done (Time = 0.00s, Memory = -31.4K)
Checking Rule _syncdw (Rule 189 of total 414) .... done (Time = 0.00s, Memory = 0.2K)
Checking Rule _syncd (Rule 190 of total 414) .... done (Time = 0.01s, Memory = 2.5K)
Checking Rule _syncg (Rule 191 of total 414) .... done (Time = 0.00s, Memory = -28.5K)
Checking Rule _sync_clock (Rule 192 of total 414) .... done (Time = 0.00s, Memory = 0.0K)
Checking Rule _sync_gp (Rule 193 of total 414) .... done (Time = 0.00s, Memory = 0.0K)
Checking Rule _sync_and (Rule 194 of total 414) .... done (Time = 0.00s, Memory = 0.0K)
Checking Rule _synci (Rule 195 of total 414) .... done (Time = 0.00s, Memory = 0.0K)
Checking Rule _sync_qualifier (Rule 196 of total 414) .... done (Time = 0.00s, Memory = 0.0K)
Checking Rule SGDC_fifo11 (Rule 197 of total 414) .... done (Time = 0.00s, Memory = 0.0K)
Checking Rule SGDC_fifo12 (Rule 198 of total 414) .... done (Time = 0.00s, Memory = 0.0K)
Checking Rule SGDC_fifo13 (Rule 199 of total 414) .... done (Time = 0.00s, Memory = 0.0K)
Checking Rule SGDC_fifo14 (Rule 200 of total 414) .... done (Time = 0.00s, Memory = -32.0K)
Checking Rule Gen_diff01 (Rule 201 of total 414) .... done (Time = 0.00s, Memory = 0.0K)
Checking Rule _debugData (Rule 202 of total 414) .... done (Time = 0.01s, Memory = 64.2K)
Checking Rule Ac_Sync_Init (Rule 203 of total 414) .... done (Time = 0.01s, Memory = 516.0K)
Checking Rule _propagate_cdcAttrib (Rule 204 of total 414) .... done (Time = 0.00s, Memory = 0.0K)
Checking Rule Ar_Cross_Init (Rule 205 of total 414) .... done (Time = 0.00s, Memory = 0.0K)
Checking Rule SGDC_cdc_define_transition01 (Rule 206 of total 414) .... done (Time = 0.00s, Memory = 0.0K)
Checking Rule UPF_lowpower08PR (Rule 207 of total 414) .... done (Time = 0.00s, Memory = 0.0K)
Checking Rule UPF_lowpower08 (Rule 208 of total 414) .... done (Time = 0.00s, Memory = 0.0K)
Checking Rule Setup_check01 (Rule 209 of total 414) .... done (Time = 0.00s, Memory = 0.0K)
Checking Rule Setup_check02 (Rule 210 of total 414) .... done (Time = 0.00s, Memory = 0.0K)
Checking Rule Info_Case_Analysis (Rule 211 of total 414) .... done (Time = 0.00s, Memory = -39.5K)
Checking Rule SGDC_set_case_analysis_LC (Rule 212 of total 414) .... done (Time = 0.00s, Memory = 77.4K)
Checking Rule Setup_quasi_static01 (Rule 213 of total 414) .... done (Time = 0.00s, Memory = 54.3K)
Checking Rule SGDC_signal_in_domain02 (Rule 214 of total 414) .... done (Time = 0.00s, Memory = 0.0K)
Checking Rule SGDC_signal_in_domain04 (Rule 215 of total 414) .... done (Time = 0.00s, Memory = 0.0K)
Checking Rule SGDC_numflops03c (Rule 216 of total 414) .... done (Time = 0.00s, Memory = 0.0K)
Checking Rule SGDC_numflops04 (Rule 217 of total 414) .... done (Time = 0.00s, Memory = 0.0K)
Checking Rule SGDC_numflops05 (Rule 218 of total 414) .... done (Time = 0.00s, Memory = 0.0K)
Checking Rule SGDC_numflops06 (Rule 219 of total 414) .... done (Time = 0.00s, Memory = 0.0K)
Checking Rule SGDC_numflops11 (Rule 220 of total 414) .... done (Time = 0.00s, Memory = 0.0K)
Checking Rule SGDC_numflops13 (Rule 221 of total 414) .... done (Time = 0.00s, Memory = 0.0K)
Checking Rule SGDC_numflops14 (Rule 222 of total 414) .... done (Time = 0.00s, Memory = -8.8K)
Checking Rule SGDC_clocksense02 (Rule 223 of total 414) .... done (Time = 0.00s, Memory = 0.0K)
Checking Rule SGDC_clocksense03 (Rule 224 of total 414) .... done (Time = 0.00s, Memory = -32.0K)
Checking Rule SGDC_sgclkgroup01 (Rule 225 of total 414) .... done (Time = 0.00s, Memory = -32.0K)
Checking Rule SGDC_sgclkgroup02 (Rule 226 of total 414) .... done (Time = 0.00s, Memory = -32.0K)
Checking Rule SGDC_sgclkgroup03 (Rule 227 of total 414) .... done (Time = 0.00s, Memory = -32.0K)
Checking Rule SGDC_check_clock_relation01a (Rule 228 of total 414) .... done (Time = 0.00s, Memory = 7.9K)
Checking Rule SGDC_check_clock_relation01b (Rule 229 of total 414) .... done (Time = 0.00s, Memory = -6.8K)
Checking Rule SGDC_check_clock_relation01c (Rule 230 of total 414) .... done (Time = 0.00s, Memory = 0.0K)
Checking Rule SGDC_check_clock_relation02a (Rule 231 of total 414) .... done (Time = 0.00s, Memory = 0.0K)
Checking Rule SGDC_check_clock_relation02b (Rule 232 of total 414) .... done (Time = 0.00s, Memory = 0.0K)
Checking Rule SGDC_check_clock_relation02c (Rule 233 of total 414) .... done (Time = 0.00s, Memory = 0.0K)
Checking Rule SGDC_check_clock_relation03b (Rule 234 of total 414) .... done (Time = 0.00s, Memory = 0.0K)
Checking Rule SGDC_check_clock_relation04b (Rule 235 of total 414) .... done (Time = 0.00s, Memory = -1.1K)
Checking Rule CheckClockRelationSetup (Rule 236 of total 414) .... done (Time = 0.00s, Memory = -0.7K)
Checking Rule SGDC_gray_signals01 (Rule 237 of total 414) .... done (Time = 0.00s, Memory = 24.0K)
Checking Rule SGDC_gray_signals02 (Rule 238 of total 414) .... done (Time = 0.00s, Memory = 0.0K)
Checking Rule SGDC_gray_signals03 (Rule 239 of total 414) .... done (Time = 0.00s, Memory = 0.0K)
Checking Rule SGDC_qualifier02a (Rule 240 of total 414) .... done (Time = 0.00s, Memory = -31.5K)
Checking Rule SGDC_qualifier03a (Rule 241 of total 414) .... done (Time = 0.00s, Memory = 1.6K)
Checking Rule SGDC_qualifier04 (Rule 242 of total 414) .... done (Time = 0.00s, Memory = 0.0K)
Checking Rule SGDC_qualifier05 (Rule 243 of total 414) .... done (Time = 0.00s, Memory = 10.9K)
Checking Rule SGDC_qualifier08 (Rule 244 of total 414) .... done (Time = 0.00s, Memory = 0.0K)
Checking Rule QualifierSetup (Rule 245 of total 414) .... done (Time = 0.00s, Memory = 0.0K)
Checking Rule ResetSynchronizerSetup (Rule 246 of total 414) .... done (Time = 0.00s, Memory = 0.0K)
Checking Rule SGDC_validation_filter_path03 (Rule 247 of total 414) .... done (Time = 0.00s, Memory = 0.0K)
Checking Rule SGDC_qualifier10 (Rule 248 of total 414) .... done (Time = 0.00s, Memory = 0.0K)
Checking Rule SGDC_qualifier11 (Rule 249 of total 414) .... done (Time = 0.00s, Memory = 0.0K)
Checking Rule SGDC_qualifier12 (Rule 250 of total 414) .... done (Time = 0.00s, Memory = 0.0K)
Checking Rule SGDC_qualifier13 (Rule 251 of total 414) .... done (Time = 0.00s, Memory = 0.0K)
Checking Rule SGDC_qualifier14 (Rule 252 of total 414) .... done (Time = 0.00s, Memory = -2.5K)
Checking Rule SGDC_qualifier16 (Rule 253 of total 414) .... done (Time = 0.00s, Memory = 0.0K)
Checking Rule SGDC_qualifier18 (Rule 254 of total 414) .... done (Time = 0.00s, Memory = 0.0K)
Checking Rule SGDC_qualifier19a (Rule 255 of total 414) .... done (Time = 0.00s, Memory = 0.0K)
Checking Rule SGDC_qualifier19b (Rule 256 of total 414) .... done (Time = 0.00s, Memory = 0.0K)
Checking Rule SGDC_qualifier19c (Rule 257 of total 414) .... done (Time = 0.00s, Memory = -0.1K)
Checking Rule SGDC_qualifier20b (Rule 258 of total 414) .... done (Time = 0.00s, Memory = -0.5K)
Checking Rule SGDC_qualifier21 (Rule 259 of total 414) .... done (Time = 0.00s, Memory = 0.0K)
Checking Rule SGDC_qualifier22 (Rule 260 of total 414) .... done (Time = 0.00s, Memory = 0.0K)
Checking Rule SGDC_qualifier23 (Rule 261 of total 414) .... done (Time = 0.00s, Memory = -1.1K)
Checking Rule SGDC_virtualclock01 (Rule 262 of total 414) .... done (Time = 0.00s, Memory = -32.0K)
Checking Rule SGDC_virtualreset01 (Rule 263 of total 414) .... done (Time = 0.00s, Memory = 0.0K)
Checking Rule SGDC_abstract_port19 (Rule 264 of total 414) .... done (Time = 0.00s, Memory = 0.0K)
Checking Rule SGDC_abstract_port20 (Rule 265 of total 414) .... done (Time = 0.00s, Memory = 0.0K)
Checking Rule RFPSetup (Rule 266 of total 414) .... done (Time = 0.00s, Memory = 0.0K)
Checking Rule SGDC_reset_filter_path02a (Rule 267 of total 414) .... done (Time = 0.00s, Memory = 0.0K)
Checking Rule SGDC_reset_filter_path02b (Rule 268 of total 414) .... done (Time = 0.00s, Memory = 0.0K)
Checking Rule SGDC_reset_filter_path02c (Rule 269 of total 414) .... done (Time = 0.00s, Memory = 0.0K)
Checking Rule SGDC_reset_filter_path03a (Rule 270 of total 414) .... done (Time = 0.00s, Memory = 0.0K)
Checking Rule SGDC_reset_filter_path03b (Rule 271 of total 414) .... done (Time = 0.00s, Memory = 0.0K)
Checking Rule SGDC_reset_filter_path03c (Rule 272 of total 414) .... done (Time = 0.00s, Memory = 0.0K)
Checking Rule SGDC_reset_filter_path04b (Rule 273 of total 414) .... done (Time = 0.00s, Memory = 0.0K)
Checking Rule SGDC_reset_filter_path07a (Rule 274 of total 414) .... done (Time = 0.00s, Memory = 0.0K)
Checking Rule SGDC_reset_filter_path07b (Rule 275 of total 414) .... done (Time = 0.00s, Memory = 0.0K)
Checking Rule SGDC_reset_filter_path07c (Rule 276 of total 414) .... done (Time = 0.00s, Memory = -32.0K)
Checking Rule SGDC_define_reset_order03 (Rule 277 of total 414) .... done (Time = 0.00s, Memory = 8.0K)
Checking Rule SGDC_define_reset_order04 (Rule 278 of total 414) .... done (Time = 0.00s, Memory = 0.0K)
Checking Rule SGDC_define_reset_order05 (Rule 279 of total 414) .... done (Time = 0.00s, Memory = -0.5K)
Checking Rule SGDC_cdc_false_path06 (Rule 280 of total 414) .... done (Time = 0.00s, Memory = -8.0K)
Checking Rule SGDC_cdc_false_path07 (Rule 281 of total 414) .... done (Time = 0.00s, Memory = 0.0K)
Checking Rule SGDC_cdc_false_path08 (Rule 282 of total 414) .... done (Time = 0.00s, Memory = 0.0K)
Checking Rule CDCSet_License01 (Rule 283 of total 414) .... done (Time = 0.00s, Memory = -1.0K)
Checking Rule Clock_info03a (Rule 284 of total 414) .... done (Time = 0.00s, Memory = -33.3K)
Checking Rule Clock_info03b (Rule 285 of total 414) .... done (Time = 0.00s, Memory = -5.0K)
Checking Rule Clock_info03c (Rule 286 of total 414) .... done (Time = 0.00s, Memory = 2.5K)
Checking Rule Ac_coherency06 (Rule 287 of total 414) .... done (Time = 0.00s, Memory = -2.2K)
Checking Rule Ac_unsync01 (Rule 288 of total 414) .... done (Time = 0.00s, Memory = -3.0K)
Checking Rule Ac_unsync02 (Rule 289 of total 414) .... done (Time = 0.00s, Memory = 0.0K)
Checking Rule Ac_sync01 (Rule 290 of total 414) .... done (Time = 0.00s, Memory = 0.0K)
Checking Rule Ac_sync02 (Rule 291 of total 414) .... done (Time = 0.00s, Memory = 0.0K)
Checking Rule Ac_crossing01 (Rule 292 of total 414) .... done (Time = 0.00s, Memory = -13.8K)
Checking Rule Propagate_Resets (Rule 293 of total 414) .... done (Time = 0.00s, Memory = 4.0K)
Checking Rule _reset_sync (Rule 294 of total 414) .... done (Time = 0.00s, Memory = 22.2K)
Checking Rule Setup_port01 (Rule 295 of total 414) .... done (Time = 0.00s, Memory = 0.0K)
Checking Rule Setup_blackbox01 (Rule 296 of total 414) .... done (Time = 0.00s, Memory = 5.5K)
Checking Rule Setup_library01 (Rule 297 of total 414) .... done (Time = 0.00s, Memory = 0.0K)
Checking Rule Reset_check11 (Rule 298 of total 414) .... done (Time = 0.00s, Memory = 19.7K)
Checking Rule Reset_info09a (Rule 299 of total 414) .... done (Time = 0.00s, Memory = -0.6K)
Checking Rule Clock_sync05 (Rule 300 of total 414) .... done (Time = 0.00s, Memory = 24.2K)
Checking Rule Clock_sync06 (Rule 301 of total 414) .... done (Time = 0.00s, Memory = 0.0K)
Checking Rule Clock_info02 (Rule 302 of total 414) .... done (Time = 0.01s, Memory = -29.1K)
Checking Rule Reset_info02 (Rule 303 of total 414) .... done (Time = 0.00s, Memory = -2.4K)
Checking Rule Clock_info05 (Rule 304 of total 414) .... done (Time = 0.00s, Memory = 0.0K)
Checking Rule Clock_info05b (Rule 305 of total 414) .... done (Time = 0.00s, Memory = 0.0K)
Checking Rule Reset_check03 (Rule 306 of total 414) .... done (Time = 0.00s, Memory = 8.7K)
Checking Rule _clkWrapModules (Rule 307 of total 414) .... done (Time = 0.00s, Memory = 0.5K)
Checking Rule _clock_hier_rules (Rule 308 of total 414) .... done (Time = 0.00s, Memory = 0.0K)
Checking Rule Reset_check12 (Rule 309 of total 414) .... done (Time = 0.01s, Memory = 34.1K)
Checking Rule Ar_sync_init (Rule 310 of total 414) .... done (Time = 0.00s, Memory = -37.1K)
Checking Rule _constrCoverage (Rule 311 of total 414) .... done (Time = 0.01s, Memory = 19.0K)
Checking Rule Clock_info15 (Rule 312 of total 414) .... done (Time = 0.00s, Memory = -4.3K)
Checking Rule Reset_check10 (Rule 313 of total 414) .... done (Time = 0.01s, Memory = 0.6K)
Checking Rule Reset_sync02 (Rule 314 of total 414) .... done (Time = 0.00s, Memory = 0.0K)
Checking Rule SGDC_clockreset02 (Rule 315 of total 414) .... done (Time = 0.00s, Memory = 0.0K)
Checking Rule Param_clockreset02 (Rule 316 of total 414) .... done (Time = 0.00s, Memory = 0.0K)
Checking Rule Param_clockreset04 (Rule 317 of total 414) .... done (Time = 0.00s, Memory = 0.0K)
Checking Rule Setup_clockreset01 (Rule 318 of total 414) .... done (Time = 0.00s, Memory = 0.0K)
Checking Rule Clock_check07 (Rule 319 of total 414) .... done (Time = 0.00s, Memory = -19.3K)
Checking Rule Clock_check10 (Rule 320 of total 414) .... done (Time = 0.00s, Memory = 0.0K)
Checking Rule Reset_check08 (Rule 321 of total 414) .... done (Time = 0.00s, Memory = 0.0K)
Checking Rule Clock_converge01 (Rule 322 of total 414) .... done (Time = 0.00s, Memory = 0.0K)
Checking Rule Ar_converge01 (Rule 323 of total 414) .... done (Time = 0.00s, Memory = 2.0K)
Checking Rule SGDC_noclockcell_start01 (Rule 324 of total 414) .... done (Time = 0.00s, Memory = 0.0K)
Checking Rule Ac_initseq01 (Rule 325 of total 414) .... done (Time = 0.00s, Memory = 0.0K)
Checking Rule Ac_init01 (Rule 326 of total 414) .... done (Time = 0.00s, Memory = 0.0K)
Checking Rule _ac_Auxi01 (Rule 327 of total 414) .... done (Time = 0.00s, Memory = 0.0K)
Checking Rule Ac_sanity02 (Rule 328 of total 414) .... done (Time = 0.00s, Memory = 0.0K)
Checking Rule _glitch_init (Rule 329 of total 414) .... done (Time = 0.00s, Memory = -22.9K)
Checking Rule Ac_initstate01 (Rule 330 of total 414) .... done (Time = 0.00s, Memory = 0.0K)
Checking Rule Ac_conv02 (Rule 331 of total 414) .... done (Time = 0.00s, Memory = -47.0K)
Checking Rule Ac_conv02setup01 (Rule 332 of total 414) .... done (Time = 0.00s, Memory = 0.0K)
Checking Rule Ac_conv01 (Rule 333 of total 414) .... done (Time = 0.01s, Memory = -26.0K)
Checking Rule Ac_conv03 (Rule 334 of total 414) .... done (Time = 0.00s, Memory = 2.5K)
Checking Rule Ac_conv04 (Rule 335 of total 414) .... done (Time = 0.00s, Memory = 3.0K)
Checking Rule Ac_abs01 (Rule 336 of total 414) .... done (Time = 0.00s, Memory = 0.0K)
Checking Rule Ac_glitch03 (Rule 337 of total 414) .... done (Time = 0.00s, Memory = 0.0K)
Checking Rule Ac_clockperiod01 (Rule 338 of total 414) .... done (Time = 0.00s, Memory = 0.0K)
Checking Rule Ac_clockperiod02 (Rule 339 of total 414) .... done (Time = 0.00s, Memory = 0.0K)
Checking Rule Ac_clockperiod03 (Rule 340 of total 414) .... done (Time = 0.00s, Memory = 0.0K)
Checking Rule Ac_report01 (Rule 341 of total 414) .... done (Time = 0.00s, Memory = 0.0K)
Checking Rule AllowComboLogicSetup (Rule 342 of total 414) .... done (Time = 0.00s, Memory = -24.0K)
Checking Rule Ac_resetvalue01 (Rule 343 of total 414) .... done (Time = 0.00s, Memory = 0.0K)
Checking Rule Ac_abstract_validation01 (Rule 344 of total 414) .... done (Time = 0.00s, Memory = -0.8K)
Checking Rule SGDC_abstract_mapping01 (Rule 345 of total 414) .... done (Time = 0.00s, Memory = 0.0K)
Checking Rule Ac_upfsetup02 (Rule 346 of total 414) .... done (Time = 0.00s, Memory = 0.0K)
Checking Rule Ac_upfsetup01 (Rule 347 of total 414) .... done (Time = 0.00s, Memory = -0.5K)
Checking Rule Ac_psync_init (Rule 348 of total 414) .... done (Time = 0.00s, Memory = 0.0K)
Checking Rule Ac_psetup01 (Rule 349 of total 414) .... done (Time = 0.00s, Memory = 0.0K)
Checking Rule Clock_exit01 (Rule 350 of total 414) .... done (Time = 0.00s, Memory = 0.0K)
Checking Rule SGDC_reset_synchronizer02 (Rule 351 of total 414) .... done (Time = 0.00s, Memory = 0.0K)
Checking Rule SGDC_reset_synchronizer04 (Rule 352 of total 414) .... done (Time = 0.00s, Memory = 0.0K)
Checking Rule SGDC_reset_synchronizer06 (Rule 353 of total 414) .... done (Time = 0.00s, Memory = 0.0K)
Checking Rule SGDC_reset_synchronizer08 (Rule 354 of total 414) .... done (Time = 0.00s, Memory = 0.0K)
Checking Rule SGDC_reset_synchronizer10 (Rule 355 of total 414) .... done (Time = 0.00s, Memory = 31.9K)
Checking Rule AnalyzeBBox (Rule 356 of total 414) .... done (Time = 0.00s, Memory = 0.0K)
Checking Rule ReportCheckDataSummary (Rule 357 of total 414) .... done (Time = 0.00s, Memory = 0.0K)

Generating data for Console...

SpyGlass Rule Checking Complete.

Generating moresimple report from './spyglass-1/cdc/cdc_verify_struct/spyglass.vdb' to './spyglass-1/cdc/cdc_verify_struct/spyglass_reports/moresimple.rpt' ....

Generating runsummary report from './spyglass-1/cdc/cdc_verify_struct/spyglass.vdb' ....

Generating no_msg_reporting_rules report from './spyglass-1/cdc/cdc_verify_struct/spyglass.vdb' to './spyglass-1/cdc/cdc_verify_struct/spyglass_reports/no_msg_reporting_rules.rpt' ....

Generating CDC-report report from './spyglass-1/cdc/cdc_verify_struct/spyglass.vdb' to './spyglass-1/cdc/cdc_verify_struct/spyglass_reports/CDC-report.rpt' ....

Generating CKSGDCInfo report from './spyglass-1/cdc/cdc_verify_struct/spyglass.vdb' to './spyglass-1/cdc/cdc_verify_struct/spyglass_reports/CKSGDCInfo.rpt' ....

Generating RSTree report from './spyglass-1/cdc/cdc_verify_struct/spyglass.vdb' to './spyglass-1/cdc/cdc_verify_struct/spyglass_reports/RSTree.rpt' ....

Generating CKTree report from './spyglass-1/cdc/cdc_verify_struct/spyglass.vdb' to './spyglass-1/cdc/cdc_verify_struct/spyglass_reports/CKTree.rpt' ....

Generating waiver report from './spyglass-1/cdc/cdc_verify_struct/spyglass.vdb' to './spyglass-1/cdc/cdc_verify_struct/spyglass_reports/waiver.rpt' ....

Policy specific data (reports) are present in the directory './spyglass-1/cdc/cdc_verify_struct/spyglass_reports'.

SpyGlass critical reports for the current run are present in directory './spyglass-1/consolidated_reports/cdc_cdc_verify_struct/'.

---------------------------------------------------------------------------------------------
Results Summary:
---------------------------------------------------------------------------------------------
   Goal Run           :      cdc/cdc_verify_struct
   Command-line read  :      0 error,      0 warning,      0 information message 
   Design Read        :      0 error,      0 warning,      6 information messages
      Found 1 top module:
         SYSTEM_TOP   (file: /home/ICer/IC/Projects/System/rtl/SYSTEM_TOP.v)

   Blackbox Resolution:      0 error,      0 warning,      0 information message 
   SGDC Checks        :      0 error,      0 warning,      1 information message 
   Policy clock-reset :      0 error,      0 warning,     40 information messages
   -------------------------------------------------------------------------------------
   Total              :      0 error,      0 warning,     47 information messages

  Total Number of Generated Messages     :        48 (0 error, 1 warning, 47 Infos)
  Number of Waived Messages              :         1 (0 error, 1 warning, 0 Info)
  Number of Reported Messages            :        47 (0 error, 0 warning, 47 Infos)

---------------------------------------------------------------------------------------------


run_goal: info: updating spyglass.log with goal summary
run_goal: info: spyglass.log successfully updated with goal summary
0 {Rule-checking completed without errors or warnings}current_goal: warning: design query data not saved for last active goal `cdc/cdc_verify_struct'
                       (use `save_goal' command or enable `auto_save' option to save design query data for subsequent goals)
current_goal: warning: goal `cdc/cdc_verify' was run but not saved last time
                       run results and goal settings might not match
current_goal: info: loading goal `cdc/cdc_verify' (in progress)
current_goal: info: finished loading goal `cdc/cdc_verify' (ok)

INFO:    SpyGlass will run goal(s) 'cdc/cdc_verify'.


 Auto-compiling gates libraries

        "../std_cells/scmetro_tsmc_cl013g_rvt_ff_1p32v_m40c.lib"
        "../std_cells/scmetro_tsmc_cl013g_rvt_ss_1p08v_125c.lib"
        "../std_cells/scmetro_tsmc_cl013g_rvt_tt_1p2v_25c.lib"
    to
        "./spyglass-1/spyglass_cache/autogenerated_sglib/aggregate.sglib" ...already compiled

 Using this already compiled sglib for the current run ...

RULE-CHECKING IN MIXED MODE
Loading spyglass (SpyGlass_vL-2016.06) ... (picked from /home/synopsys/SpyGlass-L2016.06/SPYGLASS_HOME/policies/spyglass)
Loading clock-reset (SpyGlass_vL-2016.06) ... (picked from /home/synopsys/SpyGlass-L2016.06/SPYGLASS_HOME/policies/clock)
 Reading sgdc file "SYSTEM_TOP.sgdc" ...
Performing unification checks on SGDC... done
Reading specified sglib files(s) ....
   Processing library: 'scmetro_tsmc_cl013g_rvt_ff_1p32v_m40c' .... done
   Processing library: 'scmetro_tsmc_cl013g_rvt_ss_1p08v_125c' .... done
   Processing library: 'scmetro_tsmc_cl013g_rvt_tt_1p2v_25c' .... done
Checking Rule AutoGenerateSglib (Rule 1 of total 414) .... done (Time = 0.00s, Memory = 33.9K)

INFO [76]    Using `./spyglass-1/WORK/64' as the Work Directory for 64bit precompiled dump.
Checking Rule Param_clockreset07 (Rule 2 of total 414) .... done (Time = 0.00s, Memory = -0.6K)
Checking Rule Clock_setup01 (Rule 3 of total 414) .... done (Time = 0.00s, Memory = 33.3K)
Checking Rule Param_clockreset06 (Rule 4 of total 414) .... done (Time = 0.00s, Memory = 0.0K)
Checking Rule SGDC_meta_monitor_attributes01 (Rule 5 of total 414) .... done (Time = 0.00s, Memory = 0.0K)
Checking Rule LP_POWERDATA_CHECK (Rule 6 of total 414) .... done (Time = 0.00s, Memory = 0.0K)
Checking Rule LP_POWERDATA_READ (Rule 7 of total 414) .... done (Time = 0.00s, Memory = 0.0K)
Checking Rule PrecompileLibCheck01 (Rule 8 of total 414) .... done (Time = 0.00s, Memory = 32.0K)
Checking Rule PrecompileLibCheck02 (Rule 9 of total 414) .... done (Time = 0.00s, Memory = -0.6K)
Checking Rule PrecompileLibCheck03 (Rule 10 of total 414) .... done (Time = 0.00s, Memory = 0.0K)
Checking Rule PrecompileLibCheck04 (Rule 11 of total 414) .... done (Time = 0.00s, Memory = 8.9K)
Checking Rule ElabSummary (Rule 12 of total 414) .... done (Time = 0.00s, Memory = 3.8K)
Checking Rule ReportSglibVersionSummary (Rule 13 of total 414) .... done (Time = 0.00s, Memory = -1.9K)
Checking Rule SGDC_assume_path01 (Rule 14 of total 414) .... done (Time = 0.00s, Memory = 27.6K)
Checking Rule SGDC_sdcschema02 (Rule 15 of total 414) .... done (Time = 0.03s, Memory = 6.9K)
Checking Rule SGDC_clock05 (Rule 16 of total 414) .... done (Time = 0.00s, Memory = 1.5K)
Checking Rule SGDC_clock09 (Rule 17 of total 414) .... done (Time = 0.00s, Memory = -0.1K)
Checking Rule SGDC_force_ta05 (Rule 18 of total 414) .... done (Time = 0.00s, Memory = 1.3K)
Checking Rule SGDC_require_path03 (Rule 19 of total 414) .... done (Time = 0.00s, Memory = 0.0K)
Checking Rule SGDC_require_value03 (Rule 20 of total 414) .... done (Time = 0.00s, Memory = 0.0K)
Checking Rule SGDC_voltagedomain05 (Rule 21 of total 414) .... done (Time = 0.00s, Memory = 7.5K)
Checking Rule SGDC_voltagedomain06 (Rule 22 of total 414) .... done (Time = 0.00s, Memory = 0.3K)
Checking Rule SGDC_voltagedomain07 (Rule 23 of total 414) .... done (Time = 0.00s, Memory = 7.5K)
Checking Rule SGDC_powerdomainoutputs02 (Rule 24 of total 414) .... done (Time = 0.00s, Memory = 7.5K)
Checking Rule SGDC_supply01 (Rule 25 of total 414) .... done (Time = 0.00s, Memory = 0.0K)
Checking Rule SGDC_waive01 (Rule 26 of total 414) .... done (Time = 0.00s, Memory = 0.0K)
Checking Rule SGDC_waive02 (Rule 27 of total 414) .... done (Time = 0.00s, Memory = 1.4K)
Checking Rule SGDC_waive03 (Rule 28 of total 414) .... done (Time = 0.00s, Memory = 5.9K)
Checking Rule SGDC_waive04 (Rule 29 of total 414) .... done (Time = 0.00s, Memory = 0.0K)
Checking Rule SGDC_waive05 (Rule 30 of total 414) .... done (Time = 0.00s, Memory = 0.0K)
Checking Rule SGDC_waive06 (Rule 31 of total 414) .... done (Time = 0.00s, Memory = -8.0K)
Checking Rule SGDC_waive07 (Rule 32 of total 414) .... done (Time = 0.00s, Memory = 1.6K)
Checking Rule SGDC_waive08 (Rule 33 of total 414) .... done (Time = 0.00s, Memory = 8.0K)
Checking Rule SGDC_waive09 (Rule 34 of total 414) .... done (Time = 0.00s, Memory = -0.3K)
Checking Rule SGDC_waive10 (Rule 35 of total 414) .... done (Time = 0.00s, Memory = -0.4K)
Checking Rule SGDC_waive11 (Rule 36 of total 414) .... done (Time = 0.00s, Memory = 0.0K)
Checking Rule SGDC_waive12 (Rule 37 of total 414) .... done (Time = 0.00s, Memory = 0.0K)
Checking Rule SGDC_waive13 (Rule 38 of total 414) .... done (Time = 0.00s, Memory = 0.0K)
Checking Rule SGDC_waive21 (Rule 39 of total 414) .... done (Time = 0.00s, Memory = 0.0K)
Checking Rule SGDC_waive22 (Rule 40 of total 414) .... done (Time = 0.00s, Memory = 32.0K)
Checking Rule SGDC_waive30 (Rule 41 of total 414) .... done (Time = 0.00s, Memory = 0.0K)
Checking Rule SGDC_waive32 (Rule 42 of total 414) .... done (Time = 0.00s, Memory = 0.1K)
Checking Rule SGDC_waive33 (Rule 43 of total 414) .... done (Time = 0.00s, Memory = 0.0K)
Checking Rule SGDC_waive36 (Rule 44 of total 414) .... done (Time = 0.00s, Memory = -32.0K)
Checking Rule SGDC_waive38 (Rule 45 of total 414) .... done (Time = 0.00s, Memory = 0.0K)
Checking Rule SGDC_fifo01 (Rule 46 of total 414) .... done (Time = 0.00s, Memory = -4.3K)
Checking Rule SGDC_libgroup01 (Rule 47 of total 414) .... done (Time = 0.00s, Memory = 0.0K)
Checking Rule SGDC_libgroup02 (Rule 48 of total 414) .... done (Time = 0.00s, Memory = 1.6K)
Checking Rule SGDC_libgroup04 (Rule 49 of total 414) .... done (Time = 0.00s, Memory = 0.0K)
Checking Rule SGDC_power_data01 (Rule 50 of total 414) .... done (Time = 0.00s, Memory = 7.5K)
Checking Rule SGDC_ungroup01 (Rule 51 of total 414) .... done (Time = 0.00s, Memory = 0.0K)
Checking Rule SGDC_abstract_port06 (Rule 52 of total 414) .... done (Time = 0.00s, Memory = 7.5K)
Checking Rule SGDC_abstract_port14 (Rule 53 of total 414) .... done (Time = 0.00s, Memory = 0.0K)
Checking Rule SGDC_abstract_port15 (Rule 54 of total 414) .... done (Time = 0.00s, Memory = 0.0K)
Checking Rule SGDC_abstract_port18 (Rule 55 of total 414) .... done (Time = 0.00s, Memory = -0.4K)
Checking Rule SDC2SGDC_INFO (Rule 56 of total 414) .... done (Time = 0.00s, Memory = 83.0K)
Checking Rule SDC_ParamSanityCheck (Rule 57 of total 414) .... done (Time = 0.02s, Memory = -17.9K)
Checking Rule SDC_Sanity_Rule (Rule 58 of total 414)SDC-file translator read from path : /home/synopsys/SpyGlass-L2016.06/SPYGLASS_HOME/auxi/sdcparser
 .... done (Time = 0.00s, Memory = -7.0K)
Checking Rule sdc_init_rule (Rule 59 of total 414) .... done (Time = 0.02s, Memory = 3.0K)
Checking Rule CMD_ignorelibs01 (Rule 60 of total 414) .... done (Time = 0.00s, Memory = 0.0K)
Checking Rule ReportRuleNotRun (Rule 61 of total 414) .... done (Time = 0.00s, Memory = 4.5K)
Checking Rule SGDC_generated_clock03 (Rule 62 of total 414) .... done (Time = 0.00s, Memory = -8.0K)
Checking Rule SGDC_generated_clock04 (Rule 63 of total 414) .... done (Time = 0.00s, Memory = 13.1K)
Checking Rule SGDC_generated_clock05 (Rule 64 of total 414) .... done (Time = 0.00s, Memory = 0.0K)
Checking Rule SGDC_quasi_static_style02 (Rule 65 of total 414) .... done (Time = 0.00s, Memory = 8.1K)
Checking Rule SGDC_syncresetstyle01 (Rule 66 of total 414) .... done (Time = 0.00s, Memory = 0.0K)
Checking Rule SGDC_network_allowed_cells01 (Rule 67 of total 414) .... done (Time = 0.00s, Memory = 12.3K)
Checking Rule SGDC_numflops01 (Rule 68 of total 414) .... done (Time = 0.00s, Memory = 0.0K)
Checking Rule SGDC_numflops07 (Rule 69 of total 414) .... done (Time = 0.00s, Memory = 0.0K)
Checking Rule SGDC_numflops08 (Rule 70 of total 414) .... done (Time = 0.00s, Memory = 4.0K)
Checking Rule SGDC_numflops09 (Rule 71 of total 414) .... done (Time = 0.00s, Memory = 7.5K)
Checking Rule SGDC_clocksense04 (Rule 72 of total 414) .... done (Time = 0.00s, Memory = 0.0K)
Checking Rule SGDC_check_clock_relation05a (Rule 73 of total 414) .... done (Time = 0.00s, Memory = 0.0K)
Checking Rule SGDC_check_clock_relation05b (Rule 74 of total 414) .... done (Time = 0.00s, Memory = 7.5K)
Checking Rule SGDC_sync_cell08a (Rule 75 of total 414) .... done (Time = 0.00s, Memory = 11.5K)
Checking Rule SGDC_sync_cell09a (Rule 76 of total 414) .... done (Time = 0.00s, Memory = 0.0K)
Checking Rule SGDC_qualifier06 (Rule 77 of total 414) .... done (Time = 0.00s, Memory = 4.0K)
Checking Rule SGDC_cdc_waive03 (Rule 78 of total 414) .... done (Time = 0.00s, Memory = 0.0K)
Checking Rule SGDC_qualifier09 (Rule 79 of total 414) .... done (Time = 0.00s, Memory = 0.5K)
Checking Rule SGDC_qualifier15 (Rule 80 of total 414) .... done (Time = 0.00s, Memory = 3.2K)
Checking Rule SGDC_allow_combo_logic01 (Rule 81 of total 414) .... done (Time = 0.00s, Memory = 4.0K)
Checking Rule SGDC_reset_filter_path01 (Rule 82 of total 414) .... done (Time = 0.00s, Memory = 8.0K)
Checking Rule SGDC_cdc_false_path05 (Rule 83 of total 414) .... done (Time = 0.00s, Memory = 7.5K)
Checking Rule Param_clockreset05 (Rule 84 of total 414) .... done (Time = 0.00s, Memory = 0.0K)
Checking Rule Ac_sanity01 (Rule 85 of total 414) .... done (Time = 0.00s, Memory = -24.4K)
Checking Rule Ac_sanity06 (Rule 86 of total 414) .... done (Time = 0.00s, Memory = -24.4K)
Checking Rule Ac_license01 (Rule 87 of total 414) .... done (Time = 0.00s, Memory = -8.0K)
Checking Rule SGDC_reset_synchronizer07 (Rule 88 of total 414) .... done (Time = 0.00s, Memory = 3.9K)
 Reading waiver file "./spyglass-1/cdc/cdc_verify/spyglass_spysch/waiver/pragma2Waiver.swl" ...
 Reading included SGDC file "./spyglass-1/cdc/cdc_verify/spyglass_spysch/waiver/pragma2Waiver_varfile.swl" ....
Checking Rule ReportStopSummary (Rule 89 of total 414) .... done (Time = 0.00s, Memory = 0.0K)
Checking Rule ReportIgnoreSummary (Rule 90 of total 414) .... done (Time = 0.00s, Memory = 0.0K)

INFO [235]    Restoring design database from directory './spyglass-1/.SG_SaveRestoreDB/autogenerated__default_snapshot' ...
              done

Checking Rule InferBlackBox (Rule 91 of total 414) .... done (Time = 0.00s, Memory = 3.1K)
Checking Rule SGDC_waive37 (Rule 92 of total 414) .... done (Time = 0.00s, Memory = 0.0K)
Checking Rule SGDC_waive24 (Rule 93 of total 414) .... done (Time = 0.00s, Memory = 31.0K)
Checking Rule SGDC_waive25 (Rule 94 of total 414) .... done (Time = 0.00s, Memory = 0.0K)
Checking Rule SGDC_waive31 (Rule 95 of total 414) .... done (Time = 0.00s, Memory = 0.0K)
Checking Rule SGDC_waive35 (Rule 96 of total 414) .... done (Time = 0.00s, Memory = 1.6K)
Checking Rule ReportSglibSummary (Rule 97 of total 414) .... done (Time = 0.00s, Memory = 0.0K)
Checking Rule DetectTopDesignUnits (Rule 98 of total 414)
 Detected 1 top level design units:
     SYSTEM_TOP
 .... done (Time = 0.00s, Memory = 0.0K)
Checking Rule GenerateConfMap (Rule 99 of total 414) .... done (Time = 0.00s, Memory = 0.0K)
Checking Rule Pragma_setupa for module Pulse_Gen (Rule 100 of total 414) .... done (Time = 0.00s, Memory = 0.0K)
Checking Rule SDC2SGDCPARSE for module Pulse_Gen (Rule 101 of total 414) .... done (Time = 0.00s, Memory = 0.0K)
Checking Rule Pragma_setupa for module DF_SYNC (Rule 100 of total 414) .... done (Time = 0.00s, Memory = 0.0K)
Checking Rule SDC2SGDCPARSE for module DF_SYNC (Rule 101 of total 414) .... done (Time = 0.00s, Memory = 0.0K)
Checking Rule Pragma_setupa for module FIFO_MEM_CNTRL (Rule 100 of total 414) .... done (Time = 0.00s, Memory = 0.0K)
Checking Rule SDC2SGDCPARSE for module FIFO_MEM_CNTRL (Rule 101 of total 414) .... done (Time = 0.00s, Memory = 0.0K)
Checking Rule Pragma_setupa for module FIFO_WR (Rule 100 of total 414) .... done (Time = 0.00s, Memory = 0.0K)
Checking Rule SDC2SGDCPARSE for module FIFO_WR (Rule 101 of total 414) .... done (Time = 0.00s, Memory = 0.0K)
Checking Rule Pragma_setupa for module FIFO_RD (Rule 100 of total 414) .... done (Time = 0.00s, Memory = 0.0K)
Checking Rule SDC2SGDCPARSE for module FIFO_RD (Rule 101 of total 414) .... done (Time = 0.00s, Memory = 0.0K)
Checking Rule Pragma_setupa for module ASYNC_FIFO (Rule 100 of total 414) .... done (Time = 0.00s, Memory = 0.0K)
Checking Rule SDC2SGDCPARSE for module ASYNC_FIFO (Rule 101 of total 414) .... done (Time = 0.00s, Memory = 0.0K)
Checking Rule Pragma_setupa for module ALU (Rule 100 of total 414) .... done (Time = 0.00s, Memory = 0.0K)
Checking Rule SDC2SGDCPARSE for module ALU (Rule 101 of total 414) .... done (Time = 0.00s, Memory = 0.0K)
Checking Rule Pragma_setupa for module CLK_GATE (Rule 100 of total 414) .... done (Time = 0.00s, Memory = 0.0K)
Checking Rule SDC2SGDCPARSE for module CLK_GATE (Rule 101 of total 414) .... done (Time = 0.00s, Memory = 0.0K)
Checking Rule Pragma_setupa for module regfile (Rule 100 of total 414) .... done (Time = 0.00s, Memory = 0.0K)
Checking Rule SDC2SGDCPARSE for module regfile (Rule 101 of total 414) .... done (Time = 0.00s, Memory = 0.0K)
Checking Rule Pragma_setupa for module SYS_CTRL (Rule 100 of total 414) .... done (Time = 0.00s, Memory = 0.0K)
Checking Rule SDC2SGDCPARSE for module SYS_CTRL (Rule 101 of total 414) .... done (Time = 0.00s, Memory = 0.0K)
Checking Rule Pragma_setupa for module DATA_SYNC (Rule 100 of total 414) .... done (Time = 0.00s, Memory = 0.0K)
Checking Rule SDC2SGDCPARSE for module DATA_SYNC (Rule 101 of total 414) .... done (Time = 0.00s, Memory = 0.0K)
Checking Rule Pragma_setupa for module FSM_RX (Rule 100 of total 414) .... done (Time = 0.00s, Memory = 0.0K)
Checking Rule SDC2SGDCPARSE for module FSM_RX (Rule 101 of total 414) .... done (Time = 0.00s, Memory = 0.0K)
Checking Rule Pragma_setupa for module edge_bit_counter (Rule 100 of total 414) .... done (Time = 0.00s, Memory = 0.0K)
Checking Rule SDC2SGDCPARSE for module edge_bit_counter (Rule 101 of total 414) .... done (Time = 0.00s, Memory = 0.0K)
Checking Rule Pragma_setupa for module deserializer (Rule 100 of total 414) .... done (Time = 0.00s, Memory = 0.0K)
Checking Rule SDC2SGDCPARSE for module deserializer (Rule 101 of total 414) .... done (Time = 0.00s, Memory = 0.0K)
Checking Rule Pragma_setupa for module data_sampling (Rule 100 of total 414) .... done (Time = 0.00s, Memory = 0.0K)
Checking Rule SDC2SGDCPARSE for module data_sampling (Rule 101 of total 414) .... done (Time = 0.00s, Memory = 0.0K)
Checking Rule Pragma_setupa for module stop_checker (Rule 100 of total 414) .... done (Time = 0.00s, Memory = 0.0K)
Checking Rule SDC2SGDCPARSE for module stop_checker (Rule 101 of total 414) .... done (Time = 0.00s, Memory = 0.0K)
Checking Rule Pragma_setupa for module strt_checker (Rule 100 of total 414) .... done (Time = 0.00s, Memory = 0.0K)
Checking Rule SDC2SGDCPARSE for module strt_checker (Rule 101 of total 414) .... done (Time = 0.00s, Memory = 0.0K)
Checking Rule Pragma_setupa for module parity_checker (Rule 100 of total 414) .... done (Time = 0.00s, Memory = 0.0K)
Checking Rule SDC2SGDCPARSE for module parity_checker (Rule 101 of total 414) .... done (Time = 0.00s, Memory = 0.0K)
Checking Rule Pragma_setupa for module UART_RX (Rule 100 of total 414) .... done (Time = 0.00s, Memory = 0.0K)
Checking Rule SDC2SGDCPARSE for module UART_RX (Rule 101 of total 414) .... done (Time = 0.00s, Memory = 0.0K)
Checking Rule Pragma_setupa for module FSM_TX (Rule 100 of total 414) .... done (Time = 0.00s, Memory = 0.0K)
Checking Rule SDC2SGDCPARSE for module FSM_TX (Rule 101 of total 414) .... done (Time = 0.00s, Memory = 0.0K)
Checking Rule Pragma_setupa for module Serializer (Rule 100 of total 414) .... done (Time = 0.00s, Memory = 0.0K)
Checking Rule SDC2SGDCPARSE for module Serializer (Rule 101 of total 414) .... done (Time = 0.00s, Memory = 0.0K)
Checking Rule Pragma_setupa for module Parity_Calc (Rule 100 of total 414) .... done (Time = 0.00s, Memory = 0.0K)
Checking Rule SDC2SGDCPARSE for module Parity_Calc (Rule 101 of total 414) .... done (Time = 0.00s, Memory = 0.0K)
Checking Rule Pragma_setupa for module MUX (Rule 100 of total 414) .... done (Time = 0.00s, Memory = 0.0K)
Checking Rule SDC2SGDCPARSE for module MUX (Rule 101 of total 414) .... done (Time = 0.00s, Memory = 0.0K)
Checking Rule Pragma_setupa for module UART_TX (Rule 100 of total 414) .... done (Time = 0.00s, Memory = 0.0K)
Checking Rule SDC2SGDCPARSE for module UART_TX (Rule 101 of total 414) .... done (Time = 0.00s, Memory = 0.0K)
Checking Rule Pragma_setupa for module UART (Rule 100 of total 414) .... done (Time = 0.00s, Memory = 0.0K)
Checking Rule SDC2SGDCPARSE for module UART (Rule 101 of total 414) .... done (Time = 0.00s, Memory = 0.0K)
Checking Rule Pragma_setupa for module RST_SYNC (Rule 100 of total 414) .... done (Time = 0.00s, Memory = 0.0K)
Checking Rule SDC2SGDCPARSE for module RST_SYNC (Rule 101 of total 414) .... done (Time = 0.00s, Memory = 0.0K)
Checking Rule Pragma_setupa for module CLK_DIV (Rule 100 of total 414) .... done (Time = 0.00s, Memory = 0.0K)
Checking Rule SDC2SGDCPARSE for module CLK_DIV (Rule 101 of total 414) .... done (Time = 0.00s, Memory = 0.0K)
Checking Rule Pragma_setupa for module prescale_mux (Rule 100 of total 414) .... done (Time = 0.00s, Memory = 0.0K)
Checking Rule SDC2SGDCPARSE for module prescale_mux (Rule 101 of total 414) .... done (Time = 0.00s, Memory = 0.0K)
Checking Rule Pragma_setupa for module SYSTEM_TOP (Rule 100 of total 414) .... done (Time = 0.00s, Memory = 0.0K)
Checking Rule SDC2SGDCPARSE for module SYSTEM_TOP (Rule 101 of total 414) .... done (Time = 0.00s, Memory = 0.0K)
Performing semantic checks on SGDC contents
Checking Rule SGDC_testmode03 (Rule 102 of total 414) .... done (Time = 0.00s, Memory = -0.5K)
Checking Rule Pragma_setupb (Rule 103 of total 414) .... done (Time = 0.00s, Memory = 0.0K)
Checking Rule _vhMeta01 (Rule 104 of total 414) .... done (Time = 0.00s, Memory = 0.0K)
Checking Rule _meta_delay01 (Rule 105 of total 414) .... done (Time = 0.00s, Memory = 0.0K)
Checking Rule CheckCelldefine (Rule 106 of total 414) .... done (Time = 0.00s, Memory = 0.0K)
Checking Rule checkSGDC_01 (Rule 107 of total 414) .... done (Time = 0.00s, Memory = 0.0K)
Checking Rule checkSGDC_03 (Rule 108 of total 414) .... done (Time = 0.00s, Memory = 0.0K)
Checking Rule checkSGDC_08 (Rule 109 of total 414) .... done (Time = 0.00s, Memory = 0.0K)
Checking Rule SGDC_memorywritepin04 (Rule 110 of total 414) .... done (Time = 0.00s, Memory = 7.5K)
Checking Rule SGDC_reset02 (Rule 111 of total 414) .... done (Time = 0.00s, Memory = 7.6K)
Checking Rule SGDC_reset03 (Rule 112 of total 414) .... done (Time = 0.00s, Memory = 0.0K)
Checking Rule SGDC_waive23 (Rule 113 of total 414) .... done (Time = 0.00s, Memory = 0.8K)
Checking Rule SGDC_waive26 (Rule 114 of total 414) .... done (Time = 0.00s, Memory = -7.1K)
Checking Rule SGDC_waive27 (Rule 115 of total 414) .... done (Time = 0.00s, Memory = 4.7K)
Checking Rule SGDC_waive29 (Rule 116 of total 414) .... done (Time = 0.00s, Memory = -31.1K)
Checking Rule SGDC_libgroup03 (Rule 117 of total 414) .... done (Time = 0.00s, Memory = 0.0K)
Checking Rule SGDC_ungroup02 (Rule 118 of total 414) .... done (Time = 0.00s, Memory = 0.0K)
Checking Rule _abstractPortSGDC (Rule 119 of total 414) .... done (Time = 0.00s, Memory = 1.7K)
Checking Rule SGDC_abstract_port03 (Rule 120 of total 414) .... done (Time = 0.00s, Memory = 0.0K)
Checking Rule SGDC_abstract_port04 (Rule 121 of total 414) .... done (Time = 0.00s, Memory = 0.0K)
Checking Rule SGDC_abstract_port05 (Rule 122 of total 414) .... done (Time = 0.00s, Memory = 0.0K)
Checking Rule SGDC_abstract_port07 (Rule 123 of total 414) .... done (Time = 0.00s, Memory = 0.0K)
Checking Rule SGDC_abstract_port08 (Rule 124 of total 414) .... done (Time = 0.00s, Memory = -2.0K)
Checking Rule SGDC_abstract_port10 (Rule 125 of total 414) .... done (Time = 0.00s, Memory = 0.0K)
Checking Rule SGDC_abstract_port11 (Rule 126 of total 414) .... done (Time = 0.00s, Memory = 31.5K)
Checking Rule SGDC_abstract_port12 (Rule 127 of total 414) .... done (Time = 0.00s, Memory = 8.0K)
Checking Rule SGDC_abstract_port13 (Rule 128 of total 414) .... done (Time = 0.00s, Memory = 4.4K)
Checking Rule SGDC_sdcschema01 (Rule 129 of total 414) .... done (Time = 0.00s, Memory = 0.0K)
Checking Rule _cdc_save_license01 (Rule 130 of total 414) .... done (Time = 0.00s, Memory = 0.2K)
Checking Rule syncRstReq (Rule 131 of total 414) .... done (Time = 0.00s, Memory = 0.0K)
Checking Rule syncRstReq (Rule 132 of total 414) .... done (Time = 0.00s, Memory = 0.0K)
Checking Rule _syncResetStyleRTL (Rule 133 of total 414) .... done (Time = 0.00s, Memory = -32.0K)
Checking Rule _deltaDelay (Rule 134 of total 414) .... done (Time = 0.00s, Memory = 0.0K)
Checking Rule _deltaDelay (Rule 135 of total 414) .... done (Time = 0.00s, Memory = 0.0K)
Checking Rule _deltaDelayNom (Rule 136 of total 414) .... done (Time = 0.00s, Memory = 0.0K)
Checking Rule Ac_multitop01 (Rule 137 of total 414) .... done (Time = 0.00s, Memory = 0.0K)
Checking Rule AcOvlRtl (Rule 138 of total 414) .... done (Time = 0.00s, Memory = 0.0K)
Checking Rule AcOvlRtl (Rule 139 of total 414) .... done (Time = 0.00s, Memory = 0.0K)
Checking Rule Ac_svasetup01 (Rule 140 of total 414) .... done (Time = 0.00s, Memory = 0.0K)
Checking Rule ReportUngroup (Rule 141 of total 414) .... done (Time = 0.00s, Memory = 0.0K)
Checking Rule SGDC_allow_combo_logic02 (Rule 142 of total 414) .... done (Time = 0.00s, Memory = 0.0K)
Checking Rule _portRetenClocknReset (Rule 143 of total 414) .... done (Time = 0.00s, Memory = 8.0K)
Checking Rule _portReten (Rule 144 of total 414) .... done (Time = 0.00s, Memory = 1.0K)
Checking Rule SGDC_meta_design_hier01 (Rule 145 of total 414) .... done (Time = 0.00s, Memory = 0.0K)
Checking Rule LP_POWERDATA_INFO (Rule 146 of total 414) .... done (Time = 0.00s, Memory = 0.0K)
Checking Rule SGDC_abstract_port21 (Rule 147 of total 414) .... done (Time = 0.00s, Memory = 0.0K)
Checking Rule SDC2SGDC_WRN01 (Rule 148 of total 414) .... done (Time = 0.00s, Memory = -1.9K)
Checking Rule SDC2SGDC_STX01 (Rule 149 of total 414) .... done (Time = 0.00s, Memory = 0.0K)
Checking Rule SGDC_input02 (Rule 150 of total 414) .... done (Time = 0.00s, Memory = 0.0K)
Checking Rule SGDC_input03 (Rule 151 of total 414) .... done (Time = 0.00s, Memory = 0.0K)
Checking Rule SGDC_output02 (Rule 152 of total 414) .... done (Time = 0.00s, Memory = 0.0K)
Checking Rule SGDC_output04 (Rule 153 of total 414) .... done (Time = 0.00s, Memory = 0.0K)
Checking Rule SGDC_numflops03a (Rule 154 of total 414) .... done (Time = 0.00s, Memory = 0.0K)
Checking Rule SGDC_numflops03b (Rule 155 of total 414) .... done (Time = 0.00s, Memory = -0.8K)
Checking Rule SGDC_numflops12 (Rule 156 of total 414) .... done (Time = 0.00s, Memory = 3.1K)
Checking Rule SGDC_sync_cell02b (Rule 157 of total 414) .... done (Time = 0.00s, Memory = 23.2K)
Checking Rule SGDC_sync_cell11 (Rule 158 of total 414) .... done (Time = 0.00s, Memory = -8.0K)
Checking Rule SGDC_qualifier02c (Rule 159 of total 414) .... done (Time = 0.00s, Memory = 0.0K)
Checking Rule SGDC_qualifier03c (Rule 160 of total 414) .... done (Time = 0.00s, Memory = -0.9K)
Checking Rule LPwrRulesSetup (Rule 161 of total 414) .... done (Time = 0.00s, Memory = 1.9K)
 Flattening SYSTEM_TOP ....
 Flattening completed
Checking Rule Domain_Conflict01 (Rule 162 of total 414) .... done (Time = 0.00s, Memory = 0.6K)
Checking Rule Domain_Matrix01 (Rule 163 of total 414) .... done (Time = 0.00s, Memory = 0.0K)
Checking Rule Domain_Missing01 (Rule 164 of total 414) .... done (Time = 0.00s, Memory = 0.0K)
Checking Rule SDC_Mapping01 (Rule 165 of total 414) .... done (Time = 0.00s, Memory = -0.3K)
Checking Rule SDC2SGDCPARSEW (Rule 166 of total 414)
AtrDomain: Inferring Clock Domains...CLOCK_STA mode..Done. (Time Taken=0s)
AtrDomain: Generating Clock Domain Reports...Done. (Time Taken=0s)
 .... done (Time = 0.07s, Memory = 86.0K)
 Flattening SYSTEM_TOP (.lib instances separately flattened) ....
 Flattening completed
Checking Rule SGDC_quasi_static_style01 (Rule 167 of total 414) .... done (Time = 0.00s, Memory = 0.0K)
Checking Rule SignalTypeSetup (Rule 168 of total 414) .... done (Time = 0.00s, Memory = 11.0K)
Checking Rule _allowInst (Rule 169 of total 414) .... done (Time = 0.00s, Memory = -0.7K)
Checking Rule _ipblock (Rule 170 of total 414) .... done (Time = 0.00s, Memory = -0.9K)
Checking Rule _rstSyncCellInst (Rule 171 of total 414) .... done (Time = 0.00s, Memory = 0.4K)
Checking Rule _syncCellDelayedQualifier (Rule 172 of total 414) .... done (Time = 0.00s, Memory = 0.0K)
Checking Rule _repeaterCellInst (Rule 173 of total 414) .... done (Time = 0.00s, Memory = 0.0K)
Checking Rule _abstract_port (Rule 174 of total 414) .... done (Time = 0.00s, Memory = 25.5K)
Checking Rule Clock_setup02 (Rule 175 of total 414) .... done (Time = 0.00s, Memory = -10.4K)
Checking Rule Clockmatrix01 (Rule 176 of total 414) .... done (Time = 0.00s, Memory = -4.5K)
Checking Rule Clock_prop (Rule 177 of total 414) .... done (Time = 0.01s, Memory = 619.1K)
Checking Rule Reset_prop (Rule 178 of total 414) .... done (Time = 0.00s, Memory = 106.8K)
Checking Rule SGDC_generated_clock06 (Rule 179 of total 414) .... done (Time = 0.00s, Memory = 0.0K)
Checking Rule Propagate_Clocks (Rule 180 of total 414) .... done (Time = 0.01s, Memory = 371.5K)
Checking Rule _syncreset_prop (Rule 181 of total 414) .... done (Time = 0.00s, Memory = 19.8K)
Checking Rule _syncc (Rule 182 of total 414) .... done (Time = 0.00s, Memory = -21.9K)
Checking Rule _syncb (Rule 183 of total 414) .... done (Time = 0.00s, Memory = 5.0K)
Checking Rule _resetPathCross (Rule 184 of total 414) .... done (Time = 0.00s, Memory = 0.0K)
Checking Rule FalsePathSetup (Rule 185 of total 414) .... done (Time = 0.00s, Memory = 0.0K)
Checking Rule _fifo01 (Rule 186 of total 414) .... done (Time = 0.00s, Memory = 0.0K)
Checking Rule _syncfifo (Rule 187 of total 414) .... done (Time = 0.00s, Memory = 16.0K)
Checking Rule _syncUDfifo (Rule 188 of total 414) .... done (Time = 0.00s, Memory = 0.0K)
Checking Rule _syncdw (Rule 189 of total 414) .... done (Time = 0.00s, Memory = -24.0K)
Checking Rule _syncd (Rule 190 of total 414) .... done (Time = 0.00s, Memory = 4.6K)
Checking Rule _syncg (Rule 191 of total 414) .... done (Time = 0.00s, Memory = -26.0K)
Checking Rule _sync_clock (Rule 192 of total 414) .... done (Time = 0.00s, Memory = 0.0K)
Checking Rule _sync_gp (Rule 193 of total 414) .... done (Time = 0.00s, Memory = 0.0K)
Checking Rule _sync_and (Rule 194 of total 414) .... done (Time = 0.00s, Memory = -24.0K)
Checking Rule _synci (Rule 195 of total 414) .... done (Time = 0.00s, Memory = 0.0K)
Checking Rule _sync_qualifier (Rule 196 of total 414) .... done (Time = 0.00s, Memory = 0.0K)
Checking Rule SGDC_fifo11 (Rule 197 of total 414) .... done (Time = 0.00s, Memory = 0.0K)
Checking Rule SGDC_fifo12 (Rule 198 of total 414) .... done (Time = 0.00s, Memory = 0.0K)
Checking Rule SGDC_fifo13 (Rule 199 of total 414) .... done (Time = 0.00s, Memory = 0.0K)
Checking Rule SGDC_fifo14 (Rule 200 of total 414) .... done (Time = 0.00s, Memory = -32.0K)
Checking Rule Gen_diff01 (Rule 201 of total 414) .... done (Time = 0.00s, Memory = 0.0K)
Checking Rule _debugData (Rule 202 of total 414) .... done (Time = 0.01s, Memory = 75.1K)
Checking Rule Ac_Sync_Init (Rule 203 of total 414) .... done (Time = 0.07s, Memory = 533.4K)
Checking Rule _propagate_cdcAttrib (Rule 204 of total 414) .... done (Time = 0.00s, Memory = 5.5K)
Checking Rule Ar_Cross_Init (Rule 205 of total 414) .... done (Time = 0.00s, Memory = 0.0K)
Checking Rule SGDC_cdc_define_transition01 (Rule 206 of total 414) .... done (Time = 0.00s, Memory = 0.0K)
Checking Rule UPF_lowpower08PR (Rule 207 of total 414) .... done (Time = 0.00s, Memory = -3.5K)
Checking Rule UPF_lowpower08 (Rule 208 of total 414) .... done (Time = 0.00s, Memory = 0.0K)
Checking Rule Setup_check01 (Rule 209 of total 414) .... done (Time = 0.01s, Memory = -30.1K)
Checking Rule Setup_check02 (Rule 210 of total 414) .... done (Time = 0.00s, Memory = 0.0K)
Checking Rule Info_Case_Analysis (Rule 211 of total 414) .... done (Time = 0.00s, Memory = -38.9K)
Checking Rule SGDC_set_case_analysis_LC (Rule 212 of total 414) .... done (Time = 0.00s, Memory = 46.3K)
Checking Rule Setup_quasi_static01 (Rule 213 of total 414) .... done (Time = 0.00s, Memory = 68.4K)
Checking Rule SGDC_signal_in_domain02 (Rule 214 of total 414) .... done (Time = 0.00s, Memory = 0.0K)
Checking Rule SGDC_signal_in_domain04 (Rule 215 of total 414) .... done (Time = 0.00s, Memory = 0.0K)
Checking Rule SGDC_numflops03c (Rule 216 of total 414) .... done (Time = 0.00s, Memory = 24.0K)
Checking Rule SGDC_numflops04 (Rule 217 of total 414) .... done (Time = 0.00s, Memory = 8.0K)
Checking Rule SGDC_numflops05 (Rule 218 of total 414) .... done (Time = 0.00s, Memory = 1.6K)
Checking Rule SGDC_numflops06 (Rule 219 of total 414) .... done (Time = 0.00s, Memory = -8.0K)
Checking Rule SGDC_numflops11 (Rule 220 of total 414) .... done (Time = 0.00s, Memory = 0.0K)
Checking Rule SGDC_numflops13 (Rule 221 of total 414) .... done (Time = 0.00s, Memory = 8.0K)
Checking Rule SGDC_numflops14 (Rule 222 of total 414) .... done (Time = 0.00s, Memory = -8.0K)
Checking Rule SGDC_clocksense02 (Rule 223 of total 414) .... done (Time = 0.00s, Memory = 0.0K)
Checking Rule SGDC_clocksense03 (Rule 224 of total 414) .... done (Time = 0.00s, Memory = 0.0K)
Checking Rule SGDC_sgclkgroup01 (Rule 225 of total 414) .... done (Time = 0.00s, Memory = 0.0K)
Checking Rule SGDC_sgclkgroup02 (Rule 226 of total 414) .... done (Time = 0.00s, Memory = 0.0K)
Checking Rule SGDC_sgclkgroup03 (Rule 227 of total 414) .... done (Time = 0.00s, Memory = -32.0K)
Checking Rule SGDC_check_clock_relation01a (Rule 228 of total 414) .... done (Time = 0.00s, Memory = 0.0K)
Checking Rule SGDC_check_clock_relation01b (Rule 229 of total 414) .... done (Time = 0.00s, Memory = 0.0K)
Checking Rule SGDC_check_clock_relation01c (Rule 230 of total 414) .... done (Time = 0.00s, Memory = 0.0K)
Checking Rule SGDC_check_clock_relation02a (Rule 231 of total 414) .... done (Time = 0.00s, Memory = -1.5K)
Checking Rule SGDC_check_clock_relation02b (Rule 232 of total 414) .... done (Time = 0.00s, Memory = 0.0K)
Checking Rule SGDC_check_clock_relation02c (Rule 233 of total 414) .... done (Time = 0.00s, Memory = 0.0K)
Checking Rule SGDC_check_clock_relation03b (Rule 234 of total 414) .... done (Time = 0.00s, Memory = 6.0K)
Checking Rule SGDC_check_clock_relation04b (Rule 235 of total 414) .... done (Time = 0.00s, Memory = 0.0K)
Checking Rule CheckClockRelationSetup (Rule 236 of total 414) .... done (Time = 0.00s, Memory = 0.0K)
Checking Rule SGDC_gray_signals01 (Rule 237 of total 414) .... done (Time = 0.00s, Memory = 0.0K)
Checking Rule SGDC_gray_signals02 (Rule 238 of total 414) .... done (Time = 0.00s, Memory = 0.0K)
Checking Rule SGDC_gray_signals03 (Rule 239 of total 414) .... done (Time = 0.00s, Memory = 0.0K)
Checking Rule SGDC_qualifier02a (Rule 240 of total 414) .... done (Time = 0.00s, Memory = 0.0K)
Checking Rule SGDC_qualifier03a (Rule 241 of total 414) .... done (Time = 0.00s, Memory = 0.0K)
Checking Rule SGDC_qualifier04 (Rule 242 of total 414) .... done (Time = 0.00s, Memory = 0.0K)
Checking Rule SGDC_qualifier05 (Rule 243 of total 414) .... done (Time = 0.00s, Memory = 0.0K)
Checking Rule SGDC_qualifier08 (Rule 244 of total 414) .... done (Time = 0.00s, Memory = 0.0K)
Checking Rule QualifierSetup (Rule 245 of total 414) .... done (Time = 0.00s, Memory = 28.0K)
Checking Rule ResetSynchronizerSetup (Rule 246 of total 414) .... done (Time = 0.00s, Memory = 0.0K)
Checking Rule SGDC_validation_filter_path03 (Rule 247 of total 414) .... done (Time = 0.00s, Memory = 0.0K)
Checking Rule SGDC_qualifier10 (Rule 248 of total 414) .... done (Time = 0.00s, Memory = -8.0K)
Checking Rule SGDC_qualifier11 (Rule 249 of total 414) .... done (Time = 0.00s, Memory = 0.0K)
Checking Rule SGDC_qualifier12 (Rule 250 of total 414) .... done (Time = 0.00s, Memory = 13.8K)
Checking Rule SGDC_qualifier13 (Rule 251 of total 414) .... done (Time = 0.00s, Memory = -32.6K)
Checking Rule SGDC_qualifier14 (Rule 252 of total 414) .... done (Time = 0.00s, Memory = 0.0K)
Checking Rule SGDC_qualifier16 (Rule 253 of total 414) .... done (Time = 0.00s, Memory = 0.0K)
Checking Rule SGDC_qualifier18 (Rule 254 of total 414) .... done (Time = 0.00s, Memory = 32.0K)
Checking Rule SGDC_qualifier19a (Rule 255 of total 414) .... done (Time = 0.00s, Memory = -1.1K)
Checking Rule SGDC_qualifier19b (Rule 256 of total 414) .... done (Time = 0.00s, Memory = -2.6K)
Checking Rule SGDC_qualifier19c (Rule 257 of total 414) .... done (Time = 0.00s, Memory = 0.0K)
Checking Rule SGDC_qualifier20b (Rule 258 of total 414) .... done (Time = 0.00s, Memory = 0.0K)
Checking Rule SGDC_qualifier21 (Rule 259 of total 414) .... done (Time = 0.00s, Memory = -64.4K)
Checking Rule SGDC_qualifier22 (Rule 260 of total 414) .... done (Time = 0.00s, Memory = -32.4K)
Checking Rule SGDC_qualifier23 (Rule 261 of total 414) .... done (Time = 0.00s, Memory = -32.0K)
Checking Rule SGDC_virtualclock01 (Rule 262 of total 414) .... done (Time = 0.00s, Memory = 0.0K)
Checking Rule SGDC_virtualreset01 (Rule 263 of total 414) .... done (Time = 0.00s, Memory = -1.5K)
Checking Rule SGDC_abstract_port19 (Rule 264 of total 414) .... done (Time = 0.00s, Memory = 4.7K)
Checking Rule SGDC_abstract_port20 (Rule 265 of total 414) .... done (Time = 0.00s, Memory = 0.0K)
Checking Rule RFPSetup (Rule 266 of total 414) .... done (Time = 0.00s, Memory = 0.0K)
Checking Rule SGDC_reset_filter_path02a (Rule 267 of total 414) .... done (Time = 0.00s, Memory = 0.0K)
Checking Rule SGDC_reset_filter_path02b (Rule 268 of total 414) .... done (Time = 0.00s, Memory = -24.0K)
Checking Rule SGDC_reset_filter_path02c (Rule 269 of total 414) .... done (Time = 0.00s, Memory = 0.0K)
Checking Rule SGDC_reset_filter_path03a (Rule 270 of total 414) .... done (Time = 0.00s, Memory = -0.4K)
Checking Rule SGDC_reset_filter_path03b (Rule 271 of total 414) .... done (Time = 0.00s, Memory = 24.0K)
Checking Rule SGDC_reset_filter_path03c (Rule 272 of total 414) .... done (Time = 0.00s, Memory = 0.0K)
Checking Rule SGDC_reset_filter_path04b (Rule 273 of total 414) .... done (Time = 0.00s, Memory = 0.0K)
Checking Rule SGDC_reset_filter_path07a (Rule 274 of total 414) .... done (Time = 0.00s, Memory = -24.0K)
Checking Rule SGDC_reset_filter_path07b (Rule 275 of total 414) .... done (Time = 0.00s, Memory = -2.5K)
Checking Rule SGDC_reset_filter_path07c (Rule 276 of total 414) .... done (Time = 0.00s, Memory = 20.2K)
Checking Rule SGDC_define_reset_order03 (Rule 277 of total 414) .... done (Time = 0.00s, Memory = 0.0K)
Checking Rule SGDC_define_reset_order04 (Rule 278 of total 414) .... done (Time = 0.00s, Memory = 0.0K)
Checking Rule SGDC_define_reset_order05 (Rule 279 of total 414) .... done (Time = 0.00s, Memory = 0.0K)
Checking Rule SGDC_cdc_false_path06 (Rule 280 of total 414) .... done (Time = 0.00s, Memory = 0.0K)
Checking Rule SGDC_cdc_false_path07 (Rule 281 of total 414) .... done (Time = 0.00s, Memory = 30.0K)
Checking Rule SGDC_cdc_false_path08 (Rule 282 of total 414) .... done (Time = 0.00s, Memory = -34.5K)
Checking Rule CDCSet_License01 (Rule 283 of total 414) .... done (Time = 0.00s, Memory = 0.0K)
Checking Rule Clock_info03a (Rule 284 of total 414) .... done (Time = 0.00s, Memory = -4.9K)
Checking Rule Clock_info03b (Rule 285 of total 414) .... done (Time = 0.01s, Memory = -24.4K)
Checking Rule Clock_info03c (Rule 286 of total 414) .... done (Time = 0.00s, Memory = 0.0K)
Checking Rule Ac_coherency06 (Rule 287 of total 414) .... done (Time = 0.00s, Memory = -30.6K)
Checking Rule Ac_unsync01 (Rule 288 of total 414) .... done (Time = 0.00s, Memory = 0.0K)
Checking Rule Ac_unsync02 (Rule 289 of total 414) .... done (Time = 0.00s, Memory = 0.0K)
Checking Rule Ac_sync01 (Rule 290 of total 414) .... done (Time = 0.00s, Memory = 0.0K)
Checking Rule Ac_sync02 (Rule 291 of total 414) .... done (Time = 0.00s, Memory = 0.0K)
Checking Rule Ac_crossing01 (Rule 292 of total 414) .... done (Time = 0.00s, Memory = -10.2K)
Checking Rule Propagate_Resets (Rule 293 of total 414) .... done (Time = 0.01s, Memory = 11.1K)
Checking Rule _reset_sync (Rule 294 of total 414) .... done (Time = 0.00s, Memory = 1.1K)
Checking Rule Setup_port01 (Rule 295 of total 414) .... done (Time = 0.00s, Memory = 4.2K)
Checking Rule Setup_blackbox01 (Rule 296 of total 414) .... done (Time = 0.00s, Memory = 0.0K)
Checking Rule Setup_library01 (Rule 297 of total 414) .... done (Time = 0.00s, Memory = -1.6K)
Checking Rule Reset_check11 (Rule 298 of total 414) .... done (Time = 0.01s, Memory = 21.1K)
Checking Rule Reset_info09a (Rule 299 of total 414) .... done (Time = 0.00s, Memory = -3.5K)
Checking Rule Clock_sync05 (Rule 300 of total 414) .... done (Time = 0.01s, Memory = 24.0K)
Checking Rule Clock_sync06 (Rule 301 of total 414) .... done (Time = 0.00s, Memory = 0.0K)
Checking Rule Clock_info02 (Rule 302 of total 414) .... done (Time = 0.00s, Memory = -74.2K)
Checking Rule Reset_info02 (Rule 303 of total 414) .... done (Time = 0.00s, Memory = -3.4K)
Checking Rule Clock_info05 (Rule 304 of total 414) .... done (Time = 0.00s, Memory = 7.9K)
Checking Rule Clock_info05b (Rule 305 of total 414) .... done (Time = 0.00s, Memory = -1.6K)
Checking Rule Reset_check03 (Rule 306 of total 414) .... done (Time = 0.00s, Memory = 33.0K)
Checking Rule _clkWrapModules (Rule 307 of total 414) .... done (Time = 0.00s, Memory = 0.5K)
Checking Rule _clock_hier_rules (Rule 308 of total 414) .... done (Time = 0.00s, Memory = 0.0K)
Checking Rule Reset_check12 (Rule 309 of total 414) .... done (Time = 0.01s, Memory = 39.9K)
Checking Rule Ar_sync_init (Rule 310 of total 414) .... done (Time = 0.01s, Memory = -13.1K)
Checking Rule _constrCoverage (Rule 311 of total 414) .... done (Time = 0.00s, Memory = 17.6K)
Checking Rule Clock_info15 (Rule 312 of total 414) .... done (Time = 0.00s, Memory = -1.2K)
Checking Rule Reset_check10 (Rule 313 of total 414) .... done (Time = 0.00s, Memory = 24.6K)
Checking Rule Reset_sync02 (Rule 314 of total 414) .... done (Time = 0.00s, Memory = -0.3K)
Checking Rule SGDC_clockreset02 (Rule 315 of total 414) .... done (Time = 0.00s, Memory = -0.7K)
Checking Rule Param_clockreset02 (Rule 316 of total 414) .... done (Time = 0.00s, Memory = 0.0K)
Checking Rule Param_clockreset04 (Rule 317 of total 414) .... done (Time = 0.00s, Memory = 0.0K)
Checking Rule Setup_clockreset01 (Rule 318 of total 414) .... done (Time = 0.00s, Memory = 0.0K)
Checking Rule Clock_check07 (Rule 319 of total 414) .... done (Time = 0.00s, Memory = 0.0K)
Checking Rule Clock_check10 (Rule 320 of total 414) .... done (Time = 0.01s, Memory = -30.3K)
Checking Rule Reset_check08 (Rule 321 of total 414) .... done (Time = 0.00s, Memory = 0.0K)
Checking Rule Clock_converge01 (Rule 322 of total 414) .... done (Time = 0.00s, Memory = 0.0K)
Checking Rule Ar_converge01 (Rule 323 of total 414) .... done (Time = 0.00s, Memory = 2.0K)
Checking Rule SGDC_noclockcell_start01 (Rule 324 of total 414) .... done (Time = 0.00s, Memory = 0.0K)
Checking Rule Ac_initseq01 (Rule 325 of total 414) .... done (Time = 0.00s, Memory = 0.0K)
Checking Rule Ac_init01 (Rule 326 of total 414)
 .... done (Time = 0.04s, Memory = 74.5K)
Checking Rule _ac_Auxi01 (Rule 327 of total 414) .... done (Time = 0.00s, Memory = -0.1K)
Checking Rule Ac_sanity02 (Rule 328 of total 414) .... done (Time = 0.00s, Memory = -0.4K)
Checking Rule _glitch_init (Rule 329 of total 414) .... done (Time = 0.00s, Memory = 3.1K)
Checking Rule Ac_initstate01 (Rule 330 of total 414) .... done (Time = 0.01s, Memory = -48.7K)
Checking Rule Ac_conv02 (Rule 331 of total 414)
Verifying rule Ac_conv02: 1 checks
0% time spent, 0%(0) assertions proved, 0%(0) failed, 0%(0) partially proved, 0%(0) others0% time spent, 0%(0) assertions proved, 0%(0) failed, 0%(0) partially proved, 0%(0) others0% time spent, 0%(0) assertions proved, 0%(0) failed, 0%(0) partially proved, 0%(0) others100% time spent, 100%(1) assertions proved, 0%(0) failed, 0%(0) partially proved, 0%(0) others100% time spent, 100%(1) assertions proved, 0%(0) failed, 0%(0) partially proved, 0%(0) others100% time spent, 100%(1) assertions proved, 0%(0) failed, 0%(0) partially proved, 0%(0) others .... done (Time = 0.62s, Memory = 499.6K)
Checking Rule Ac_conv02setup01 (Rule 332 of total 414) .... done (Time = 0.00s, Memory = 0.0K)
Checking Rule Ac_conv01 (Rule 333 of total 414) .... done (Time = 0.01s, Memory = 6.7K)
Checking Rule Ac_conv03 (Rule 334 of total 414) .... done (Time = 0.00s, Memory = 4.6K)
Checking Rule Ac_conv04 (Rule 335 of total 414) .... done (Time = 0.00s, Memory = 3.6K)
Checking Rule Ac_cdc01a (Rule 336 of total 414)
Verifying rule Ac_cdc01a: 1 checks
0% time spent, 0%(0) assertions proved, 0%(0) failed, 0%(0) partially proved, 0%(0) others0% time spent, 0%(0) assertions proved, 0%(0) failed, 0%(0) partially proved, 0%(0) others0% time spent, 0%(0) assertions proved, 0%(0) failed, 0%(0) partially proved, 0%(0) others100% time spent, 100%(1) assertions proved, 0%(0) failed, 0%(0) partially proved, 0%(0) others100% time spent, 100%(1) assertions proved, 0%(0) failed, 0%(0) partially proved, 0%(0) others100% time spent, 100%(1) assertions proved, 0%(0) failed, 0%(0) partially proved, 0%(0) others .... done (Time = 0.38s, Memory = -18.2K)
Checking Rule Ac_datahold01a (Rule 337 of total 414)
Verifying rule Ac_datahold01a: 4 checks
0% time spent, 0%(0) assertions proved, 0%(0) failed, 0%(0) partially proved, 0%(0) others0% time spent, 0%(0) assertions proved, 0%(0) failed, 0%(0) partially proved, 0%(0) others0% time spent, 0%(0) assertions proved, 0%(0) failed, 0%(0) partially proved, 0%(0) others25% time spent, 25%(1) assertions proved, 0%(0) failed, 0%(0) partially proved, 0%(0) others25% time spent, 25%(1) assertions proved, 0%(0) failed, 0%(0) partially proved, 0%(0) others25% time spent, 25%(1) assertions proved, 0%(0) failed, 0%(0) partially proved, 0%(0) others25% time spent, 25%(1) assertions proved, 0%(0) failed, 0%(0) partially proved, 0%(0) others25% time spent, 25%(1) assertions proved, 0%(0) failed, 0%(0) partially proved, 0%(0) others25% time spent, 25%(1) assertions proved, 0%(0) failed, 0%(0) partially proved, 0%(0) others25% time spent, 25%(1) assertions proved, 0%(0) failed, 0%(0) partially proved, 0%(0) others25% time spent, 25%(1) assertions proved, 0%(0) failed, 0%(0) partially proved, 0%(0) others25% time spent, 25%(1) assertions proved, 0%(0) failed, 0%(0) partially proved, 0%(0) others25% time spent, 25%(1) assertions proved, 0%(0) failed, 0%(0) partially proved, 0%(0) others25% time spent, 25%(1) assertions proved, 0%(0) failed, 0%(0) partially proved, 0%(0) others25% time spent, 25%(1) assertions proved, 0%(0) failed, 0%(0) partially proved, 0%(0) others100% time spent, 25%(1) assertions proved, 0%(0) failed, 75%(3) partially proved, 0%(0) others100% time spent, 25%(1) assertions proved, 0%(0) failed, 75%(3) partially proved, 0%(0) others .... done (Time = 16.47s, Memory = 3.0K)
Checking Rule Ac_abs01 (Rule 338 of total 414) .... done (Time = 0.00s, Memory = -1.2K)
Checking Rule Ac_glitch03 (Rule 339 of total 414) .... done (Time = 0.00s, Memory = 0.1K)
Checking Rule Ac_clockperiod01 (Rule 340 of total 414) .... done (Time = 0.00s, Memory = -10.4K)
Checking Rule Ac_clockperiod02 (Rule 341 of total 414) .... done (Time = 0.00s, Memory = -0.0K)
Checking Rule Ac_clockperiod03 (Rule 342 of total 414) .... done (Time = 0.00s, Memory = 0.0K)
Checking Rule Ac_report01 (Rule 343 of total 414) .... done (Time = 0.00s, Memory = -42.8K)
Checking Rule AllowComboLogicSetup (Rule 344 of total 414) .... done (Time = 0.00s, Memory = 0.0K)
Checking Rule Ac_resetvalue01 (Rule 345 of total 414) .... done (Time = 0.00s, Memory = 4.5K)
Checking Rule Ac_upfsetup02 (Rule 346 of total 414) .... done (Time = 0.00s, Memory = -28.5K)
Checking Rule Ac_upfsetup01 (Rule 347 of total 414) .... done (Time = 0.00s, Memory = -4.2K)
Checking Rule Ac_psync_init (Rule 348 of total 414) .... done (Time = 0.00s, Memory = 0.0K)
Checking Rule Ac_psetup01 (Rule 349 of total 414) .... done (Time = 0.00s, Memory = 0.0K)
Checking Rule Clock_exit01 (Rule 350 of total 414) .... done (Time = 0.00s, Memory = 0.0K)
Checking Rule SGDC_reset_synchronizer02 (Rule 351 of total 414) .... done (Time = 0.00s, Memory = 0.0K)
Checking Rule SGDC_reset_synchronizer04 (Rule 352 of total 414) .... done (Time = 0.00s, Memory = 0.0K)
Checking Rule SGDC_reset_synchronizer06 (Rule 353 of total 414) .... done (Time = 0.00s, Memory = 0.0K)
Checking Rule SGDC_reset_synchronizer08 (Rule 354 of total 414) .... done (Time = 0.00s, Memory = 0.0K)
Checking Rule SGDC_reset_synchronizer10 (Rule 355 of total 414) .... done (Time = 0.00s, Memory = 0.0K)
Checking Rule AnalyzeBBox (Rule 356 of total 414) .... done (Time = 0.00s, Memory = 0.0K)
Checking Rule ReportCheckDataSummary (Rule 357 of total 414) .... done (Time = 0.00s, Memory = 0.0K)

Generating data for Console...

SpyGlass Rule Checking Complete.

Generating moresimple report from './spyglass-1/cdc/cdc_verify/spyglass.vdb' to './spyglass-1/cdc/cdc_verify/spyglass_reports/moresimple.rpt' ....

Generating runsummary report from './spyglass-1/cdc/cdc_verify/spyglass.vdb' ....

Generating no_msg_reporting_rules report from './spyglass-1/cdc/cdc_verify/spyglass.vdb' to './spyglass-1/cdc/cdc_verify/spyglass_reports/no_msg_reporting_rules.rpt' ....

Generating adv_cdc report from './spyglass-1/cdc/cdc_verify/spyglass.vdb' to './spyglass-1/cdc/cdc_verify/spyglass_reports/adv_cdc.rpt' ....

Generating CDC-report report from './spyglass-1/cdc/cdc_verify/spyglass.vdb' to './spyglass-1/cdc/cdc_verify/spyglass_reports/CDC-report.rpt' ....

Generating CKSGDCInfo report from './spyglass-1/cdc/cdc_verify/spyglass.vdb' to './spyglass-1/cdc/cdc_verify/spyglass_reports/CKSGDCInfo.rpt' ....

Generating RSTree report from './spyglass-1/cdc/cdc_verify/spyglass.vdb' to './spyglass-1/cdc/cdc_verify/spyglass_reports/RSTree.rpt' ....

Generating CKTree report from './spyglass-1/cdc/cdc_verify/spyglass.vdb' to './spyglass-1/cdc/cdc_verify/spyglass_reports/CKTree.rpt' ....

Policy specific data (reports) are present in the directory './spyglass-1/cdc/cdc_verify/spyglass_reports'.

SpyGlass critical reports for the current run are present in directory './spyglass-1/consolidated_reports/cdc_cdc_verify/'.

---------------------------------------------------------------------------------------------
Results Summary:
---------------------------------------------------------------------------------------------
   Goal Run           :      cdc/cdc_verify
   Command-line read  :      0 error,      0 warning,      0 information message 
   Design Read        :      0 error,      0 warning,      6 information messages
      Found 1 top module:
         SYSTEM_TOP   (file: /home/ICer/IC/Projects/System/rtl/SYSTEM_TOP.v)

   Blackbox Resolution:      0 error,      0 warning,      0 information message 
   SGDC Checks        :      0 error,      0 warning,      1 information message 
   Policy clock-reset :      0 error,      3 warnings,    46 information messages
   -------------------------------------------------------------------------------------
   Total              :      0 error,      3 warnings,    53 information messages

  Total Number of Generated Messages     :        56 (0 error, 3 warnings, 53 Infos)
  Number of Reported Messages            :        56 (0 error, 3 warnings, 53 Infos)

---------------------------------------------------------------------------------------------


run_goal: info: updating spyglass.log with goal summary
run_goal: info: spyglass.log successfully updated with goal summary
0 {Rule-checking completed with warnings}./spyglass-1/cdc/cdc_verify/spyglass-1_waiver_file.awl./spyglass-1/cdc/cdc_verify/spyglass-1_waiver_file.awl./spyglass-1/cdc/cdc_verify/spyglass-1_waiver_file.awl2./spyglass-1/cdc/cdc_verify/spyglass-1_waiver_file.awlcurrent_goal: warning: design query data not saved for last active goal `cdc/cdc_verify'
                       (use `save_goal' command or enable `auto_save' option to save design query data for subsequent goals)
current_goal: warning: goal `cdc/cdc_abstract' was run but not saved last time
                       run results and goal settings might not match
current_goal: info: loading goal `cdc/cdc_abstract' (in progress)
current_goal: info: finished loading goal `cdc/cdc_abstract' (ok)

INFO:    SpyGlass will run goal(s) 'cdc/cdc_abstract'.


 Auto-compiling gates libraries

        "../std_cells/scmetro_tsmc_cl013g_rvt_ff_1p32v_m40c.lib"
        "../std_cells/scmetro_tsmc_cl013g_rvt_ss_1p08v_125c.lib"
        "../std_cells/scmetro_tsmc_cl013g_rvt_tt_1p2v_25c.lib"
    to
        "./spyglass-1/spyglass_cache/autogenerated_sglib/aggregate.sglib" ...already compiled

 Using this already compiled sglib for the current run ...

RULE-CHECKING IN MIXED MODE
Loading spyglass (SpyGlass_vL-2016.06) ... (picked from /home/synopsys/SpyGlass-L2016.06/SPYGLASS_HOME/policies/spyglass)
Loading clock-reset (SpyGlass_vL-2016.06) ... (picked from /home/synopsys/SpyGlass-L2016.06/SPYGLASS_HOME/policies/clock)
 Reading sgdc file "SYSTEM_TOP.sgdc" ...
Performing unification checks on SGDC... done
Reading specified sglib files(s) ....
   Processing library: 'scmetro_tsmc_cl013g_rvt_ff_1p32v_m40c' .... done
   Processing library: 'scmetro_tsmc_cl013g_rvt_ss_1p08v_125c' .... done
   Processing library: 'scmetro_tsmc_cl013g_rvt_tt_1p2v_25c' .... done
Checking Rule AutoGenerateSglib (Rule 1 of total 365) .... done (Time = 0.00s, Memory = 0.0K)

INFO [76]    Using `./spyglass-1/WORK/64' as the Work Directory for 64bit precompiled dump.
Checking Rule Param_clockreset07 (Rule 2 of total 365) .... done (Time = 0.00s, Memory = 0.0K)
Checking Rule Clock_setup01 (Rule 3 of total 365) .... done (Time = 0.00s, Memory = 33.7K)
Checking Rule Param_clockreset06 (Rule 4 of total 365) .... done (Time = 0.00s, Memory = 0.0K)
Checking Rule SGDC_meta_monitor_attributes01 (Rule 5 of total 365) .... done (Time = 0.00s, Memory = 0.0K)
Checking Rule LP_POWERDATA_CHECK (Rule 6 of total 365) .... done (Time = 0.00s, Memory = 0.0K)
Checking Rule LP_POWERDATA_READ (Rule 7 of total 365) .... done (Time = 0.00s, Memory = 0.0K)
Checking Rule PrecompileLibCheck01 (Rule 8 of total 365) .... done (Time = 0.00s, Memory = 0.0K)
Checking Rule PrecompileLibCheck02 (Rule 9 of total 365) .... done (Time = 0.00s, Memory = 0.0K)
Checking Rule PrecompileLibCheck03 (Rule 10 of total 365) .... done (Time = 0.00s, Memory = 0.0K)
Checking Rule PrecompileLibCheck04 (Rule 11 of total 365) .... done (Time = 0.00s, Memory = 0.0K)
Checking Rule ElabSummary (Rule 12 of total 365) .... done (Time = 0.01s, Memory = 3.4K)
Checking Rule ReportSglibVersionSummary (Rule 13 of total 365) .... done (Time = 0.00s, Memory = 0.6K)
Checking Rule SGDC_assume_path01 (Rule 14 of total 365) .... done (Time = 0.00s, Memory = 4.7K)
Checking Rule SGDC_sdcschema02 (Rule 15 of total 365) .... done (Time = 0.00s, Memory = -6.5K)
Checking Rule SGDC_clock05 (Rule 16 of total 365) .... done (Time = 0.00s, Memory = -20.5K)
Checking Rule SGDC_clock09 (Rule 17 of total 365) .... done (Time = 0.00s, Memory = -4.0K)
Checking Rule SGDC_force_ta05 (Rule 18 of total 365) .... done (Time = 0.00s, Memory = -0.0K)
Checking Rule SGDC_require_path03 (Rule 19 of total 365) .... done (Time = 0.00s, Memory = 1.6K)
Checking Rule SGDC_require_value03 (Rule 20 of total 365) .... done (Time = 0.00s, Memory = 0.0K)
Checking Rule SGDC_voltagedomain05 (Rule 21 of total 365) .... done (Time = 0.00s, Memory = 7.0K)
Checking Rule SGDC_voltagedomain06 (Rule 22 of total 365) .... done (Time = 0.00s, Memory = 0.5K)
Checking Rule SGDC_voltagedomain07 (Rule 23 of total 365) .... done (Time = 0.00s, Memory = 15.5K)
Checking Rule SGDC_powerdomainoutputs02 (Rule 24 of total 365) .... done (Time = 0.00s, Memory = 7.3K)
Checking Rule SGDC_supply01 (Rule 25 of total 365) .... done (Time = 0.00s, Memory = -0.6K)
Checking Rule SGDC_waive01 (Rule 26 of total 365) .... done (Time = 0.00s, Memory = -0.4K)
Checking Rule SGDC_waive02 (Rule 27 of total 365) .... done (Time = 0.00s, Memory = 0.0K)
Checking Rule SGDC_waive03 (Rule 28 of total 365) .... done (Time = 0.00s, Memory = 0.0K)
Checking Rule SGDC_waive04 (Rule 29 of total 365) .... done (Time = 0.00s, Memory = -20.6K)
Checking Rule SGDC_waive05 (Rule 30 of total 365) .... done (Time = 0.00s, Memory = -0.5K)
Checking Rule SGDC_waive06 (Rule 31 of total 365) .... done (Time = 0.00s, Memory = -0.6K)
Checking Rule SGDC_waive07 (Rule 32 of total 365) .... done (Time = 0.00s, Memory = 0.0K)
Checking Rule SGDC_waive08 (Rule 33 of total 365) .... done (Time = 0.00s, Memory = 0.0K)
Checking Rule SGDC_waive09 (Rule 34 of total 365) .... done (Time = 0.00s, Memory = 0.0K)
Checking Rule SGDC_waive10 (Rule 35 of total 365) .... done (Time = 0.00s, Memory = 0.0K)
Checking Rule SGDC_waive11 (Rule 36 of total 365) .... done (Time = 0.00s, Memory = 0.0K)
Checking Rule SGDC_waive12 (Rule 37 of total 365) .... done (Time = 0.00s, Memory = 0.0K)
Checking Rule SGDC_waive13 (Rule 38 of total 365) .... done (Time = 0.00s, Memory = 0.0K)
Checking Rule SGDC_waive21 (Rule 39 of total 365) .... done (Time = 0.00s, Memory = 0.0K)
Checking Rule SGDC_waive22 (Rule 40 of total 365) .... done (Time = 0.00s, Memory = 0.0K)
Checking Rule SGDC_waive30 (Rule 41 of total 365) .... done (Time = 0.00s, Memory = 0.0K)
Checking Rule SGDC_waive32 (Rule 42 of total 365) .... done (Time = 0.00s, Memory = -0.0K)
Checking Rule SGDC_waive33 (Rule 43 of total 365) .... done (Time = 0.00s, Memory = 1.6K)
Checking Rule SGDC_waive36 (Rule 44 of total 365) .... done (Time = 0.00s, Memory = -0.1K)
Checking Rule SGDC_waive38 (Rule 45 of total 365) .... done (Time = 0.00s, Memory = 0.0K)
Checking Rule SGDC_fifo01 (Rule 46 of total 365) .... done (Time = 0.00s, Memory = 15.9K)
Checking Rule SGDC_libgroup01 (Rule 47 of total 365) .... done (Time = 0.00s, Memory = 13.2K)
Checking Rule SGDC_libgroup02 (Rule 48 of total 365) .... done (Time = 0.00s, Memory = 0.0K)
Checking Rule SGDC_libgroup04 (Rule 49 of total 365) .... done (Time = 0.00s, Memory = 0.0K)
Checking Rule SGDC_power_data01 (Rule 50 of total 365) .... done (Time = 0.00s, Memory = 9.1K)
Checking Rule SGDC_ungroup01 (Rule 51 of total 365) .... done (Time = 0.00s, Memory = 1.4K)
Checking Rule SGDC_abstract_port06 (Rule 52 of total 365) .... done (Time = 0.00s, Memory = 10.0K)
Checking Rule SGDC_abstract_port14 (Rule 53 of total 365) .... done (Time = 0.00s, Memory = 0.1K)
Checking Rule SGDC_abstract_port15 (Rule 54 of total 365) .... done (Time = 0.00s, Memory = 0.0K)
Checking Rule SGDC_abstract_port18 (Rule 55 of total 365) .... done (Time = 0.00s, Memory = 0.0K)
Checking Rule SDC2SGDC_INFO (Rule 56 of total 365) .... done (Time = 0.00s, Memory = 83.0K)
Checking Rule SDC_ParamSanityCheck (Rule 57 of total 365) .... done (Time = 0.04s, Memory = -30.2K)
Checking Rule SDC_Sanity_Rule (Rule 58 of total 365)SDC-file translator read from path : /home/synopsys/SpyGlass-L2016.06/SPYGLASS_HOME/auxi/sdcparser
 .... done (Time = 0.00s, Memory = 0.4K)
Checking Rule sdc_init_rule (Rule 59 of total 365) .... done (Time = 0.04s, Memory = -2.6K)
Checking Rule CMD_ignorelibs01 (Rule 60 of total 365) .... done (Time = 0.00s, Memory = 0.0K)
Checking Rule ReportRuleNotRun (Rule 61 of total 365) .... done (Time = 0.00s, Memory = 0.0K)
Checking Rule SGDC_generated_clock03 (Rule 62 of total 365) .... done (Time = 0.00s, Memory = 0.0K)
Checking Rule SGDC_generated_clock04 (Rule 63 of total 365) .... done (Time = 0.00s, Memory = 11.9K)
Checking Rule SGDC_generated_clock05 (Rule 64 of total 365) .... done (Time = 0.00s, Memory = 4.7K)
Checking Rule SGDC_quasi_static_style02 (Rule 65 of total 365) .... done (Time = 0.00s, Memory = 9.6K)
Checking Rule SGDC_syncresetstyle01 (Rule 66 of total 365) .... done (Time = 0.00s, Memory = 0.0K)
Checking Rule SGDC_network_allowed_cells01 (Rule 67 of total 365) .... done (Time = 0.00s, Memory = 11.5K)
Checking Rule SGDC_numflops01 (Rule 68 of total 365) .... done (Time = 0.00s, Memory = 1.6K)
Checking Rule SGDC_numflops07 (Rule 69 of total 365) .... done (Time = 0.00s, Memory = 0.0K)
Checking Rule SGDC_numflops08 (Rule 70 of total 365) .... done (Time = 0.00s, Memory = 4.0K)
Checking Rule SGDC_numflops09 (Rule 71 of total 365) .... done (Time = 0.00s, Memory = 11.5K)
Checking Rule SGDC_clocksense04 (Rule 72 of total 365) .... done (Time = 0.00s, Memory = 0.0K)
Checking Rule SGDC_check_clock_relation05a (Rule 73 of total 365) .... done (Time = 0.00s, Memory = -0.2K)
Checking Rule SGDC_check_clock_relation05b (Rule 74 of total 365) .... done (Time = 0.00s, Memory = 7.5K)
Checking Rule SGDC_sync_cell08a (Rule 75 of total 365) .... done (Time = 0.00s, Memory = 11.5K)
Checking Rule SGDC_sync_cell09a (Rule 76 of total 365) .... done (Time = 0.00s, Memory = 0.0K)
Checking Rule SGDC_qualifier06 (Rule 77 of total 365) .... done (Time = 0.00s, Memory = 4.0K)
Checking Rule SGDC_cdc_waive03 (Rule 78 of total 365) .... done (Time = 0.00s, Memory = 0.0K)
Checking Rule SGDC_qualifier09 (Rule 79 of total 365) .... done (Time = 0.00s, Memory = 0.5K)
Checking Rule SGDC_qualifier15 (Rule 80 of total 365) .... done (Time = 0.00s, Memory = 1.7K)
Checking Rule SGDC_allow_combo_logic01 (Rule 81 of total 365) .... done (Time = 0.00s, Memory = 8.0K)
Checking Rule SGDC_reset_filter_path01 (Rule 82 of total 365) .... done (Time = 0.00s, Memory = 0.0K)
Checking Rule SGDC_cdc_false_path05 (Rule 83 of total 365) .... done (Time = 0.00s, Memory = 7.5K)
Checking Rule Param_clockreset05 (Rule 84 of total 365) .... done (Time = 0.00s, Memory = 0.0K)
Checking Rule Ac_sanity01 (Rule 85 of total 365) .... done (Time = 0.00s, Memory = 0.0K)
Checking Rule Ac_sanity06 (Rule 86 of total 365) .... done (Time = 0.00s, Memory = 0.0K)
Checking Rule Ac_license01 (Rule 87 of total 365) .... done (Time = 0.00s, Memory = 0.0K)
Checking Rule SGDC_reset_synchronizer07 (Rule 88 of total 365) .... done (Time = 0.00s, Memory = 0.0K)
 Reading waiver file "./spyglass-1/cdc/cdc_abstract/spyglass_spysch/waiver/pragma2Waiver.swl" ...
 Reading included SGDC file "./spyglass-1/cdc/cdc_abstract/spyglass_spysch/waiver/pragma2Waiver_varfile.swl" ....
Checking Rule ReportStopSummary (Rule 89 of total 365) .... done (Time = 0.00s, Memory = -3.0K)
Checking Rule ReportIgnoreSummary (Rule 90 of total 365) .... done (Time = 0.00s, Memory = 0.0K)

INFO [235]    Restoring design database from directory './spyglass-1/.SG_SaveRestoreDB/autogenerated__default_snapshot' ...
              done

Checking Rule InferBlackBox (Rule 91 of total 365) .... done (Time = 0.00s, Memory = 0.0K)
Checking Rule SGDC_waive37 (Rule 92 of total 365) .... done (Time = 0.00s, Memory = 0.0K)
Checking Rule SGDC_waive24 (Rule 93 of total 365) .... done (Time = 0.00s, Memory = 0.0K)
Checking Rule SGDC_waive25 (Rule 94 of total 365) .... done (Time = 0.00s, Memory = 0.0K)
Checking Rule SGDC_waive31 (Rule 95 of total 365) .... done (Time = 0.00s, Memory = 0.0K)
Checking Rule SGDC_waive35 (Rule 96 of total 365) .... done (Time = 0.00s, Memory = 0.0K)
Checking Rule ReportSglibSummary (Rule 97 of total 365) .... done (Time = 0.00s, Memory = -1.4K)
Checking Rule DetectTopDesignUnits (Rule 98 of total 365)
 Detected 1 top level design units:
     SYSTEM_TOP
 .... done (Time = 0.00s, Memory = 0.3K)
Checking Rule GenerateConfMap (Rule 99 of total 365) .... done (Time = 0.00s, Memory = 0.0K)
Checking Rule Pragma_setupa for module Pulse_Gen (Rule 100 of total 365) .... done (Time = 0.00s, Memory = 0.0K)
Checking Rule SDC2SGDCPARSE for module Pulse_Gen (Rule 101 of total 365) .... done (Time = 0.00s, Memory = 0.0K)
Checking Rule Pragma_setupa for module DF_SYNC (Rule 100 of total 365) .... done (Time = 0.00s, Memory = 0.0K)
Checking Rule SDC2SGDCPARSE for module DF_SYNC (Rule 101 of total 365) .... done (Time = 0.00s, Memory = 0.0K)
Checking Rule Pragma_setupa for module FIFO_MEM_CNTRL (Rule 100 of total 365) .... done (Time = 0.00s, Memory = 0.0K)
Checking Rule SDC2SGDCPARSE for module FIFO_MEM_CNTRL (Rule 101 of total 365) .... done (Time = 0.00s, Memory = 0.0K)
Checking Rule Pragma_setupa for module FIFO_WR (Rule 100 of total 365) .... done (Time = 0.00s, Memory = 0.0K)
Checking Rule SDC2SGDCPARSE for module FIFO_WR (Rule 101 of total 365) .... done (Time = 0.00s, Memory = 0.0K)
Checking Rule Pragma_setupa for module FIFO_RD (Rule 100 of total 365) .... done (Time = 0.00s, Memory = 0.0K)
Checking Rule SDC2SGDCPARSE for module FIFO_RD (Rule 101 of total 365) .... done (Time = 0.00s, Memory = 0.0K)
Checking Rule Pragma_setupa for module ASYNC_FIFO (Rule 100 of total 365) .... done (Time = 0.00s, Memory = 0.0K)
Checking Rule SDC2SGDCPARSE for module ASYNC_FIFO (Rule 101 of total 365) .... done (Time = 0.00s, Memory = 0.0K)
Checking Rule Pragma_setupa for module ALU (Rule 100 of total 365) .... done (Time = 0.00s, Memory = 0.0K)
Checking Rule SDC2SGDCPARSE for module ALU (Rule 101 of total 365) .... done (Time = 0.00s, Memory = 0.0K)
Checking Rule Pragma_setupa for module CLK_GATE (Rule 100 of total 365) .... done (Time = 0.00s, Memory = 0.0K)
Checking Rule SDC2SGDCPARSE for module CLK_GATE (Rule 101 of total 365) .... done (Time = 0.00s, Memory = 0.0K)
Checking Rule Pragma_setupa for module regfile (Rule 100 of total 365) .... done (Time = 0.00s, Memory = 0.0K)
Checking Rule SDC2SGDCPARSE for module regfile (Rule 101 of total 365) .... done (Time = 0.00s, Memory = 0.0K)
Checking Rule Pragma_setupa for module SYS_CTRL (Rule 100 of total 365) .... done (Time = 0.00s, Memory = 0.0K)
Checking Rule SDC2SGDCPARSE for module SYS_CTRL (Rule 101 of total 365) .... done (Time = 0.00s, Memory = 0.0K)
Checking Rule Pragma_setupa for module DATA_SYNC (Rule 100 of total 365) .... done (Time = 0.00s, Memory = 0.0K)
Checking Rule SDC2SGDCPARSE for module DATA_SYNC (Rule 101 of total 365) .... done (Time = 0.00s, Memory = 0.0K)
Checking Rule Pragma_setupa for module FSM_RX (Rule 100 of total 365) .... done (Time = 0.00s, Memory = 0.0K)
Checking Rule SDC2SGDCPARSE for module FSM_RX (Rule 101 of total 365) .... done (Time = 0.00s, Memory = 0.0K)
Checking Rule Pragma_setupa for module edge_bit_counter (Rule 100 of total 365) .... done (Time = 0.00s, Memory = 0.0K)
Checking Rule SDC2SGDCPARSE for module edge_bit_counter (Rule 101 of total 365) .... done (Time = 0.00s, Memory = 0.0K)
Checking Rule Pragma_setupa for module deserializer (Rule 100 of total 365) .... done (Time = 0.00s, Memory = 0.0K)
Checking Rule SDC2SGDCPARSE for module deserializer (Rule 101 of total 365) .... done (Time = 0.00s, Memory = 0.0K)
Checking Rule Pragma_setupa for module data_sampling (Rule 100 of total 365) .... done (Time = 0.00s, Memory = 0.0K)
Checking Rule SDC2SGDCPARSE for module data_sampling (Rule 101 of total 365) .... done (Time = 0.00s, Memory = 0.0K)
Checking Rule Pragma_setupa for module stop_checker (Rule 100 of total 365) .... done (Time = 0.00s, Memory = 0.0K)
Checking Rule SDC2SGDCPARSE for module stop_checker (Rule 101 of total 365) .... done (Time = 0.00s, Memory = 0.0K)
Checking Rule Pragma_setupa for module strt_checker (Rule 100 of total 365) .... done (Time = 0.00s, Memory = 0.0K)
Checking Rule SDC2SGDCPARSE for module strt_checker (Rule 101 of total 365) .... done (Time = 0.00s, Memory = 0.0K)
Checking Rule Pragma_setupa for module parity_checker (Rule 100 of total 365) .... done (Time = 0.00s, Memory = 0.0K)
Checking Rule SDC2SGDCPARSE for module parity_checker (Rule 101 of total 365) .... done (Time = 0.00s, Memory = 0.0K)
Checking Rule Pragma_setupa for module UART_RX (Rule 100 of total 365) .... done (Time = 0.00s, Memory = 0.0K)
Checking Rule SDC2SGDCPARSE for module UART_RX (Rule 101 of total 365) .... done (Time = 0.00s, Memory = 0.0K)
Checking Rule Pragma_setupa for module FSM_TX (Rule 100 of total 365) .... done (Time = 0.00s, Memory = 0.0K)
Checking Rule SDC2SGDCPARSE for module FSM_TX (Rule 101 of total 365) .... done (Time = 0.00s, Memory = 0.0K)
Checking Rule Pragma_setupa for module Serializer (Rule 100 of total 365) .... done (Time = 0.00s, Memory = 0.0K)
Checking Rule SDC2SGDCPARSE for module Serializer (Rule 101 of total 365) .... done (Time = 0.00s, Memory = 0.0K)
Checking Rule Pragma_setupa for module Parity_Calc (Rule 100 of total 365) .... done (Time = 0.00s, Memory = 0.0K)
Checking Rule SDC2SGDCPARSE for module Parity_Calc (Rule 101 of total 365) .... done (Time = 0.00s, Memory = 0.0K)
Checking Rule Pragma_setupa for module MUX (Rule 100 of total 365) .... done (Time = 0.00s, Memory = 0.0K)
Checking Rule SDC2SGDCPARSE for module MUX (Rule 101 of total 365) .... done (Time = 0.00s, Memory = 0.0K)
Checking Rule Pragma_setupa for module UART_TX (Rule 100 of total 365) .... done (Time = 0.00s, Memory = 0.0K)
Checking Rule SDC2SGDCPARSE for module UART_TX (Rule 101 of total 365) .... done (Time = 0.00s, Memory = 0.0K)
Checking Rule Pragma_setupa for module UART (Rule 100 of total 365) .... done (Time = 0.00s, Memory = 0.0K)
Checking Rule SDC2SGDCPARSE for module UART (Rule 101 of total 365) .... done (Time = 0.00s, Memory = 0.0K)
Checking Rule Pragma_setupa for module RST_SYNC (Rule 100 of total 365) .... done (Time = 0.00s, Memory = 0.0K)
Checking Rule SDC2SGDCPARSE for module RST_SYNC (Rule 101 of total 365) .... done (Time = 0.00s, Memory = 0.0K)
Checking Rule Pragma_setupa for module CLK_DIV (Rule 100 of total 365) .... done (Time = 0.00s, Memory = 0.0K)
Checking Rule SDC2SGDCPARSE for module CLK_DIV (Rule 101 of total 365) .... done (Time = 0.00s, Memory = 0.0K)
Checking Rule Pragma_setupa for module prescale_mux (Rule 100 of total 365) .... done (Time = 0.00s, Memory = 0.0K)
Checking Rule SDC2SGDCPARSE for module prescale_mux (Rule 101 of total 365) .... done (Time = 0.00s, Memory = 0.0K)
Checking Rule Pragma_setupa for module SYSTEM_TOP (Rule 100 of total 365) .... done (Time = 0.00s, Memory = 0.0K)
Checking Rule SDC2SGDCPARSE for module SYSTEM_TOP (Rule 101 of total 365) .... done (Time = 0.00s, Memory = 0.0K)
Performing semantic checks on SGDC contents
Checking Rule SGDC_testmode03 (Rule 102 of total 365) .... done (Time = 0.00s, Memory = 0.0K)
Checking Rule Pragma_setupb (Rule 103 of total 365) .... done (Time = 0.00s, Memory = 0.0K)
Checking Rule _vhMeta01 (Rule 104 of total 365) .... done (Time = 0.00s, Memory = -0.2K)
Checking Rule _meta_delay01 (Rule 105 of total 365) .... done (Time = 0.00s, Memory = 0.0K)
Checking Rule CheckCelldefine (Rule 106 of total 365) .... done (Time = 0.00s, Memory = 0.0K)
Checking Rule checkSGDC_01 (Rule 107 of total 365) .... done (Time = 0.00s, Memory = 0.0K)
Checking Rule checkSGDC_03 (Rule 108 of total 365) .... done (Time = 0.00s, Memory = 0.0K)
Checking Rule checkSGDC_08 (Rule 109 of total 365) .... done (Time = 0.00s, Memory = 0.0K)
Checking Rule SGDC_memorywritepin04 (Rule 110 of total 365) .... done (Time = 0.00s, Memory = 7.5K)
Checking Rule SGDC_reset02 (Rule 111 of total 365) .... done (Time = 0.00s, Memory = 7.6K)
Checking Rule SGDC_reset03 (Rule 112 of total 365) .... done (Time = 0.00s, Memory = 0.0K)
Checking Rule SGDC_waive23 (Rule 113 of total 365) .... done (Time = 0.00s, Memory = 0.0K)
Checking Rule SGDC_waive26 (Rule 114 of total 365) .... done (Time = 0.00s, Memory = 0.4K)
Checking Rule SGDC_waive27 (Rule 115 of total 365) .... done (Time = 0.00s, Memory = -2.5K)
Checking Rule SGDC_waive29 (Rule 116 of total 365) .... done (Time = 0.00s, Memory = -3.0K)
Checking Rule SGDC_libgroup03 (Rule 117 of total 365) .... done (Time = 0.00s, Memory = 0.0K)
Checking Rule SGDC_ungroup02 (Rule 118 of total 365) .... done (Time = 0.00s, Memory = 0.0K)
Checking Rule _abstractPortSGDC (Rule 119 of total 365) .... done (Time = 0.00s, Memory = 1.5K)
Checking Rule SGDC_abstract_port03 (Rule 120 of total 365) .... done (Time = 0.00s, Memory = -0.4K)
Checking Rule SGDC_abstract_port04 (Rule 121 of total 365) .... done (Time = 0.00s, Memory = 0.0K)
Checking Rule SGDC_abstract_port05 (Rule 122 of total 365) .... done (Time = 0.00s, Memory = -0.1K)
Checking Rule SGDC_abstract_port07 (Rule 123 of total 365) .... done (Time = 0.00s, Memory = -0.7K)
Checking Rule SGDC_abstract_port08 (Rule 124 of total 365) .... done (Time = 0.00s, Memory = 8.8K)
Checking Rule SGDC_abstract_port10 (Rule 125 of total 365) .... done (Time = 0.00s, Memory = 0.0K)
Checking Rule SGDC_abstract_port11 (Rule 126 of total 365) .... done (Time = 0.00s, Memory = -0.4K)
Checking Rule SGDC_abstract_port12 (Rule 127 of total 365) .... done (Time = 0.00s, Memory = -0.2K)
Checking Rule SGDC_abstract_port13 (Rule 128 of total 365) .... done (Time = 0.00s, Memory = -0.3K)
Checking Rule SGDC_sdcschema01 (Rule 129 of total 365) .... done (Time = 0.00s, Memory = 0.0K)
Checking Rule _cdc_save_license01 (Rule 130 of total 365) .... done (Time = 0.00s, Memory = 0.2K)
Checking Rule syncRstReq (Rule 131 of total 365) .... done (Time = 0.00s, Memory = -1.0K)
Checking Rule syncRstReq (Rule 132 of total 365) .... done (Time = 0.00s, Memory = 0.0K)
Checking Rule _syncResetStyleRTL (Rule 133 of total 365) .... done (Time = 0.00s, Memory = 0.0K)
Checking Rule _deltaDelay (Rule 134 of total 365) .... done (Time = 0.00s, Memory = 0.0K)
Checking Rule _deltaDelay (Rule 135 of total 365) .... done (Time = 0.00s, Memory = -10.5K)
Checking Rule _deltaDelayNom (Rule 136 of total 365) .... done (Time = 0.00s, Memory = 0.0K)
Checking Rule Ac_multitop01 (Rule 137 of total 365) .... done (Time = 0.00s, Memory = 4.7K)
Checking Rule AcOvlRtl (Rule 138 of total 365) .... done (Time = 0.00s, Memory = 0.0K)
Checking Rule AcOvlRtl (Rule 139 of total 365) .... done (Time = 0.00s, Memory = 0.0K)
Checking Rule Ac_svasetup01 (Rule 140 of total 365) .... done (Time = 0.00s, Memory = 0.0K)
Checking Rule ReportUngroup (Rule 141 of total 365) .... done (Time = 0.00s, Memory = 0.0K)
Checking Rule SGDC_allow_combo_logic02 (Rule 142 of total 365) .... done (Time = 0.00s, Memory = -0.0K)
Checking Rule _portRetenClocknReset (Rule 143 of total 365) .... done (Time = 0.00s, Memory = 0.0K)
Checking Rule _portReten (Rule 144 of total 365) .... done (Time = 0.00s, Memory = 1.2K)
Checking Rule SGDC_meta_design_hier01 (Rule 145 of total 365) .... done (Time = 0.00s, Memory = 3.0K)
Checking Rule LP_POWERDATA_INFO (Rule 146 of total 365) .... done (Time = 0.00s, Memory = 10.5K)
Checking Rule SGDC_abstract_port21 (Rule 147 of total 365) .... done (Time = 0.00s, Memory = 1.6K)
Checking Rule SDC2SGDC_WRN01 (Rule 148 of total 365) .... done (Time = 0.00s, Memory = 0.0K)
Checking Rule SDC2SGDC_STX01 (Rule 149 of total 365) .... done (Time = 0.00s, Memory = 0.0K)
Checking Rule SGDC_input02 (Rule 150 of total 365) .... done (Time = 0.00s, Memory = 0.0K)
Checking Rule SGDC_input03 (Rule 151 of total 365) .... done (Time = 0.00s, Memory = 0.0K)
Checking Rule SGDC_output02 (Rule 152 of total 365) .... done (Time = 0.00s, Memory = 0.0K)
Checking Rule SGDC_output04 (Rule 153 of total 365) .... done (Time = 0.00s, Memory = 0.8K)
Checking Rule SGDC_numflops03a (Rule 154 of total 365) .... done (Time = 0.00s, Memory = 0.0K)
Checking Rule SGDC_numflops03b (Rule 155 of total 365) .... done (Time = 0.00s, Memory = 0.0K)
Checking Rule SGDC_numflops12 (Rule 156 of total 365) .... done (Time = 0.00s, Memory = 0.0K)
Checking Rule SGDC_sync_cell02b (Rule 157 of total 365) .... done (Time = 0.00s, Memory = 0.0K)
Checking Rule SGDC_sync_cell11 (Rule 158 of total 365) .... done (Time = 0.00s, Memory = 0.0K)
Checking Rule SGDC_qualifier02c (Rule 159 of total 365) .... done (Time = 0.00s, Memory = 0.0K)
Checking Rule SGDC_qualifier03c (Rule 160 of total 365) .... done (Time = 0.00s, Memory = 0.0K)
Checking Rule LPwrRulesSetup (Rule 161 of total 365) .... done (Time = 0.00s, Memory = 0.0K)
 Flattening SYSTEM_TOP ....
 Flattening completed
Checking Rule Domain_Conflict01 (Rule 162 of total 365) .... done (Time = 0.00s, Memory = 0.5K)
Checking Rule Domain_Matrix01 (Rule 163 of total 365) .... done (Time = 0.00s, Memory = -2.4K)
Checking Rule Domain_Missing01 (Rule 164 of total 365) .... done (Time = 0.00s, Memory = -0.7K)
Checking Rule SDC_Mapping01 (Rule 165 of total 365) .... done (Time = 0.00s, Memory = 0.0K)
Checking Rule SDC2SGDCPARSEW (Rule 166 of total 365)
AtrDomain: Inferring Clock Domains...CLOCK_STA mode..Done. (Time Taken=0s)
AtrDomain: Generating Clock Domain Reports...Done. (Time Taken=0s)
 .... done (Time = 0.09s, Memory = 53.0K)
 Flattening SYSTEM_TOP (.lib instances separately flattened) ....
 Flattening completed
Checking Rule SGDC_quasi_static_style01 (Rule 167 of total 365) .... done (Time = 0.00s, Memory = 0.0K)
Checking Rule SignalTypeSetup (Rule 168 of total 365) .... done (Time = 0.00s, Memory = 8.0K)
Checking Rule _allowInst (Rule 169 of total 365) .... done (Time = 0.00s, Memory = -0.2K)
Checking Rule _ipblock (Rule 170 of total 365) .... done (Time = 0.00s, Memory = 0.0K)
Checking Rule _rstSyncCellInst (Rule 171 of total 365) .... done (Time = 0.00s, Memory = 5.1K)
Checking Rule _syncCellDelayedQualifier (Rule 172 of total 365) .... done (Time = 0.00s, Memory = 0.0K)
Checking Rule _repeaterCellInst (Rule 173 of total 365) .... done (Time = 0.00s, Memory = 0.0K)
Checking Rule _abstract_port (Rule 174 of total 365) .... done (Time = 0.00s, Memory = 25.5K)
Checking Rule Clock_setup02 (Rule 175 of total 365) .... done (Time = 0.01s, Memory = -15.6K)
Checking Rule Clockmatrix01 (Rule 176 of total 365) .... done (Time = 0.00s, Memory = 0.0K)
Checking Rule Clock_prop (Rule 177 of total 365) .... done (Time = 0.00s, Memory = 612.9K)
Checking Rule Reset_prop (Rule 178 of total 365) .... done (Time = 0.00s, Memory = 87.5K)
Checking Rule SGDC_generated_clock06 (Rule 179 of total 365) .... done (Time = 0.00s, Memory = 0.0K)
Checking Rule Propagate_Clocks (Rule 180 of total 365) .... done (Time = 0.01s, Memory = 379.4K)
Checking Rule _syncreset_prop (Rule 181 of total 365) .... done (Time = 0.00s, Memory = 15.6K)
Checking Rule _syncc (Rule 182 of total 365) .... done (Time = 0.00s, Memory = 0.3K)
Checking Rule _syncb (Rule 183 of total 365) .... done (Time = 0.00s, Memory = -2.0K)
Checking Rule _resetPathCross (Rule 184 of total 365) .... done (Time = 0.00s, Memory = 0.0K)
Checking Rule FalsePathSetup (Rule 185 of total 365) .... done (Time = 0.00s, Memory = 0.0K)
Checking Rule _fifo01 (Rule 186 of total 365) .... done (Time = 0.00s, Memory = 0.0K)
Checking Rule _syncfifo (Rule 187 of total 365) .... done (Time = 0.00s, Memory = 0.0K)
Checking Rule _syncUDfifo (Rule 188 of total 365) .... done (Time = 0.00s, Memory = 0.0K)
Checking Rule _syncdw (Rule 189 of total 365) .... done (Time = 0.00s, Memory = 0.0K)
Checking Rule _syncd (Rule 190 of total 365) .... done (Time = 0.00s, Memory = 1.9K)
Checking Rule _syncg (Rule 191 of total 365) .... done (Time = 0.00s, Memory = 9.0K)
Checking Rule _sync_clock (Rule 192 of total 365) .... done (Time = 0.00s, Memory = 0.0K)
Checking Rule _sync_gp (Rule 193 of total 365) .... done (Time = 0.00s, Memory = 0.0K)
Checking Rule _sync_and (Rule 194 of total 365) .... done (Time = 0.00s, Memory = 0.0K)
Checking Rule _synci (Rule 195 of total 365) .... done (Time = 0.00s, Memory = 0.0K)
Checking Rule _sync_qualifier (Rule 196 of total 365) .... done (Time = 0.00s, Memory = 2.3K)
Checking Rule SGDC_fifo11 (Rule 197 of total 365) .... done (Time = 0.00s, Memory = -0.2K)
Checking Rule SGDC_fifo12 (Rule 198 of total 365) .... done (Time = 0.00s, Memory = 0.0K)
Checking Rule SGDC_fifo13 (Rule 199 of total 365) .... done (Time = 0.00s, Memory = 4.7K)
Checking Rule SGDC_fifo14 (Rule 200 of total 365) .... done (Time = 0.00s, Memory = 0.0K)
Checking Rule Gen_diff01 (Rule 201 of total 365) .... done (Time = 0.00s, Memory = 0.0K)
Checking Rule _debugData (Rule 202 of total 365) .... done (Time = 0.01s, Memory = 64.5K)
Checking Rule Ac_Sync_Init (Rule 203 of total 365) .... done (Time = 0.01s, Memory = 102.4K)
Checking Rule _propagate_cdcAttrib (Rule 204 of total 365) .... done (Time = 0.00s, Memory = 6.2K)
Checking Rule Ar_Cross_Init (Rule 205 of total 365) .... done (Time = 0.00s, Memory = -1.2K)
Checking Rule SGDC_cdc_define_transition01 (Rule 206 of total 365) .... done (Time = 0.00s, Memory = 0.0K)
Checking Rule UPF_lowpower08PR (Rule 207 of total 365) .... done (Time = 0.00s, Memory = -2.0K)
Checking Rule UPF_lowpower08 (Rule 208 of total 365) .... done (Time = 0.00s, Memory = 0.0K)
Checking Rule Setup_check01 (Rule 209 of total 365) .... done (Time = 0.00s, Memory = -10.2K)
Checking Rule Setup_check02 (Rule 210 of total 365) .... done (Time = 0.00s, Memory = 0.0K)
Checking Rule Info_Case_Analysis (Rule 211 of total 365) .... done (Time = 0.00s, Memory = -28.6K)
Checking Rule SGDC_set_case_analysis_LC (Rule 212 of total 365) .... done (Time = 0.00s, Memory = 50.6K)
Checking Rule SGDC_signal_in_domain02 (Rule 213 of total 365) .... done (Time = 0.00s, Memory = 0.0K)
Checking Rule SGDC_signal_in_domain04 (Rule 214 of total 365) .... done (Time = 0.00s, Memory = 0.0K)
Checking Rule SGDC_numflops03c (Rule 215 of total 365) .... done (Time = 0.00s, Memory = 0.0K)
Checking Rule SGDC_numflops04 (Rule 216 of total 365) .... done (Time = 0.00s, Memory = 0.0K)
Checking Rule SGDC_numflops05 (Rule 217 of total 365) .... done (Time = 0.00s, Memory = 0.0K)
Checking Rule SGDC_numflops06 (Rule 218 of total 365) .... done (Time = 0.00s, Memory = 0.0K)
Checking Rule SGDC_numflops11 (Rule 219 of total 365) .... done (Time = 0.00s, Memory = 0.0K)
Checking Rule SGDC_numflops13 (Rule 220 of total 365) .... done (Time = 0.00s, Memory = -1.0K)
Checking Rule SGDC_numflops14 (Rule 221 of total 365) .... done (Time = 0.00s, Memory = 0.0K)
Checking Rule SGDC_clocksense02 (Rule 222 of total 365) .... done (Time = 0.00s, Memory = 4.0K)
Checking Rule SGDC_clocksense03 (Rule 223 of total 365) .... done (Time = 0.00s, Memory = -2.5K)
Checking Rule SGDC_sgclkgroup01 (Rule 224 of total 365) .... done (Time = 0.00s, Memory = 4.7K)
Checking Rule SGDC_sgclkgroup02 (Rule 225 of total 365) .... done (Time = 0.00s, Memory = -0.1K)
Checking Rule SGDC_sgclkgroup03 (Rule 226 of total 365) .... done (Time = 0.00s, Memory = 0.0K)
Checking Rule SGDC_check_clock_relation01a (Rule 227 of total 365) .... done (Time = 0.00s, Memory = 0.0K)
Checking Rule SGDC_check_clock_relation01b (Rule 228 of total 365) .... done (Time = 0.00s, Memory = 0.0K)
Checking Rule SGDC_check_clock_relation01c (Rule 229 of total 365) .... done (Time = 0.00s, Memory = 0.0K)
Checking Rule SGDC_check_clock_relation02a (Rule 230 of total 365) .... done (Time = 0.00s, Memory = 0.0K)
Checking Rule SGDC_check_clock_relation02b (Rule 231 of total 365) .... done (Time = 0.00s, Memory = -0.1K)
Checking Rule SGDC_check_clock_relation02c (Rule 232 of total 365) .... done (Time = 0.00s, Memory = -0.2K)
Checking Rule SGDC_check_clock_relation03b (Rule 233 of total 365) .... done (Time = 0.00s, Memory = -0.2K)
Checking Rule SGDC_check_clock_relation04b (Rule 234 of total 365) .... done (Time = 0.00s, Memory = 0.0K)
Checking Rule CheckClockRelationSetup (Rule 235 of total 365) .... done (Time = 0.00s, Memory = 0.0K)
Checking Rule SGDC_gray_signals01 (Rule 236 of total 365) .... done (Time = 0.00s, Memory = 0.0K)
Checking Rule SGDC_gray_signals02 (Rule 237 of total 365) .... done (Time = 0.00s, Memory = 0.0K)
Checking Rule SGDC_gray_signals03 (Rule 238 of total 365) .... done (Time = 0.00s, Memory = 0.0K)
Checking Rule SGDC_qualifier02a (Rule 239 of total 365) .... done (Time = 0.00s, Memory = 0.0K)
Checking Rule SGDC_qualifier03a (Rule 240 of total 365) .... done (Time = 0.00s, Memory = 0.0K)
Checking Rule SGDC_qualifier04 (Rule 241 of total 365) .... done (Time = 0.00s, Memory = 0.0K)
Checking Rule SGDC_qualifier05 (Rule 242 of total 365) .... done (Time = 0.00s, Memory = 0.6K)
Checking Rule SGDC_qualifier08 (Rule 243 of total 365) .... done (Time = 0.00s, Memory = 0.0K)
Checking Rule QualifierSetup (Rule 244 of total 365) .... done (Time = 0.00s, Memory = 10.7K)
Checking Rule ResetSynchronizerSetup (Rule 245 of total 365) .... done (Time = 0.00s, Memory = 0.1K)
Checking Rule SGDC_validation_filter_path03 (Rule 246 of total 365) .... done (Time = 0.00s, Memory = 0.0K)
Checking Rule SGDC_qualifier10 (Rule 247 of total 365) .... done (Time = 0.00s, Memory = 0.0K)
Checking Rule SGDC_qualifier11 (Rule 248 of total 365) .... done (Time = 0.00s, Memory = 0.0K)
Checking Rule SGDC_qualifier12 (Rule 249 of total 365) .... done (Time = 0.00s, Memory = 4.7K)
Checking Rule SGDC_qualifier13 (Rule 250 of total 365) .... done (Time = 0.00s, Memory = 0.0K)
Checking Rule SGDC_qualifier14 (Rule 251 of total 365) .... done (Time = 0.00s, Memory = 0.0K)
Checking Rule SGDC_qualifier16 (Rule 252 of total 365) .... done (Time = 0.00s, Memory = 0.0K)
Checking Rule SGDC_qualifier18 (Rule 253 of total 365) .... done (Time = 0.00s, Memory = 0.0K)
Checking Rule SGDC_qualifier19a (Rule 254 of total 365) .... done (Time = 0.00s, Memory = 0.0K)
Checking Rule SGDC_qualifier19b (Rule 255 of total 365) .... done (Time = 0.00s, Memory = 0.0K)
Checking Rule SGDC_qualifier19c (Rule 256 of total 365) .... done (Time = 0.00s, Memory = 0.0K)
Checking Rule SGDC_qualifier20b (Rule 257 of total 365) .... done (Time = 0.00s, Memory = 0.0K)
Checking Rule SGDC_qualifier21 (Rule 258 of total 365) .... done (Time = 0.00s, Memory = 0.0K)
Checking Rule SGDC_qualifier22 (Rule 259 of total 365) .... done (Time = 0.00s, Memory = 0.0K)
Checking Rule SGDC_qualifier23 (Rule 260 of total 365) .... done (Time = 0.00s, Memory = 0.0K)
Checking Rule SGDC_virtualclock01 (Rule 261 of total 365) .... done (Time = 0.00s, Memory = 0.0K)
Checking Rule SGDC_virtualreset01 (Rule 262 of total 365) .... done (Time = 0.00s, Memory = 0.0K)
Checking Rule SGDC_abstract_port19 (Rule 263 of total 365) .... done (Time = 0.00s, Memory = 0.0K)
Checking Rule SGDC_abstract_port20 (Rule 264 of total 365) .... done (Time = 0.00s, Memory = 7.9K)
Checking Rule RFPSetup (Rule 265 of total 365) .... done (Time = 0.00s, Memory = -1.5K)
Checking Rule SGDC_reset_filter_path02a (Rule 266 of total 365) .... done (Time = 0.00s, Memory = 0.0K)
Checking Rule SGDC_reset_filter_path02b (Rule 267 of total 365) .... done (Time = 0.00s, Memory = -0.2K)
Checking Rule SGDC_reset_filter_path02c (Rule 268 of total 365) .... done (Time = 0.00s, Memory = -0.2K)
Checking Rule SGDC_reset_filter_path03a (Rule 269 of total 365) .... done (Time = 0.00s, Memory = 0.0K)
Checking Rule SGDC_reset_filter_path03b (Rule 270 of total 365) .... done (Time = 0.00s, Memory = -0.2K)
Checking Rule SGDC_reset_filter_path03c (Rule 271 of total 365) .... done (Time = 0.00s, Memory = 0.0K)
Checking Rule SGDC_reset_filter_path04b (Rule 272 of total 365) .... done (Time = 0.00s, Memory = 0.0K)
Checking Rule SGDC_reset_filter_path07a (Rule 273 of total 365) .... done (Time = 0.00s, Memory = 0.0K)
Checking Rule SGDC_reset_filter_path07b (Rule 274 of total 365) .... done (Time = 0.00s, Memory = 0.0K)
Checking Rule SGDC_reset_filter_path07c (Rule 275 of total 365) .... done (Time = 0.00s, Memory = -1.0K)
Checking Rule SGDC_define_reset_order03 (Rule 276 of total 365) .... done (Time = 0.00s, Memory = 0.0K)
Checking Rule SGDC_define_reset_order04 (Rule 277 of total 365) .... done (Time = 0.00s, Memory = -4.0K)
Checking Rule SGDC_define_reset_order05 (Rule 278 of total 365) .... done (Time = 0.00s, Memory = 0.0K)
Checking Rule SGDC_cdc_false_path06 (Rule 279 of total 365) .... done (Time = 0.00s, Memory = -4.1K)
Checking Rule SGDC_cdc_false_path07 (Rule 280 of total 365) .... done (Time = 0.00s, Memory = 0.0K)
Checking Rule SGDC_cdc_false_path08 (Rule 281 of total 365) .... done (Time = 0.00s, Memory = 0.0K)
Checking Rule CDCSet_License01 (Rule 282 of total 365) .... done (Time = 0.00s, Memory = 0.0K)
Checking Rule Propagate_Resets (Rule 283 of total 365) .... done (Time = 0.03s, Memory = -212.8K)
Checking Rule _reset_sync (Rule 284 of total 365) .... done (Time = 0.00s, Memory = 0.0K)
Checking Rule Setup_port01 (Rule 285 of total 365) .... done (Time = 0.00s, Memory = 0.0K)
Checking Rule Setup_blackbox01 (Rule 286 of total 365) .... done (Time = 0.00s, Memory = 0.0K)
Checking Rule Ac_abstract01 (Rule 287 of total 365) .... done (Time = 0.03s, Memory = 281.3K)
Checking Rule _clkWrapModules (Rule 288 of total 365) .... done (Time = 0.00s, Memory = -0.9K)
Checking Rule _clock_hier_rules (Rule 289 of total 365) .... done (Time = 0.00s, Memory = 0.0K)
Checking Rule Ar_sync_init (Rule 290 of total 365) .... done (Time = 0.00s, Memory = 3.4K)
Checking Rule _constrCoverage (Rule 291 of total 365) .... done (Time = 0.01s, Memory = 12.5K)
Checking Rule SGDC_clockreset02 (Rule 292 of total 365) .... done (Time = 0.00s, Memory = 0.0K)
Checking Rule Param_clockreset02 (Rule 293 of total 365) .... done (Time = 0.00s, Memory = 0.0K)
Checking Rule Param_clockreset04 (Rule 294 of total 365) .... done (Time = 0.00s, Memory = 4.5K)
Checking Rule Setup_clockreset01 (Rule 295 of total 365) .... done (Time = 0.00s, Memory = 0.2K)
Checking Rule Clock_check07 (Rule 296 of total 365) .... done (Time = 0.00s, Memory = 0.0K)
Checking Rule Reset_check08 (Rule 297 of total 365) .... done (Time = 0.00s, Memory = 0.0K)
Checking Rule SGDC_noclockcell_start01 (Rule 298 of total 365) .... done (Time = 0.00s, Memory = -0.2K)
Checking Rule Ac_initseq01 (Rule 299 of total 365) .... done (Time = 0.00s, Memory = 0.0K)
Checking Rule Ac_init01 (Rule 300 of total 365) .... done (Time = 0.00s, Memory = 0.0K)
Checking Rule _ac_Auxi01 (Rule 301 of total 365) .... done (Time = 0.00s, Memory = 0.0K)
Checking Rule Ac_sanity02 (Rule 302 of total 365) .... done (Time = 0.00s, Memory = -0.7K)
Checking Rule _glitch_init (Rule 303 of total 365) .... done (Time = 0.00s, Memory = 0.0K)
Checking Rule Ac_initstate01 (Rule 304 of total 365) .... done (Time = 0.00s, Memory = -0.5K)
Checking Rule Ac_conv02setup01 (Rule 305 of total 365) .... done (Time = 0.00s, Memory = 0.0K)
Checking Rule Ac_abs01 (Rule 306 of total 365) .... done (Time = 0.00s, Memory = 0.0K)
Checking Rule Ac_report01 (Rule 307 of total 365) .... done (Time = 0.00s, Memory = 0.0K)
Checking Rule AllowComboLogicSetup (Rule 308 of total 365) .... done (Time = 0.00s, Memory = 0.0K)
Checking Rule Ac_upfsetup02 (Rule 309 of total 365) .... done (Time = 0.00s, Memory = -0.2K)
Checking Rule Ac_upfsetup01 (Rule 310 of total 365) .... done (Time = 0.00s, Memory = 0.0K)
Checking Rule Ac_psync_init (Rule 311 of total 365) .... done (Time = 0.00s, Memory = 0.0K)
Checking Rule Ac_psetup01 (Rule 312 of total 365) .... done (Time = 0.00s, Memory = 0.0K)
Checking Rule Clock_exit01 (Rule 313 of total 365) .... done (Time = 0.00s, Memory = 0.0K)
Checking Rule SGDC_reset_synchronizer02 (Rule 314 of total 365) .... done (Time = 0.00s, Memory = 0.0K)
Checking Rule SGDC_reset_synchronizer04 (Rule 315 of total 365) .... done (Time = 0.00s, Memory = 0.0K)
Checking Rule SGDC_reset_synchronizer06 (Rule 316 of total 365) .... done (Time = 0.00s, Memory = 0.0K)
Checking Rule SGDC_reset_synchronizer08 (Rule 317 of total 365) .... done (Time = 0.00s, Memory = -2.5K)
Checking Rule SGDC_reset_synchronizer10 (Rule 318 of total 365) .... done (Time = 0.00s, Memory = 0.0K)
Checking Rule AnalyzeBBox (Rule 319 of total 365) .... done (Time = 0.00s, Memory = 0.0K)
Checking Rule ReportCheckDataSummary (Rule 320 of total 365) .... done (Time = 0.00s, Memory = 0.0K)

Generating data for Console...

SpyGlass Rule Checking Complete.

Generating moresimple report from './spyglass-1/cdc/cdc_abstract/spyglass.vdb' to './spyglass-1/cdc/cdc_abstract/spyglass_reports/moresimple.rpt' ....

Generating runsummary report from './spyglass-1/cdc/cdc_abstract/spyglass.vdb' ....

Generating no_msg_reporting_rules report from './spyglass-1/cdc/cdc_abstract/spyglass.vdb' to './spyglass-1/cdc/cdc_abstract/spyglass_reports/no_msg_reporting_rules.rpt' ....

Generating CDC-report report from './spyglass-1/cdc/cdc_abstract/spyglass.vdb' to './spyglass-1/cdc/cdc_abstract/spyglass_reports/CDC-report.rpt' ....

Generating CKSGDCInfo report from './spyglass-1/cdc/cdc_abstract/spyglass.vdb' to './spyglass-1/cdc/cdc_abstract/spyglass_reports/CKSGDCInfo.rpt' ....

Policy specific data (reports) are present in the directory './spyglass-1/cdc/cdc_abstract/spyglass_reports'.

SpyGlass critical reports for the current run are present in directory './spyglass-1/consolidated_reports/cdc_cdc_abstract/'.

---------------------------------------------------------------------------------------------
Results Summary:
---------------------------------------------------------------------------------------------
   Goal Run           :      cdc/cdc_abstract
   Command-line read  :      0 error,      0 warning,      0 information message 
   Design Read        :      0 error,      0 warning,      6 information messages
      Found 1 top module:
         SYSTEM_TOP   (file: /home/ICer/IC/Projects/System/rtl/SYSTEM_TOP.v)

   Blackbox Resolution:      0 error,      0 warning,      0 information message 
   SGDC Checks        :      0 error,      0 warning,      1 information message 
   Policy clock-reset :      0 error,      0 warning,      6 information messages
   -------------------------------------------------------------------------------------
   Total              :      0 error,      0 warning,     13 information messages

  Total Number of Generated Messages     :        13 (0 error, 0 warning, 13 Infos)
  Number of Reported Messages            :        13 (0 error, 0 warning, 13 Infos)

---------------------------------------------------------------------------------------------


run_goal: info: updating spyglass.log with goal summary
run_goal: info: spyglass.log successfully updated with goal summary
0 {Rule-checking completed without errors or warnings}