
                           Design Compiler Graphical 
                                 DC Ultra (TM)
                                  DFTMAX (TM)
                              Power Compiler (TM)
                                 DesignWare (R)
                                 DC Expert (TM)
                               Design Vision (TM)
                               HDL Compiler (TM)
                               VHDL Compiler (TM)
                                  DFT Compiler
                               Design Compiler(R)

               Version O-2018.06-SP1 for linux64 - Jul 19, 2018 

                    Copyright (c) 1988 - 2018 Synopsys, Inc.
   This software and the associated documentation are proprietary to Synopsys,
 Inc. This software may only be used in accordance with the terms and conditions
 of a written license agreement with Synopsys, Inc. All other use, reproduction,
            or distribution of this software is strictly prohibited.
Initializing...
Initializing gui preferences from file  /home/ICer/.synopsys_dv_prefs.tcl
########################### Define Top Module ############################
set top_module SYSTEM_TOP
SYSTEM_TOP
##################### Define Working Library Directory ######################
define_design_lib work -path ./work
1
############################# Formality Setup File ##########################
set_svf $top_module.svf
1
################## Design Compiler Library Files #setup ######################
puts "###########################################"
###########################################
puts "#      #setting Design Libraries          #"
#      #setting Design Libraries          #
puts "###########################################"
###########################################
#Add the path of the libraries to the search_path variable
lappend search_path /home/ICer/IC/Projects/System/std_cells
. /home/synopsys/syn/O-2018.06-SP1/libraries/syn /home/synopsys/syn/O-2018.06-SP1/minpower/syn /home/synopsys/syn/O-2018.06-SP1/dw/syn_ver /home/synopsys/syn/O-2018.06-SP1/dw/sim_ver /home/ICer/IC/Projects/System/std_cells
set SSLIB "scmetro_tsmc_cl013g_rvt_ss_1p08v_125c.db"
scmetro_tsmc_cl013g_rvt_ss_1p08v_125c.db
set TTLIB "scmetro_tsmc_cl013g_rvt_tt_1p2v_25c.db"
scmetro_tsmc_cl013g_rvt_tt_1p2v_25c.db
set FFLIB "scmetro_tsmc_cl013g_rvt_ff_1p32v_m40c.db"
scmetro_tsmc_cl013g_rvt_ff_1p32v_m40c.db
## Standard Cell libraries 
set target_library [list $SSLIB $TTLIB $FFLIB]
scmetro_tsmc_cl013g_rvt_ss_1p08v_125c.db scmetro_tsmc_cl013g_rvt_tt_1p2v_25c.db scmetro_tsmc_cl013g_rvt_ff_1p32v_m40c.db
## Standard Cell & Hard Macros libraries 
set link_library [list * $SSLIB $TTLIB $FFLIB]  
* scmetro_tsmc_cl013g_rvt_ss_1p08v_125c.db scmetro_tsmc_cl013g_rvt_tt_1p2v_25c.db scmetro_tsmc_cl013g_rvt_ff_1p32v_m40c.db
######################## Reading RTL Files #################################
puts "###########################################"
###########################################
puts "#             Reading RTL Files           #"
#             Reading RTL Files           #
puts "###########################################"
###########################################
set file_format sverilog
sverilog
set fh [open system.lst r+]
file11
set rtl [read $fh]
/home/ICer/IC/Projects/System/DFT/rtl/ALU.v
/home/ICer/IC/Projects/System/DFT/rtl/ASYNC_FIFO.v
/home/ICer/IC/Projects/System/DFT/rtl/Clk_Div.v
/home/ICer/IC/Projects/System/DFT/rtl/CLK_GATE.v
/home/ICer/IC/Projects/System/DFT/rtl/data_sampling.v
/home/ICer/IC/Projects/System/DFT/rtl/DATA_SYNC.v
/home/ICer/IC/Projects/System/DFT/rtl/deserializer.v
/home/ICer/IC/Projects/System/DFT/rtl/DF_SYNC.v
/home/ICer/IC/Projects/System/DFT/rtl/edge_bit_counter.v
/home/ICer/IC/Projects/System/DFT/rtl/FIFO_MEM_CNTRL.v
/home/ICer/IC/Projects/System/DFT/rtl/FIFO_RD.v
/home/ICer/IC/Projects/System/DFT/rtl/FIFO_WR.v
/home/ICer/IC/Projects/System/DFT/rtl/FSM_RX.v
/home/ICer/IC/Projects/System/DFT/rtl/FSM_TX.sv
/home/ICer/IC/Projects/System/DFT/rtl/MUX.v
/home/ICer/IC/Projects/System/DFT/rtl/Parity_Calc.v
/home/ICer/IC/Projects/System/DFT/rtl/parity_checker.v
/home/ICer/IC/Projects/System/DFT/rtl/prescale_mux.v
/home/ICer/IC/Projects/System/DFT/rtl/Pulse_Gen.v
/home/ICer/IC/Projects/System/DFT/rtl/regfile.v
/home/ICer/IC/Projects/System/DFT/rtl/RST_SYNC.v
/home/ICer/IC/Projects/System/DFT/rtl/Serializer.v
/home/ICer/IC/Projects/System/DFT/rtl/stop_checker.v
/home/ICer/IC/Projects/System/DFT/rtl/strt_checker.v
/home/ICer/IC/Projects/System/DFT/rtl/SYS_CTRL.v
/home/ICer/IC/Projects/System/DFT/rtl/SYSTEM_TOP.v
/home/ICer/IC/Projects/System/DFT/rtl/UART.v
/home/ICer/IC/Projects/System/DFT/rtl/UART_RX.v
/home/ICer/IC/Projects/System/DFT/rtl/UART_TX.v

set designs ""
regsub -all "\n" $rtl " " designs
29
read_file -format $file_format $designs
Loading db file '/home/ICer/IC/Projects/System/std_cells/scmetro_tsmc_cl013g_rvt_ss_1p08v_125c.db'
Loading db file '/home/ICer/IC/Projects/System/std_cells/scmetro_tsmc_cl013g_rvt_tt_1p2v_25c.db'
Loading db file '/home/ICer/IC/Projects/System/std_cells/scmetro_tsmc_cl013g_rvt_ff_1p32v_m40c.db'
Loading db file '/home/synopsys/syn/O-2018.06-SP1/libraries/syn/gtech.db'
Loading db file '/home/synopsys/syn/O-2018.06-SP1/libraries/syn/standard.sldb'
  Loading link library 'scmetro_tsmc_cl013g_rvt_ss_1p08v_125c'
  Loading link library 'scmetro_tsmc_cl013g_rvt_tt_1p2v_25c'
  Loading link library 'scmetro_tsmc_cl013g_rvt_ff_1p32v_m40c'
  Loading link library 'gtech'
Loading sverilog files: '/home/ICer/IC/Projects/System/DFT/rtl/ALU.v' '/home/ICer/IC/Projects/System/DFT/rtl/ASYNC_FIFO.v' '/home/ICer/IC/Projects/System/DFT/rtl/Clk_Div.v' '/home/ICer/IC/Projects/System/DFT/rtl/CLK_GATE.v' '/home/ICer/IC/Projects/System/DFT/rtl/data_sampling.v' '/home/ICer/IC/Projects/System/DFT/rtl/DATA_SYNC.v' '/home/ICer/IC/Projects/System/DFT/rtl/deserializer.v' '/home/ICer/IC/Projects/System/DFT/rtl/DF_SYNC.v' '/home/ICer/IC/Projects/System/DFT/rtl/edge_bit_counter.v' '/home/ICer/IC/Projects/System/DFT/rtl/FIFO_MEM_CNTRL.v' '/home/ICer/IC/Projects/System/DFT/rtl/FIFO_RD.v' '/home/ICer/IC/Projects/System/DFT/rtl/FIFO_WR.v' '/home/ICer/IC/Projects/System/DFT/rtl/FSM_RX.v' '/home/ICer/IC/Projects/System/DFT/rtl/FSM_TX.sv' '/home/ICer/IC/Projects/System/DFT/rtl/MUX.v' '/home/ICer/IC/Projects/System/DFT/rtl/Parity_Calc.v' '/home/ICer/IC/Projects/System/DFT/rtl/parity_checker.v' '/home/ICer/IC/Projects/System/DFT/rtl/prescale_mux.v' '/home/ICer/IC/Projects/System/DFT/rtl/Pulse_Gen.v' '/home/ICer/IC/Projects/System/DFT/rtl/regfile.v' '/home/ICer/IC/Projects/System/DFT/rtl/RST_SYNC.v' '/home/ICer/IC/Projects/System/DFT/rtl/Serializer.v' '/home/ICer/IC/Projects/System/DFT/rtl/stop_checker.v' '/home/ICer/IC/Projects/System/DFT/rtl/strt_checker.v' '/home/ICer/IC/Projects/System/DFT/rtl/SYS_CTRL.v' '/home/ICer/IC/Projects/System/DFT/rtl/SYSTEM_TOP.v' '/home/ICer/IC/Projects/System/DFT/rtl/UART.v' '/home/ICer/IC/Projects/System/DFT/rtl/UART_RX.v' '/home/ICer/IC/Projects/System/DFT/rtl/UART_TX.v' 
Detecting input file type automatically (-rtl or -netlist).
Reading with Presto HDL Compiler (equivalent to -rtl option).
Running PRESTO HDLC
Compiling source file /home/ICer/IC/Projects/System/DFT/rtl/ALU.v
Compiling source file /home/ICer/IC/Projects/System/DFT/rtl/ASYNC_FIFO.v
Compiling source file /home/ICer/IC/Projects/System/DFT/rtl/Clk_Div.v
Compiling source file /home/ICer/IC/Projects/System/DFT/rtl/CLK_GATE.v
Compiling source file /home/ICer/IC/Projects/System/DFT/rtl/data_sampling.v
Compiling source file /home/ICer/IC/Projects/System/DFT/rtl/DATA_SYNC.v
Compiling source file /home/ICer/IC/Projects/System/DFT/rtl/deserializer.v
Compiling source file /home/ICer/IC/Projects/System/DFT/rtl/DF_SYNC.v
Compiling source file /home/ICer/IC/Projects/System/DFT/rtl/edge_bit_counter.v
Compiling source file /home/ICer/IC/Projects/System/DFT/rtl/FIFO_MEM_CNTRL.v
Compiling source file /home/ICer/IC/Projects/System/DFT/rtl/FIFO_RD.v
Compiling source file /home/ICer/IC/Projects/System/DFT/rtl/FIFO_WR.v
Compiling source file /home/ICer/IC/Projects/System/DFT/rtl/FSM_RX.v
Compiling source file /home/ICer/IC/Projects/System/DFT/rtl/FSM_TX.sv
Compiling source file /home/ICer/IC/Projects/System/DFT/rtl/MUX.v
Compiling source file /home/ICer/IC/Projects/System/DFT/rtl/Parity_Calc.v
Compiling source file /home/ICer/IC/Projects/System/DFT/rtl/parity_checker.v
Compiling source file /home/ICer/IC/Projects/System/DFT/rtl/prescale_mux.v
Compiling source file /home/ICer/IC/Projects/System/DFT/rtl/Pulse_Gen.v
Compiling source file /home/ICer/IC/Projects/System/DFT/rtl/regfile.v
Compiling source file /home/ICer/IC/Projects/System/DFT/rtl/RST_SYNC.v
Compiling source file /home/ICer/IC/Projects/System/DFT/rtl/Serializer.v
Compiling source file /home/ICer/IC/Projects/System/DFT/rtl/stop_checker.v
Compiling source file /home/ICer/IC/Projects/System/DFT/rtl/strt_checker.v
Compiling source file /home/ICer/IC/Projects/System/DFT/rtl/SYS_CTRL.v
Compiling source file /home/ICer/IC/Projects/System/DFT/rtl/SYSTEM_TOP.v
Compiling source file /home/ICer/IC/Projects/System/DFT/rtl/UART.v
Compiling source file /home/ICer/IC/Projects/System/DFT/rtl/UART_RX.v
Compiling source file /home/ICer/IC/Projects/System/DFT/rtl/UART_TX.v

Statistics for case statements in always block at line 23 in file
	'/home/ICer/IC/Projects/System/DFT/rtl/ALU.v'
===============================================
|           Line           |  full/ parallel  |
===============================================
|            30            |    auto/auto     |
===============================================

Inferred memory devices in process
	in routine ALU line 12 in file
		'/home/ICer/IC/Projects/System/DFT/rtl/ALU.v'.
===============================================================================
|    Register Name    |   Type    | Width | Bus | MB | AR | AS | SR | SS | ST |
===============================================================================
|    out_valid_reg    | Flip-flop |   1   |  N  | N  | Y  | N  | N  | N  | N  |
|     ALU_OUT_reg     | Flip-flop |  16   |  Y  | N  | Y  | N  | N  | N  | N  |
===============================================================================

Inferred memory devices in process
	in routine CLK_DIV line 11 in file
		'/home/ICer/IC/Projects/System/DFT/rtl/Clk_Div.v'.
===============================================================================
|    Register Name    |   Type    | Width | Bus | MB | AR | AS | SR | SS | ST |
===============================================================================
|   clk_div_en_reg    | Flip-flop |   1   |  N  | N  | Y  | N  | N  | N  | N  |
|   edge_count_reg    | Flip-flop |   8   |  Y  | N  | Y  | N  | N  | N  | N  |
| prev_div_ratio_reg  | Flip-flop |   8   |  Y  | N  | Y  | N  | N  | N  | N  |
|   divided_clk_reg   | Flip-flop |   1   |  N  | N  | N  | Y  | N  | N  | N  |
===============================================================================

Statistics for case statements in always block at line 14 in file
	'/home/ICer/IC/Projects/System/DFT/rtl/data_sampling.v'
===============================================
|           Line           |  full/ parallel  |
===============================================
|            21            |      no/no       |
===============================================

Inferred memory devices in process
	in routine data_sampling line 14 in file
		'/home/ICer/IC/Projects/System/DFT/rtl/data_sampling.v'.
===============================================================================
|    Register Name    |   Type    | Width | Bus | MB | AR | AS | SR | SS | ST |
===============================================================================
|  third_sample_reg   | Flip-flop |   1   |  N  | N  | Y  | N  | N  | N  | N  |
|  first_sample_reg   | Flip-flop |   1   |  N  | N  | Y  | N  | N  | N  | N  |
|  second_sample_reg  | Flip-flop |   1   |  N  | N  | Y  | N  | N  | N  | N  |
===============================================================================

Inferred memory devices in process
	in routine DATA_SYNC line 13 in file
		'/home/ICer/IC/Projects/System/DFT/rtl/DATA_SYNC.v'.
===============================================================================
|    Register Name    |   Type    | Width | Bus | MB | AR | AS | SR | SS | ST |
===============================================================================
|   multi_flops_reg   | Flip-flop |   2   |  Y  | N  | Y  | N  | N  | N  | N  |
===============================================================================

Inferred memory devices in process
	in routine DATA_SYNC line 22 in file
		'/home/ICer/IC/Projects/System/DFT/rtl/DATA_SYNC.v'.
===============================================================================
|    Register Name    |   Type    | Width | Bus | MB | AR | AS | SR | SS | ST |
===============================================================================
|   enable_flop_reg   | Flip-flop |   1   |  N  | N  | Y  | N  | N  | N  | N  |
===============================================================================

Inferred memory devices in process
	in routine DATA_SYNC line 34 in file
		'/home/ICer/IC/Projects/System/DFT/rtl/DATA_SYNC.v'.
===============================================================================
|    Register Name    |   Type    | Width | Bus | MB | AR | AS | SR | SS | ST |
===============================================================================
|  enable_pulse_reg   | Flip-flop |   1   |  N  | N  | Y  | N  | N  | N  | N  |
|    sync_bus_reg     | Flip-flop |   8   |  Y  | N  | Y  | N  | N  | N  | N  |
===============================================================================

Inferred memory devices in process
	in routine deserializer line 12 in file
		'/home/ICer/IC/Projects/System/DFT/rtl/deserializer.v'.
===============================================================================
|    Register Name    |   Type    | Width | Bus | MB | AR | AS | SR | SS | ST |
===============================================================================
|      data_reg       | Flip-flop |   7   |  Y  | N  | Y  | N  | N  | N  | N  |
|     P_DATA_reg      | Flip-flop |   8   |  Y  | N  | Y  | N  | N  | N  | N  |
|     counter_reg     | Flip-flop |   4   |  Y  | N  | Y  | N  | N  | N  | N  |
===============================================================================

Inferred memory devices in process
	in routine DF_SYNC line 9 in file
		'/home/ICer/IC/Projects/System/DFT/rtl/DF_SYNC.v'.
===============================================================================
|    Register Name    |   Type    | Width | Bus | MB | AR | AS | SR | SS | ST |
===============================================================================
|    sync_out_reg     | Flip-flop |   4   |  Y  | N  | Y  | N  | N  | N  | N  |
|    sync_reg_reg     | Flip-flop |   4   |  Y  | N  | Y  | N  | N  | N  | N  |
===============================================================================

Inferred memory devices in process
	in routine edge_bit_counter line 9 in file
		'/home/ICer/IC/Projects/System/DFT/rtl/edge_bit_counter.v'.
===============================================================================
|    Register Name    |   Type    | Width | Bus | MB | AR | AS | SR | SS | ST |
===============================================================================
|  edges_counter_reg  | Flip-flop |   6   |  Y  | N  | Y  | N  | N  | N  | N  |
===============================================================================

Inferred memory devices in process
	in routine FIFO_MEM_CNTRL line 13 in file
		'/home/ICer/IC/Projects/System/DFT/rtl/FIFO_MEM_CNTRL.v'.
===============================================================================
|    Register Name    |   Type    | Width | Bus | MB | AR | AS | SR | SS | ST |
===============================================================================
|    fifo_mem_reg     | Flip-flop |  64   |  Y  | N  | Y  | N  | N  | N  | N  |
===============================================================================
Statistics for MUX_OPs
=======================================================
| block name/line   | Inputs | Outputs | # sel inputs |
=======================================================
| FIFO_MEM_CNTRL/11 |   8    |    8    |      3       |
=======================================================

Inferred memory devices in process
	in routine FIFO_RD line 21 in file
		'/home/ICer/IC/Projects/System/DFT/rtl/FIFO_RD.v'.
===============================================================================
|    Register Name    |   Type    | Width | Bus | MB | AR | AS | SR | SS | ST |
===============================================================================
|   rempty_reg_reg    | Flip-flop |   1   |  N  | N  | N  | Y  | N  | N  | N  |
|    rcounter_reg     | Flip-flop |   4   |  Y  | N  | Y  | N  | N  | N  | N  |
|  rptr_gray_reg_reg  | Flip-flop |   4   |  Y  | N  | Y  | N  | N  | N  | N  |
===============================================================================

Inferred memory devices in process
	in routine FIFO_WR line 25 in file
		'/home/ICer/IC/Projects/System/DFT/rtl/FIFO_WR.v'.
===============================================================================
|    Register Name    |   Type    | Width | Bus | MB | AR | AS | SR | SS | ST |
===============================================================================
|    wfull_reg_reg    | Flip-flop |   1   |  N  | N  | Y  | N  | N  | N  | N  |
|    wcounter_reg     | Flip-flop |   4   |  Y  | N  | Y  | N  | N  | N  | N  |
|  wptr_gray_reg_reg  | Flip-flop |   4   |  Y  | N  | Y  | N  | N  | N  | N  |
===============================================================================

Statistics for case statements in always block at line 74 in file
	'/home/ICer/IC/Projects/System/DFT/rtl/FSM_RX.v'
===============================================
|           Line           |  full/ parallel  |
===============================================
|            85            |    auto/auto     |
===============================================

Inferred memory devices in process
	in routine FSM_RX line 29 in file
		'/home/ICer/IC/Projects/System/DFT/rtl/FSM_RX.v'.
===============================================================================
|    Register Name    |   Type    | Width | Bus | MB | AR | AS | SR | SS | ST |
===============================================================================
|  current_state_reg  | Flip-flop |   3   |  Y  | N  | Y  | N  | N  | N  | N  |
===============================================================================

Inferred memory devices in process
	in routine FSM_RX line 37 in file
		'/home/ICer/IC/Projects/System/DFT/rtl/FSM_RX.v'.
===============================================================================
|    Register Name    |   Type    | Width | Bus | MB | AR | AS | SR | SS | ST |
===============================================================================
|  data_counter_reg   | Flip-flop |   3   |  Y  | N  | Y  | N  | N  | N  | N  |
===============================================================================

Inferred memory devices in process
	in routine FSM_RX line 58 in file
		'/home/ICer/IC/Projects/System/DFT/rtl/FSM_RX.v'.
===============================================================================
|    Register Name    |   Type    | Width | Bus | MB | AR | AS | SR | SS | ST |
===============================================================================
|   data_valid_reg    | Flip-flop |   1   |  N  | N  | Y  | N  | N  | N  | N  |
===============================================================================

Statistics for case statements in always block at line 25 in file
	'/home/ICer/IC/Projects/System/DFT/rtl/FSM_TX.sv'
===============================================
|           Line           |  full/ parallel  |
===============================================
|            32            |    auto/auto     |
===============================================

Statistics for case statements in always block at line 87 in file
	'/home/ICer/IC/Projects/System/DFT/rtl/FSM_TX.sv'
===============================================
|           Line           |  full/ parallel  |
===============================================
|            88            |    auto/auto     |
===============================================

Inferred memory devices in process
	in routine FSM_TX line 14 in file
		'/home/ICer/IC/Projects/System/DFT/rtl/FSM_TX.sv'.
===============================================================================
|    Register Name    |   Type    | Width | Bus | MB | AR | AS | SR | SS | ST |
===============================================================================
|  current_state_reg  | Flip-flop |   3   |  Y  | N  | Y  | N  | N  | N  | N  |
===============================================================================

Statistics for case statements in always block at line 9 in file
	'/home/ICer/IC/Projects/System/DFT/rtl/MUX.v'
===============================================
|           Line           |  full/ parallel  |
===============================================
|            12            |    auto/auto     |
===============================================

Statistics for case statements in always block at line 7 in file
	'/home/ICer/IC/Projects/System/DFT/rtl/Parity_Calc.v'
===============================================
|           Line           |  full/ parallel  |
===============================================
|            16            |    auto/auto     |
===============================================

Inferred memory devices in process
	in routine Parity_Calc line 7 in file
		'/home/ICer/IC/Projects/System/DFT/rtl/Parity_Calc.v'.
===============================================================================
|    Register Name    |   Type    | Width | Bus | MB | AR | AS | SR | SS | ST |
===============================================================================
|     par_bit_reg     | Flip-flop |   1   |  N  | N  | Y  | N  | N  | N  | N  |
===============================================================================

Inferred memory devices in process
	in routine parity_checker line 9 in file
		'/home/ICer/IC/Projects/System/DFT/rtl/parity_checker.v'.
===============================================================================
|    Register Name    |   Type    | Width | Bus | MB | AR | AS | SR | SS | ST |
===============================================================================
|     par_err_reg     | Flip-flop |   1   |  N  | N  | Y  | N  | N  | N  | N  |
===============================================================================

Statistics for case statements in always block at line 6 in file
	'/home/ICer/IC/Projects/System/DFT/rtl/prescale_mux.v'
===============================================
|           Line           |  full/ parallel  |
===============================================
|            7             |    auto/auto     |
===============================================

Inferred memory devices in process
	in routine Pulse_Gen line 10 in file
		'/home/ICer/IC/Projects/System/DFT/rtl/Pulse_Gen.v'.
===============================================================================
|    Register Name    |   Type    | Width | Bus | MB | AR | AS | SR | SS | ST |
===============================================================================
|      sync_reg       | Flip-flop |   1   |  N  | N  | Y  | N  | N  | N  | N  |
|    sync_reg_reg     | Flip-flop |   2   |  Y  | N  | Y  | N  | N  | N  | N  |
|     sync_d_reg      | Flip-flop |   1   |  N  | N  | Y  | N  | N  | N  | N  |
===============================================================================

Inferred memory devices in process
	in routine regfile line 13 in file
		'/home/ICer/IC/Projects/System/DFT/rtl/regfile.v'.
===============================================================================
|    Register Name    |   Type    | Width | Bus | MB | AR | AS | SR | SS | ST |
===============================================================================
|    Registers_reg    | Flip-flop |  125  |  Y  | N  | Y  | N  | N  | N  | N  |
|    Registers_reg    | Flip-flop |   3   |  Y  | N  | N  | Y  | N  | N  | N  |
|  Rd_Data_Valid_reg  | Flip-flop |   1   |  N  | N  | Y  | N  | N  | N  | N  |
|     RdData_reg      | Flip-flop |   8   |  Y  | N  | Y  | N  | N  | N  | N  |
===============================================================================
Statistics for MUX_OPs
======================================================
| block name/line  | Inputs | Outputs | # sel inputs |
======================================================
|    regfile/33    |   16   |    8    |      4       |
======================================================

Inferred memory devices in process
	in routine RST_SYNC line 8 in file
		'/home/ICer/IC/Projects/System/DFT/rtl/RST_SYNC.v'.
===============================================================================
|    Register Name    |   Type    | Width | Bus | MB | AR | AS | SR | SS | ST |
===============================================================================
|      flops_reg      | Flip-flop |   3   |  Y  | N  | Y  | N  | N  | N  | N  |
===============================================================================

Inferred memory devices in process
	in routine Serializer line 11 in file
		'/home/ICer/IC/Projects/System/DFT/rtl/Serializer.v'.
===============================================================================
|    Register Name    |   Type    | Width | Bus | MB | AR | AS | SR | SS | ST |
===============================================================================
|    ser_done_reg     | Flip-flop |   1   |  N  | N  | Y  | N  | N  | N  | N  |
|     Data_In_reg     | Flip-flop |   8   |  Y  | N  | Y  | N  | N  | N  | N  |
|      count_reg      | Flip-flop |   3   |  Y  | N  | Y  | N  | N  | N  | N  |
|    ser_data_reg     | Flip-flop |   1   |  N  | N  | Y  | N  | N  | N  | N  |
===============================================================================
Statistics for MUX_OPs
======================================================
| block name/line  | Inputs | Outputs | # sel inputs |
======================================================
|  Serializer/32   |   8    |    1    |      3       |
======================================================

Inferred memory devices in process
	in routine stop_checker line 8 in file
		'/home/ICer/IC/Projects/System/DFT/rtl/stop_checker.v'.
===============================================================================
|    Register Name    |   Type    | Width | Bus | MB | AR | AS | SR | SS | ST |
===============================================================================
|     stp_err_reg     | Flip-flop |   1   |  N  | N  | Y  | N  | N  | N  | N  |
===============================================================================

Inferred memory devices in process
	in routine strt_checker line 6 in file
		'/home/ICer/IC/Projects/System/DFT/rtl/strt_checker.v'.
===============================================================================
|    Register Name    |   Type    | Width | Bus | MB | AR | AS | SR | SS | ST |
===============================================================================
|   strt_glitch_reg   | Flip-flop |   1   |  N  | N  | Y  | N  | N  | N  | N  |
===============================================================================

Statistics for case statements in always block at line 48 in file
	'/home/ICer/IC/Projects/System/DFT/rtl/SYS_CTRL.v'
===============================================
|           Line           |  full/ parallel  |
===============================================
|            62            |    auto/auto     |
|            66            |    auto/auto     |
===============================================

Inferred memory devices in process
	in routine SYS_CTRL line 26 in file
		'/home/ICer/IC/Projects/System/DFT/rtl/SYS_CTRL.v'.
===============================================================================
|    Register Name    |   Type    | Width | Bus | MB | AR | AS | SR | SS | ST |
===============================================================================
|    addr_reg_reg     | Flip-flop |   4   |  Y  | N  | Y  | N  | N  | N  | N  |
|  current_state_reg  | Flip-flop |   4   |  Y  | N  | Y  | N  | N  | N  | N  |
|     command_reg     | Flip-flop |   8   |  Y  | N  | Y  | N  | N  | N  | N  |
===============================================================================
Presto compilation completed successfully.
Current design is now '/home/ICer/IC/Projects/System/DFT/rtl/ALU.db:ALU'
Loaded 29 designs.
Current design is 'ALU'.
ALU ASYNC_FIFO CLK_DIV CLK_GATE data_sampling DATA_SYNC deserializer DF_SYNC edge_bit_counter FIFO_MEM_CNTRL FIFO_RD FIFO_WR FSM_RX FSM_TX MUX Parity_Calc parity_checker prescale_mux Pulse_Gen regfile RST_SYNC Serializer stop_checker strt_checker SYS_CTRL SYSTEM_TOP UART UART_RX UART_TX
###################### Defining toplevel ###################################
current_design $top_module
Current design is 'SYSTEM_TOP'.
{SYSTEM_TOP}
#################### Liniking All The Design Parts #########################
puts "###############################################"
###############################################
puts "######## Liniking All The Design Parts ########"
######## Liniking All The Design Parts ########
puts "###############################################"
###############################################
link 

  Linking design 'SYSTEM_TOP'
  Using the following designs and libraries:
  --------------------------------------------------------------------------
  * (29 designs)              /home/ICer/IC/Projects/System/DFT/rtl/SYSTEM_TOP.db, etc
  scmetro_tsmc_cl013g_rvt_ss_1p08v_125c (library) /home/ICer/IC/Projects/System/std_cells/scmetro_tsmc_cl013g_rvt_ss_1p08v_125c.db
  scmetro_tsmc_cl013g_rvt_tt_1p2v_25c (library) /home/ICer/IC/Projects/System/std_cells/scmetro_tsmc_cl013g_rvt_tt_1p2v_25c.db
  scmetro_tsmc_cl013g_rvt_ff_1p32v_m40c (library) /home/ICer/IC/Projects/System/std_cells/scmetro_tsmc_cl013g_rvt_ff_1p32v_m40c.db

1
#################### Liniking All The Design Parts #########################
puts "###############################################"
###############################################
puts "######## checking design consistency ##########"
######## checking design consistency ##########
puts "###############################################"
###############################################
check_design
 
****************************************
check_design summary:
Version:     O-2018.06-SP1
Date:        Thu Oct  1 07:37:46 2026
****************************************

                   Name                                            Total
--------------------------------------------------------------------------------
Inputs/Outputs                                                     11
    Unconnected ports (LINT-28)                                    10
    Constant outputs (LINT-52)                                      1

Cells                                                              32
    Cells do not drive (LINT-1)                                    26
    Connected to power or ground (LINT-32)                          5
    Nets connected to multiple pins on same cell (LINT-33)          1

Nets                                                                2
    Unloaded nets (LINT-2)                                          1
    Net has multiple drivers (LINT-4)                               1
--------------------------------------------------------------------------------

Warning: In design 'CLK_DIV', cell 'C237' does not drive any nets. (LINT-1)
Warning: In design 'CLK_DIV', cell 'C241' does not drive any nets. (LINT-1)
Warning: In design 'CLK_DIV', cell 'C242' does not drive any nets. (LINT-1)
Warning: In design 'CLK_DIV', cell 'C253' does not drive any nets. (LINT-1)
Warning: In design 'CLK_DIV', cell 'C257' does not drive any nets. (LINT-1)
Warning: In design 'ALU', cell 'C344' does not drive any nets. (LINT-1)
Warning: In design 'ALU', cell 'C345' does not drive any nets. (LINT-1)
Warning: In design 'ALU', cell 'C346' does not drive any nets. (LINT-1)
Warning: In design 'ALU', cell 'C350' does not drive any nets. (LINT-1)
Warning: In design 'ALU', cell 'C423' does not drive any nets. (LINT-1)
Warning: In design 'ALU', cell 'C425' does not drive any nets. (LINT-1)
Warning: In design 'ALU', cell 'C427' does not drive any nets. (LINT-1)
Warning: In design 'FIFO_RD', cell 'B_1' does not drive any nets. (LINT-1)
Warning: In design 'FIFO_WR', cell 'B_1' does not drive any nets. (LINT-1)
Warning: In design 'FIFO_WR', cell 'B_2' does not drive any nets. (LINT-1)
Warning: In design 'Serializer', cell 'C124' does not drive any nets. (LINT-1)
Warning: In design 'parity_checker', cell 'B_3' does not drive any nets. (LINT-1)
Warning: In design 'stop_checker', cell 'B_1' does not drive any nets. (LINT-1)
Warning: In design 'data_sampling', cell 'C70' does not drive any nets. (LINT-1)
Warning: In design 'deserializer', cell 'C186' does not drive any nets. (LINT-1)
Warning: In design 'edge_bit_counter', cell 'C60' does not drive any nets. (LINT-1)
Warning: In design 'FSM_RX', cell 'C225' does not drive any nets. (LINT-1)
Warning: In design 'FSM_RX', cell 'B_14' does not drive any nets. (LINT-1)
Warning: In design 'FSM_RX', cell 'B_15' does not drive any nets. (LINT-1)
Warning: In design 'FSM_RX', cell 'B_16' does not drive any nets. (LINT-1)
Warning: In design 'FSM_RX', cell 'B_17' does not drive any nets. (LINT-1)
Warning: In design 'SYSTEM_TOP', net '_1_net_' driven by pin 'U0_CLK_GATE/gated_clk' has no loads. (LINT-2)
Information: In design 'SYSTEM_TOP', net '_1_net_' has multiple drivers.  Wired AND assumed. (LINT-4)
Warning: In design 'SYSTEM_TOP', port 'SE' is not connected to any nets. (LINT-28)
Warning: In design 'SYSTEM_TOP', port 'SI[3]' is not connected to any nets. (LINT-28)
Warning: In design 'SYSTEM_TOP', port 'SI[2]' is not connected to any nets. (LINT-28)
Warning: In design 'SYSTEM_TOP', port 'SI[1]' is not connected to any nets. (LINT-28)
Warning: In design 'SYSTEM_TOP', port 'SI[0]' is not connected to any nets. (LINT-28)
Warning: In design 'SYSTEM_TOP', port 'SO[3]' is not connected to any nets. (LINT-28)
Warning: In design 'SYSTEM_TOP', port 'SO[2]' is not connected to any nets. (LINT-28)
Warning: In design 'SYSTEM_TOP', port 'SO[1]' is not connected to any nets. (LINT-28)
Warning: In design 'SYSTEM_TOP', port 'SO[0]' is not connected to any nets. (LINT-28)
Warning: In design 'data_sampling', port 'prescale[0]' is not connected to any nets. (LINT-28)
Warning: In design 'SYSTEM_TOP', a pin on submodule 'U1_RX_CLK_DIV' is connected to logic 1 or logic 0. (LINT-32)
   Pin 'i_div_ratio[7]' is connected to logic 0. 
Warning: In design 'SYSTEM_TOP', a pin on submodule 'U1_RX_CLK_DIV' is connected to logic 1 or logic 0. (LINT-32)
   Pin 'i_div_ratio[6]' is connected to logic 0. 
Warning: In design 'SYSTEM_TOP', a pin on submodule 'U1_RX_CLK_DIV' is connected to logic 1 or logic 0. (LINT-32)
   Pin 'i_div_ratio[5]' is connected to logic 0. 
Warning: In design 'SYSTEM_TOP', a pin on submodule 'U1_RX_CLK_DIV' is connected to logic 1 or logic 0. (LINT-32)
   Pin 'i_div_ratio[4]' is connected to logic 0. 
Warning: In design 'SYSTEM_TOP', a pin on submodule 'U1_RX_CLK_DIV' is connected to logic 1 or logic 0. (LINT-32)
   Pin 'i_div_ratio[3]' is connected to logic 0. 
Warning: In design 'SYSTEM_TOP', the same net is connected to more than one pin on submodule 'U1_RX_CLK_DIV'. (LINT-33)
   Net '*Logic0*' is connected to pins 'i_div_ratio[7]', 'i_div_ratio[6]'', 'i_div_ratio[5]', 'i_div_ratio[4]', 'i_div_ratio[3]'.
Warning: In design 'SYS_CTRL', output port 'clk_div_en' is connected directly to 'logic 1'. (LINT-52)
1
#################### Define Design Constraints #########################
puts "###############################################"
###############################################
puts "############ Design Constraints #### ##########"
############ Design Constraints #### ##########
puts "###############################################"
###############################################
source ./cons.tcl
Warning: Design rule attributes from the driving cell will be
	set on the port. (UID-401)
Warning: Design rule attributes from the driving cell will be
	set on the port. (UID-401)
Warning: Design rule attributes from the driving cell will be
	set on the port. (UID-401)
Warning: Design rule attributes from the driving cell will be
	set on the port. (UID-401)
Warning: Design rule attributes from the driving cell will be
	set on the port. (UID-401)
Warning: Design rule attributes from the driving cell will be
	set on the port. (UID-401)
Warning: Design rule attributes from the driving cell will be
	set on the port. (UID-401)
Using operating conditions 'scmetro_tsmc_cl013g_rvt_ss_1p08v_125c' found in library 'scmetro_tsmc_cl013g_rvt_ss_1p08v_125c'.
Using operating conditions 'scmetro_tsmc_cl013g_rvt_ff_1p32v_m40c' found in library 'scmetro_tsmc_cl013g_rvt_ff_1p32v_m40c'.
1
#################### Archirecture Scan Chains #########################
puts "###############################################"
###############################################
puts "############ Configure scan chains ############"
############ Configure scan chains ############
puts "###############################################"
###############################################
set_scan_configuration -clock_mixing no_mix  -style multiplexed_flip_flop -replace true -max_length 100 
Accepted scan configuration for modes: all_dft
1
###################### Mapping and optimization ########################
puts "###############################################"
###############################################
puts "########## Mapping & Optimization #############"
########## Mapping & Optimization #############
puts "###############################################"
###############################################
#test_ready compile
compile -scan
Information: Choosing a test methodology will restrict the optimization of sequential cells. (UIO-12)
Information: Evaluating DesignWare library utilization. (UISN-27)

============================================================================
| DesignWare Building Block Library  |         Version         | Available |
============================================================================
| Basic DW Building Blocks           | O-2018.06-DWBB_201806.1 |     *     |
| Licensed DW Building Blocks        |                         |           |
============================================================================


Information: There are 44 potential problems in your design. Please run 'check_design' for more information. (LINT-99)


Warning: Operating condition scmetro_tsmc_cl013g_rvt_ss_1p08v_125c set on design SYSTEM_TOP has different process,
voltage and temperatures parameters than the parameters at which target library 
scmetro_tsmc_cl013g_rvt_tt_1p2v_25c is characterized. Delays may be inaccurate as a result. (OPT-998)

  Beginning Pass 1 Mapping
  ------------------------
  Processing 'Pulse_Gen'
  Processing 'DF_SYNC_0'
  Processing 'FIFO_MEM_CNTRL'
  Processing 'FIFO_WR'
  Processing 'FIFO_RD'
  Processing 'ASYNC_FIFO'
  Processing 'ALU'
  Processing 'regfile'
  Processing 'SYS_CTRL'
  Processing 'DATA_SYNC'
  Processing 'FSM_RX'
  Processing 'edge_bit_counter'
  Processing 'deserializer'
Information: The register 'counter_reg[3]' is a constant and will be removed. (OPT-1206)
  Processing 'data_sampling'
  Processing 'stop_checker'
  Processing 'strt_checker'
  Processing 'parity_checker'
  Processing 'UART_RX'
  Processing 'FSM_TX'
  Processing 'Serializer'
  Processing 'Parity_Calc'
  Processing 'MUX'
  Processing 'UART_TX'
  Processing 'UART'
  Processing 'RST_SYNC_0'
  Processing 'CLK_DIV_0'
  Processing 'prescale_mux'
  Processing 'SYSTEM_TOP'

  Updating timing information
Information: Updating design information... (UID-85)

  Beginning Implementation Selection
  ----------------------------------
  Processing 'ALU_DW_div_uns_0'
  Processing 'ALU_DW01_sub_0'
  Processing 'ALU_DW01_add_0'
  Processing 'ALU_DW01_cmp6_0'
  Processing 'FSM_RX_DW01_cmp6_0'
  Processing 'FSM_RX_DW01_dec_0'
  Processing 'edge_bit_counter_DW01_inc_0'
  Processing 'edge_bit_counter_DW01_cmp6_0'
  Processing 'edge_bit_counter_DW01_dec_0'
  Processing 'data_sampling_DW01_cmp6_0'
  Processing 'data_sampling_DW01_inc_0'
  Processing 'data_sampling_DW01_cmp6_1'
  Processing 'data_sampling_DW01_cmp6_2'
  Processing 'data_sampling_DW01_dec_0'
  Processing 'stop_checker_DW01_cmp6_0'
  Processing 'stop_checker_DW01_sub_0'
  Processing 'parity_checker_DW01_cmp6_0'
  Processing 'parity_checker_DW01_dec_0'
  Processing 'CLK_DIV_1_DW01_inc_0'
  Processing 'CLK_DIV_1_DW01_cmp6_0'
  Processing 'CLK_DIV_1_DW01_cmp6_1'
  Processing 'CLK_DIV_1_DW01_dec_0'
  Processing 'CLK_DIV_1_DW01_cmp6_2'
  Processing 'CLK_DIV_0_DW01_inc_0'
  Processing 'CLK_DIV_0_DW01_cmp6_0'
  Processing 'CLK_DIV_0_DW01_cmp6_1'
  Processing 'CLK_DIV_0_DW01_dec_0'
  Processing 'CLK_DIV_0_DW01_cmp6_2'
  Processing 'ALU_DW02_mult_0'
  Processing 'ALU_DW01_add_1'

  Beginning Mapping Optimizations  (Medium effort)
  -------------------------------
Loading db file '/home/ICer/IC/Projects/System/std_cells/scmetro_tsmc_cl013g_rvt_tt_1p2v_25c.db'
Loading db file '/home/ICer/IC/Projects/System/std_cells/scmetro_tsmc_cl013g_rvt_ff_1p32v_m40c.db'
  Mapping Optimization (Phase 1)

                                  TOTAL                                      
   ELAPSED            WORST NEG   SETUP    DESIGN                            
    TIME      AREA      SLACK     COST    RULE COST         ENDPOINT         
  --------- --------- --------- --------- --------- -------------------------
    0:00:04   45412.4      0.00       0.0       4.0                          
    0:00:04   45412.4      0.00       0.0       4.0                          
    0:00:04   45412.4      0.00       0.0       4.0                          
    0:00:04   45412.4      0.00       0.0       4.0                          
    0:00:04   45412.4      0.00       0.0       4.0                          
    0:00:04   26975.8      0.00       0.0       2.0                          
    0:00:05   26908.8      0.00       0.0       2.0                          
    0:00:05   26908.8      0.00       0.0       1.9                          
    0:00:05   26908.8      0.00       0.0       1.9                          
    0:00:05   26908.8      0.00       0.0       1.9                          
    0:00:05   26908.8      0.00       0.0       1.9                          
    0:00:05   26908.8      0.00       0.0       1.9                          
    0:00:05   26924.1      0.00       0.0       0.0                          
    0:00:05   26924.1      0.00       0.0       0.0                          
    0:00:05   26924.1      0.00       0.0       0.0                          
    0:00:05   26924.1      0.00       0.0       0.0                          



  Beginning Delay Optimization Phase
  ----------------------------------

                                  TOTAL                                      
   ELAPSED            WORST NEG   SETUP    DESIGN                            
    TIME      AREA      SLACK     COST    RULE COST         ENDPOINT         
  --------- --------- --------- --------- --------- -------------------------
    0:00:05   26924.1      0.00       0.0       0.0                          
    0:00:05   26924.1      0.00       0.0       0.0                          
    0:00:05   26921.7      0.00       0.0       0.0                          


  Beginning Area-Recovery Phase  (cleanup)
  -----------------------------

                                  TOTAL                                      
   ELAPSED            WORST NEG   SETUP    DESIGN                            
    TIME      AREA      SLACK     COST    RULE COST         ENDPOINT         
  --------- --------- --------- --------- --------- -------------------------
    0:00:05   26921.7      0.00       0.0       0.0                          
    0:00:05   26921.7      0.00       0.0       0.0                          
    0:00:05   26702.9      0.00       0.0       0.0                          
    0:00:05   26686.4      0.00       0.0       0.0                          
    0:00:05   26671.1      0.00       0.0       0.0                          
    0:00:05   26658.1      0.00       0.0       0.0                          
    0:00:05   26645.2      0.00       0.0       0.0                          
    0:00:05   26645.2      0.00       0.0       0.0                          
    0:00:05   26645.2      0.00       0.0       0.0                          
    0:00:05   26559.3      0.00       0.0       0.0                          
    0:00:05   26559.3      0.00       0.0       0.0                          
    0:00:05   26559.3      0.00       0.0       0.0                          
    0:00:05   26559.3      0.00       0.0       0.0                          
    0:00:05   26559.3      0.00       0.0       0.0                          
    0:00:05   26559.3      0.00       0.0       0.0                          
    0:00:05   26562.8      0.00       0.0       0.0                          
Loading db file '/home/ICer/IC/Projects/System/std_cells/scmetro_tsmc_cl013g_rvt_ss_1p08v_125c.db'


Note: Symbol # after min delay cost means estimated hold TNS across all active scenarios 


  Optimization Complete
  ---------------------
1
################################################################### 
# Setting Test Timing Variables
################################################################### 
# Preclock Measure Protocol (default protocol)
set test_default_period 100
100
set test_default_delay 0
0
set test_default_bidir_delay 0
0
set test_default_strobe 20
20
set test_default_strobe_width 0
0
########################## Define DFT Signals ##########################
set_dft_signal -port [get_ports scan_clk]  -type ScanClock   -view existing_dft  -timing {30 60}
Accepted dft signal specification for modes: all_dft
1
set_dft_signal -port [get_ports scan_rst]  -type Reset       -view existing_dft  -active_state 0
Accepted dft signal specification for modes: all_dft
1
set_dft_signal -port [get_ports test_mode] -type Constant    -view existing_dft  -active_state 1 
Accepted dft signal specification for modes: all_dft
1
set_dft_signal -port [get_ports test_mode] -type TestMode    -view spec          -active_state 1 
Accepted dft signal specification for modes: all_dft
1
set_dft_signal -port [get_ports SE]        -type ScanEnable  -view spec          -active_state 1   -usage scan
Accepted dft signal specification for modes: all_dft
1
set_dft_signal -port [get_ports SI]        -type ScanDataIn  -view spec 
Accepted dft signal specification for modes: all_dft
1
set_dft_signal -port [get_ports SO]        -type ScanDataOut -view spec 
Accepted dft signal specification for modes: all_dft
1
############################# Create Test Protocol #######################
create_test_protocol
In mode: all_dft...

Information: Starting test protocol creation. (TEST-219)
  ...reading user specified clock signals...
Information: Identified system/test clock port scan_clk (30.0,60.0). (TEST-265)
  ...reading user specified asynchronous signals...
Information: Identified active low asynchronous control port scan_rst. (TEST-266)
1
###################### Pre-DFT Design Rule Checking #######################
dft_drc -verbose
In mode: all_dft...
  Pre-DFT DRC enabled

Information: Starting test design rule checking. (TEST-222)
  Loading test protocol
  ...basic checks...
  ...basic sequential cell checks...
  	...checking for scan equivalents...
  ...checking vector rules...
  ...checking pre-dft rules...

-----------------------------------------------------------------
Begin Pre-DFT violations...

 Warning: Wire gate U0_CLK_GATE/gated_clk failed contention ability check for drivers C89 and U0_CLK_GATE/U0. (D22-1)

Pre-DFT violations completed...
-----------------------------------------------------------------

-----------------------------------------------------------------
  DRC Report

  Total violations: 1

-----------------------------------------------------------------

1 PRE-DFT VIOLATION
     1 Wire gate capable of contention violation (D22)


Warning: Violations occurred during test design rule checking. (TEST-124)

-----------------------------------------------------------------
  Sequential Cell Report

  1 out of 381 sequential cells have violations

-----------------------------------------------------------------

SEQUENTIAL CELLS WITH VIOLATIONS
      *   1 cell is a clock gating cell
         U0_CLK_GATE/U0
SEQUENTIAL CELLS WITHOUT VIOLATIONS
      * 380 cells are valid scan cells
         U0_TX_CLK_DIV/divided_clk_reg
         U0_TX_CLK_DIV/edge_count_reg[7]
         U0_TX_CLK_DIV/edge_count_reg[0]
         U0_TX_CLK_DIV/edge_count_reg[1]
         U0_TX_CLK_DIV/edge_count_reg[2]
         U0_TX_CLK_DIV/edge_count_reg[3]
         U0_TX_CLK_DIV/edge_count_reg[4]
         U0_TX_CLK_DIV/edge_count_reg[5]
         U0_TX_CLK_DIV/edge_count_reg[6]
         U0_TX_CLK_DIV/clk_div_en_reg
         U0_TX_CLK_DIV/prev_div_ratio_reg[2]
         U0_TX_CLK_DIV/prev_div_ratio_reg[3]
         U0_TX_CLK_DIV/prev_div_ratio_reg[4]
         U0_TX_CLK_DIV/prev_div_ratio_reg[5]
         U0_TX_CLK_DIV/prev_div_ratio_reg[6]
         U0_TX_CLK_DIV/prev_div_ratio_reg[7]
         U0_TX_CLK_DIV/prev_div_ratio_reg[0]
         U0_TX_CLK_DIV/prev_div_ratio_reg[1]
         U0_RST_SYNC/flops_reg[2]
         U0_RST_SYNC/flops_reg[0]
         U0_RST_SYNC/flops_reg[1]
         U0_DATA_SYNC/enable_flop_reg
         U0_DATA_SYNC/multi_flops_reg[1]
         U0_DATA_SYNC/sync_bus_reg[7]
         U0_DATA_SYNC/sync_bus_reg[4]
         U0_DATA_SYNC/sync_bus_reg[5]
         U0_DATA_SYNC/sync_bus_reg[6]
         U0_DATA_SYNC/sync_bus_reg[3]
         U0_DATA_SYNC/sync_bus_reg[1]
         U0_DATA_SYNC/sync_bus_reg[2]
         U0_DATA_SYNC/sync_bus_reg[0]
         U0_DATA_SYNC/enable_pulse_reg
         U0_DATA_SYNC/multi_flops_reg[0]
         U0_SYS_CTRL/addr_reg_reg[3]
         U0_SYS_CTRL/addr_reg_reg[2]
         U0_SYS_CTRL/addr_reg_reg[1]
         U0_SYS_CTRL/addr_reg_reg[0]
         U0_SYS_CTRL/command_reg[1]
         U0_SYS_CTRL/command_reg[3]
         U0_SYS_CTRL/command_reg[0]
         U0_SYS_CTRL/command_reg[7]
         U0_SYS_CTRL/command_reg[5]
         U0_SYS_CTRL/command_reg[4]
         U0_SYS_CTRL/command_reg[2]
         U0_SYS_CTRL/command_reg[6]
         U0_SYS_CTRL/current_state_reg[1]
         U0_SYS_CTRL/current_state_reg[0]
         U0_SYS_CTRL/current_state_reg[2]
         U0_SYS_CTRL/current_state_reg[3]
         U0_REGFILE/RdData_reg[7]
         U0_REGFILE/RdData_reg[6]
         U0_REGFILE/RdData_reg[5]
         U0_REGFILE/RdData_reg[4]
         U0_REGFILE/RdData_reg[3]
         U0_REGFILE/RdData_reg[2]
         U0_REGFILE/RdData_reg[1]
         U0_REGFILE/RdData_reg[0]
         U0_REGFILE/Registers_reg[15][7]
         U0_REGFILE/Registers_reg[15][6]
         U0_REGFILE/Registers_reg[15][5]
         U0_REGFILE/Registers_reg[15][4]
         U0_REGFILE/Registers_reg[15][3]
         U0_REGFILE/Registers_reg[15][2]
         U0_REGFILE/Registers_reg[15][1]
         U0_REGFILE/Registers_reg[15][0]
         U0_REGFILE/Registers_reg[13][7]
         U0_REGFILE/Registers_reg[13][6]
         U0_REGFILE/Registers_reg[13][5]
         U0_REGFILE/Registers_reg[13][4]
         U0_REGFILE/Registers_reg[13][3]
         U0_REGFILE/Registers_reg[13][2]
         U0_REGFILE/Registers_reg[13][1]
         U0_REGFILE/Registers_reg[13][0]
         U0_REGFILE/Registers_reg[11][7]
         U0_REGFILE/Registers_reg[11][6]
         U0_REGFILE/Registers_reg[11][5]
         U0_REGFILE/Registers_reg[11][4]
         U0_REGFILE/Registers_reg[11][3]
         U0_REGFILE/Registers_reg[11][2]
         U0_REGFILE/Registers_reg[11][1]
         U0_REGFILE/Registers_reg[11][0]
         U0_REGFILE/Registers_reg[9][7]
         U0_REGFILE/Registers_reg[9][6]
         U0_REGFILE/Registers_reg[9][5]
         U0_REGFILE/Registers_reg[9][4]
         U0_REGFILE/Registers_reg[9][3]
         U0_REGFILE/Registers_reg[9][2]
         U0_REGFILE/Registers_reg[9][1]
         U0_REGFILE/Registers_reg[9][0]
         U0_REGFILE/Registers_reg[7][7]
         U0_REGFILE/Registers_reg[7][6]
         U0_REGFILE/Registers_reg[7][5]
         U0_REGFILE/Registers_reg[7][4]
         U0_REGFILE/Registers_reg[7][3]
         U0_REGFILE/Registers_reg[7][2]
         U0_REGFILE/Registers_reg[7][1]
         U0_REGFILE/Registers_reg[7][0]
         U0_REGFILE/Registers_reg[5][7]
         U0_REGFILE/Registers_reg[5][6]
         U0_REGFILE/Registers_reg[5][5]
         U0_REGFILE/Registers_reg[5][4]
         U0_REGFILE/Registers_reg[5][3]
         U0_REGFILE/Registers_reg[5][2]
         U0_REGFILE/Registers_reg[5][1]
         U0_REGFILE/Registers_reg[5][0]
         U0_REGFILE/Registers_reg[14][7]
         U0_REGFILE/Registers_reg[14][6]
         U0_REGFILE/Registers_reg[14][5]
         U0_REGFILE/Registers_reg[14][4]
         U0_REGFILE/Registers_reg[14][3]
         U0_REGFILE/Registers_reg[14][2]
         U0_REGFILE/Registers_reg[14][1]
         U0_REGFILE/Registers_reg[14][0]
         U0_REGFILE/Registers_reg[12][7]
         U0_REGFILE/Registers_reg[12][6]
         U0_REGFILE/Registers_reg[12][5]
         U0_REGFILE/Registers_reg[12][4]
         U0_REGFILE/Registers_reg[12][3]
         U0_REGFILE/Registers_reg[12][2]
         U0_REGFILE/Registers_reg[12][1]
         U0_REGFILE/Registers_reg[12][0]
         U0_REGFILE/Registers_reg[10][7]
         U0_REGFILE/Registers_reg[10][6]
         U0_REGFILE/Registers_reg[10][5]
         U0_REGFILE/Registers_reg[10][4]
         U0_REGFILE/Registers_reg[10][3]
         U0_REGFILE/Registers_reg[10][2]
         U0_REGFILE/Registers_reg[10][1]
         U0_REGFILE/Registers_reg[10][0]
         U0_REGFILE/Registers_reg[8][7]
         U0_REGFILE/Registers_reg[8][6]
         U0_REGFILE/Registers_reg[8][5]
         U0_REGFILE/Registers_reg[8][4]
         U0_REGFILE/Registers_reg[8][3]
         U0_REGFILE/Registers_reg[8][2]
         U0_REGFILE/Registers_reg[8][1]
         U0_REGFILE/Registers_reg[8][0]
         U0_REGFILE/Registers_reg[6][7]
         U0_REGFILE/Registers_reg[6][6]
         U0_REGFILE/Registers_reg[6][5]
         U0_REGFILE/Registers_reg[6][4]
         U0_REGFILE/Registers_reg[6][3]
         U0_REGFILE/Registers_reg[6][2]
         U0_REGFILE/Registers_reg[6][1]
         U0_REGFILE/Registers_reg[6][0]
         U0_REGFILE/Registers_reg[4][7]
         U0_REGFILE/Registers_reg[4][6]
         U0_REGFILE/Registers_reg[4][5]
         U0_REGFILE/Registers_reg[4][4]
         U0_REGFILE/Registers_reg[4][3]
         U0_REGFILE/Registers_reg[4][2]
         U0_REGFILE/Registers_reg[4][1]
         U0_REGFILE/Registers_reg[4][0]
         U0_REGFILE/Registers_reg[2][0]
         U0_REGFILE/Registers_reg[2][1]
         U0_REGFILE/Rd_Data_Valid_reg
         U0_REGFILE/Registers_reg[3][5]
         U0_REGFILE/Registers_reg[3][0]
         U0_REGFILE/Registers_reg[3][4]
         U0_REGFILE/Registers_reg[3][2]
         U0_REGFILE/Registers_reg[3][3]
         U0_REGFILE/Registers_reg[3][7]
         U0_REGFILE/Registers_reg[3][6]
         U0_REGFILE/Registers_reg[3][1]
         U0_REGFILE/Registers_reg[2][5]
         U0_REGFILE/Registers_reg[2][6]
         U0_REGFILE/Registers_reg[0][1]
         U0_REGFILE/Registers_reg[0][0]
         U0_REGFILE/Registers_reg[2][4]
         U0_REGFILE/Registers_reg[0][2]
         U0_REGFILE/Registers_reg[2][2]
         U0_REGFILE/Registers_reg[2][3]
         U0_REGFILE/Registers_reg[0][3]
         U0_REGFILE/Registers_reg[0][4]
         U0_REGFILE/Registers_reg[0][5]
         U0_REGFILE/Registers_reg[0][6]
         U0_REGFILE/Registers_reg[0][7]
         U0_REGFILE/Registers_reg[2][7]
         U0_REGFILE/Registers_reg[1][2]
         U0_REGFILE/Registers_reg[1][1]
         U0_REGFILE/Registers_reg[1][3]
         U0_REGFILE/Registers_reg[1][5]
         U0_REGFILE/Registers_reg[1][4]
         U0_REGFILE/Registers_reg[1][0]
         U0_REGFILE/Registers_reg[1][7]
         U0_REGFILE/Registers_reg[1][6]
         U0_ALU/ALU_OUT_reg[15]
         U0_ALU/ALU_OUT_reg[14]
         U0_ALU/ALU_OUT_reg[13]
         U0_ALU/ALU_OUT_reg[12]
         U0_ALU/ALU_OUT_reg[11]
         U0_ALU/ALU_OUT_reg[10]
         U0_ALU/ALU_OUT_reg[9]
         U0_ALU/ALU_OUT_reg[8]
         U0_ALU/ALU_OUT_reg[7]
         U0_ALU/ALU_OUT_reg[6]
         U0_ALU/ALU_OUT_reg[5]
         U0_ALU/ALU_OUT_reg[4]
         U0_ALU/ALU_OUT_reg[3]
         U0_ALU/ALU_OUT_reg[2]
         U0_ALU/ALU_OUT_reg[1]
         U0_ALU/ALU_OUT_reg[0]
         U0_ALU/out_valid_reg
         U0_Pulse_Gen/sync_d_reg
         U0_Pulse_Gen/sync_reg_reg[1]
         U0_Pulse_Gen/sync_reg
         U0_Pulse_Gen/sync_reg_reg[0]
         U0_ASYNC_FIFO/U0/rempty_reg_reg
         U0_ASYNC_FIFO/U0/rptr_gray_reg_reg[0]
         U0_ASYNC_FIFO/U0/rptr_gray_reg_reg[3]
         U0_ASYNC_FIFO/U0/rptr_gray_reg_reg[2]
         U0_ASYNC_FIFO/U0/rptr_gray_reg_reg[1]
         U0_ASYNC_FIFO/U0/rcounter_reg[3]
         U0_ASYNC_FIFO/U0/rcounter_reg[0]
         U0_ASYNC_FIFO/U0/rcounter_reg[2]
         U0_ASYNC_FIFO/U0/rcounter_reg[1]
         U0_ASYNC_FIFO/U1/wcounter_reg[3]
         U0_ASYNC_FIFO/U1/wcounter_reg[2]
         U0_ASYNC_FIFO/U1/wfull_reg_reg
         U0_ASYNC_FIFO/U1/wptr_gray_reg_reg[3]
         U0_ASYNC_FIFO/U1/wptr_gray_reg_reg[2]
         U0_ASYNC_FIFO/U1/wptr_gray_reg_reg[1]
         U0_ASYNC_FIFO/U1/wptr_gray_reg_reg[0]
         U0_ASYNC_FIFO/U1/wcounter_reg[1]
         U0_ASYNC_FIFO/U1/wcounter_reg[0]
         U0_ASYNC_FIFO/U2/fifo_mem_reg[1][7]
         U0_ASYNC_FIFO/U2/fifo_mem_reg[1][6]
         U0_ASYNC_FIFO/U2/fifo_mem_reg[1][5]
         U0_ASYNC_FIFO/U2/fifo_mem_reg[1][4]
         U0_ASYNC_FIFO/U2/fifo_mem_reg[1][3]
         U0_ASYNC_FIFO/U2/fifo_mem_reg[1][2]
         U0_ASYNC_FIFO/U2/fifo_mem_reg[1][1]
         U0_ASYNC_FIFO/U2/fifo_mem_reg[1][0]
         U0_ASYNC_FIFO/U2/fifo_mem_reg[0][7]
         U0_ASYNC_FIFO/U2/fifo_mem_reg[0][6]
         U0_ASYNC_FIFO/U2/fifo_mem_reg[0][5]
         U0_ASYNC_FIFO/U2/fifo_mem_reg[0][4]
         U0_ASYNC_FIFO/U2/fifo_mem_reg[0][3]
         U0_ASYNC_FIFO/U2/fifo_mem_reg[0][2]
         U0_ASYNC_FIFO/U2/fifo_mem_reg[0][1]
         U0_ASYNC_FIFO/U2/fifo_mem_reg[0][0]
         U0_ASYNC_FIFO/U2/fifo_mem_reg[5][7]
         U0_ASYNC_FIFO/U2/fifo_mem_reg[5][6]
         U0_ASYNC_FIFO/U2/fifo_mem_reg[5][5]
         U0_ASYNC_FIFO/U2/fifo_mem_reg[5][4]
         U0_ASYNC_FIFO/U2/fifo_mem_reg[5][3]
         U0_ASYNC_FIFO/U2/fifo_mem_reg[5][2]
         U0_ASYNC_FIFO/U2/fifo_mem_reg[5][1]
         U0_ASYNC_FIFO/U2/fifo_mem_reg[5][0]
         U0_ASYNC_FIFO/U2/fifo_mem_reg[4][7]
         U0_ASYNC_FIFO/U2/fifo_mem_reg[4][6]
         U0_ASYNC_FIFO/U2/fifo_mem_reg[4][5]
         U0_ASYNC_FIFO/U2/fifo_mem_reg[4][4]
         U0_ASYNC_FIFO/U2/fifo_mem_reg[4][3]
         U0_ASYNC_FIFO/U2/fifo_mem_reg[4][2]
         U0_ASYNC_FIFO/U2/fifo_mem_reg[4][1]
         U0_ASYNC_FIFO/U2/fifo_mem_reg[4][0]
         U0_ASYNC_FIFO/U2/fifo_mem_reg[7][7]
         U0_ASYNC_FIFO/U2/fifo_mem_reg[7][6]
         U0_ASYNC_FIFO/U2/fifo_mem_reg[7][5]
         U0_ASYNC_FIFO/U2/fifo_mem_reg[7][4]
         U0_ASYNC_FIFO/U2/fifo_mem_reg[7][3]
         U0_ASYNC_FIFO/U2/fifo_mem_reg[7][2]
         U0_ASYNC_FIFO/U2/fifo_mem_reg[7][1]
         U0_ASYNC_FIFO/U2/fifo_mem_reg[7][0]
         U0_ASYNC_FIFO/U2/fifo_mem_reg[6][7]
         U0_ASYNC_FIFO/U2/fifo_mem_reg[6][6]
         U0_ASYNC_FIFO/U2/fifo_mem_reg[6][5]
         U0_ASYNC_FIFO/U2/fifo_mem_reg[6][4]
         U0_ASYNC_FIFO/U2/fifo_mem_reg[6][3]
         U0_ASYNC_FIFO/U2/fifo_mem_reg[6][2]
         U0_ASYNC_FIFO/U2/fifo_mem_reg[6][1]
         U0_ASYNC_FIFO/U2/fifo_mem_reg[6][0]
         U0_ASYNC_FIFO/U2/fifo_mem_reg[3][7]
         U0_ASYNC_FIFO/U2/fifo_mem_reg[3][6]
         U0_ASYNC_FIFO/U2/fifo_mem_reg[3][5]
         U0_ASYNC_FIFO/U2/fifo_mem_reg[3][4]
         U0_ASYNC_FIFO/U2/fifo_mem_reg[3][3]
         U0_ASYNC_FIFO/U2/fifo_mem_reg[3][2]
         U0_ASYNC_FIFO/U2/fifo_mem_reg[3][1]
         U0_ASYNC_FIFO/U2/fifo_mem_reg[3][0]
         U0_ASYNC_FIFO/U2/fifo_mem_reg[2][7]
         U0_ASYNC_FIFO/U2/fifo_mem_reg[2][6]
         U0_ASYNC_FIFO/U2/fifo_mem_reg[2][5]
         U0_ASYNC_FIFO/U2/fifo_mem_reg[2][4]
         U0_ASYNC_FIFO/U2/fifo_mem_reg[2][3]
         U0_ASYNC_FIFO/U2/fifo_mem_reg[2][2]
         U0_ASYNC_FIFO/U2/fifo_mem_reg[2][1]
         U0_ASYNC_FIFO/U2/fifo_mem_reg[2][0]
         U0_ASYNC_FIFO/U3/sync_out_reg[2]
         U0_ASYNC_FIFO/U3/sync_out_reg[1]
         U0_ASYNC_FIFO/U3/sync_out_reg[0]
         U0_ASYNC_FIFO/U3/sync_out_reg[3]
         U0_ASYNC_FIFO/U3/sync_reg_reg[3]
         U0_ASYNC_FIFO/U3/sync_reg_reg[2]
         U0_ASYNC_FIFO/U3/sync_reg_reg[1]
         U0_ASYNC_FIFO/U3/sync_reg_reg[0]
         U0_UART/U0_UART_TX/U1/par_bit_reg
         U0_UART/U0_UART_TX/U2/ser_data_reg
         U0_UART/U0_UART_TX/U2/count_reg[0]
         U0_UART/U0_UART_TX/U2/Data_In_reg[0]
         U0_UART/U0_UART_TX/U2/Data_In_reg[7]
         U0_UART/U0_UART_TX/U2/Data_In_reg[5]
         U0_UART/U0_UART_TX/U2/Data_In_reg[3]
         U0_UART/U0_UART_TX/U2/Data_In_reg[1]
         U0_UART/U0_UART_TX/U2/Data_In_reg[6]
         U0_UART/U0_UART_TX/U2/Data_In_reg[4]
         U0_UART/U0_UART_TX/U2/Data_In_reg[2]
         U0_UART/U0_UART_TX/U2/ser_done_reg
         U0_UART/U0_UART_TX/U2/count_reg[2]
         U0_UART/U0_UART_TX/U2/count_reg[1]
         U0_UART/U0_UART_TX/U3/current_state_reg[1]
         U0_UART/U0_UART_TX/U3/current_state_reg[2]
         U0_UART/U0_UART_TX/U3/current_state_reg[0]
         U0_UART/U0_UART_RX/U0/par_err_reg
         U0_UART/U0_UART_RX/U1/strt_glitch_reg
         U0_UART/U0_UART_RX/U2/stp_err_reg
         U0_UART/U0_UART_RX/U3/third_sample_reg
         U0_UART/U0_UART_RX/U3/second_sample_reg
         U0_UART/U0_UART_RX/U3/first_sample_reg
         U0_UART/U0_UART_RX/U4/data_reg[6]
         U0_UART/U0_UART_RX/U4/data_reg[2]
         U0_UART/U0_UART_RX/U4/data_reg[5]
         U0_UART/U0_UART_RX/U4/data_reg[4]
         U0_UART/U0_UART_RX/U4/data_reg[0]
         U0_UART/U0_UART_RX/U4/data_reg[3]
         U0_UART/U0_UART_RX/U4/data_reg[1]
         U0_UART/U0_UART_RX/U4/counter_reg[0]
         U0_UART/U0_UART_RX/U4/P_DATA_reg[2]
         U0_UART/U0_UART_RX/U4/counter_reg[1]
         U0_UART/U0_UART_RX/U4/counter_reg[2]
         U0_UART/U0_UART_RX/U4/P_DATA_reg[5]
         U0_UART/U0_UART_RX/U4/P_DATA_reg[0]
         U0_UART/U0_UART_RX/U4/P_DATA_reg[6]
         U0_UART/U0_UART_RX/U4/P_DATA_reg[1]
         U0_UART/U0_UART_RX/U4/P_DATA_reg[4]
         U0_UART/U0_UART_RX/U4/P_DATA_reg[7]
         U0_UART/U0_UART_RX/U4/P_DATA_reg[3]
         U0_UART/U0_UART_RX/U5/edges_counter_reg[5]
         U0_UART/U0_UART_RX/U5/edges_counter_reg[3]
         U0_UART/U0_UART_RX/U5/edges_counter_reg[2]
         U0_UART/U0_UART_RX/U5/edges_counter_reg[4]
         U0_UART/U0_UART_RX/U5/edges_counter_reg[1]
         U0_UART/U0_UART_RX/U5/edges_counter_reg[0]
         U0_UART/U0_UART_RX/U6/data_counter_reg[2]
         U0_UART/U0_UART_RX/U6/data_counter_reg[1]
         U0_UART/U0_UART_RX/U6/data_counter_reg[0]
         U0_UART/U0_UART_RX/U6/current_state_reg[1]
         U0_UART/U0_UART_RX/U6/current_state_reg[2]
         U0_UART/U0_UART_RX/U6/current_state_reg[0]
         U0_UART/U0_UART_RX/U6/data_valid_reg
         U1_RX_CLK_DIV/edge_count_reg[7]
         U1_RX_CLK_DIV/edge_count_reg[0]
         U1_RX_CLK_DIV/edge_count_reg[1]
         U1_RX_CLK_DIV/edge_count_reg[2]
         U1_RX_CLK_DIV/edge_count_reg[3]
         U1_RX_CLK_DIV/edge_count_reg[4]
         U1_RX_CLK_DIV/edge_count_reg[5]
         U1_RX_CLK_DIV/edge_count_reg[6]
         U1_RX_CLK_DIV/clk_div_en_reg
         U1_RX_CLK_DIV/prev_div_ratio_reg[2]
         U1_RX_CLK_DIV/prev_div_ratio_reg[3]
         U1_RX_CLK_DIV/prev_div_ratio_reg[4]
         U1_RX_CLK_DIV/prev_div_ratio_reg[5]
         U1_RX_CLK_DIV/prev_div_ratio_reg[6]
         U1_RX_CLK_DIV/prev_div_ratio_reg[7]
         U1_RX_CLK_DIV/prev_div_ratio_reg[0]
         U1_RX_CLK_DIV/prev_div_ratio_reg[1]
         U1_RX_CLK_DIV/divided_clk_reg
         U0_ASYNC_FIFO/U4/sync_out_reg[1]
         U0_ASYNC_FIFO/U4/sync_out_reg[0]
         U0_ASYNC_FIFO/U4/sync_out_reg[3]
         U0_ASYNC_FIFO/U4/sync_out_reg[2]
         U0_ASYNC_FIFO/U4/sync_reg_reg[3]
         U0_ASYNC_FIFO/U4/sync_reg_reg[2]
         U0_ASYNC_FIFO/U4/sync_reg_reg[1]
         U0_ASYNC_FIFO/U4/sync_reg_reg[0]
         U1_RST_SYNC/flops_reg[2]
         U1_RST_SYNC/flops_reg[0]
         U1_RST_SYNC/flops_reg[1]

Information: Test design rule checking completed. (TEST-123)
1
############################# Preview DFT ##############################
preview_dft -show scan_summary
  Information: Using test design rule information from previous dft_drc run.
  Architecting Scan Chains

****************************************
Preview_dft report
For    : 'Insert_dft' command
Design : SYSTEM_TOP
Version: O-2018.06-SP1
Date   : Thu Oct  1 07:37:53 2026
****************************************

Number of chains: 4
Scan methodology: full_scan
Scan style: multiplexed_flip_flop
Clock domain: no_mix

Chain      Scan Ports (si --> so)        # of Cells   Inst/Chain               Clock (port, time, edge)
-----      ----------------------        ----------   ----------               ------------------------
S 1        SI[3] -->  SO[3]                      95   U0_ALU/ALU_OUT_reg[0]    (scan_clk, 30.0, rising) 
S 2        SI[2] -->  SO[2]                      95   U0_ASYNC_FIFO/U2/fifo_mem_reg[7][4]
                            (scan_clk, 30.0, rising) 
S 3        SI[1] -->  SO[1]                      95   U0_REGFILE/Registers_reg[6][2]
                            (scan_clk, 30.0, rising) 
S 4        SI[0] -->  SO[0]                      95   U0_SYS_CTRL/current_state_reg[2]
                            (scan_clk, 30.0, rising) 
1
############################# Insert DFT ##############################
insert_dft
  Information: Using test design rule information from previous dft_drc run.
  Architecting Scan Chains
  Routing Scan Chains
  Routing Global Signals
  Mapping New Logic
Resetting current test mode
  Beginning Mapping Optimizations
  -------------------------------

                                  TOTAL                                      
   ELAPSED            WORST NEG   SETUP    DESIGN                            
    TIME      AREA      SLACK     COST    RULE COST         ENDPOINT         
  --------- --------- --------- --------- --------- -------------------------


  Beginning Phase 1 Design Rule Fixing  (max_transition)  (max_capacitance)
  ------------------------------------

                                  TOTAL                                      
   ELAPSED            WORST NEG   SETUP    DESIGN                            
    TIME      AREA      SLACK     COST    RULE COST         ENDPOINT         
  --------- --------- --------- --------- --------- -------------------------
    0:00:07  325805.2      0.00       0.0      50.2 U0_SYS_CTRL/current_state[1]
    0:00:07  325805.2      0.00       0.0      50.2 U0_SYS_CTRL/current_state[1]
    0:00:07  325805.2      0.00       0.0      50.2 U0_SYS_CTRL/current_state[1]
    0:00:07  325805.2      0.00       0.0      50.2 U0_SYS_CTRL/current_state[1]
    0:00:07  325755.0      0.00       0.0      49.1 U0_SYS_CTRL/net12890     
    0:00:07  326005.9      0.00       0.0     106.4 SE                       
    0:00:07  326005.9      0.00       0.0     106.4 SE                       
    0:00:07  326005.9      0.00       0.0     106.4 SE                       
    0:00:07  326156.5      0.00       0.0     105.7 net12901                 
    0:00:07  326156.5      0.00       0.0     105.7 net12901                 
    0:00:07  326156.5      0.00       0.0     105.7 net12901                 
    0:00:07  326256.9      0.00       0.0     105.7 net12908                 
    0:00:07  326313.0      0.00       0.0      95.1 net12914                 
    0:00:07  326513.8      0.00       0.0      93.0 net12898                 
    0:00:07  326513.8      0.00       0.0      93.0 net12898                 
    0:00:07  326513.8      0.00       0.0      93.0 net12898                 
    0:00:07  326569.9      0.00       0.0      85.7 net12920                 
    0:00:07  326770.6      0.00       0.0      83.2 net12899                 
    0:00:07  326770.6      0.00       0.0      83.2 net12899                 
    0:00:07  326770.6      0.00       0.0      83.2 net12899                 
    0:00:07  326826.7      0.00       0.0      79.1 net12931                 
    0:00:07  326882.8      0.00       0.0      75.5 net12900                 
    0:00:07  326882.8      0.00       0.0      75.5 net12900                 
    0:00:07  326882.8      0.00       0.0      75.5 net12900                 
    0:00:07  326938.9      0.00       0.0      74.1 net12921                 
    0:00:07  326995.0      0.00       0.0      72.7 net12930                 
    0:00:07  327051.0      0.00       0.0      71.4 net12899                 
    0:00:07  327107.1      0.00       0.0      70.5 net12909                 
    0:00:07  327163.2      0.00       0.0      70.5 net12932                 
    0:00:07  326956.5      0.00       0.0      60.1 net12917                 
    0:00:07  326956.5      0.00       0.0      60.1 net12927                 
    0:00:07  326956.5      0.00       0.0      60.1 net12937                 
    0:00:07  327056.9      0.00       0.0      60.1 U0_UART/U0_UART_RX/U2/stp_err
    0:00:07  327056.9      0.00       0.0      60.1 U0_UART/U0_UART_RX/U2/stp_err
    0:00:07  327207.5      0.00       0.0      60.1 U0_SYS_CTRL/net12891     
    0:00:07  327207.5      0.00       0.0      60.1 U0_SYS_CTRL/net12891     
    0:00:07  327207.5      0.00       0.0      60.1 U0_SYS_CTRL/net12891     
    0:00:07  327163.2      0.00       0.0      60.1 U0_UART/U0_UART_RX/U2/stp_err
    0:00:07  327163.2      0.00       0.0      60.1 U0_UART/U0_UART_RX/U2/stp_err
    0:00:07  327163.2      0.00       0.0      60.1 U0_UART/U0_UART_RX/U2/stp_err
    0:00:07  327163.2      0.00       0.0      60.1 U0_UART/U0_UART_RX/U2/stp_err
    0:00:07  327000.9      0.00       0.0      47.8 SE                       
    0:00:07  327000.9      0.00       0.0      47.8 SE                       
    0:00:07  327000.9      0.00       0.0      47.4 net12898                 
    0:00:07  327051.0      0.00       0.0      48.3 net12898                 
    0:00:07  327051.0      0.00       0.0      48.3 net12898                 
    0:00:07  327051.0      0.00       0.0      48.0 net12897                 
    0:00:07  327107.1      0.00       0.0      46.2 net12897                 
    0:00:07  327051.0      0.00       0.0      46.3 SE                       
    0:00:07  327107.1      0.00       0.0      46.3 net12947                 
    0:00:07  327107.1      0.00       0.0      46.2 net12967                 
    0:00:07  327000.9      0.00       0.0      45.9 net12941                 
    0:00:07  326894.6      0.00       0.0      45.6 net12943                 
    0:00:07  326788.3      0.00       0.0      45.4 net12927                 
    0:00:07  326682.0      0.00       0.0      45.3 net12937                 
    0:00:07  326738.1      0.00       0.0      45.0 U0_REGFILE/test_se       
    0:00:07  326906.3      0.00       0.0      43.1 U0_TX_CLK_DIV/test_se    
    0:00:07  326906.3      0.00       0.0      43.1 U0_TX_CLK_DIV/test_se    
    0:00:07  326906.3      0.00       0.0      43.1 U0_TX_CLK_DIV/test_se    
    0:00:07  326962.4      0.00       0.0      42.7 U0_REGFILE/test_se       
    0:00:07  327018.5      0.00       0.0      42.4 U0_REGFILE/test_se       
    0:00:07  327186.7      0.00       0.0      40.5 U1_RX_CLK_DIV/test_se    
    0:00:07  327186.7      0.00       0.0      40.5 U1_RX_CLK_DIV/test_se    
    0:00:07  327186.7      0.00       0.0      40.5 U1_RX_CLK_DIV/test_se    
    0:00:07  327242.8      0.00       0.0      40.0 U0_REGFILE/test_se       
    0:00:07  327298.9      0.00       0.0      39.6 U0_REGFILE/test_se       
    0:00:07  327355.0      0.00       0.0      38.9 U0_ASYNC_FIFO/U2/test_se 
    0:00:07  327523.2      0.00       0.0      36.9 U0_UART/U0_UART_RX/U4/test_se
    0:00:07  327523.2      0.00       0.0      36.9 U0_UART/U0_UART_RX/U4/test_se
    0:00:07  327523.2      0.00       0.0      36.9 U0_UART/U0_UART_RX/U4/test_se
    0:00:07  327579.3      0.00       0.0      36.4 U0_REGFILE/test_se       
    0:00:07  327803.6      0.00       0.0      35.5 U0_ASYNC_FIFO/U2/test_se 
    0:00:07  327803.6      0.00       0.0      35.5 U0_ASYNC_FIFO/U2/test_se 
    0:00:07  327803.6      0.00       0.0      35.5 U0_ASYNC_FIFO/U2/test_se 
    0:00:07  327859.7      0.00       0.0      34.9 U0_REGFILE/test_se       
    0:00:07  327915.8      0.00       0.0      34.2 U0_REGFILE/test_se       
    0:00:07  328084.0      0.00       0.0      32.2 U0_ALU/test_se           
    0:00:07  328084.0      0.00       0.0      32.2 U0_ALU/test_se           
    0:00:07  328084.0      0.00       0.0      32.2 U0_ALU/test_se           
    0:00:07  328140.1      0.00       0.0      31.9 U0_REGFILE/test_se       
    0:00:07  328391.1      0.00       0.0      30.1 U0_SYS_CTRL/test_se      
    0:00:07  328391.1      0.00       0.0      30.1 U0_SYS_CTRL/test_se      
    0:00:07  328391.1      0.00       0.0      30.1 U0_SYS_CTRL/test_se      
    0:00:07  328642.1      0.00       0.0      28.1 U0_UART/U0_UART_TX/U2/test_se
    0:00:07  328642.1      0.00       0.0      28.1 U0_UART/U0_UART_TX/U2/test_se
    0:00:07  328642.1      0.00       0.0      28.1 U0_UART/U0_UART_TX/U2/test_se
    0:00:07  328842.9      0.00       0.0      27.0 U0_ASYNC_FIFO/U0/test_se 
    0:00:07  328842.9      0.00       0.0      27.0 U0_ASYNC_FIFO/U0/test_se 
    0:00:07  328842.9      0.00       0.0      27.0 U0_ASYNC_FIFO/U0/test_se 
    0:00:07  329043.6      0.00       0.0      26.1 U0_UART/U0_UART_RX/U6/test_se
    0:00:07  329043.6      0.00       0.0      26.1 U0_UART/U0_UART_RX/U6/test_se
    0:00:07  329043.6      0.00       0.0      26.1 U0_UART/U0_UART_RX/U6/test_se
    0:00:07  329155.8      0.00       0.0      24.6 U0_UART/U0_UART_RX/test_se
    0:00:07  329155.8      0.00       0.0      24.6 U0_UART/U0_UART_RX/test_se
    0:00:07  329155.8      0.00       0.0      24.6 U0_UART/U0_UART_RX/test_se
    0:00:07  329356.6      0.00       0.0      23.4 U0_ASYNC_FIFO/U1/test_se 
    0:00:07  329356.6      0.00       0.0      23.4 U0_ASYNC_FIFO/U1/test_se 
    0:00:07  329356.6      0.00       0.0      23.4 U0_ASYNC_FIFO/U1/test_se 
    0:00:07  329557.4      0.00       0.0      22.5 U0_ASYNC_FIFO/U3/test_se 
    0:00:07  329557.4      0.00       0.0      22.5 U0_ASYNC_FIFO/U3/test_se 
    0:00:07  329557.4      0.00       0.0      22.5 U0_ASYNC_FIFO/U3/test_se 
    0:00:07  329657.8      0.00       0.0      22.2 U0_UART/U0_UART_TX/U3/test_se
    0:00:07  329858.6      0.00       0.0      21.2 U0_ASYNC_FIFO/U4/test_se 
    0:00:07  329858.6      0.00       0.0      21.2 U0_ASYNC_FIFO/U4/test_se 
    0:00:07  329858.6      0.00       0.0      21.2 U0_ASYNC_FIFO/U4/test_se 
    0:00:07  329959.0      0.00       0.0      20.9 U0_TX_CLK_DIV/test_se    
    0:00:07  330059.4      0.00       0.0      20.7 U1_RX_CLK_DIV/test_se    
    0:00:07  330171.5      0.00       0.0      17.8 U0_ASYNC_FIFO/U2/net13013
    0:00:07  330171.5      0.00       0.0      17.8 U0_ASYNC_FIFO/U2/net13013
    0:00:07  330372.3      0.00       0.0      17.6 U0_UART/U0_UART_TX/test_se
    0:00:07  330372.3      0.00       0.0      17.6 U0_UART/U0_UART_TX/test_se
    0:00:07  330372.3      0.00       0.0      17.6 U0_UART/U0_UART_TX/test_se
    0:00:07  330596.6      0.00       0.0      17.2 U0_ASYNC_FIFO/test_se    
    0:00:07  330596.6      0.00       0.0      17.2 U0_ASYNC_FIFO/test_se    
    0:00:07  330596.6      0.00       0.0      17.2 U0_ASYNC_FIFO/test_se    
    0:00:07  330652.7      0.00       0.0      16.1 U0_DATA_SYNC/test_se     
    0:00:07  330753.1      0.00       0.0      15.8 U0_ALU/test_se           
    0:00:07  330853.5      0.00       0.0      15.8 U0_UART/U0_UART_RX/U2/stp_err
    0:00:07  330803.3      0.00       0.0      15.8 U0_UART/U0_UART_TX/net13115
    0:00:07  330753.1      0.00       0.0      15.8 U0_UART/U0_UART_TX/net13115
    0:00:07  330865.3      0.00       0.0      13.0 U0_ASYNC_FIFO/U2/net13016
    0:00:07  330865.3      0.00       0.0      13.0 U0_ASYNC_FIFO/U2/net13016
    0:00:07  330921.3      0.00       0.0      12.6 U0_UART/U0_UART_RX/U5/test_se
    0:00:07  330921.3      0.00       0.0      12.4 U0_ASYNC_FIFO/net13123   
    0:00:07  330977.4      0.00       0.0      12.2 U0_REGFILE/net12981      
    0:00:07  331122.1      0.00       0.0      11.9 U0_ASYNC_FIFO/U2/net13003
    0:00:07  331122.1      0.00       0.0      11.9 U0_ASYNC_FIFO/U2/net13003
    0:00:07  331122.1      0.00       0.0      11.9 U0_ASYNC_FIFO/U2/net13003
    0:00:07  331178.2      0.00       0.0      10.6 U0_REGFILE/net12989      
    0:00:07  331178.2      0.00       0.0      10.6 U0_REGFILE/net12989      
    0:00:07  331234.3      0.00       0.0      10.4 U0_REGFILE/net12981      
    0:00:07  331379.0      0.00       0.0      10.2 U0_ASYNC_FIFO/U2/net13013
    0:00:07  331379.0      0.00       0.0      10.2 U0_ASYNC_FIFO/U2/net13013
    0:00:07  331379.0      0.00       0.0      10.2 U0_ASYNC_FIFO/U2/net13013
    0:00:07  331435.1      0.00       0.0      10.2 U0_SYS_CTRL/net13037     
    0:00:07  331435.1      0.00       0.0      10.2 U0_SYS_CTRL/net13036     
    0:00:07  331491.2      0.00       0.0      10.2 U0_UART/U0_UART_TX/U2/net13046
    0:00:07  331491.2      0.00       0.0      10.2 U0_SYS_CTRL/net13037     
    0:00:07  331441.0      0.00       0.0       9.4 SE                       
    0:00:07  331497.0      0.00       0.0       9.1 framing_error            
    0:00:07  331703.7      0.00       0.0       8.7 net12967                 
    0:00:07  331703.7      0.00       0.0       8.7 net12967                 
    0:00:07  331703.7      0.00       0.0       8.7 net12967                 
    0:00:07  331759.8      0.00       0.0       8.0 U0_REGFILE/test_se       
    0:00:07  331815.9      0.00       0.0       7.2 U0_REGFILE/test_se       
    0:00:07  331872.0      0.00       0.0       6.5 U0_REGFILE/test_se       
    0:00:07  331928.0      0.00       0.0       5.8 U0_REGFILE/test_se       
    0:00:07  332152.4      0.00       0.0       5.2 U0_REGFILE/test_se       
    0:00:07  332152.4      0.00       0.0       5.2 U0_REGFILE/test_se       
    0:00:07  332152.4      0.00       0.0       5.2 U0_REGFILE/test_se       
    0:00:07  332264.5      0.00       0.0       2.2 U0_REGFILE/net13200      
    0:00:07  332264.5      0.00       0.0       2.2 U0_REGFILE/net13200      
    0:00:07  332208.4      0.00       0.0       1.8 U0_REGFILE/net13190      
    0:00:07  332353.1      0.00       0.0       1.6 U0_REGFILE/net13192      
    0:00:07  332353.1      0.00       0.0       1.6 U0_REGFILE/net13192      
    0:00:07  332353.1      0.00       0.0       1.6 U0_REGFILE/net13192      
    0:00:07  332297.1      0.00       0.0       1.2 U0_REGFILE/net13194      
    0:00:07  332347.3      0.00       0.0       1.0 U0_REGFILE/net13196      
    0:00:07  332403.3      0.00       0.0       0.5 U0_REGFILE/net13206      
    0:00:07  332403.3      0.00       0.0       0.5 U0_REGFILE/net13206      
    0:00:07  332403.3      0.00       0.0       0.4 U0_ASYNC_FIFO/U2/test_se 
    0:00:07  332403.3      0.00       0.0       0.4 U0_REGFILE/net13001      
    0:00:07  332403.3      0.00       0.0       0.4 U0_REGFILE/net12999      
    0:00:07  332347.3      0.00       0.0       0.4 U0_REGFILE/net12991      


  Beginning Phase 2 Design Rule Fixing  (max_transition)  (max_capacitance)
  ------------------------------------

                                  TOTAL                                      
   ELAPSED            WORST NEG   SETUP    DESIGN                            
    TIME      AREA      SLACK     COST    RULE COST         ENDPOINT         
  --------- --------- --------- --------- --------- -------------------------

1
compile -scan -incremental
Information: Choosing a test methodology will restrict the optimization of sequential cells. (UIO-12)

Information: There are 59 potential problems in your design. Please run 'check_design' for more information. (LINT-99)


Warning: Operating condition scmetro_tsmc_cl013g_rvt_ss_1p08v_125c set on design SYSTEM_TOP has different process,
voltage and temperatures parameters than the parameters at which target library 
scmetro_tsmc_cl013g_rvt_tt_1p2v_25c is characterized. Delays may be inaccurate as a result. (OPT-998)

  Beginning Pass 1 Mapping  (Incremental)
  ------------------------

  Updating timing information
Information: Updating design information... (UID-85)

  Beginning Mapping Optimizations  (Medium effort)  (Incremental)
  -------------------------------

  Beginning Incremental Implementation Selection
  ----------------------------------------------
  Selecting implementations
  Selecting implementations
  Selecting implementations

  Beginning Delay Optimization Phase
  ----------------------------------

                                  TOTAL                                      
   ELAPSED            WORST NEG   SETUP    DESIGN                            
    TIME      AREA      SLACK     COST    RULE COST         ENDPOINT         
  --------- --------- --------- --------- --------- -------------------------
    0:00:01   27328.9      0.00       0.0       0.4                          
    0:00:02   27328.9      0.00       0.0       0.4                          
    0:00:02   27320.6      0.00       0.0       2.7                          


  Beginning Design Rule Fixing  (max_transition)  (max_capacitance)
  ----------------------------

                                  TOTAL                                      
   ELAPSED            WORST NEG   SETUP    DESIGN                            
    TIME      AREA      SLACK     COST    RULE COST         ENDPOINT         
  --------- --------- --------- --------- --------- -------------------------
    0:00:02   27320.6      0.00       0.0       2.7                          
    0:00:02   27325.3      0.00       0.0       0.0                          
Loading db file '/home/ICer/IC/Projects/System/std_cells/scmetro_tsmc_cl013g_rvt_tt_1p2v_25c.db'
Loading db file '/home/ICer/IC/Projects/System/std_cells/scmetro_tsmc_cl013g_rvt_ff_1p32v_m40c.db'
Loading db file '/home/ICer/IC/Projects/System/std_cells/scmetro_tsmc_cl013g_rvt_ss_1p08v_125c.db'


Note: Symbol # after min delay cost means estimated hold TNS across all active scenarios 


  Optimization Complete
  ---------------------
1
###################### Design Rule Checking #######################
dft_drc -verbose -coverage_estimate
In mode: Internal_scan...
  Design has scan chains in this mode
  Design is scan routed
  Post-DFT DRC enabled

Information: Starting test design rule checking. (TEST-222)
  Loading test protocol
  ...basic checks...
  ...basic sequential cell checks...
  ...checking vector rules...
  ...checking clock rules...
  ...checking scan chain rules...
  ...checking scan compression rules...
  ...checking X-state rules...
  ...checking tristate rules...
  ...extracting scan details...

-----------------------------------------------------------------
  DRC Report

  Total violations: 0

-----------------------------------------------------------------


Test Design rule checking did not find violations

-----------------------------------------------------------------
  Sequential Cell Report

  1 out of 381 sequential cells have violations

-----------------------------------------------------------------

SEQUENTIAL CELLS WITH VIOLATIONS
      *   1 cell is a clock gating cell
         U0_CLK_GATE/U0
SEQUENTIAL CELLS WITHOUT VIOLATIONS
      * 380 cells are valid scan cells
         U0_TX_CLK_DIV/divided_clk_reg
         U0_TX_CLK_DIV/clk_div_en_reg
         U0_TX_CLK_DIV/prev_div_ratio_reg[6]
         U0_TX_CLK_DIV/prev_div_ratio_reg[3]
         U0_TX_CLK_DIV/prev_div_ratio_reg[1]
         U0_TX_CLK_DIV/edge_count_reg[7]
         U0_TX_CLK_DIV/edge_count_reg[5]
         U0_TX_CLK_DIV/edge_count_reg[2]
         U0_TX_CLK_DIV/prev_div_ratio_reg[7]
         U0_TX_CLK_DIV/prev_div_ratio_reg[4]
         U0_TX_CLK_DIV/edge_count_reg[6]
         U0_TX_CLK_DIV/edge_count_reg[3]
         U0_TX_CLK_DIV/edge_count_reg[0]
         U0_TX_CLK_DIV/prev_div_ratio_reg[5]
         U0_TX_CLK_DIV/prev_div_ratio_reg[2]
         U0_TX_CLK_DIV/prev_div_ratio_reg[0]
         U0_TX_CLK_DIV/edge_count_reg[4]
         U0_TX_CLK_DIV/edge_count_reg[1]
         U1_RX_CLK_DIV/edge_count_reg[7]
         U1_RX_CLK_DIV/edge_count_reg[0]
         U1_RX_CLK_DIV/edge_count_reg[1]
         U1_RX_CLK_DIV/edge_count_reg[2]
         U1_RX_CLK_DIV/edge_count_reg[3]
         U1_RX_CLK_DIV/edge_count_reg[4]
         U1_RX_CLK_DIV/edge_count_reg[5]
         U1_RX_CLK_DIV/edge_count_reg[6]
         U1_RX_CLK_DIV/clk_div_en_reg
         U1_RX_CLK_DIV/prev_div_ratio_reg[2]
         U1_RX_CLK_DIV/prev_div_ratio_reg[3]
         U1_RX_CLK_DIV/prev_div_ratio_reg[4]
         U1_RX_CLK_DIV/prev_div_ratio_reg[5]
         U1_RX_CLK_DIV/prev_div_ratio_reg[6]
         U1_RX_CLK_DIV/prev_div_ratio_reg[7]
         U1_RX_CLK_DIV/prev_div_ratio_reg[0]
         U1_RX_CLK_DIV/prev_div_ratio_reg[1]
         U1_RX_CLK_DIV/divided_clk_reg
         U0_RST_SYNC/flops_reg[2]
         U0_RST_SYNC/flops_reg[0]
         U0_RST_SYNC/flops_reg[1]
         U1_RST_SYNC/flops_reg[2]
         U1_RST_SYNC/flops_reg[0]
         U1_RST_SYNC/flops_reg[1]
         U0_DATA_SYNC/enable_flop_reg
         U0_DATA_SYNC/multi_flops_reg[1]
         U0_DATA_SYNC/sync_bus_reg[7]
         U0_DATA_SYNC/sync_bus_reg[4]
         U0_DATA_SYNC/sync_bus_reg[5]
         U0_DATA_SYNC/sync_bus_reg[6]
         U0_DATA_SYNC/sync_bus_reg[3]
         U0_DATA_SYNC/sync_bus_reg[1]
         U0_DATA_SYNC/sync_bus_reg[2]
         U0_DATA_SYNC/sync_bus_reg[0]
         U0_DATA_SYNC/enable_pulse_reg
         U0_DATA_SYNC/multi_flops_reg[0]
         U0_SYS_CTRL/addr_reg_reg[3]
         U0_SYS_CTRL/addr_reg_reg[2]
         U0_SYS_CTRL/addr_reg_reg[1]
         U0_SYS_CTRL/addr_reg_reg[0]
         U0_SYS_CTRL/command_reg[1]
         U0_SYS_CTRL/command_reg[3]
         U0_SYS_CTRL/command_reg[0]
         U0_SYS_CTRL/command_reg[7]
         U0_SYS_CTRL/command_reg[5]
         U0_SYS_CTRL/command_reg[4]
         U0_SYS_CTRL/command_reg[2]
         U0_SYS_CTRL/command_reg[6]
         U0_SYS_CTRL/current_state_reg[1]
         U0_SYS_CTRL/current_state_reg[0]
         U0_SYS_CTRL/current_state_reg[2]
         U0_SYS_CTRL/current_state_reg[3]
         U0_REGFILE/RdData_reg[7]
         U0_REGFILE/RdData_reg[6]
         U0_REGFILE/RdData_reg[5]
         U0_REGFILE/RdData_reg[4]
         U0_REGFILE/RdData_reg[3]
         U0_REGFILE/RdData_reg[2]
         U0_REGFILE/RdData_reg[1]
         U0_REGFILE/RdData_reg[0]
         U0_REGFILE/Registers_reg[15][7]
         U0_REGFILE/Registers_reg[15][6]
         U0_REGFILE/Registers_reg[15][5]
         U0_REGFILE/Registers_reg[15][4]
         U0_REGFILE/Registers_reg[15][3]
         U0_REGFILE/Registers_reg[15][2]
         U0_REGFILE/Registers_reg[15][1]
         U0_REGFILE/Registers_reg[15][0]
         U0_REGFILE/Registers_reg[13][7]
         U0_REGFILE/Registers_reg[13][6]
         U0_REGFILE/Registers_reg[13][5]
         U0_REGFILE/Registers_reg[13][4]
         U0_REGFILE/Registers_reg[13][3]
         U0_REGFILE/Registers_reg[13][2]
         U0_REGFILE/Registers_reg[13][1]
         U0_REGFILE/Registers_reg[13][0]
         U0_REGFILE/Registers_reg[11][7]
         U0_REGFILE/Registers_reg[11][6]
         U0_REGFILE/Registers_reg[11][5]
         U0_REGFILE/Registers_reg[11][4]
         U0_REGFILE/Registers_reg[11][3]
         U0_REGFILE/Registers_reg[11][2]
         U0_REGFILE/Registers_reg[11][1]
         U0_REGFILE/Registers_reg[11][0]
         U0_REGFILE/Registers_reg[9][7]
         U0_REGFILE/Registers_reg[9][6]
         U0_REGFILE/Registers_reg[9][5]
         U0_REGFILE/Registers_reg[9][4]
         U0_REGFILE/Registers_reg[9][3]
         U0_REGFILE/Registers_reg[9][2]
         U0_REGFILE/Registers_reg[9][1]
         U0_REGFILE/Registers_reg[9][0]
         U0_REGFILE/Registers_reg[7][7]
         U0_REGFILE/Registers_reg[7][6]
         U0_REGFILE/Registers_reg[7][5]
         U0_REGFILE/Registers_reg[7][4]
         U0_REGFILE/Registers_reg[7][3]
         U0_REGFILE/Registers_reg[7][2]
         U0_REGFILE/Registers_reg[7][1]
         U0_REGFILE/Registers_reg[7][0]
         U0_REGFILE/Registers_reg[5][7]
         U0_REGFILE/Registers_reg[5][6]
         U0_REGFILE/Registers_reg[5][5]
         U0_REGFILE/Registers_reg[5][4]
         U0_REGFILE/Registers_reg[5][3]
         U0_REGFILE/Registers_reg[5][2]
         U0_REGFILE/Registers_reg[5][1]
         U0_REGFILE/Registers_reg[5][0]
         U0_REGFILE/Registers_reg[14][7]
         U0_REGFILE/Registers_reg[14][6]
         U0_REGFILE/Registers_reg[14][5]
         U0_REGFILE/Registers_reg[14][4]
         U0_REGFILE/Registers_reg[14][3]
         U0_REGFILE/Registers_reg[14][2]
         U0_REGFILE/Registers_reg[14][1]
         U0_REGFILE/Registers_reg[14][0]
         U0_REGFILE/Registers_reg[12][7]
         U0_REGFILE/Registers_reg[12][6]
         U0_REGFILE/Registers_reg[12][5]
         U0_REGFILE/Registers_reg[12][4]
         U0_REGFILE/Registers_reg[12][3]
         U0_REGFILE/Registers_reg[12][2]
         U0_REGFILE/Registers_reg[12][1]
         U0_REGFILE/Registers_reg[12][0]
         U0_REGFILE/Registers_reg[10][7]
         U0_REGFILE/Registers_reg[10][6]
         U0_REGFILE/Registers_reg[10][5]
         U0_REGFILE/Registers_reg[10][4]
         U0_REGFILE/Registers_reg[10][3]
         U0_REGFILE/Registers_reg[10][2]
         U0_REGFILE/Registers_reg[10][1]
         U0_REGFILE/Registers_reg[10][0]
         U0_REGFILE/Registers_reg[8][7]
         U0_REGFILE/Registers_reg[8][6]
         U0_REGFILE/Registers_reg[8][5]
         U0_REGFILE/Registers_reg[8][4]
         U0_REGFILE/Registers_reg[8][3]
         U0_REGFILE/Registers_reg[8][2]
         U0_REGFILE/Registers_reg[8][1]
         U0_REGFILE/Registers_reg[8][0]
         U0_REGFILE/Registers_reg[6][7]
         U0_REGFILE/Registers_reg[6][6]
         U0_REGFILE/Registers_reg[6][5]
         U0_REGFILE/Registers_reg[6][4]
         U0_REGFILE/Registers_reg[6][3]
         U0_REGFILE/Registers_reg[6][2]
         U0_REGFILE/Registers_reg[6][1]
         U0_REGFILE/Registers_reg[6][0]
         U0_REGFILE/Registers_reg[4][7]
         U0_REGFILE/Registers_reg[4][6]
         U0_REGFILE/Registers_reg[4][5]
         U0_REGFILE/Registers_reg[4][4]
         U0_REGFILE/Registers_reg[4][3]
         U0_REGFILE/Registers_reg[4][2]
         U0_REGFILE/Registers_reg[4][1]
         U0_REGFILE/Registers_reg[4][0]
         U0_REGFILE/Registers_reg[2][0]
         U0_REGFILE/Registers_reg[2][1]
         U0_REGFILE/Rd_Data_Valid_reg
         U0_REGFILE/Registers_reg[3][5]
         U0_REGFILE/Registers_reg[3][0]
         U0_REGFILE/Registers_reg[3][4]
         U0_REGFILE/Registers_reg[3][2]
         U0_REGFILE/Registers_reg[3][3]
         U0_REGFILE/Registers_reg[3][7]
         U0_REGFILE/Registers_reg[3][6]
         U0_REGFILE/Registers_reg[3][1]
         U0_REGFILE/Registers_reg[0][1]
         U0_REGFILE/Registers_reg[0][0]
         U0_REGFILE/Registers_reg[0][2]
         U0_REGFILE/Registers_reg[0][3]
         U0_REGFILE/Registers_reg[0][4]
         U0_REGFILE/Registers_reg[0][5]
         U0_REGFILE/Registers_reg[0][6]
         U0_REGFILE/Registers_reg[0][7]
         U0_REGFILE/Registers_reg[2][7]
         U0_REGFILE/Registers_reg[1][2]
         U0_REGFILE/Registers_reg[1][1]
         U0_REGFILE/Registers_reg[1][3]
         U0_REGFILE/Registers_reg[1][5]
         U0_REGFILE/Registers_reg[1][4]
         U0_REGFILE/Registers_reg[1][0]
         U0_REGFILE/Registers_reg[1][7]
         U0_REGFILE/Registers_reg[1][6]
         U0_REGFILE/Registers_reg[2][6]
         U0_REGFILE/Registers_reg[2][3]
         U0_REGFILE/Registers_reg[2][4]
         U0_REGFILE/Registers_reg[2][2]
         U0_REGFILE/Registers_reg[2][5]
         U0_ALU/ALU_OUT_reg[15]
         U0_ALU/ALU_OUT_reg[14]
         U0_ALU/ALU_OUT_reg[13]
         U0_ALU/ALU_OUT_reg[12]
         U0_ALU/ALU_OUT_reg[11]
         U0_ALU/ALU_OUT_reg[10]
         U0_ALU/ALU_OUT_reg[9]
         U0_ALU/ALU_OUT_reg[8]
         U0_ALU/ALU_OUT_reg[7]
         U0_ALU/ALU_OUT_reg[6]
         U0_ALU/ALU_OUT_reg[5]
         U0_ALU/ALU_OUT_reg[4]
         U0_ALU/ALU_OUT_reg[3]
         U0_ALU/ALU_OUT_reg[2]
         U0_ALU/ALU_OUT_reg[1]
         U0_ALU/ALU_OUT_reg[0]
         U0_ALU/out_valid_reg
         U0_Pulse_Gen/sync_reg_reg[1]
         U0_Pulse_Gen/sync_reg_reg[0]
         U0_Pulse_Gen/sync_reg
         U0_Pulse_Gen/sync_d_reg
         U0_ASYNC_FIFO/U0/rempty_reg_reg
         U0_ASYNC_FIFO/U0/rptr_gray_reg_reg[3]
         U0_ASYNC_FIFO/U0/rptr_gray_reg_reg[1]
         U0_ASYNC_FIFO/U0/rptr_gray_reg_reg[0]
         U0_ASYNC_FIFO/U0/rcounter_reg[3]
         U0_ASYNC_FIFO/U0/rcounter_reg[2]
         U0_ASYNC_FIFO/U0/rcounter_reg[1]
         U0_ASYNC_FIFO/U0/rptr_gray_reg_reg[2]
         U0_ASYNC_FIFO/U0/rcounter_reg[0]
         U0_ASYNC_FIFO/U1/wcounter_reg[3]
         U0_ASYNC_FIFO/U1/wcounter_reg[2]
         U0_ASYNC_FIFO/U1/wfull_reg_reg
         U0_ASYNC_FIFO/U1/wptr_gray_reg_reg[3]
         U0_ASYNC_FIFO/U1/wptr_gray_reg_reg[2]
         U0_ASYNC_FIFO/U1/wptr_gray_reg_reg[1]
         U0_ASYNC_FIFO/U1/wptr_gray_reg_reg[0]
         U0_ASYNC_FIFO/U1/wcounter_reg[1]
         U0_ASYNC_FIFO/U1/wcounter_reg[0]
         U0_ASYNC_FIFO/U2/fifo_mem_reg[1][7]
         U0_ASYNC_FIFO/U2/fifo_mem_reg[1][6]
         U0_ASYNC_FIFO/U2/fifo_mem_reg[1][5]
         U0_ASYNC_FIFO/U2/fifo_mem_reg[1][4]
         U0_ASYNC_FIFO/U2/fifo_mem_reg[1][3]
         U0_ASYNC_FIFO/U2/fifo_mem_reg[1][2]
         U0_ASYNC_FIFO/U2/fifo_mem_reg[1][1]
         U0_ASYNC_FIFO/U2/fifo_mem_reg[1][0]
         U0_ASYNC_FIFO/U2/fifo_mem_reg[0][7]
         U0_ASYNC_FIFO/U2/fifo_mem_reg[0][6]
         U0_ASYNC_FIFO/U2/fifo_mem_reg[0][5]
         U0_ASYNC_FIFO/U2/fifo_mem_reg[0][4]
         U0_ASYNC_FIFO/U2/fifo_mem_reg[0][3]
         U0_ASYNC_FIFO/U2/fifo_mem_reg[0][2]
         U0_ASYNC_FIFO/U2/fifo_mem_reg[0][1]
         U0_ASYNC_FIFO/U2/fifo_mem_reg[0][0]
         U0_ASYNC_FIFO/U2/fifo_mem_reg[5][7]
         U0_ASYNC_FIFO/U2/fifo_mem_reg[5][6]
         U0_ASYNC_FIFO/U2/fifo_mem_reg[5][5]
         U0_ASYNC_FIFO/U2/fifo_mem_reg[5][4]
         U0_ASYNC_FIFO/U2/fifo_mem_reg[5][3]
         U0_ASYNC_FIFO/U2/fifo_mem_reg[5][2]
         U0_ASYNC_FIFO/U2/fifo_mem_reg[5][1]
         U0_ASYNC_FIFO/U2/fifo_mem_reg[5][0]
         U0_ASYNC_FIFO/U2/fifo_mem_reg[4][7]
         U0_ASYNC_FIFO/U2/fifo_mem_reg[4][6]
         U0_ASYNC_FIFO/U2/fifo_mem_reg[4][5]
         U0_ASYNC_FIFO/U2/fifo_mem_reg[4][4]
         U0_ASYNC_FIFO/U2/fifo_mem_reg[4][3]
         U0_ASYNC_FIFO/U2/fifo_mem_reg[4][2]
         U0_ASYNC_FIFO/U2/fifo_mem_reg[4][1]
         U0_ASYNC_FIFO/U2/fifo_mem_reg[4][0]
         U0_ASYNC_FIFO/U2/fifo_mem_reg[7][7]
         U0_ASYNC_FIFO/U2/fifo_mem_reg[7][6]
         U0_ASYNC_FIFO/U2/fifo_mem_reg[7][5]
         U0_ASYNC_FIFO/U2/fifo_mem_reg[7][4]
         U0_ASYNC_FIFO/U2/fifo_mem_reg[7][3]
         U0_ASYNC_FIFO/U2/fifo_mem_reg[7][2]
         U0_ASYNC_FIFO/U2/fifo_mem_reg[7][1]
         U0_ASYNC_FIFO/U2/fifo_mem_reg[7][0]
         U0_ASYNC_FIFO/U2/fifo_mem_reg[6][7]
         U0_ASYNC_FIFO/U2/fifo_mem_reg[6][6]
         U0_ASYNC_FIFO/U2/fifo_mem_reg[6][5]
         U0_ASYNC_FIFO/U2/fifo_mem_reg[6][4]
         U0_ASYNC_FIFO/U2/fifo_mem_reg[6][3]
         U0_ASYNC_FIFO/U2/fifo_mem_reg[6][2]
         U0_ASYNC_FIFO/U2/fifo_mem_reg[6][1]
         U0_ASYNC_FIFO/U2/fifo_mem_reg[6][0]
         U0_ASYNC_FIFO/U2/fifo_mem_reg[3][7]
         U0_ASYNC_FIFO/U2/fifo_mem_reg[3][6]
         U0_ASYNC_FIFO/U2/fifo_mem_reg[3][5]
         U0_ASYNC_FIFO/U2/fifo_mem_reg[3][4]
         U0_ASYNC_FIFO/U2/fifo_mem_reg[3][3]
         U0_ASYNC_FIFO/U2/fifo_mem_reg[3][2]
         U0_ASYNC_FIFO/U2/fifo_mem_reg[3][1]
         U0_ASYNC_FIFO/U2/fifo_mem_reg[3][0]
         U0_ASYNC_FIFO/U2/fifo_mem_reg[2][7]
         U0_ASYNC_FIFO/U2/fifo_mem_reg[2][6]
         U0_ASYNC_FIFO/U2/fifo_mem_reg[2][5]
         U0_ASYNC_FIFO/U2/fifo_mem_reg[2][4]
         U0_ASYNC_FIFO/U2/fifo_mem_reg[2][3]
         U0_ASYNC_FIFO/U2/fifo_mem_reg[2][2]
         U0_ASYNC_FIFO/U2/fifo_mem_reg[2][1]
         U0_ASYNC_FIFO/U2/fifo_mem_reg[2][0]
         U0_ASYNC_FIFO/U3/sync_reg_reg[2]
         U0_ASYNC_FIFO/U3/sync_out_reg[0]
         U0_ASYNC_FIFO/U3/sync_reg_reg[3]
         U0_ASYNC_FIFO/U3/sync_reg_reg[1]
         U0_ASYNC_FIFO/U3/sync_reg_reg[0]
         U0_ASYNC_FIFO/U3/sync_out_reg[3]
         U0_ASYNC_FIFO/U3/sync_out_reg[2]
         U0_ASYNC_FIFO/U3/sync_out_reg[1]
         U0_ASYNC_FIFO/U4/sync_out_reg[1]
         U0_ASYNC_FIFO/U4/sync_out_reg[0]
         U0_ASYNC_FIFO/U4/sync_out_reg[3]
         U0_ASYNC_FIFO/U4/sync_out_reg[2]
         U0_ASYNC_FIFO/U4/sync_reg_reg[3]
         U0_ASYNC_FIFO/U4/sync_reg_reg[2]
         U0_ASYNC_FIFO/U4/sync_reg_reg[1]
         U0_ASYNC_FIFO/U4/sync_reg_reg[0]
         U0_UART/U0_UART_TX/U1/par_bit_reg
         U0_UART/U0_UART_TX/U2/ser_data_reg
         U0_UART/U0_UART_TX/U2/count_reg[0]
         U0_UART/U0_UART_TX/U2/Data_In_reg[0]
         U0_UART/U0_UART_TX/U2/Data_In_reg[7]
         U0_UART/U0_UART_TX/U2/Data_In_reg[5]
         U0_UART/U0_UART_TX/U2/Data_In_reg[3]
         U0_UART/U0_UART_TX/U2/Data_In_reg[1]
         U0_UART/U0_UART_TX/U2/Data_In_reg[6]
         U0_UART/U0_UART_TX/U2/Data_In_reg[4]
         U0_UART/U0_UART_TX/U2/Data_In_reg[2]
         U0_UART/U0_UART_TX/U2/ser_done_reg
         U0_UART/U0_UART_TX/U2/count_reg[2]
         U0_UART/U0_UART_TX/U2/count_reg[1]
         U0_UART/U0_UART_TX/U3/current_state_reg[2]
         U0_UART/U0_UART_TX/U3/current_state_reg[1]
         U0_UART/U0_UART_TX/U3/current_state_reg[0]
         U0_UART/U0_UART_RX/U0/par_err_reg
         U0_UART/U0_UART_RX/U1/strt_glitch_reg
         U0_UART/U0_UART_RX/U2/stp_err_reg
         U0_UART/U0_UART_RX/U3/third_sample_reg
         U0_UART/U0_UART_RX/U3/second_sample_reg
         U0_UART/U0_UART_RX/U3/first_sample_reg
         U0_UART/U0_UART_RX/U4/counter_reg[0]
         U0_UART/U0_UART_RX/U4/P_DATA_reg[2]
         U0_UART/U0_UART_RX/U4/counter_reg[1]
         U0_UART/U0_UART_RX/U4/counter_reg[2]
         U0_UART/U0_UART_RX/U4/P_DATA_reg[5]
         U0_UART/U0_UART_RX/U4/P_DATA_reg[0]
         U0_UART/U0_UART_RX/U4/P_DATA_reg[6]
         U0_UART/U0_UART_RX/U4/P_DATA_reg[1]
         U0_UART/U0_UART_RX/U4/P_DATA_reg[4]
         U0_UART/U0_UART_RX/U4/P_DATA_reg[7]
         U0_UART/U0_UART_RX/U4/P_DATA_reg[3]
         U0_UART/U0_UART_RX/U4/data_reg[6]
         U0_UART/U0_UART_RX/U4/data_reg[5]
         U0_UART/U0_UART_RX/U4/data_reg[4]
         U0_UART/U0_UART_RX/U4/data_reg[3]
         U0_UART/U0_UART_RX/U4/data_reg[2]
         U0_UART/U0_UART_RX/U4/data_reg[1]
         U0_UART/U0_UART_RX/U4/data_reg[0]
         U0_UART/U0_UART_RX/U5/edges_counter_reg[5]
         U0_UART/U0_UART_RX/U5/edges_counter_reg[3]
         U0_UART/U0_UART_RX/U5/edges_counter_reg[2]
         U0_UART/U0_UART_RX/U5/edges_counter_reg[4]
         U0_UART/U0_UART_RX/U5/edges_counter_reg[0]
         U0_UART/U0_UART_RX/U5/edges_counter_reg[1]
         U0_UART/U0_UART_RX/U6/data_counter_reg[1]
         U0_UART/U0_UART_RX/U6/data_counter_reg[0]
         U0_UART/U0_UART_RX/U6/current_state_reg[2]
         U0_UART/U0_UART_RX/U6/current_state_reg[0]
         U0_UART/U0_UART_RX/U6/data_valid_reg
         U0_UART/U0_UART_RX/U6/data_counter_reg[2]
         U0_UART/U0_UART_RX/U6/current_state_reg[1]

....Inferring feed-through connections....
Information: Test design rule checking completed. (TEST-123)
  Running test coverage estimation...
 17638 faults were added to fault list.
 0            7954   6050         0/0/0    65.12%      0.00
 0            1834   4214         1/0/0    75.62%      0.00
 0            1136   3076         3/0/0    82.13%      0.00
 0             573   2503         3/0/0    85.41%      0.00
 0             440   2058         6/0/0    87.95%      0.01
 0             431   1624         9/0/0    90.43%      0.01
 0             297   1325        11/0/0    92.14%      0.01
 0             152   1169        14/0/0    93.03%      0.01
 0             270    894        18/0/0    94.61%      0.01
 0             163    722        24/0/1    95.59%      0.01
 0             105    612        28/0/2    96.22%      0.01
 0             104    500        33/0/2    96.86%      0.01
 0             111    383        38/0/2    97.53%      0.02
 0              64    309        46/0/3    97.95%      0.02
 0              85    213        56/0/3    98.50%      0.02
 0              57    142        65/0/4    98.91%      0.02
 0              51     75        77/0/4    99.30%      0.02
 0              49     12        87/0/8    99.66%      0.02
 0               0     12        87/0/8    99.66%      0.02
 
            Pattern Summary Report
 -----------------------------------------------
 #internal patterns                           0
 -----------------------------------------------
 

     Uncollapsed Stuck Fault Summary Report
 -----------------------------------------------
 fault class                     code   #faults
 ------------------------------  ----  ---------
 Detected                         DT      17305
 Possibly detected                PT          1
 Undetectable                     UD        273
 ATPG untestable                  AU         48
 Not detected                     ND         11
 -----------------------------------------------
 total faults                             17638
 test coverage                            99.66%
 -----------------------------------------------
  Information: The test coverage above may be inferior
               than the real test coverage with customized
               protocol and test simulation library.
1
#############################################################################
# Write out files
#############################################################################
write_file -format verilog -hierarchy -output netlists/$top_module.ddc
Writing verilog file '/home/ICer/IC/Projects/System/DFT/netlists/SYSTEM_TOP.ddc'.
Warning: Verilog 'assign' or 'tran' statements are written out. (VO-4)
Warning: Changed instance name sync_reg to sync_reg_inst in module Pulse_Gen_test_1. Please use the change_names command to make the correct changes before invoking the verilog writer.   (VO-1)
1
write_file -format verilog -hierarchy -output netlists/$top_module.v
Writing verilog file '/home/ICer/IC/Projects/System/DFT/netlists/SYSTEM_TOP.v'.
Warning: Verilog 'assign' or 'tran' statements are written out. (VO-4)
Warning: Changed instance name sync_reg to sync_reg_inst in module Pulse_Gen_test_1. Please use the change_names command to make the correct changes before invoking the verilog writer.   (VO-1)
1
write_sdf  sdf/$top_module.sdf
Information: Annotated 'cell' delays are assumed to include load delay. (UID-282)
Information: Writing timing information to file '/home/ICer/IC/Projects/System/DFT/sdf/SYSTEM_TOP.sdf'. (WT-3)
Information: Updating design information... (UID-85)
1
write_sdc  -nosplit sdc/$top_module.sdc
1
####################### reporting ##########################################
report_area -hierarchy > reports/area.rpt
report_power -hierarchy > reports/power.rpt
report_timing -sort_by slack -max_paths 100 -delay_type min > reports/hold.rpt
report_timing -sort_by slack -max_paths 100 -delay_type max > reports/setup.rpt
report_clock -attributes > reports/clocks.rpt
################# starting graphical user interface #######################
#gui_start
exit

Memory usage for main task 309 Mbytes.
Memory usage for this session 309 Mbytes.
CPU usage for this session 9 seconds ( 0.00 hours ).

Thank you...
