 
****************************************
Report : timing
        -path full
        -delay min
        -max_paths 100
        -sort_by slack
Design : SYSTEM_TOP
Version: O-2018.06-SP1
Date   : Thu Oct  1 07:37:59 2026
****************************************

Operating Conditions: scmetro_tsmc_cl013g_rvt_ff_1p32v_m40c   Library: scmetro_tsmc_cl013g_rvt_ff_1p32v_m40c
Wire Load Model Mode: top

  Startpoint: U1_RX_CLK_DIV/clk_div_en_reg
              (rising edge-triggered flip-flop clocked by dft_clk)
  Endpoint: U1_RX_CLK_DIV/divided_clk_reg
            (rising edge-triggered flip-flop clocked by dft_clk)
  Path Group: dft_clk
  Path Type: min

  Des/Clust/Port     Wire Load Model       Library
  ------------------------------------------------
  SYSTEM_TOP         tsmc13_wl10           scmetro_tsmc_cl013g_rvt_ss_1p08v_125c

  Point                                                   Incr       Path
  --------------------------------------------------------------------------
  clock dft_clk (rise edge)                               0.00       0.00
  clock network delay (ideal)                             0.00       0.00
  U1_RX_CLK_DIV/clk_div_en_reg/CK (SDFFRX1M)              0.00       0.00 r
  U1_RX_CLK_DIV/clk_div_en_reg/QN (SDFFRX1M)              0.36       0.36 r
  U1_RX_CLK_DIV/divided_clk_reg/SI (SDFFSX1M)             0.00       0.36 r
  data arrival time                                                  0.36

  clock dft_clk (rise edge)                               0.00       0.00
  clock network delay (ideal)                             0.00       0.00
  clock uncertainty                                       0.10       0.10
  U1_RX_CLK_DIV/divided_clk_reg/CK (SDFFSX1M)             0.00       0.10 r
  library hold time                                      -0.17      -0.07
  data required time                                                -0.07
  --------------------------------------------------------------------------
  data required time                                                -0.07
  data arrival time                                                 -0.36
  --------------------------------------------------------------------------
  slack (MET)                                                        0.42


  Startpoint: U0_TX_CLK_DIV/clk_div_en_reg
              (rising edge-triggered flip-flop clocked by dft_clk)
  Endpoint: U0_TX_CLK_DIV/divided_clk_reg
            (rising edge-triggered flip-flop clocked by dft_clk)
  Path Group: dft_clk
  Path Type: min

  Des/Clust/Port     Wire Load Model       Library
  ------------------------------------------------
  SYSTEM_TOP         tsmc13_wl10           scmetro_tsmc_cl013g_rvt_ss_1p08v_125c

  Point                                                   Incr       Path
  --------------------------------------------------------------------------
  clock dft_clk (rise edge)                               0.00       0.00
  clock network delay (ideal)                             0.00       0.00
  U0_TX_CLK_DIV/clk_div_en_reg/CK (SDFFRX1M)              0.00       0.00 r
  U0_TX_CLK_DIV/clk_div_en_reg/QN (SDFFRX1M)              0.36       0.36 r
  U0_TX_CLK_DIV/divided_clk_reg/SI (SDFFSQX2M)            0.00       0.36 r
  data arrival time                                                  0.36

  clock dft_clk (rise edge)                               0.00       0.00
  clock network delay (ideal)                             0.00       0.00
  clock uncertainty                                       0.10       0.10
  U0_TX_CLK_DIV/divided_clk_reg/CK (SDFFSQX2M)            0.00       0.10 r
  library hold time                                      -0.17      -0.07
  data required time                                                -0.07
  --------------------------------------------------------------------------
  data required time                                                -0.07
  data arrival time                                                 -0.36
  --------------------------------------------------------------------------
  slack (MET)                                                        0.43


  Startpoint: U0_RST_SYNC/flops_reg[1]
              (rising edge-triggered flip-flop clocked by dft_clk)
  Endpoint: U0_RST_SYNC/flops_reg[2]
            (rising edge-triggered flip-flop clocked by dft_clk)
  Path Group: dft_clk
  Path Type: min

  Des/Clust/Port     Wire Load Model       Library
  ------------------------------------------------
  SYSTEM_TOP         tsmc13_wl10           scmetro_tsmc_cl013g_rvt_ss_1p08v_125c

  Point                                                   Incr       Path
  --------------------------------------------------------------------------
  clock dft_clk (rise edge)                               0.00       0.00
  clock network delay (ideal)                             0.00       0.00
  U0_RST_SYNC/flops_reg[1]/CK (SDFFRQX2M)                 0.00       0.00 r
  U0_RST_SYNC/flops_reg[1]/Q (SDFFRQX2M)                  0.47       0.47 r
  U0_RST_SYNC/flops_reg[2]/D (SDFFRQX2M)                  0.00       0.47 r
  data arrival time                                                  0.47

  clock dft_clk (rise edge)                               0.00       0.00
  clock network delay (ideal)                             0.00       0.00
  clock uncertainty                                       0.10       0.10
  U0_RST_SYNC/flops_reg[2]/CK (SDFFRQX2M)                 0.00       0.10 r
  library hold time                                      -0.19      -0.09
  data required time                                                -0.09
  --------------------------------------------------------------------------
  data required time                                                -0.09
  data arrival time                                                 -0.47
  --------------------------------------------------------------------------
  slack (MET)                                                        0.56


  Startpoint: U0_RST_SYNC/flops_reg[0]
              (rising edge-triggered flip-flop clocked by dft_clk)
  Endpoint: U0_RST_SYNC/flops_reg[1]
            (rising edge-triggered flip-flop clocked by dft_clk)
  Path Group: dft_clk
  Path Type: min

  Des/Clust/Port     Wire Load Model       Library
  ------------------------------------------------
  SYSTEM_TOP         tsmc13_wl10           scmetro_tsmc_cl013g_rvt_ss_1p08v_125c

  Point                                                   Incr       Path
  --------------------------------------------------------------------------
  clock dft_clk (rise edge)                               0.00       0.00
  clock network delay (ideal)                             0.00       0.00
  U0_RST_SYNC/flops_reg[0]/CK (SDFFRQX2M)                 0.00       0.00 r
  U0_RST_SYNC/flops_reg[0]/Q (SDFFRQX2M)                  0.47       0.47 r
  U0_RST_SYNC/flops_reg[1]/D (SDFFRQX2M)                  0.00       0.47 r
  data arrival time                                                  0.47

  clock dft_clk (rise edge)                               0.00       0.00
  clock network delay (ideal)                             0.00       0.00
  clock uncertainty                                       0.10       0.10
  U0_RST_SYNC/flops_reg[1]/CK (SDFFRQX2M)                 0.00       0.10 r
  library hold time                                      -0.19      -0.09
  data required time                                                -0.09
  --------------------------------------------------------------------------
  data required time                                                -0.09
  data arrival time                                                 -0.47
  --------------------------------------------------------------------------
  slack (MET)                                                        0.56


  Startpoint: U0_ASYNC_FIFO/U1/wptr_gray_reg_reg[2]
              (rising edge-triggered flip-flop clocked by dft_clk)
  Endpoint: U0_ASYNC_FIFO/U3/sync_reg_reg[2]
            (rising edge-triggered flip-flop clocked by dft_clk)
  Path Group: dft_clk
  Path Type: min

  Des/Clust/Port     Wire Load Model       Library
  ------------------------------------------------
  SYSTEM_TOP         tsmc13_wl10           scmetro_tsmc_cl013g_rvt_ss_1p08v_125c

  Point                                                   Incr       Path
  --------------------------------------------------------------------------
  clock dft_clk (rise edge)                               0.00       0.00
  clock network delay (ideal)                             0.00       0.00
  U0_ASYNC_FIFO/U1/wptr_gray_reg_reg[2]/CK (SDFFRQX2M)
                                                          0.00       0.00 r
  U0_ASYNC_FIFO/U1/wptr_gray_reg_reg[2]/Q (SDFFRQX2M)     0.47       0.47 r
  U0_ASYNC_FIFO/U1/wptr_gray[2] (FIFO_WR_test_1)          0.00       0.47 r
  U0_ASYNC_FIFO/U3/ptr[2] (DF_SYNC_test_0)                0.00       0.47 r
  U0_ASYNC_FIFO/U3/sync_reg_reg[2]/D (SDFFRQX2M)          0.00       0.47 r
  data arrival time                                                  0.47

  clock dft_clk (rise edge)                               0.00       0.00
  clock network delay (ideal)                             0.00       0.00
  clock uncertainty                                       0.10       0.10
  U0_ASYNC_FIFO/U3/sync_reg_reg[2]/CK (SDFFRQX2M)         0.00       0.10 r
  library hold time                                      -0.19      -0.09
  data required time                                                -0.09
  --------------------------------------------------------------------------
  data required time                                                -0.09
  data arrival time                                                 -0.47
  --------------------------------------------------------------------------
  slack (MET)                                                        0.56


  Startpoint: U0_ASYNC_FIFO/U3/sync_reg_reg[0]
              (rising edge-triggered flip-flop clocked by dft_clk)
  Endpoint: U0_ASYNC_FIFO/U3/sync_out_reg[0]
            (rising edge-triggered flip-flop clocked by dft_clk)
  Path Group: dft_clk
  Path Type: min

  Des/Clust/Port     Wire Load Model       Library
  ------------------------------------------------
  SYSTEM_TOP         tsmc13_wl10           scmetro_tsmc_cl013g_rvt_ss_1p08v_125c

  Point                                                   Incr       Path
  --------------------------------------------------------------------------
  clock dft_clk (rise edge)                               0.00       0.00
  clock network delay (ideal)                             0.00       0.00
  U0_ASYNC_FIFO/U3/sync_reg_reg[0]/CK (SDFFRQX2M)         0.00       0.00 r
  U0_ASYNC_FIFO/U3/sync_reg_reg[0]/Q (SDFFRQX2M)          0.47       0.47 r
  U0_ASYNC_FIFO/U3/sync_out_reg[0]/D (SDFFRQX2M)          0.00       0.47 r
  data arrival time                                                  0.47

  clock dft_clk (rise edge)                               0.00       0.00
  clock network delay (ideal)                             0.00       0.00
  clock uncertainty                                       0.10       0.10
  U0_ASYNC_FIFO/U3/sync_out_reg[0]/CK (SDFFRQX2M)         0.00       0.10 r
  library hold time                                      -0.19      -0.09
  data required time                                                -0.09
  --------------------------------------------------------------------------
  data required time                                                -0.09
  data arrival time                                                 -0.47
  --------------------------------------------------------------------------
  slack (MET)                                                        0.56


  Startpoint: U0_ASYNC_FIFO/U1/wptr_gray_reg_reg[3]
              (rising edge-triggered flip-flop clocked by dft_clk)
  Endpoint: U0_ASYNC_FIFO/U3/sync_reg_reg[3]
            (rising edge-triggered flip-flop clocked by dft_clk)
  Path Group: dft_clk
  Path Type: min

  Des/Clust/Port     Wire Load Model       Library
  ------------------------------------------------
  SYSTEM_TOP         tsmc13_wl10           scmetro_tsmc_cl013g_rvt_ss_1p08v_125c

  Point                                                   Incr       Path
  --------------------------------------------------------------------------
  clock dft_clk (rise edge)                               0.00       0.00
  clock network delay (ideal)                             0.00       0.00
  U0_ASYNC_FIFO/U1/wptr_gray_reg_reg[3]/CK (SDFFRQX2M)
                                                          0.00       0.00 r
  U0_ASYNC_FIFO/U1/wptr_gray_reg_reg[3]/Q (SDFFRQX2M)     0.47       0.47 r
  U0_ASYNC_FIFO/U1/wptr_gray[3] (FIFO_WR_test_1)          0.00       0.47 r
  U0_ASYNC_FIFO/U3/ptr[3] (DF_SYNC_test_0)                0.00       0.47 r
  U0_ASYNC_FIFO/U3/sync_reg_reg[3]/D (SDFFRQX2M)          0.00       0.47 r
  data arrival time                                                  0.47

  clock dft_clk (rise edge)                               0.00       0.00
  clock network delay (ideal)                             0.00       0.00
  clock uncertainty                                       0.10       0.10
  U0_ASYNC_FIFO/U3/sync_reg_reg[3]/CK (SDFFRQX2M)         0.00       0.10 r
  library hold time                                      -0.19      -0.09
  data required time                                                -0.09
  --------------------------------------------------------------------------
  data required time                                                -0.09
  data arrival time                                                 -0.47
  --------------------------------------------------------------------------
  slack (MET)                                                        0.56


  Startpoint: U0_ASYNC_FIFO/U1/wptr_gray_reg_reg[1]
              (rising edge-triggered flip-flop clocked by dft_clk)
  Endpoint: U0_ASYNC_FIFO/U3/sync_reg_reg[1]
            (rising edge-triggered flip-flop clocked by dft_clk)
  Path Group: dft_clk
  Path Type: min

  Des/Clust/Port     Wire Load Model       Library
  ------------------------------------------------
  SYSTEM_TOP         tsmc13_wl10           scmetro_tsmc_cl013g_rvt_ss_1p08v_125c

  Point                                                   Incr       Path
  --------------------------------------------------------------------------
  clock dft_clk (rise edge)                               0.00       0.00
  clock network delay (ideal)                             0.00       0.00
  U0_ASYNC_FIFO/U1/wptr_gray_reg_reg[1]/CK (SDFFRQX2M)
                                                          0.00       0.00 r
  U0_ASYNC_FIFO/U1/wptr_gray_reg_reg[1]/Q (SDFFRQX2M)     0.47       0.47 r
  U0_ASYNC_FIFO/U1/wptr_gray[1] (FIFO_WR_test_1)          0.00       0.47 r
  U0_ASYNC_FIFO/U3/ptr[1] (DF_SYNC_test_0)                0.00       0.47 r
  U0_ASYNC_FIFO/U3/sync_reg_reg[1]/D (SDFFRQX2M)          0.00       0.47 r
  data arrival time                                                  0.47

  clock dft_clk (rise edge)                               0.00       0.00
  clock network delay (ideal)                             0.00       0.00
  clock uncertainty                                       0.10       0.10
  U0_ASYNC_FIFO/U3/sync_reg_reg[1]/CK (SDFFRQX2M)         0.00       0.10 r
  library hold time                                      -0.19      -0.09
  data required time                                                -0.09
  --------------------------------------------------------------------------
  data required time                                                -0.09
  data arrival time                                                 -0.47
  --------------------------------------------------------------------------
  slack (MET)                                                        0.56


  Startpoint: U0_ASYNC_FIFO/U1/wptr_gray_reg_reg[0]
              (rising edge-triggered flip-flop clocked by dft_clk)
  Endpoint: U0_ASYNC_FIFO/U3/sync_reg_reg[0]
            (rising edge-triggered flip-flop clocked by dft_clk)
  Path Group: dft_clk
  Path Type: min

  Des/Clust/Port     Wire Load Model       Library
  ------------------------------------------------
  SYSTEM_TOP         tsmc13_wl10           scmetro_tsmc_cl013g_rvt_ss_1p08v_125c

  Point                                                   Incr       Path
  --------------------------------------------------------------------------
  clock dft_clk (rise edge)                               0.00       0.00
  clock network delay (ideal)                             0.00       0.00
  U0_ASYNC_FIFO/U1/wptr_gray_reg_reg[0]/CK (SDFFRQX2M)
                                                          0.00       0.00 r
  U0_ASYNC_FIFO/U1/wptr_gray_reg_reg[0]/Q (SDFFRQX2M)     0.47       0.47 r
  U0_ASYNC_FIFO/U1/wptr_gray[0] (FIFO_WR_test_1)          0.00       0.47 r
  U0_ASYNC_FIFO/U3/ptr[0] (DF_SYNC_test_0)                0.00       0.47 r
  U0_ASYNC_FIFO/U3/sync_reg_reg[0]/D (SDFFRQX2M)          0.00       0.47 r
  data arrival time                                                  0.47

  clock dft_clk (rise edge)                               0.00       0.00
  clock network delay (ideal)                             0.00       0.00
  clock uncertainty                                       0.10       0.10
  U0_ASYNC_FIFO/U3/sync_reg_reg[0]/CK (SDFFRQX2M)         0.00       0.10 r
  library hold time                                      -0.19      -0.09
  data required time                                                -0.09
  --------------------------------------------------------------------------
  data required time                                                -0.09
  data arrival time                                                 -0.47
  --------------------------------------------------------------------------
  slack (MET)                                                        0.56


  Startpoint: U0_ASYNC_FIFO/U3/sync_reg_reg[3]
              (rising edge-triggered flip-flop clocked by dft_clk)
  Endpoint: U0_ASYNC_FIFO/U3/sync_out_reg[3]
            (rising edge-triggered flip-flop clocked by dft_clk)
  Path Group: dft_clk
  Path Type: min

  Des/Clust/Port     Wire Load Model       Library
  ------------------------------------------------
  SYSTEM_TOP         tsmc13_wl10           scmetro_tsmc_cl013g_rvt_ss_1p08v_125c

  Point                                                   Incr       Path
  --------------------------------------------------------------------------
  clock dft_clk (rise edge)                               0.00       0.00
  clock network delay (ideal)                             0.00       0.00
  U0_ASYNC_FIFO/U3/sync_reg_reg[3]/CK (SDFFRQX2M)         0.00       0.00 r
  U0_ASYNC_FIFO/U3/sync_reg_reg[3]/Q (SDFFRQX2M)          0.47       0.47 r
  U0_ASYNC_FIFO/U3/sync_out_reg[3]/D (SDFFRQX2M)          0.00       0.47 r
  data arrival time                                                  0.47

  clock dft_clk (rise edge)                               0.00       0.00
  clock network delay (ideal)                             0.00       0.00
  clock uncertainty                                       0.10       0.10
  U0_ASYNC_FIFO/U3/sync_out_reg[3]/CK (SDFFRQX2M)         0.00       0.10 r
  library hold time                                      -0.19      -0.09
  data required time                                                -0.09
  --------------------------------------------------------------------------
  data required time                                                -0.09
  data arrival time                                                 -0.47
  --------------------------------------------------------------------------
  slack (MET)                                                        0.56


  Startpoint: U0_ASYNC_FIFO/U3/sync_reg_reg[2]
              (rising edge-triggered flip-flop clocked by dft_clk)
  Endpoint: U0_ASYNC_FIFO/U3/sync_out_reg[2]
            (rising edge-triggered flip-flop clocked by dft_clk)
  Path Group: dft_clk
  Path Type: min

  Des/Clust/Port     Wire Load Model       Library
  ------------------------------------------------
  SYSTEM_TOP         tsmc13_wl10           scmetro_tsmc_cl013g_rvt_ss_1p08v_125c

  Point                                                   Incr       Path
  --------------------------------------------------------------------------
  clock dft_clk (rise edge)                               0.00       0.00
  clock network delay (ideal)                             0.00       0.00
  U0_ASYNC_FIFO/U3/sync_reg_reg[2]/CK (SDFFRQX2M)         0.00       0.00 r
  U0_ASYNC_FIFO/U3/sync_reg_reg[2]/Q (SDFFRQX2M)          0.47       0.47 r
  U0_ASYNC_FIFO/U3/sync_out_reg[2]/D (SDFFRQX2M)          0.00       0.47 r
  data arrival time                                                  0.47

  clock dft_clk (rise edge)                               0.00       0.00
  clock network delay (ideal)                             0.00       0.00
  clock uncertainty                                       0.10       0.10
  U0_ASYNC_FIFO/U3/sync_out_reg[2]/CK (SDFFRQX2M)         0.00       0.10 r
  library hold time                                      -0.19      -0.09
  data required time                                                -0.09
  --------------------------------------------------------------------------
  data required time                                                -0.09
  data arrival time                                                 -0.47
  --------------------------------------------------------------------------
  slack (MET)                                                        0.56


  Startpoint: U0_ASYNC_FIFO/U3/sync_reg_reg[1]
              (rising edge-triggered flip-flop clocked by dft_clk)
  Endpoint: U0_ASYNC_FIFO/U3/sync_out_reg[1]
            (rising edge-triggered flip-flop clocked by dft_clk)
  Path Group: dft_clk
  Path Type: min

  Des/Clust/Port     Wire Load Model       Library
  ------------------------------------------------
  SYSTEM_TOP         tsmc13_wl10           scmetro_tsmc_cl013g_rvt_ss_1p08v_125c

  Point                                                   Incr       Path
  --------------------------------------------------------------------------
  clock dft_clk (rise edge)                               0.00       0.00
  clock network delay (ideal)                             0.00       0.00
  U0_ASYNC_FIFO/U3/sync_reg_reg[1]/CK (SDFFRQX2M)         0.00       0.00 r
  U0_ASYNC_FIFO/U3/sync_reg_reg[1]/Q (SDFFRQX2M)          0.47       0.47 r
  U0_ASYNC_FIFO/U3/sync_out_reg[1]/D (SDFFRQX2M)          0.00       0.47 r
  data arrival time                                                  0.47

  clock dft_clk (rise edge)                               0.00       0.00
  clock network delay (ideal)                             0.00       0.00
  clock uncertainty                                       0.10       0.10
  U0_ASYNC_FIFO/U3/sync_out_reg[1]/CK (SDFFRQX2M)         0.00       0.10 r
  library hold time                                      -0.19      -0.09
  data required time                                                -0.09
  --------------------------------------------------------------------------
  data required time                                                -0.09
  data arrival time                                                 -0.47
  --------------------------------------------------------------------------
  slack (MET)                                                        0.56


  Startpoint: U0_ASYNC_FIFO/U4/sync_reg_reg[1]
              (rising edge-triggered flip-flop clocked by dft_clk)
  Endpoint: U0_ASYNC_FIFO/U4/sync_out_reg[1]
            (rising edge-triggered flip-flop clocked by dft_clk)
  Path Group: dft_clk
  Path Type: min

  Des/Clust/Port     Wire Load Model       Library
  ------------------------------------------------
  SYSTEM_TOP         tsmc13_wl10           scmetro_tsmc_cl013g_rvt_ss_1p08v_125c

  Point                                                   Incr       Path
  --------------------------------------------------------------------------
  clock dft_clk (rise edge)                               0.00       0.00
  clock network delay (ideal)                             0.00       0.00
  U0_ASYNC_FIFO/U4/sync_reg_reg[1]/CK (SDFFRQX2M)         0.00       0.00 r
  U0_ASYNC_FIFO/U4/sync_reg_reg[1]/Q (SDFFRQX2M)          0.47       0.47 r
  U0_ASYNC_FIFO/U4/sync_out_reg[1]/D (SDFFRQX2M)          0.00       0.47 r
  data arrival time                                                  0.47

  clock dft_clk (rise edge)                               0.00       0.00
  clock network delay (ideal)                             0.00       0.00
  clock uncertainty                                       0.10       0.10
  U0_ASYNC_FIFO/U4/sync_out_reg[1]/CK (SDFFRQX2M)         0.00       0.10 r
  library hold time                                      -0.19      -0.09
  data required time                                                -0.09
  --------------------------------------------------------------------------
  data required time                                                -0.09
  data arrival time                                                 -0.47
  --------------------------------------------------------------------------
  slack (MET)                                                        0.56


  Startpoint: U0_ASYNC_FIFO/U4/sync_reg_reg[0]
              (rising edge-triggered flip-flop clocked by dft_clk)
  Endpoint: U0_ASYNC_FIFO/U4/sync_out_reg[0]
            (rising edge-triggered flip-flop clocked by dft_clk)
  Path Group: dft_clk
  Path Type: min

  Des/Clust/Port     Wire Load Model       Library
  ------------------------------------------------
  SYSTEM_TOP         tsmc13_wl10           scmetro_tsmc_cl013g_rvt_ss_1p08v_125c

  Point                                                   Incr       Path
  --------------------------------------------------------------------------
  clock dft_clk (rise edge)                               0.00       0.00
  clock network delay (ideal)                             0.00       0.00
  U0_ASYNC_FIFO/U4/sync_reg_reg[0]/CK (SDFFRQX2M)         0.00       0.00 r
  U0_ASYNC_FIFO/U4/sync_reg_reg[0]/Q (SDFFRQX2M)          0.47       0.47 r
  U0_ASYNC_FIFO/U4/sync_out_reg[0]/D (SDFFRQX2M)          0.00       0.47 r
  data arrival time                                                  0.47

  clock dft_clk (rise edge)                               0.00       0.00
  clock network delay (ideal)                             0.00       0.00
  clock uncertainty                                       0.10       0.10
  U0_ASYNC_FIFO/U4/sync_out_reg[0]/CK (SDFFRQX2M)         0.00       0.10 r
  library hold time                                      -0.19      -0.09
  data required time                                                -0.09
  --------------------------------------------------------------------------
  data required time                                                -0.09
  data arrival time                                                 -0.47
  --------------------------------------------------------------------------
  slack (MET)                                                        0.56


  Startpoint: U0_ASYNC_FIFO/U4/sync_reg_reg[3]
              (rising edge-triggered flip-flop clocked by dft_clk)
  Endpoint: U0_ASYNC_FIFO/U4/sync_out_reg[3]
            (rising edge-triggered flip-flop clocked by dft_clk)
  Path Group: dft_clk
  Path Type: min

  Des/Clust/Port     Wire Load Model       Library
  ------------------------------------------------
  SYSTEM_TOP         tsmc13_wl10           scmetro_tsmc_cl013g_rvt_ss_1p08v_125c

  Point                                                   Incr       Path
  --------------------------------------------------------------------------
  clock dft_clk (rise edge)                               0.00       0.00
  clock network delay (ideal)                             0.00       0.00
  U0_ASYNC_FIFO/U4/sync_reg_reg[3]/CK (SDFFRQX2M)         0.00       0.00 r
  U0_ASYNC_FIFO/U4/sync_reg_reg[3]/Q (SDFFRQX2M)          0.47       0.47 r
  U0_ASYNC_FIFO/U4/sync_out_reg[3]/D (SDFFRQX2M)          0.00       0.47 r
  data arrival time                                                  0.47

  clock dft_clk (rise edge)                               0.00       0.00
  clock network delay (ideal)                             0.00       0.00
  clock uncertainty                                       0.10       0.10
  U0_ASYNC_FIFO/U4/sync_out_reg[3]/CK (SDFFRQX2M)         0.00       0.10 r
  library hold time                                      -0.19      -0.09
  data required time                                                -0.09
  --------------------------------------------------------------------------
  data required time                                                -0.09
  data arrival time                                                 -0.47
  --------------------------------------------------------------------------
  slack (MET)                                                        0.56


  Startpoint: U0_ASYNC_FIFO/U4/sync_reg_reg[2]
              (rising edge-triggered flip-flop clocked by dft_clk)
  Endpoint: U0_ASYNC_FIFO/U4/sync_out_reg[2]
            (rising edge-triggered flip-flop clocked by dft_clk)
  Path Group: dft_clk
  Path Type: min

  Des/Clust/Port     Wire Load Model       Library
  ------------------------------------------------
  SYSTEM_TOP         tsmc13_wl10           scmetro_tsmc_cl013g_rvt_ss_1p08v_125c

  Point                                                   Incr       Path
  --------------------------------------------------------------------------
  clock dft_clk (rise edge)                               0.00       0.00
  clock network delay (ideal)                             0.00       0.00
  U0_ASYNC_FIFO/U4/sync_reg_reg[2]/CK (SDFFRQX2M)         0.00       0.00 r
  U0_ASYNC_FIFO/U4/sync_reg_reg[2]/Q (SDFFRQX2M)          0.47       0.47 r
  U0_ASYNC_FIFO/U4/sync_out_reg[2]/D (SDFFRQX2M)          0.00       0.47 r
  data arrival time                                                  0.47

  clock dft_clk (rise edge)                               0.00       0.00
  clock network delay (ideal)                             0.00       0.00
  clock uncertainty                                       0.10       0.10
  U0_ASYNC_FIFO/U4/sync_out_reg[2]/CK (SDFFRQX2M)         0.00       0.10 r
  library hold time                                      -0.19      -0.09
  data required time                                                -0.09
  --------------------------------------------------------------------------
  data required time                                                -0.09
  data arrival time                                                 -0.47
  --------------------------------------------------------------------------
  slack (MET)                                                        0.56


  Startpoint: U0_DATA_SYNC/multi_flops_reg[0]
              (rising edge-triggered flip-flop clocked by dft_clk)
  Endpoint: U0_DATA_SYNC/multi_flops_reg[1]
            (rising edge-triggered flip-flop clocked by dft_clk)
  Path Group: dft_clk
  Path Type: min

  Des/Clust/Port     Wire Load Model       Library
  ------------------------------------------------
  SYSTEM_TOP         tsmc13_wl10           scmetro_tsmc_cl013g_rvt_ss_1p08v_125c

  Point                                                   Incr       Path
  --------------------------------------------------------------------------
  clock dft_clk (rise edge)                               0.00       0.00
  clock network delay (ideal)                             0.00       0.00
  U0_DATA_SYNC/multi_flops_reg[0]/CK (SDFFRQX2M)          0.00       0.00 r
  U0_DATA_SYNC/multi_flops_reg[0]/Q (SDFFRQX2M)           0.47       0.47 r
  U0_DATA_SYNC/multi_flops_reg[1]/D (SDFFRQX2M)           0.00       0.47 r
  data arrival time                                                  0.47

  clock dft_clk (rise edge)                               0.00       0.00
  clock network delay (ideal)                             0.00       0.00
  clock uncertainty                                       0.10       0.10
  U0_DATA_SYNC/multi_flops_reg[1]/CK (SDFFRQX2M)          0.00       0.10 r
  library hold time                                      -0.19      -0.09
  data required time                                                -0.09
  --------------------------------------------------------------------------
  data required time                                                -0.09
  data arrival time                                                 -0.47
  --------------------------------------------------------------------------
  slack (MET)                                                        0.56


  Startpoint: U0_UART/U0_UART_RX/U6/data_valid_reg
              (rising edge-triggered flip-flop clocked by dft_clk)
  Endpoint: U0_DATA_SYNC/multi_flops_reg[0]
            (rising edge-triggered flip-flop clocked by dft_clk)
  Path Group: dft_clk
  Path Type: min

  Des/Clust/Port     Wire Load Model       Library
  ------------------------------------------------
  SYSTEM_TOP         tsmc13_wl10           scmetro_tsmc_cl013g_rvt_ss_1p08v_125c

  Point                                                   Incr       Path
  --------------------------------------------------------------------------
  clock dft_clk (rise edge)                               0.00       0.00
  clock network delay (ideal)                             0.00       0.00
  U0_UART/U0_UART_RX/U6/data_valid_reg/CK (SDFFRQX2M)     0.00       0.00 r
  U0_UART/U0_UART_RX/U6/data_valid_reg/Q (SDFFRQX2M)      0.47       0.47 r
  U0_UART/U0_UART_RX/U6/data_valid (FSM_RX_test_1)        0.00       0.47 r
  U0_UART/U0_UART_RX/data_valid (UART_RX_test_1)          0.00       0.47 r
  U0_UART/RX_OUT_V (UART_test_1)                          0.00       0.47 r
  U0_DATA_SYNC/bus_enable (DATA_SYNC_test_1)              0.00       0.47 r
  U0_DATA_SYNC/multi_flops_reg[0]/D (SDFFRQX2M)           0.00       0.47 r
  data arrival time                                                  0.47

  clock dft_clk (rise edge)                               0.00       0.00
  clock network delay (ideal)                             0.00       0.00
  clock uncertainty                                       0.10       0.10
  U0_DATA_SYNC/multi_flops_reg[0]/CK (SDFFRQX2M)          0.00       0.10 r
  library hold time                                      -0.19      -0.09
  data required time                                                -0.09
  --------------------------------------------------------------------------
  data required time                                                -0.09
  data arrival time                                                 -0.47
  --------------------------------------------------------------------------
  slack (MET)                                                        0.56


  Startpoint: U0_RST_SYNC/flops_reg[1]
              (rising edge-triggered flip-flop clocked by dft_clk)
  Endpoint: U0_RST_SYNC/flops_reg[2]
            (rising edge-triggered flip-flop clocked by dft_clk)
  Path Group: dft_clk
  Path Type: min

  Des/Clust/Port     Wire Load Model       Library
  ------------------------------------------------
  SYSTEM_TOP         tsmc13_wl10           scmetro_tsmc_cl013g_rvt_ss_1p08v_125c

  Point                                                   Incr       Path
  --------------------------------------------------------------------------
  clock dft_clk (rise edge)                               0.00       0.00
  clock network delay (ideal)                             0.00       0.00
  U0_RST_SYNC/flops_reg[1]/CK (SDFFRQX2M)                 0.00       0.00 r
  U0_RST_SYNC/flops_reg[1]/Q (SDFFRQX2M)                  0.47       0.47 r
  U0_RST_SYNC/flops_reg[2]/SI (SDFFRQX2M)                 0.00       0.47 r
  data arrival time                                                  0.47

  clock dft_clk (rise edge)                               0.00       0.00
  clock network delay (ideal)                             0.00       0.00
  clock uncertainty                                       0.10       0.10
  U0_RST_SYNC/flops_reg[2]/CK (SDFFRQX2M)                 0.00       0.10 r
  library hold time                                      -0.20      -0.10
  data required time                                                -0.10
  --------------------------------------------------------------------------
  data required time                                                -0.10
  data arrival time                                                 -0.47
  --------------------------------------------------------------------------
  slack (MET)                                                        0.57


  Startpoint: U0_RST_SYNC/flops_reg[0]
              (rising edge-triggered flip-flop clocked by dft_clk)
  Endpoint: U0_RST_SYNC/flops_reg[1]
            (rising edge-triggered flip-flop clocked by dft_clk)
  Path Group: dft_clk
  Path Type: min

  Des/Clust/Port     Wire Load Model       Library
  ------------------------------------------------
  SYSTEM_TOP         tsmc13_wl10           scmetro_tsmc_cl013g_rvt_ss_1p08v_125c

  Point                                                   Incr       Path
  --------------------------------------------------------------------------
  clock dft_clk (rise edge)                               0.00       0.00
  clock network delay (ideal)                             0.00       0.00
  U0_RST_SYNC/flops_reg[0]/CK (SDFFRQX2M)                 0.00       0.00 r
  U0_RST_SYNC/flops_reg[0]/Q (SDFFRQX2M)                  0.47       0.47 r
  U0_RST_SYNC/flops_reg[1]/SI (SDFFRQX2M)                 0.00       0.47 r
  data arrival time                                                  0.47

  clock dft_clk (rise edge)                               0.00       0.00
  clock network delay (ideal)                             0.00       0.00
  clock uncertainty                                       0.10       0.10
  U0_RST_SYNC/flops_reg[1]/CK (SDFFRQX2M)                 0.00       0.10 r
  library hold time                                      -0.20      -0.10
  data required time                                                -0.10
  --------------------------------------------------------------------------
  data required time                                                -0.10
  data arrival time                                                 -0.47
  --------------------------------------------------------------------------
  slack (MET)                                                        0.57


  Startpoint: U0_ASYNC_FIFO/U3/sync_reg_reg[1]
              (rising edge-triggered flip-flop clocked by dft_clk)
  Endpoint: U0_ASYNC_FIFO/U3/sync_reg_reg[2]
            (rising edge-triggered flip-flop clocked by dft_clk)
  Path Group: dft_clk
  Path Type: min

  Des/Clust/Port     Wire Load Model       Library
  ------------------------------------------------
  SYSTEM_TOP         tsmc13_wl10           scmetro_tsmc_cl013g_rvt_ss_1p08v_125c

  Point                                                   Incr       Path
  --------------------------------------------------------------------------
  clock dft_clk (rise edge)                               0.00       0.00
  clock network delay (ideal)                             0.00       0.00
  U0_ASYNC_FIFO/U3/sync_reg_reg[1]/CK (SDFFRQX2M)         0.00       0.00 r
  U0_ASYNC_FIFO/U3/sync_reg_reg[1]/Q (SDFFRQX2M)          0.47       0.47 r
  U0_ASYNC_FIFO/U3/sync_reg_reg[2]/SI (SDFFRQX2M)         0.00       0.47 r
  data arrival time                                                  0.47

  clock dft_clk (rise edge)                               0.00       0.00
  clock network delay (ideal)                             0.00       0.00
  clock uncertainty                                       0.10       0.10
  U0_ASYNC_FIFO/U3/sync_reg_reg[2]/CK (SDFFRQX2M)         0.00       0.10 r
  library hold time                                      -0.20      -0.10
  data required time                                                -0.10
  --------------------------------------------------------------------------
  data required time                                                -0.10
  data arrival time                                                 -0.47
  --------------------------------------------------------------------------
  slack (MET)                                                        0.57


  Startpoint: U0_ASYNC_FIFO/U3/sync_reg_reg[2]
              (rising edge-triggered flip-flop clocked by dft_clk)
  Endpoint: U0_ASYNC_FIFO/U3/sync_reg_reg[3]
            (rising edge-triggered flip-flop clocked by dft_clk)
  Path Group: dft_clk
  Path Type: min

  Des/Clust/Port     Wire Load Model       Library
  ------------------------------------------------
  SYSTEM_TOP         tsmc13_wl10           scmetro_tsmc_cl013g_rvt_ss_1p08v_125c

  Point                                                   Incr       Path
  --------------------------------------------------------------------------
  clock dft_clk (rise edge)                               0.00       0.00
  clock network delay (ideal)                             0.00       0.00
  U0_ASYNC_FIFO/U3/sync_reg_reg[2]/CK (SDFFRQX2M)         0.00       0.00 r
  U0_ASYNC_FIFO/U3/sync_reg_reg[2]/Q (SDFFRQX2M)          0.47       0.47 r
  U0_ASYNC_FIFO/U3/sync_reg_reg[3]/SI (SDFFRQX2M)         0.00       0.47 r
  data arrival time                                                  0.47

  clock dft_clk (rise edge)                               0.00       0.00
  clock network delay (ideal)                             0.00       0.00
  clock uncertainty                                       0.10       0.10
  U0_ASYNC_FIFO/U3/sync_reg_reg[3]/CK (SDFFRQX2M)         0.00       0.10 r
  library hold time                                      -0.20      -0.10
  data required time                                                -0.10
  --------------------------------------------------------------------------
  data required time                                                -0.10
  data arrival time                                                 -0.47
  --------------------------------------------------------------------------
  slack (MET)                                                        0.57


  Startpoint: U0_ASYNC_FIFO/U3/sync_reg_reg[0]
              (rising edge-triggered flip-flop clocked by dft_clk)
  Endpoint: U0_ASYNC_FIFO/U3/sync_reg_reg[1]
            (rising edge-triggered flip-flop clocked by dft_clk)
  Path Group: dft_clk
  Path Type: min

  Des/Clust/Port     Wire Load Model       Library
  ------------------------------------------------
  SYSTEM_TOP         tsmc13_wl10           scmetro_tsmc_cl013g_rvt_ss_1p08v_125c

  Point                                                   Incr       Path
  --------------------------------------------------------------------------
  clock dft_clk (rise edge)                               0.00       0.00
  clock network delay (ideal)                             0.00       0.00
  U0_ASYNC_FIFO/U3/sync_reg_reg[0]/CK (SDFFRQX2M)         0.00       0.00 r
  U0_ASYNC_FIFO/U3/sync_reg_reg[0]/Q (SDFFRQX2M)          0.47       0.47 r
  U0_ASYNC_FIFO/U3/sync_reg_reg[1]/SI (SDFFRQX2M)         0.00       0.47 r
  data arrival time                                                  0.47

  clock dft_clk (rise edge)                               0.00       0.00
  clock network delay (ideal)                             0.00       0.00
  clock uncertainty                                       0.10       0.10
  U0_ASYNC_FIFO/U3/sync_reg_reg[1]/CK (SDFFRQX2M)         0.00       0.10 r
  library hold time                                      -0.20      -0.10
  data required time                                                -0.10
  --------------------------------------------------------------------------
  data required time                                                -0.10
  data arrival time                                                 -0.47
  --------------------------------------------------------------------------
  slack (MET)                                                        0.57


  Startpoint: U0_ASYNC_FIFO/U3/sync_reg_reg[3]
              (rising edge-triggered flip-flop clocked by dft_clk)
  Endpoint: U0_ASYNC_FIFO/U4/sync_out_reg[0]
            (rising edge-triggered flip-flop clocked by dft_clk)
  Path Group: dft_clk
  Path Type: min

  Des/Clust/Port     Wire Load Model       Library
  ------------------------------------------------
  SYSTEM_TOP         tsmc13_wl10           scmetro_tsmc_cl013g_rvt_ss_1p08v_125c

  Point                                                   Incr       Path
  --------------------------------------------------------------------------
  clock dft_clk (rise edge)                               0.00       0.00
  clock network delay (ideal)                             0.00       0.00
  U0_ASYNC_FIFO/U3/sync_reg_reg[3]/CK (SDFFRQX2M)         0.00       0.00 r
  U0_ASYNC_FIFO/U3/sync_reg_reg[3]/Q (SDFFRQX2M)          0.47       0.47 r
  U0_ASYNC_FIFO/U3/test_so (DF_SYNC_test_0)               0.00       0.47 r
  U0_ASYNC_FIFO/U4/test_si (DF_SYNC_test_1)               0.00       0.47 r
  U0_ASYNC_FIFO/U4/sync_out_reg[0]/SI (SDFFRQX2M)         0.00       0.47 r
  data arrival time                                                  0.47

  clock dft_clk (rise edge)                               0.00       0.00
  clock network delay (ideal)                             0.00       0.00
  clock uncertainty                                       0.10       0.10
  U0_ASYNC_FIFO/U4/sync_out_reg[0]/CK (SDFFRQX2M)         0.00       0.10 r
  library hold time                                      -0.20      -0.10
  data required time                                                -0.10
  --------------------------------------------------------------------------
  data required time                                                -0.10
  data arrival time                                                 -0.47
  --------------------------------------------------------------------------
  slack (MET)                                                        0.57


  Startpoint: U0_ASYNC_FIFO/U4/sync_reg_reg[2]
              (rising edge-triggered flip-flop clocked by dft_clk)
  Endpoint: U0_ASYNC_FIFO/U4/sync_reg_reg[3]
            (rising edge-triggered flip-flop clocked by dft_clk)
  Path Group: dft_clk
  Path Type: min

  Des/Clust/Port     Wire Load Model       Library
  ------------------------------------------------
  SYSTEM_TOP         tsmc13_wl10           scmetro_tsmc_cl013g_rvt_ss_1p08v_125c

  Point                                                   Incr       Path
  --------------------------------------------------------------------------
  clock dft_clk (rise edge)                               0.00       0.00
  clock network delay (ideal)                             0.00       0.00
  U0_ASYNC_FIFO/U4/sync_reg_reg[2]/CK (SDFFRQX2M)         0.00       0.00 r
  U0_ASYNC_FIFO/U4/sync_reg_reg[2]/Q (SDFFRQX2M)          0.47       0.47 r
  U0_ASYNC_FIFO/U4/sync_reg_reg[3]/SI (SDFFRQX2M)         0.00       0.47 r
  data arrival time                                                  0.47

  clock dft_clk (rise edge)                               0.00       0.00
  clock network delay (ideal)                             0.00       0.00
  clock uncertainty                                       0.10       0.10
  U0_ASYNC_FIFO/U4/sync_reg_reg[3]/CK (SDFFRQX2M)         0.00       0.10 r
  library hold time                                      -0.20      -0.10
  data required time                                                -0.10
  --------------------------------------------------------------------------
  data required time                                                -0.10
  data arrival time                                                 -0.47
  --------------------------------------------------------------------------
  slack (MET)                                                        0.57


  Startpoint: U0_ASYNC_FIFO/U4/sync_reg_reg[1]
              (rising edge-triggered flip-flop clocked by dft_clk)
  Endpoint: U0_ASYNC_FIFO/U4/sync_reg_reg[2]
            (rising edge-triggered flip-flop clocked by dft_clk)
  Path Group: dft_clk
  Path Type: min

  Des/Clust/Port     Wire Load Model       Library
  ------------------------------------------------
  SYSTEM_TOP         tsmc13_wl10           scmetro_tsmc_cl013g_rvt_ss_1p08v_125c

  Point                                                   Incr       Path
  --------------------------------------------------------------------------
  clock dft_clk (rise edge)                               0.00       0.00
  clock network delay (ideal)                             0.00       0.00
  U0_ASYNC_FIFO/U4/sync_reg_reg[1]/CK (SDFFRQX2M)         0.00       0.00 r
  U0_ASYNC_FIFO/U4/sync_reg_reg[1]/Q (SDFFRQX2M)          0.47       0.47 r
  U0_ASYNC_FIFO/U4/sync_reg_reg[2]/SI (SDFFRQX2M)         0.00       0.47 r
  data arrival time                                                  0.47

  clock dft_clk (rise edge)                               0.00       0.00
  clock network delay (ideal)                             0.00       0.00
  clock uncertainty                                       0.10       0.10
  U0_ASYNC_FIFO/U4/sync_reg_reg[2]/CK (SDFFRQX2M)         0.00       0.10 r
  library hold time                                      -0.20      -0.10
  data required time                                                -0.10
  --------------------------------------------------------------------------
  data required time                                                -0.10
  data arrival time                                                 -0.47
  --------------------------------------------------------------------------
  slack (MET)                                                        0.57


  Startpoint: U0_ASYNC_FIFO/U4/sync_reg_reg[0]
              (rising edge-triggered flip-flop clocked by dft_clk)
  Endpoint: U0_ASYNC_FIFO/U4/sync_reg_reg[1]
            (rising edge-triggered flip-flop clocked by dft_clk)
  Path Group: dft_clk
  Path Type: min

  Des/Clust/Port     Wire Load Model       Library
  ------------------------------------------------
  SYSTEM_TOP         tsmc13_wl10           scmetro_tsmc_cl013g_rvt_ss_1p08v_125c

  Point                                                   Incr       Path
  --------------------------------------------------------------------------
  clock dft_clk (rise edge)                               0.00       0.00
  clock network delay (ideal)                             0.00       0.00
  U0_ASYNC_FIFO/U4/sync_reg_reg[0]/CK (SDFFRQX2M)         0.00       0.00 r
  U0_ASYNC_FIFO/U4/sync_reg_reg[0]/Q (SDFFRQX2M)          0.47       0.47 r
  U0_ASYNC_FIFO/U4/sync_reg_reg[1]/SI (SDFFRQX2M)         0.00       0.47 r
  data arrival time                                                  0.47

  clock dft_clk (rise edge)                               0.00       0.00
  clock network delay (ideal)                             0.00       0.00
  clock uncertainty                                       0.10       0.10
  U0_ASYNC_FIFO/U4/sync_reg_reg[1]/CK (SDFFRQX2M)         0.00       0.10 r
  library hold time                                      -0.20      -0.10
  data required time                                                -0.10
  --------------------------------------------------------------------------
  data required time                                                -0.10
  data arrival time                                                 -0.47
  --------------------------------------------------------------------------
  slack (MET)                                                        0.57


  Startpoint: U0_UART/U0_UART_RX/U6/data_valid_reg
              (rising edge-triggered flip-flop clocked by dft_clk)
  Endpoint: U0_UART/U0_UART_TX/U1/par_bit_reg
            (rising edge-triggered flip-flop clocked by dft_clk)
  Path Group: dft_clk
  Path Type: min

  Des/Clust/Port     Wire Load Model       Library
  ------------------------------------------------
  SYSTEM_TOP         tsmc13_wl10           scmetro_tsmc_cl013g_rvt_ss_1p08v_125c

  Point                                                   Incr       Path
  --------------------------------------------------------------------------
  clock dft_clk (rise edge)                               0.00       0.00
  clock network delay (ideal)                             0.00       0.00
  U0_UART/U0_UART_RX/U6/data_valid_reg/CK (SDFFRQX2M)     0.00       0.00 r
  U0_UART/U0_UART_RX/U6/data_valid_reg/Q (SDFFRQX2M)      0.47       0.47 r
  U0_UART/U0_UART_RX/U6/data_valid (FSM_RX_test_1)        0.00       0.47 r
  U0_UART/U0_UART_RX/data_valid (UART_RX_test_1)          0.00       0.47 r
  U0_UART/U0_UART_TX/test_si (UART_TX_test_1)             0.00       0.47 r
  U0_UART/U0_UART_TX/U1/test_si (Parity_Calc_test_1)      0.00       0.47 r
  U0_UART/U0_UART_TX/U1/par_bit_reg/SI (SDFFRQX2M)        0.00       0.47 r
  data arrival time                                                  0.47

  clock dft_clk (rise edge)                               0.00       0.00
  clock network delay (ideal)                             0.00       0.00
  clock uncertainty                                       0.10       0.10
  U0_UART/U0_UART_TX/U1/par_bit_reg/CK (SDFFRQX2M)        0.00       0.10 r
  library hold time                                      -0.20      -0.10
  data required time                                                -0.10
  --------------------------------------------------------------------------
  data required time                                                -0.10
  data arrival time                                                 -0.47
  --------------------------------------------------------------------------
  slack (MET)                                                        0.57


  Startpoint: U0_ASYNC_FIFO/U1/wptr_gray_reg_reg[2]
              (rising edge-triggered flip-flop clocked by dft_clk)
  Endpoint: U0_ASYNC_FIFO/U1/wptr_gray_reg_reg[3]
            (rising edge-triggered flip-flop clocked by dft_clk)
  Path Group: dft_clk
  Path Type: min

  Des/Clust/Port     Wire Load Model       Library
  ------------------------------------------------
  SYSTEM_TOP         tsmc13_wl10           scmetro_tsmc_cl013g_rvt_ss_1p08v_125c

  Point                                                   Incr       Path
  --------------------------------------------------------------------------
  clock dft_clk (rise edge)                               0.00       0.00
  clock network delay (ideal)                             0.00       0.00
  U0_ASYNC_FIFO/U1/wptr_gray_reg_reg[2]/CK (SDFFRQX2M)
                                                          0.00       0.00 r
  U0_ASYNC_FIFO/U1/wptr_gray_reg_reg[2]/Q (SDFFRQX2M)     0.47       0.47 r
  U0_ASYNC_FIFO/U1/wptr_gray_reg_reg[3]/SI (SDFFRQX2M)
                                                          0.00       0.47 r
  data arrival time                                                  0.47

  clock dft_clk (rise edge)                               0.00       0.00
  clock network delay (ideal)                             0.00       0.00
  clock uncertainty                                       0.10       0.10
  U0_ASYNC_FIFO/U1/wptr_gray_reg_reg[3]/CK (SDFFRQX2M)
                                                          0.00       0.10 r
  library hold time                                      -0.20      -0.10
  data required time                                                -0.10
  --------------------------------------------------------------------------
  data required time                                                -0.10
  data arrival time                                                 -0.47
  --------------------------------------------------------------------------
  slack (MET)                                                        0.57


  Startpoint: U0_ASYNC_FIFO/U1/wptr_gray_reg_reg[1]
              (rising edge-triggered flip-flop clocked by dft_clk)
  Endpoint: U0_ASYNC_FIFO/U1/wptr_gray_reg_reg[2]
            (rising edge-triggered flip-flop clocked by dft_clk)
  Path Group: dft_clk
  Path Type: min

  Des/Clust/Port     Wire Load Model       Library
  ------------------------------------------------
  SYSTEM_TOP         tsmc13_wl10           scmetro_tsmc_cl013g_rvt_ss_1p08v_125c

  Point                                                   Incr       Path
  --------------------------------------------------------------------------
  clock dft_clk (rise edge)                               0.00       0.00
  clock network delay (ideal)                             0.00       0.00
  U0_ASYNC_FIFO/U1/wptr_gray_reg_reg[1]/CK (SDFFRQX2M)
                                                          0.00       0.00 r
  U0_ASYNC_FIFO/U1/wptr_gray_reg_reg[1]/Q (SDFFRQX2M)     0.47       0.47 r
  U0_ASYNC_FIFO/U1/wptr_gray_reg_reg[2]/SI (SDFFRQX2M)
                                                          0.00       0.47 r
  data arrival time                                                  0.47

  clock dft_clk (rise edge)                               0.00       0.00
  clock network delay (ideal)                             0.00       0.00
  clock uncertainty                                       0.10       0.10
  U0_ASYNC_FIFO/U1/wptr_gray_reg_reg[2]/CK (SDFFRQX2M)
                                                          0.00       0.10 r
  library hold time                                      -0.20      -0.10
  data required time                                                -0.10
  --------------------------------------------------------------------------
  data required time                                                -0.10
  data arrival time                                                 -0.47
  --------------------------------------------------------------------------
  slack (MET)                                                        0.57


  Startpoint: U0_ASYNC_FIFO/U1/wptr_gray_reg_reg[0]
              (rising edge-triggered flip-flop clocked by dft_clk)
  Endpoint: U0_ASYNC_FIFO/U1/wptr_gray_reg_reg[1]
            (rising edge-triggered flip-flop clocked by dft_clk)
  Path Group: dft_clk
  Path Type: min

  Des/Clust/Port     Wire Load Model       Library
  ------------------------------------------------
  SYSTEM_TOP         tsmc13_wl10           scmetro_tsmc_cl013g_rvt_ss_1p08v_125c

  Point                                                   Incr       Path
  --------------------------------------------------------------------------
  clock dft_clk (rise edge)                               0.00       0.00
  clock network delay (ideal)                             0.00       0.00
  U0_ASYNC_FIFO/U1/wptr_gray_reg_reg[0]/CK (SDFFRQX2M)
                                                          0.00       0.00 r
  U0_ASYNC_FIFO/U1/wptr_gray_reg_reg[0]/Q (SDFFRQX2M)     0.47       0.47 r
  U0_ASYNC_FIFO/U1/wptr_gray_reg_reg[1]/SI (SDFFRQX2M)
                                                          0.00       0.47 r
  data arrival time                                                  0.47

  clock dft_clk (rise edge)                               0.00       0.00
  clock network delay (ideal)                             0.00       0.00
  clock uncertainty                                       0.10       0.10
  U0_ASYNC_FIFO/U1/wptr_gray_reg_reg[1]/CK (SDFFRQX2M)
                                                          0.00       0.10 r
  library hold time                                      -0.20      -0.10
  data required time                                                -0.10
  --------------------------------------------------------------------------
  data required time                                                -0.10
  data arrival time                                                 -0.47
  --------------------------------------------------------------------------
  slack (MET)                                                        0.57


  Startpoint: U0_ASYNC_FIFO/U4/sync_reg_reg[3]
              (rising edge-triggered flip-flop clocked by dft_clk)
  Endpoint: U0_DATA_SYNC/enable_flop_reg
            (rising edge-triggered flip-flop clocked by dft_clk)
  Path Group: dft_clk
  Path Type: min

  Des/Clust/Port     Wire Load Model       Library
  ------------------------------------------------
  SYSTEM_TOP         tsmc13_wl10           scmetro_tsmc_cl013g_rvt_ss_1p08v_125c

  Point                                                   Incr       Path
  --------------------------------------------------------------------------
  clock dft_clk (rise edge)                               0.00       0.00
  clock network delay (ideal)                             0.00       0.00
  U0_ASYNC_FIFO/U4/sync_reg_reg[3]/CK (SDFFRQX2M)         0.00       0.00 r
  U0_ASYNC_FIFO/U4/sync_reg_reg[3]/Q (SDFFRQX2M)          0.47       0.47 r
  U0_ASYNC_FIFO/U4/test_so (DF_SYNC_test_1)               0.00       0.47 r
  U0_ASYNC_FIFO/test_so2 (ASYNC_FIFO_test_1)              0.00       0.47 r
  U0_DATA_SYNC/test_si (DATA_SYNC_test_1)                 0.00       0.47 r
  U0_DATA_SYNC/enable_flop_reg/SI (SDFFRQX2M)             0.00       0.47 r
  data arrival time                                                  0.47

  clock dft_clk (rise edge)                               0.00       0.00
  clock network delay (ideal)                             0.00       0.00
  clock uncertainty                                       0.10       0.10
  U0_DATA_SYNC/enable_flop_reg/CK (SDFFRQX2M)             0.00       0.10 r
  library hold time                                      -0.20      -0.10
  data required time                                                -0.10
  --------------------------------------------------------------------------
  data required time                                                -0.10
  data arrival time                                                 -0.47
  --------------------------------------------------------------------------
  slack (MET)                                                        0.57


  Startpoint: U0_DATA_SYNC/multi_flops_reg[0]
              (rising edge-triggered flip-flop clocked by dft_clk)
  Endpoint: U0_DATA_SYNC/multi_flops_reg[1]
            (rising edge-triggered flip-flop clocked by dft_clk)
  Path Group: dft_clk
  Path Type: min

  Des/Clust/Port     Wire Load Model       Library
  ------------------------------------------------
  SYSTEM_TOP         tsmc13_wl10           scmetro_tsmc_cl013g_rvt_ss_1p08v_125c

  Point                                                   Incr       Path
  --------------------------------------------------------------------------
  clock dft_clk (rise edge)                               0.00       0.00
  clock network delay (ideal)                             0.00       0.00
  U0_DATA_SYNC/multi_flops_reg[0]/CK (SDFFRQX2M)          0.00       0.00 r
  U0_DATA_SYNC/multi_flops_reg[0]/Q (SDFFRQX2M)           0.47       0.47 r
  U0_DATA_SYNC/multi_flops_reg[1]/SI (SDFFRQX2M)          0.00       0.47 r
  data arrival time                                                  0.47

  clock dft_clk (rise edge)                               0.00       0.00
  clock network delay (ideal)                             0.00       0.00
  clock uncertainty                                       0.10       0.10
  U0_DATA_SYNC/multi_flops_reg[1]/CK (SDFFRQX2M)          0.00       0.10 r
  library hold time                                      -0.20      -0.10
  data required time                                                -0.10
  --------------------------------------------------------------------------
  data required time                                                -0.10
  data arrival time                                                 -0.47
  --------------------------------------------------------------------------
  slack (MET)                                                        0.57


  Startpoint: U0_ASYNC_FIFO/U1/wptr_gray_reg_reg[3]
              (rising edge-triggered flip-flop clocked by dft_clk)
  Endpoint: U0_ASYNC_FIFO/U2/fifo_mem_reg[0][0]
            (rising edge-triggered flip-flop clocked by dft_clk)
  Path Group: dft_clk
  Path Type: min

  Des/Clust/Port     Wire Load Model       Library
  ------------------------------------------------
  SYSTEM_TOP         tsmc13_wl10           scmetro_tsmc_cl013g_rvt_ss_1p08v_125c

  Point                                                   Incr       Path
  --------------------------------------------------------------------------
  clock dft_clk (rise edge)                               0.00       0.00
  clock network delay (ideal)                             0.00       0.00
  U0_ASYNC_FIFO/U1/wptr_gray_reg_reg[3]/CK (SDFFRQX2M)
                                                          0.00       0.00 r
  U0_ASYNC_FIFO/U1/wptr_gray_reg_reg[3]/Q (SDFFRQX2M)     0.47       0.47 r
  U0_ASYNC_FIFO/U1/wptr_gray[3] (FIFO_WR_test_1)          0.00       0.47 r
  U0_ASYNC_FIFO/U2/test_si1 (FIFO_MEM_CNTRL_test_1)       0.00       0.47 r
  U0_ASYNC_FIFO/U2/fifo_mem_reg[0][0]/SI (SDFFRQX2M)      0.00       0.47 r
  data arrival time                                                  0.47

  clock dft_clk (rise edge)                               0.00       0.00
  clock network delay (ideal)                             0.00       0.00
  clock uncertainty                                       0.10       0.10
  U0_ASYNC_FIFO/U2/fifo_mem_reg[0][0]/CK (SDFFRQX2M)      0.00       0.10 r
  library hold time                                      -0.20      -0.10
  data required time                                                -0.10
  --------------------------------------------------------------------------
  data required time                                                -0.10
  data arrival time                                                 -0.47
  --------------------------------------------------------------------------
  slack (MET)                                                        0.57


  Startpoint: U0_Pulse_Gen/sync_reg_reg[0]
              (rising edge-triggered flip-flop clocked by dft_clk)
  Endpoint: U0_Pulse_Gen/sync_reg_reg[1]
            (rising edge-triggered flip-flop clocked by dft_clk)
  Path Group: dft_clk
  Path Type: min

  Des/Clust/Port     Wire Load Model       Library
  ------------------------------------------------
  SYSTEM_TOP         tsmc13_wl10           scmetro_tsmc_cl013g_rvt_ss_1p08v_125c

  Point                                                   Incr       Path
  --------------------------------------------------------------------------
  clock dft_clk (rise edge)                               0.00       0.00
  clock network delay (ideal)                             0.00       0.00
  U0_Pulse_Gen/sync_reg_reg[0]/CK (SDFFRQX2M)             0.00       0.00 r
  U0_Pulse_Gen/sync_reg_reg[0]/Q (SDFFRQX2M)              0.47       0.47 r
  U0_Pulse_Gen/sync_reg_reg[1]/D (SDFFRQX1M)              0.00       0.47 r
  data arrival time                                                  0.47

  clock dft_clk (rise edge)                               0.00       0.00
  clock network delay (ideal)                             0.00       0.00
  clock uncertainty                                       0.10       0.10
  U0_Pulse_Gen/sync_reg_reg[1]/CK (SDFFRQX1M)             0.00       0.10 r
  library hold time                                      -0.20      -0.10
  data required time                                                -0.10
  --------------------------------------------------------------------------
  data required time                                                -0.10
  data arrival time                                                 -0.47
  --------------------------------------------------------------------------
  slack (MET)                                                        0.57


  Startpoint: U0_ALU/ALU_OUT_reg[14]
              (rising edge-triggered flip-flop clocked by dft_clk)
  Endpoint: U0_ALU/ALU_OUT_reg[15]
            (rising edge-triggered flip-flop clocked by dft_clk)
  Path Group: dft_clk
  Path Type: min

  Des/Clust/Port     Wire Load Model       Library
  ------------------------------------------------
  SYSTEM_TOP         tsmc13_wl10           scmetro_tsmc_cl013g_rvt_ss_1p08v_125c

  Point                                                   Incr       Path
  --------------------------------------------------------------------------
  clock dft_clk (rise edge)                               0.00       0.00
  clock network delay (ideal)                             0.00       0.00
  U0_ALU/ALU_OUT_reg[14]/CK (SDFFRQX2M)                   0.00       0.00 r
  U0_ALU/ALU_OUT_reg[14]/Q (SDFFRQX2M)                    0.47       0.47 r
  U0_ALU/ALU_OUT_reg[15]/SI (SDFFRQX2M)                   0.00       0.47 r
  data arrival time                                                  0.47

  clock dft_clk (rise edge)                               0.00       0.00
  clock network delay (ideal)                             0.00       0.00
  clock uncertainty                                       0.10       0.10
  U0_ALU/ALU_OUT_reg[15]/CK (SDFFRQX2M)                   0.00       0.10 r
  library hold time                                      -0.20      -0.10
  data required time                                                -0.10
  --------------------------------------------------------------------------
  data required time                                                -0.10
  data arrival time                                                 -0.47
  --------------------------------------------------------------------------
  slack (MET)                                                        0.57


  Startpoint: U0_ALU/ALU_OUT_reg[13]
              (rising edge-triggered flip-flop clocked by dft_clk)
  Endpoint: U0_ALU/ALU_OUT_reg[14]
            (rising edge-triggered flip-flop clocked by dft_clk)
  Path Group: dft_clk
  Path Type: min

  Des/Clust/Port     Wire Load Model       Library
  ------------------------------------------------
  SYSTEM_TOP         tsmc13_wl10           scmetro_tsmc_cl013g_rvt_ss_1p08v_125c

  Point                                                   Incr       Path
  --------------------------------------------------------------------------
  clock dft_clk (rise edge)                               0.00       0.00
  clock network delay (ideal)                             0.00       0.00
  U0_ALU/ALU_OUT_reg[13]/CK (SDFFRQX2M)                   0.00       0.00 r
  U0_ALU/ALU_OUT_reg[13]/Q (SDFFRQX2M)                    0.47       0.47 r
  U0_ALU/ALU_OUT_reg[14]/SI (SDFFRQX2M)                   0.00       0.47 r
  data arrival time                                                  0.47

  clock dft_clk (rise edge)                               0.00       0.00
  clock network delay (ideal)                             0.00       0.00
  clock uncertainty                                       0.10       0.10
  U0_ALU/ALU_OUT_reg[14]/CK (SDFFRQX2M)                   0.00       0.10 r
  library hold time                                      -0.20      -0.10
  data required time                                                -0.10
  --------------------------------------------------------------------------
  data required time                                                -0.10
  data arrival time                                                 -0.47
  --------------------------------------------------------------------------
  slack (MET)                                                        0.57


  Startpoint: U0_ALU/ALU_OUT_reg[12]
              (rising edge-triggered flip-flop clocked by dft_clk)
  Endpoint: U0_ALU/ALU_OUT_reg[13]
            (rising edge-triggered flip-flop clocked by dft_clk)
  Path Group: dft_clk
  Path Type: min

  Des/Clust/Port     Wire Load Model       Library
  ------------------------------------------------
  SYSTEM_TOP         tsmc13_wl10           scmetro_tsmc_cl013g_rvt_ss_1p08v_125c

  Point                                                   Incr       Path
  --------------------------------------------------------------------------
  clock dft_clk (rise edge)                               0.00       0.00
  clock network delay (ideal)                             0.00       0.00
  U0_ALU/ALU_OUT_reg[12]/CK (SDFFRQX2M)                   0.00       0.00 r
  U0_ALU/ALU_OUT_reg[12]/Q (SDFFRQX2M)                    0.47       0.47 r
  U0_ALU/ALU_OUT_reg[13]/SI (SDFFRQX2M)                   0.00       0.47 r
  data arrival time                                                  0.47

  clock dft_clk (rise edge)                               0.00       0.00
  clock network delay (ideal)                             0.00       0.00
  clock uncertainty                                       0.10       0.10
  U0_ALU/ALU_OUT_reg[13]/CK (SDFFRQX2M)                   0.00       0.10 r
  library hold time                                      -0.20      -0.10
  data required time                                                -0.10
  --------------------------------------------------------------------------
  data required time                                                -0.10
  data arrival time                                                 -0.47
  --------------------------------------------------------------------------
  slack (MET)                                                        0.57


  Startpoint: U0_ALU/ALU_OUT_reg[11]
              (rising edge-triggered flip-flop clocked by dft_clk)
  Endpoint: U0_ALU/ALU_OUT_reg[12]
            (rising edge-triggered flip-flop clocked by dft_clk)
  Path Group: dft_clk
  Path Type: min

  Des/Clust/Port     Wire Load Model       Library
  ------------------------------------------------
  SYSTEM_TOP         tsmc13_wl10           scmetro_tsmc_cl013g_rvt_ss_1p08v_125c

  Point                                                   Incr       Path
  --------------------------------------------------------------------------
  clock dft_clk (rise edge)                               0.00       0.00
  clock network delay (ideal)                             0.00       0.00
  U0_ALU/ALU_OUT_reg[11]/CK (SDFFRQX2M)                   0.00       0.00 r
  U0_ALU/ALU_OUT_reg[11]/Q (SDFFRQX2M)                    0.47       0.47 r
  U0_ALU/ALU_OUT_reg[12]/SI (SDFFRQX2M)                   0.00       0.47 r
  data arrival time                                                  0.47

  clock dft_clk (rise edge)                               0.00       0.00
  clock network delay (ideal)                             0.00       0.00
  clock uncertainty                                       0.10       0.10
  U0_ALU/ALU_OUT_reg[12]/CK (SDFFRQX2M)                   0.00       0.10 r
  library hold time                                      -0.20      -0.10
  data required time                                                -0.10
  --------------------------------------------------------------------------
  data required time                                                -0.10
  data arrival time                                                 -0.47
  --------------------------------------------------------------------------
  slack (MET)                                                        0.57


  Startpoint: U0_ALU/ALU_OUT_reg[10]
              (rising edge-triggered flip-flop clocked by dft_clk)
  Endpoint: U0_ALU/ALU_OUT_reg[11]
            (rising edge-triggered flip-flop clocked by dft_clk)
  Path Group: dft_clk
  Path Type: min

  Des/Clust/Port     Wire Load Model       Library
  ------------------------------------------------
  SYSTEM_TOP         tsmc13_wl10           scmetro_tsmc_cl013g_rvt_ss_1p08v_125c

  Point                                                   Incr       Path
  --------------------------------------------------------------------------
  clock dft_clk (rise edge)                               0.00       0.00
  clock network delay (ideal)                             0.00       0.00
  U0_ALU/ALU_OUT_reg[10]/CK (SDFFRQX2M)                   0.00       0.00 r
  U0_ALU/ALU_OUT_reg[10]/Q (SDFFRQX2M)                    0.47       0.47 r
  U0_ALU/ALU_OUT_reg[11]/SI (SDFFRQX2M)                   0.00       0.47 r
  data arrival time                                                  0.47

  clock dft_clk (rise edge)                               0.00       0.00
  clock network delay (ideal)                             0.00       0.00
  clock uncertainty                                       0.10       0.10
  U0_ALU/ALU_OUT_reg[11]/CK (SDFFRQX2M)                   0.00       0.10 r
  library hold time                                      -0.20      -0.10
  data required time                                                -0.10
  --------------------------------------------------------------------------
  data required time                                                -0.10
  data arrival time                                                 -0.47
  --------------------------------------------------------------------------
  slack (MET)                                                        0.57


  Startpoint: U0_ALU/ALU_OUT_reg[9]
              (rising edge-triggered flip-flop clocked by dft_clk)
  Endpoint: U0_ALU/ALU_OUT_reg[10]
            (rising edge-triggered flip-flop clocked by dft_clk)
  Path Group: dft_clk
  Path Type: min

  Des/Clust/Port     Wire Load Model       Library
  ------------------------------------------------
  SYSTEM_TOP         tsmc13_wl10           scmetro_tsmc_cl013g_rvt_ss_1p08v_125c

  Point                                                   Incr       Path
  --------------------------------------------------------------------------
  clock dft_clk (rise edge)                               0.00       0.00
  clock network delay (ideal)                             0.00       0.00
  U0_ALU/ALU_OUT_reg[9]/CK (SDFFRQX2M)                    0.00       0.00 r
  U0_ALU/ALU_OUT_reg[9]/Q (SDFFRQX2M)                     0.47       0.47 r
  U0_ALU/ALU_OUT_reg[10]/SI (SDFFRQX2M)                   0.00       0.47 r
  data arrival time                                                  0.47

  clock dft_clk (rise edge)                               0.00       0.00
  clock network delay (ideal)                             0.00       0.00
  clock uncertainty                                       0.10       0.10
  U0_ALU/ALU_OUT_reg[10]/CK (SDFFRQX2M)                   0.00       0.10 r
  library hold time                                      -0.20      -0.10
  data required time                                                -0.10
  --------------------------------------------------------------------------
  data required time                                                -0.10
  data arrival time                                                 -0.47
  --------------------------------------------------------------------------
  slack (MET)                                                        0.57


  Startpoint: U0_ALU/ALU_OUT_reg[8]
              (rising edge-triggered flip-flop clocked by dft_clk)
  Endpoint: U0_ALU/ALU_OUT_reg[9]
            (rising edge-triggered flip-flop clocked by dft_clk)
  Path Group: dft_clk
  Path Type: min

  Des/Clust/Port     Wire Load Model       Library
  ------------------------------------------------
  SYSTEM_TOP         tsmc13_wl10           scmetro_tsmc_cl013g_rvt_ss_1p08v_125c

  Point                                                   Incr       Path
  --------------------------------------------------------------------------
  clock dft_clk (rise edge)                               0.00       0.00
  clock network delay (ideal)                             0.00       0.00
  U0_ALU/ALU_OUT_reg[8]/CK (SDFFRQX2M)                    0.00       0.00 r
  U0_ALU/ALU_OUT_reg[8]/Q (SDFFRQX2M)                     0.47       0.47 r
  U0_ALU/ALU_OUT_reg[9]/SI (SDFFRQX2M)                    0.00       0.47 r
  data arrival time                                                  0.47

  clock dft_clk (rise edge)                               0.00       0.00
  clock network delay (ideal)                             0.00       0.00
  clock uncertainty                                       0.10       0.10
  U0_ALU/ALU_OUT_reg[9]/CK (SDFFRQX2M)                    0.00       0.10 r
  library hold time                                      -0.20      -0.10
  data required time                                                -0.10
  --------------------------------------------------------------------------
  data required time                                                -0.10
  data arrival time                                                 -0.47
  --------------------------------------------------------------------------
  slack (MET)                                                        0.57


  Startpoint: U0_ALU/ALU_OUT_reg[15]
              (rising edge-triggered flip-flop clocked by dft_clk)
  Endpoint: U0_ALU/out_valid_reg
            (rising edge-triggered flip-flop clocked by dft_clk)
  Path Group: dft_clk
  Path Type: min

  Des/Clust/Port     Wire Load Model       Library
  ------------------------------------------------
  SYSTEM_TOP         tsmc13_wl10           scmetro_tsmc_cl013g_rvt_ss_1p08v_125c

  Point                                                   Incr       Path
  --------------------------------------------------------------------------
  clock dft_clk (rise edge)                               0.00       0.00
  clock network delay (ideal)                             0.00       0.00
  U0_ALU/ALU_OUT_reg[15]/CK (SDFFRQX2M)                   0.00       0.00 r
  U0_ALU/ALU_OUT_reg[15]/Q (SDFFRQX2M)                    0.47       0.47 r
  U0_ALU/out_valid_reg/SI (SDFFRQX2M)                     0.00       0.47 r
  data arrival time                                                  0.47

  clock dft_clk (rise edge)                               0.00       0.00
  clock network delay (ideal)                             0.00       0.00
  clock uncertainty                                       0.10       0.10
  U0_ALU/out_valid_reg/CK (SDFFRQX2M)                     0.00       0.10 r
  library hold time                                      -0.20      -0.10
  data required time                                                -0.10
  --------------------------------------------------------------------------
  data required time                                                -0.10
  data arrival time                                                 -0.47
  --------------------------------------------------------------------------
  slack (MET)                                                        0.57


  Startpoint: U0_DATA_SYNC/enable_flop_reg
              (rising edge-triggered flip-flop clocked by dft_clk)
  Endpoint: U0_DATA_SYNC/enable_pulse_reg
            (rising edge-triggered flip-flop clocked by dft_clk)
  Path Group: dft_clk
  Path Type: min

  Des/Clust/Port     Wire Load Model       Library
  ------------------------------------------------
  SYSTEM_TOP         tsmc13_wl10           scmetro_tsmc_cl013g_rvt_ss_1p08v_125c

  Point                                                   Incr       Path
  --------------------------------------------------------------------------
  clock dft_clk (rise edge)                               0.00       0.00
  clock network delay (ideal)                             0.00       0.00
  U0_DATA_SYNC/enable_flop_reg/CK (SDFFRQX2M)             0.00       0.00 r
  U0_DATA_SYNC/enable_flop_reg/Q (SDFFRQX2M)              0.47       0.47 r
  U0_DATA_SYNC/enable_pulse_reg/SI (SDFFRQX2M)            0.00       0.47 r
  data arrival time                                                  0.47

  clock dft_clk (rise edge)                               0.00       0.00
  clock network delay (ideal)                             0.00       0.00
  clock uncertainty                                       0.10       0.10
  U0_DATA_SYNC/enable_pulse_reg/CK (SDFFRQX2M)            0.00       0.10 r
  library hold time                                      -0.20      -0.10
  data required time                                                -0.10
  --------------------------------------------------------------------------
  data required time                                                -0.10
  data arrival time                                                 -0.47
  --------------------------------------------------------------------------
  slack (MET)                                                        0.58


  Startpoint: U0_ALU/out_valid_reg
              (rising edge-triggered flip-flop clocked by dft_clk)
  Endpoint: U0_ASYNC_FIFO/U0/rcounter_reg[0]
            (rising edge-triggered flip-flop clocked by dft_clk)
  Path Group: dft_clk
  Path Type: min

  Des/Clust/Port     Wire Load Model       Library
  ------------------------------------------------
  SYSTEM_TOP         tsmc13_wl10           scmetro_tsmc_cl013g_rvt_ss_1p08v_125c

  Point                                                   Incr       Path
  --------------------------------------------------------------------------
  clock dft_clk (rise edge)                               0.00       0.00
  clock network delay (ideal)                             0.00       0.00
  U0_ALU/out_valid_reg/CK (SDFFRQX2M)                     0.00       0.00 r
  U0_ALU/out_valid_reg/Q (SDFFRQX2M)                      0.47       0.47 r
  U0_ALU/out_valid (ALU_test_1)                           0.00       0.47 r
  U0_ASYNC_FIFO/test_si1 (ASYNC_FIFO_test_1)              0.00       0.47 r
  U0_ASYNC_FIFO/U0/test_si (FIFO_RD_test_1)               0.00       0.47 r
  U0_ASYNC_FIFO/U0/rcounter_reg[0]/SI (SDFFRQX2M)         0.00       0.47 r
  data arrival time                                                  0.47

  clock dft_clk (rise edge)                               0.00       0.00
  clock network delay (ideal)                             0.00       0.00
  clock uncertainty                                       0.10       0.10
  U0_ASYNC_FIFO/U0/rcounter_reg[0]/CK (SDFFRQX2M)         0.00       0.10 r
  library hold time                                      -0.20      -0.10
  data required time                                                -0.10
  --------------------------------------------------------------------------
  data required time                                                -0.10
  data arrival time                                                 -0.47
  --------------------------------------------------------------------------
  slack (MET)                                                        0.58


  Startpoint: U0_ALU/ALU_OUT_reg[7]
              (rising edge-triggered flip-flop clocked by dft_clk)
  Endpoint: U0_ALU/ALU_OUT_reg[8]
            (rising edge-triggered flip-flop clocked by dft_clk)
  Path Group: dft_clk
  Path Type: min

  Des/Clust/Port     Wire Load Model       Library
  ------------------------------------------------
  SYSTEM_TOP         tsmc13_wl10           scmetro_tsmc_cl013g_rvt_ss_1p08v_125c

  Point                                                   Incr       Path
  --------------------------------------------------------------------------
  clock dft_clk (rise edge)                               0.00       0.00
  clock network delay (ideal)                             0.00       0.00
  U0_ALU/ALU_OUT_reg[7]/CK (SDFFRQX2M)                    0.00       0.00 r
  U0_ALU/ALU_OUT_reg[7]/Q (SDFFRQX2M)                     0.48       0.48 r
  U0_ALU/ALU_OUT_reg[8]/SI (SDFFRQX2M)                    0.00       0.48 r
  data arrival time                                                  0.48

  clock dft_clk (rise edge)                               0.00       0.00
  clock network delay (ideal)                             0.00       0.00
  clock uncertainty                                       0.10       0.10
  U0_ALU/ALU_OUT_reg[8]/CK (SDFFRQX2M)                    0.00       0.10 r
  library hold time                                      -0.20      -0.10
  data required time                                                -0.10
  --------------------------------------------------------------------------
  data required time                                                -0.10
  data arrival time                                                 -0.48
  --------------------------------------------------------------------------
  slack (MET)                                                        0.58


  Startpoint: U0_ALU/ALU_OUT_reg[6]
              (rising edge-triggered flip-flop clocked by dft_clk)
  Endpoint: U0_ALU/ALU_OUT_reg[7]
            (rising edge-triggered flip-flop clocked by dft_clk)
  Path Group: dft_clk
  Path Type: min

  Des/Clust/Port     Wire Load Model       Library
  ------------------------------------------------
  SYSTEM_TOP         tsmc13_wl10           scmetro_tsmc_cl013g_rvt_ss_1p08v_125c

  Point                                                   Incr       Path
  --------------------------------------------------------------------------
  clock dft_clk (rise edge)                               0.00       0.00
  clock network delay (ideal)                             0.00       0.00
  U0_ALU/ALU_OUT_reg[6]/CK (SDFFRQX2M)                    0.00       0.00 r
  U0_ALU/ALU_OUT_reg[6]/Q (SDFFRQX2M)                     0.48       0.48 r
  U0_ALU/ALU_OUT_reg[7]/SI (SDFFRQX2M)                    0.00       0.48 r
  data arrival time                                                  0.48

  clock dft_clk (rise edge)                               0.00       0.00
  clock network delay (ideal)                             0.00       0.00
  clock uncertainty                                       0.10       0.10
  U0_ALU/ALU_OUT_reg[7]/CK (SDFFRQX2M)                    0.00       0.10 r
  library hold time                                      -0.20      -0.10
  data required time                                                -0.10
  --------------------------------------------------------------------------
  data required time                                                -0.10
  data arrival time                                                 -0.48
  --------------------------------------------------------------------------
  slack (MET)                                                        0.58


  Startpoint: U0_ALU/ALU_OUT_reg[5]
              (rising edge-triggered flip-flop clocked by dft_clk)
  Endpoint: U0_ALU/ALU_OUT_reg[6]
            (rising edge-triggered flip-flop clocked by dft_clk)
  Path Group: dft_clk
  Path Type: min

  Des/Clust/Port     Wire Load Model       Library
  ------------------------------------------------
  SYSTEM_TOP         tsmc13_wl10           scmetro_tsmc_cl013g_rvt_ss_1p08v_125c

  Point                                                   Incr       Path
  --------------------------------------------------------------------------
  clock dft_clk (rise edge)                               0.00       0.00
  clock network delay (ideal)                             0.00       0.00
  U0_ALU/ALU_OUT_reg[5]/CK (SDFFRQX2M)                    0.00       0.00 r
  U0_ALU/ALU_OUT_reg[5]/Q (SDFFRQX2M)                     0.48       0.48 r
  U0_ALU/ALU_OUT_reg[6]/SI (SDFFRQX2M)                    0.00       0.48 r
  data arrival time                                                  0.48

  clock dft_clk (rise edge)                               0.00       0.00
  clock network delay (ideal)                             0.00       0.00
  clock uncertainty                                       0.10       0.10
  U0_ALU/ALU_OUT_reg[6]/CK (SDFFRQX2M)                    0.00       0.10 r
  library hold time                                      -0.20      -0.10
  data required time                                                -0.10
  --------------------------------------------------------------------------
  data required time                                                -0.10
  data arrival time                                                 -0.48
  --------------------------------------------------------------------------
  slack (MET)                                                        0.58


  Startpoint: U0_ALU/ALU_OUT_reg[4]
              (rising edge-triggered flip-flop clocked by dft_clk)
  Endpoint: U0_ALU/ALU_OUT_reg[5]
            (rising edge-triggered flip-flop clocked by dft_clk)
  Path Group: dft_clk
  Path Type: min

  Des/Clust/Port     Wire Load Model       Library
  ------------------------------------------------
  SYSTEM_TOP         tsmc13_wl10           scmetro_tsmc_cl013g_rvt_ss_1p08v_125c

  Point                                                   Incr       Path
  --------------------------------------------------------------------------
  clock dft_clk (rise edge)                               0.00       0.00
  clock network delay (ideal)                             0.00       0.00
  U0_ALU/ALU_OUT_reg[4]/CK (SDFFRQX2M)                    0.00       0.00 r
  U0_ALU/ALU_OUT_reg[4]/Q (SDFFRQX2M)                     0.48       0.48 r
  U0_ALU/ALU_OUT_reg[5]/SI (SDFFRQX2M)                    0.00       0.48 r
  data arrival time                                                  0.48

  clock dft_clk (rise edge)                               0.00       0.00
  clock network delay (ideal)                             0.00       0.00
  clock uncertainty                                       0.10       0.10
  U0_ALU/ALU_OUT_reg[5]/CK (SDFFRQX2M)                    0.00       0.10 r
  library hold time                                      -0.20      -0.10
  data required time                                                -0.10
  --------------------------------------------------------------------------
  data required time                                                -0.10
  data arrival time                                                 -0.48
  --------------------------------------------------------------------------
  slack (MET)                                                        0.58


  Startpoint: U0_ALU/ALU_OUT_reg[3]
              (rising edge-triggered flip-flop clocked by dft_clk)
  Endpoint: U0_ALU/ALU_OUT_reg[4]
            (rising edge-triggered flip-flop clocked by dft_clk)
  Path Group: dft_clk
  Path Type: min

  Des/Clust/Port     Wire Load Model       Library
  ------------------------------------------------
  SYSTEM_TOP         tsmc13_wl10           scmetro_tsmc_cl013g_rvt_ss_1p08v_125c

  Point                                                   Incr       Path
  --------------------------------------------------------------------------
  clock dft_clk (rise edge)                               0.00       0.00
  clock network delay (ideal)                             0.00       0.00
  U0_ALU/ALU_OUT_reg[3]/CK (SDFFRQX2M)                    0.00       0.00 r
  U0_ALU/ALU_OUT_reg[3]/Q (SDFFRQX2M)                     0.48       0.48 r
  U0_ALU/ALU_OUT_reg[4]/SI (SDFFRQX2M)                    0.00       0.48 r
  data arrival time                                                  0.48

  clock dft_clk (rise edge)                               0.00       0.00
  clock network delay (ideal)                             0.00       0.00
  clock uncertainty                                       0.10       0.10
  U0_ALU/ALU_OUT_reg[4]/CK (SDFFRQX2M)                    0.00       0.10 r
  library hold time                                      -0.20      -0.10
  data required time                                                -0.10
  --------------------------------------------------------------------------
  data required time                                                -0.10
  data arrival time                                                 -0.48
  --------------------------------------------------------------------------
  slack (MET)                                                        0.58


  Startpoint: U0_ALU/ALU_OUT_reg[2]
              (rising edge-triggered flip-flop clocked by dft_clk)
  Endpoint: U0_ALU/ALU_OUT_reg[3]
            (rising edge-triggered flip-flop clocked by dft_clk)
  Path Group: dft_clk
  Path Type: min

  Des/Clust/Port     Wire Load Model       Library
  ------------------------------------------------
  SYSTEM_TOP         tsmc13_wl10           scmetro_tsmc_cl013g_rvt_ss_1p08v_125c

  Point                                                   Incr       Path
  --------------------------------------------------------------------------
  clock dft_clk (rise edge)                               0.00       0.00
  clock network delay (ideal)                             0.00       0.00
  U0_ALU/ALU_OUT_reg[2]/CK (SDFFRQX2M)                    0.00       0.00 r
  U0_ALU/ALU_OUT_reg[2]/Q (SDFFRQX2M)                     0.48       0.48 r
  U0_ALU/ALU_OUT_reg[3]/SI (SDFFRQX2M)                    0.00       0.48 r
  data arrival time                                                  0.48

  clock dft_clk (rise edge)                               0.00       0.00
  clock network delay (ideal)                             0.00       0.00
  clock uncertainty                                       0.10       0.10
  U0_ALU/ALU_OUT_reg[3]/CK (SDFFRQX2M)                    0.00       0.10 r
  library hold time                                      -0.20      -0.10
  data required time                                                -0.10
  --------------------------------------------------------------------------
  data required time                                                -0.10
  data arrival time                                                 -0.48
  --------------------------------------------------------------------------
  slack (MET)                                                        0.58


  Startpoint: U0_ALU/ALU_OUT_reg[1]
              (rising edge-triggered flip-flop clocked by dft_clk)
  Endpoint: U0_ALU/ALU_OUT_reg[2]
            (rising edge-triggered flip-flop clocked by dft_clk)
  Path Group: dft_clk
  Path Type: min

  Des/Clust/Port     Wire Load Model       Library
  ------------------------------------------------
  SYSTEM_TOP         tsmc13_wl10           scmetro_tsmc_cl013g_rvt_ss_1p08v_125c

  Point                                                   Incr       Path
  --------------------------------------------------------------------------
  clock dft_clk (rise edge)                               0.00       0.00
  clock network delay (ideal)                             0.00       0.00
  U0_ALU/ALU_OUT_reg[1]/CK (SDFFRQX2M)                    0.00       0.00 r
  U0_ALU/ALU_OUT_reg[1]/Q (SDFFRQX2M)                     0.48       0.48 r
  U0_ALU/ALU_OUT_reg[2]/SI (SDFFRQX2M)                    0.00       0.48 r
  data arrival time                                                  0.48

  clock dft_clk (rise edge)                               0.00       0.00
  clock network delay (ideal)                             0.00       0.00
  clock uncertainty                                       0.10       0.10
  U0_ALU/ALU_OUT_reg[2]/CK (SDFFRQX2M)                    0.00       0.10 r
  library hold time                                      -0.20      -0.10
  data required time                                                -0.10
  --------------------------------------------------------------------------
  data required time                                                -0.10
  data arrival time                                                 -0.48
  --------------------------------------------------------------------------
  slack (MET)                                                        0.58


  Startpoint: U0_ALU/ALU_OUT_reg[0]
              (rising edge-triggered flip-flop clocked by dft_clk)
  Endpoint: U0_ALU/ALU_OUT_reg[1]
            (rising edge-triggered flip-flop clocked by dft_clk)
  Path Group: dft_clk
  Path Type: min

  Des/Clust/Port     Wire Load Model       Library
  ------------------------------------------------
  SYSTEM_TOP         tsmc13_wl10           scmetro_tsmc_cl013g_rvt_ss_1p08v_125c

  Point                                                   Incr       Path
  --------------------------------------------------------------------------
  clock dft_clk (rise edge)                               0.00       0.00
  clock network delay (ideal)                             0.00       0.00
  U0_ALU/ALU_OUT_reg[0]/CK (SDFFRQX2M)                    0.00       0.00 r
  U0_ALU/ALU_OUT_reg[0]/Q (SDFFRQX2M)                     0.48       0.48 r
  U0_ALU/ALU_OUT_reg[1]/SI (SDFFRQX2M)                    0.00       0.48 r
  data arrival time                                                  0.48

  clock dft_clk (rise edge)                               0.00       0.00
  clock network delay (ideal)                             0.00       0.00
  clock uncertainty                                       0.10       0.10
  U0_ALU/ALU_OUT_reg[1]/CK (SDFFRQX2M)                    0.00       0.10 r
  library hold time                                      -0.20      -0.10
  data required time                                                -0.10
  --------------------------------------------------------------------------
  data required time                                                -0.10
  data arrival time                                                 -0.48
  --------------------------------------------------------------------------
  slack (MET)                                                        0.58


  Startpoint: U0_SYS_CTRL/addr_reg_reg[3]
              (rising edge-triggered flip-flop clocked by dft_clk)
  Endpoint: U0_SYS_CTRL/command_reg[0]
            (rising edge-triggered flip-flop clocked by dft_clk)
  Path Group: dft_clk
  Path Type: min

  Des/Clust/Port     Wire Load Model       Library
  ------------------------------------------------
  SYSTEM_TOP         tsmc13_wl10           scmetro_tsmc_cl013g_rvt_ss_1p08v_125c

  Point                                                   Incr       Path
  --------------------------------------------------------------------------
  clock dft_clk (rise edge)                               0.00       0.00
  clock network delay (ideal)                             0.00       0.00
  U0_SYS_CTRL/addr_reg_reg[3]/CK (SDFFRX1M)               0.00       0.00 r
  U0_SYS_CTRL/addr_reg_reg[3]/Q (SDFFRX1M)                0.49       0.49 r
  U0_SYS_CTRL/command_reg[0]/SI (SDFFRQX2M)               0.00       0.49 r
  data arrival time                                                  0.49

  clock dft_clk (rise edge)                               0.00       0.00
  clock network delay (ideal)                             0.00       0.00
  clock uncertainty                                       0.10       0.10
  U0_SYS_CTRL/command_reg[0]/CK (SDFFRQX2M)               0.00       0.10 r
  library hold time                                      -0.20      -0.10
  data required time                                                -0.10
  --------------------------------------------------------------------------
  data required time                                                -0.10
  data arrival time                                                 -0.49
  --------------------------------------------------------------------------
  slack (MET)                                                        0.58


  Startpoint: U0_SYS_CTRL/command_reg[5]
              (rising edge-triggered flip-flop clocked by dft_clk)
  Endpoint: U0_SYS_CTRL/command_reg[6]
            (rising edge-triggered flip-flop clocked by dft_clk)
  Path Group: dft_clk
  Path Type: min

  Des/Clust/Port     Wire Load Model       Library
  ------------------------------------------------
  SYSTEM_TOP         tsmc13_wl10           scmetro_tsmc_cl013g_rvt_ss_1p08v_125c

  Point                                                   Incr       Path
  --------------------------------------------------------------------------
  clock dft_clk (rise edge)                               0.00       0.00
  clock network delay (ideal)                             0.00       0.00
  U0_SYS_CTRL/command_reg[5]/CK (SDFFRX1M)                0.00       0.00 r
  U0_SYS_CTRL/command_reg[5]/Q (SDFFRX1M)                 0.49       0.49 r
  U0_SYS_CTRL/command_reg[6]/SI (SDFFRQX2M)               0.00       0.49 r
  data arrival time                                                  0.49

  clock dft_clk (rise edge)                               0.00       0.00
  clock network delay (ideal)                             0.00       0.00
  clock uncertainty                                       0.10       0.10
  U0_SYS_CTRL/command_reg[6]/CK (SDFFRQX2M)               0.00       0.10 r
  library hold time                                      -0.20      -0.10
  data required time                                                -0.10
  --------------------------------------------------------------------------
  data required time                                                -0.10
  data arrival time                                                 -0.49
  --------------------------------------------------------------------------
  slack (MET)                                                        0.58


  Startpoint: U0_SYS_CTRL/command_reg[7]
              (rising edge-triggered flip-flop clocked by dft_clk)
  Endpoint: U0_SYS_CTRL/current_state_reg[0]
            (rising edge-triggered flip-flop clocked by dft_clk)
  Path Group: dft_clk
  Path Type: min

  Des/Clust/Port     Wire Load Model       Library
  ------------------------------------------------
  SYSTEM_TOP         tsmc13_wl10           scmetro_tsmc_cl013g_rvt_ss_1p08v_125c

  Point                                                   Incr       Path
  --------------------------------------------------------------------------
  clock dft_clk (rise edge)                               0.00       0.00
  clock network delay (ideal)                             0.00       0.00
  U0_SYS_CTRL/command_reg[7]/CK (SDFFRX1M)                0.00       0.00 r
  U0_SYS_CTRL/command_reg[7]/Q (SDFFRX1M)                 0.49       0.49 r
  U0_SYS_CTRL/current_state_reg[0]/SI (SDFFRQX2M)         0.00       0.49 r
  data arrival time                                                  0.49

  clock dft_clk (rise edge)                               0.00       0.00
  clock network delay (ideal)                             0.00       0.00
  clock uncertainty                                       0.10       0.10
  U0_SYS_CTRL/current_state_reg[0]/CK (SDFFRQX2M)         0.00       0.10 r
  library hold time                                      -0.20      -0.10
  data required time                                                -0.10
  --------------------------------------------------------------------------
  data required time                                                -0.10
  data arrival time                                                 -0.49
  --------------------------------------------------------------------------
  slack (MET)                                                        0.58


  Startpoint: U0_Pulse_Gen/sync_d_reg
              (rising edge-triggered flip-flop clocked by dft_clk)
  Endpoint: U0_Pulse_Gen/sync_reg
            (rising edge-triggered flip-flop clocked by dft_clk)
  Path Group: dft_clk
  Path Type: min

  Des/Clust/Port     Wire Load Model       Library
  ------------------------------------------------
  SYSTEM_TOP         tsmc13_wl10           scmetro_tsmc_cl013g_rvt_ss_1p08v_125c

  Point                                                   Incr       Path
  --------------------------------------------------------------------------
  clock dft_clk (rise edge)                               0.00       0.00
  clock network delay (ideal)                             0.00       0.00
  U0_Pulse_Gen/sync_d_reg/CK (SDFFRQX2M)                  0.00       0.00 r
  U0_Pulse_Gen/sync_d_reg/Q (SDFFRQX2M)                   0.48       0.48 r
  U0_Pulse_Gen/sync_reg/SI (SDFFRQX2M)                    0.00       0.48 r
  data arrival time                                                  0.48

  clock dft_clk (rise edge)                               0.00       0.00
  clock network delay (ideal)                             0.00       0.00
  clock uncertainty                                       0.10       0.10
  U0_Pulse_Gen/sync_reg/CK (SDFFRQX2M)                    0.00       0.10 r
  library hold time                                      -0.20      -0.10
  data required time                                                -0.10
  --------------------------------------------------------------------------
  data required time                                                -0.10
  data arrival time                                                 -0.48
  --------------------------------------------------------------------------
  slack (MET)                                                        0.59


  Startpoint: U0_UART/U0_UART_RX/U4/data_reg[5]
              (rising edge-triggered flip-flop clocked by dft_clk)
  Endpoint: U0_UART/U0_UART_RX/U4/data_reg[6]
            (rising edge-triggered flip-flop clocked by dft_clk)
  Path Group: dft_clk
  Path Type: min

  Des/Clust/Port     Wire Load Model       Library
  ------------------------------------------------
  SYSTEM_TOP         tsmc13_wl10           scmetro_tsmc_cl013g_rvt_ss_1p08v_125c

  Point                                                   Incr       Path
  --------------------------------------------------------------------------
  clock dft_clk (rise edge)                               0.00       0.00
  clock network delay (ideal)                             0.00       0.00
  U0_UART/U0_UART_RX/U4/data_reg[5]/CK (SDFFRQX2M)        0.00       0.00 r
  U0_UART/U0_UART_RX/U4/data_reg[5]/Q (SDFFRQX2M)         0.48       0.48 r
  U0_UART/U0_UART_RX/U4/data_reg[6]/SI (SDFFRQX2M)        0.00       0.48 r
  data arrival time                                                  0.48

  clock dft_clk (rise edge)                               0.00       0.00
  clock network delay (ideal)                             0.00       0.00
  clock uncertainty                                       0.10       0.10
  U0_UART/U0_UART_RX/U4/data_reg[6]/CK (SDFFRQX2M)        0.00       0.10 r
  library hold time                                      -0.20      -0.10
  data required time                                                -0.10
  --------------------------------------------------------------------------
  data required time                                                -0.10
  data arrival time                                                 -0.48
  --------------------------------------------------------------------------
  slack (MET)                                                        0.59


  Startpoint: U0_UART/U0_UART_RX/U4/data_reg[4]
              (rising edge-triggered flip-flop clocked by dft_clk)
  Endpoint: U0_UART/U0_UART_RX/U4/data_reg[5]
            (rising edge-triggered flip-flop clocked by dft_clk)
  Path Group: dft_clk
  Path Type: min

  Des/Clust/Port     Wire Load Model       Library
  ------------------------------------------------
  SYSTEM_TOP         tsmc13_wl10           scmetro_tsmc_cl013g_rvt_ss_1p08v_125c

  Point                                                   Incr       Path
  --------------------------------------------------------------------------
  clock dft_clk (rise edge)                               0.00       0.00
  clock network delay (ideal)                             0.00       0.00
  U0_UART/U0_UART_RX/U4/data_reg[4]/CK (SDFFRQX2M)        0.00       0.00 r
  U0_UART/U0_UART_RX/U4/data_reg[4]/Q (SDFFRQX2M)         0.48       0.48 r
  U0_UART/U0_UART_RX/U4/data_reg[5]/SI (SDFFRQX2M)        0.00       0.48 r
  data arrival time                                                  0.48

  clock dft_clk (rise edge)                               0.00       0.00
  clock network delay (ideal)                             0.00       0.00
  clock uncertainty                                       0.10       0.10
  U0_UART/U0_UART_RX/U4/data_reg[5]/CK (SDFFRQX2M)        0.00       0.10 r
  library hold time                                      -0.20      -0.10
  data required time                                                -0.10
  --------------------------------------------------------------------------
  data required time                                                -0.10
  data arrival time                                                 -0.48
  --------------------------------------------------------------------------
  slack (MET)                                                        0.59


  Startpoint: U0_UART/U0_UART_RX/U4/data_reg[3]
              (rising edge-triggered flip-flop clocked by dft_clk)
  Endpoint: U0_UART/U0_UART_RX/U4/data_reg[4]
            (rising edge-triggered flip-flop clocked by dft_clk)
  Path Group: dft_clk
  Path Type: min

  Des/Clust/Port     Wire Load Model       Library
  ------------------------------------------------
  SYSTEM_TOP         tsmc13_wl10           scmetro_tsmc_cl013g_rvt_ss_1p08v_125c

  Point                                                   Incr       Path
  --------------------------------------------------------------------------
  clock dft_clk (rise edge)                               0.00       0.00
  clock network delay (ideal)                             0.00       0.00
  U0_UART/U0_UART_RX/U4/data_reg[3]/CK (SDFFRQX2M)        0.00       0.00 r
  U0_UART/U0_UART_RX/U4/data_reg[3]/Q (SDFFRQX2M)         0.48       0.48 r
  U0_UART/U0_UART_RX/U4/data_reg[4]/SI (SDFFRQX2M)        0.00       0.48 r
  data arrival time                                                  0.48

  clock dft_clk (rise edge)                               0.00       0.00
  clock network delay (ideal)                             0.00       0.00
  clock uncertainty                                       0.10       0.10
  U0_UART/U0_UART_RX/U4/data_reg[4]/CK (SDFFRQX2M)        0.00       0.10 r
  library hold time                                      -0.20      -0.10
  data required time                                                -0.10
  --------------------------------------------------------------------------
  data required time                                                -0.10
  data arrival time                                                 -0.48
  --------------------------------------------------------------------------
  slack (MET)                                                        0.59


  Startpoint: U0_UART/U0_UART_RX/U4/data_reg[2]
              (rising edge-triggered flip-flop clocked by dft_clk)
  Endpoint: U0_UART/U0_UART_RX/U4/data_reg[3]
            (rising edge-triggered flip-flop clocked by dft_clk)
  Path Group: dft_clk
  Path Type: min

  Des/Clust/Port     Wire Load Model       Library
  ------------------------------------------------
  SYSTEM_TOP         tsmc13_wl10           scmetro_tsmc_cl013g_rvt_ss_1p08v_125c

  Point                                                   Incr       Path
  --------------------------------------------------------------------------
  clock dft_clk (rise edge)                               0.00       0.00
  clock network delay (ideal)                             0.00       0.00
  U0_UART/U0_UART_RX/U4/data_reg[2]/CK (SDFFRQX2M)        0.00       0.00 r
  U0_UART/U0_UART_RX/U4/data_reg[2]/Q (SDFFRQX2M)         0.48       0.48 r
  U0_UART/U0_UART_RX/U4/data_reg[3]/SI (SDFFRQX2M)        0.00       0.48 r
  data arrival time                                                  0.48

  clock dft_clk (rise edge)                               0.00       0.00
  clock network delay (ideal)                             0.00       0.00
  clock uncertainty                                       0.10       0.10
  U0_UART/U0_UART_RX/U4/data_reg[3]/CK (SDFFRQX2M)        0.00       0.10 r
  library hold time                                      -0.20      -0.10
  data required time                                                -0.10
  --------------------------------------------------------------------------
  data required time                                                -0.10
  data arrival time                                                 -0.48
  --------------------------------------------------------------------------
  slack (MET)                                                        0.59


  Startpoint: U0_UART/U0_UART_RX/U4/data_reg[1]
              (rising edge-triggered flip-flop clocked by dft_clk)
  Endpoint: U0_UART/U0_UART_RX/U4/data_reg[2]
            (rising edge-triggered flip-flop clocked by dft_clk)
  Path Group: dft_clk
  Path Type: min

  Des/Clust/Port     Wire Load Model       Library
  ------------------------------------------------
  SYSTEM_TOP         tsmc13_wl10           scmetro_tsmc_cl013g_rvt_ss_1p08v_125c

  Point                                                   Incr       Path
  --------------------------------------------------------------------------
  clock dft_clk (rise edge)                               0.00       0.00
  clock network delay (ideal)                             0.00       0.00
  U0_UART/U0_UART_RX/U4/data_reg[1]/CK (SDFFRQX2M)        0.00       0.00 r
  U0_UART/U0_UART_RX/U4/data_reg[1]/Q (SDFFRQX2M)         0.48       0.48 r
  U0_UART/U0_UART_RX/U4/data_reg[2]/SI (SDFFRQX2M)        0.00       0.48 r
  data arrival time                                                  0.48

  clock dft_clk (rise edge)                               0.00       0.00
  clock network delay (ideal)                             0.00       0.00
  clock uncertainty                                       0.10       0.10
  U0_UART/U0_UART_RX/U4/data_reg[2]/CK (SDFFRQX2M)        0.00       0.10 r
  library hold time                                      -0.20      -0.10
  data required time                                                -0.10
  --------------------------------------------------------------------------
  data required time                                                -0.10
  data arrival time                                                 -0.48
  --------------------------------------------------------------------------
  slack (MET)                                                        0.59


  Startpoint: U0_UART/U0_UART_RX/U4/data_reg[0]
              (rising edge-triggered flip-flop clocked by dft_clk)
  Endpoint: U0_UART/U0_UART_RX/U4/data_reg[1]
            (rising edge-triggered flip-flop clocked by dft_clk)
  Path Group: dft_clk
  Path Type: min

  Des/Clust/Port     Wire Load Model       Library
  ------------------------------------------------
  SYSTEM_TOP         tsmc13_wl10           scmetro_tsmc_cl013g_rvt_ss_1p08v_125c

  Point                                                   Incr       Path
  --------------------------------------------------------------------------
  clock dft_clk (rise edge)                               0.00       0.00
  clock network delay (ideal)                             0.00       0.00
  U0_UART/U0_UART_RX/U4/data_reg[0]/CK (SDFFRQX2M)        0.00       0.00 r
  U0_UART/U0_UART_RX/U4/data_reg[0]/Q (SDFFRQX2M)         0.48       0.48 r
  U0_UART/U0_UART_RX/U4/data_reg[1]/SI (SDFFRQX2M)        0.00       0.48 r
  data arrival time                                                  0.48

  clock dft_clk (rise edge)                               0.00       0.00
  clock network delay (ideal)                             0.00       0.00
  clock uncertainty                                       0.10       0.10
  U0_UART/U0_UART_RX/U4/data_reg[1]/CK (SDFFRQX2M)        0.00       0.10 r
  library hold time                                      -0.20      -0.10
  data required time                                                -0.10
  --------------------------------------------------------------------------
  data required time                                                -0.10
  data arrival time                                                 -0.48
  --------------------------------------------------------------------------
  slack (MET)                                                        0.59


  Startpoint: U0_UART/U0_UART_RX/U1/strt_glitch_reg
              (rising edge-triggered flip-flop clocked by dft_clk)
  Endpoint: U0_UART/U0_UART_RX/U3/first_sample_reg
            (rising edge-triggered flip-flop clocked by dft_clk)
  Path Group: dft_clk
  Path Type: min

  Des/Clust/Port     Wire Load Model       Library
  ------------------------------------------------
  SYSTEM_TOP         tsmc13_wl10           scmetro_tsmc_cl013g_rvt_ss_1p08v_125c

  Point                                                   Incr       Path
  --------------------------------------------------------------------------
  clock dft_clk (rise edge)                               0.00       0.00
  clock network delay (ideal)                             0.00       0.00
  U0_UART/U0_UART_RX/U1/strt_glitch_reg/CK (SDFFRQX2M)
                                                          0.00       0.00 r
  U0_UART/U0_UART_RX/U1/strt_glitch_reg/Q (SDFFRQX2M)     0.48       0.48 r
  U0_UART/U0_UART_RX/U1/strt_glitch (strt_checker_test_1)
                                                          0.00       0.48 r
  U0_UART/U0_UART_RX/U3/test_si (data_sampling_test_1)
                                                          0.00       0.48 r
  U0_UART/U0_UART_RX/U3/first_sample_reg/SI (SDFFRQX2M)
                                                          0.00       0.48 r
  data arrival time                                                  0.48

  clock dft_clk (rise edge)                               0.00       0.00
  clock network delay (ideal)                             0.00       0.00
  clock uncertainty                                       0.10       0.10
  U0_UART/U0_UART_RX/U3/first_sample_reg/CK (SDFFRQX2M)
                                                          0.00       0.10 r
  library hold time                                      -0.20      -0.10
  data required time                                                -0.10
  --------------------------------------------------------------------------
  data required time                                                -0.10
  data arrival time                                                 -0.48
  --------------------------------------------------------------------------
  slack (MET)                                                        0.59


  Startpoint: U0_ASYNC_FIFO/U4/sync_out_reg[2]
              (rising edge-triggered flip-flop clocked by dft_clk)
  Endpoint: U0_ASYNC_FIFO/U4/sync_out_reg[3]
            (rising edge-triggered flip-flop clocked by dft_clk)
  Path Group: dft_clk
  Path Type: min

  Des/Clust/Port     Wire Load Model       Library
  ------------------------------------------------
  SYSTEM_TOP         tsmc13_wl10           scmetro_tsmc_cl013g_rvt_ss_1p08v_125c

  Point                                                   Incr       Path
  --------------------------------------------------------------------------
  clock dft_clk (rise edge)                               0.00       0.00
  clock network delay (ideal)                             0.00       0.00
  U0_ASYNC_FIFO/U4/sync_out_reg[2]/CK (SDFFRQX2M)         0.00       0.00 r
  U0_ASYNC_FIFO/U4/sync_out_reg[2]/Q (SDFFRQX2M)          0.48       0.48 r
  U0_ASYNC_FIFO/U4/sync_out_reg[3]/SI (SDFFRQX2M)         0.00       0.48 r
  data arrival time                                                  0.48

  clock dft_clk (rise edge)                               0.00       0.00
  clock network delay (ideal)                             0.00       0.00
  clock uncertainty                                       0.10       0.10
  U0_ASYNC_FIFO/U4/sync_out_reg[3]/CK (SDFFRQX2M)         0.00       0.10 r
  library hold time                                      -0.21      -0.11
  data required time                                                -0.11
  --------------------------------------------------------------------------
  data required time                                                -0.11
  data arrival time                                                 -0.48
  --------------------------------------------------------------------------
  slack (MET)                                                        0.59


  Startpoint: U0_ASYNC_FIFO/U4/sync_out_reg[3]
              (rising edge-triggered flip-flop clocked by dft_clk)
  Endpoint: U0_ASYNC_FIFO/U4/sync_reg_reg[0]
            (rising edge-triggered flip-flop clocked by dft_clk)
  Path Group: dft_clk
  Path Type: min

  Des/Clust/Port     Wire Load Model       Library
  ------------------------------------------------
  SYSTEM_TOP         tsmc13_wl10           scmetro_tsmc_cl013g_rvt_ss_1p08v_125c

  Point                                                   Incr       Path
  --------------------------------------------------------------------------
  clock dft_clk (rise edge)                               0.00       0.00
  clock network delay (ideal)                             0.00       0.00
  U0_ASYNC_FIFO/U4/sync_out_reg[3]/CK (SDFFRQX2M)         0.00       0.00 r
  U0_ASYNC_FIFO/U4/sync_out_reg[3]/Q (SDFFRQX2M)          0.48       0.48 r
  U0_ASYNC_FIFO/U4/sync_reg_reg[0]/SI (SDFFRQX2M)         0.00       0.48 r
  data arrival time                                                  0.48

  clock dft_clk (rise edge)                               0.00       0.00
  clock network delay (ideal)                             0.00       0.00
  clock uncertainty                                       0.10       0.10
  U0_ASYNC_FIFO/U4/sync_reg_reg[0]/CK (SDFFRQX2M)         0.00       0.10 r
  library hold time                                      -0.21      -0.11
  data required time                                                -0.11
  --------------------------------------------------------------------------
  data required time                                                -0.11
  data arrival time                                                 -0.48
  --------------------------------------------------------------------------
  slack (MET)                                                        0.59


  Startpoint: U0_ASYNC_FIFO/U1/wcounter_reg[3]
              (rising edge-triggered flip-flop clocked by dft_clk)
  Endpoint: U0_ASYNC_FIFO/U1/wfull_reg_reg
            (rising edge-triggered flip-flop clocked by dft_clk)
  Path Group: dft_clk
  Path Type: min

  Des/Clust/Port     Wire Load Model       Library
  ------------------------------------------------
  SYSTEM_TOP         tsmc13_wl10           scmetro_tsmc_cl013g_rvt_ss_1p08v_125c

  Point                                                   Incr       Path
  --------------------------------------------------------------------------
  clock dft_clk (rise edge)                               0.00       0.00
  clock network delay (ideal)                             0.00       0.00
  U0_ASYNC_FIFO/U1/wcounter_reg[3]/CK (SDFFRQX2M)         0.00       0.00 r
  U0_ASYNC_FIFO/U1/wcounter_reg[3]/Q (SDFFRQX2M)          0.48       0.48 r
  U0_ASYNC_FIFO/U1/wfull_reg_reg/SI (SDFFRQX2M)           0.00       0.48 r
  data arrival time                                                  0.48

  clock dft_clk (rise edge)                               0.00       0.00
  clock network delay (ideal)                             0.00       0.00
  clock uncertainty                                       0.10       0.10
  U0_ASYNC_FIFO/U1/wfull_reg_reg/CK (SDFFRQX2M)           0.00       0.10 r
  library hold time                                      -0.21      -0.11
  data required time                                                -0.11
  --------------------------------------------------------------------------
  data required time                                                -0.11
  data arrival time                                                 -0.48
  --------------------------------------------------------------------------
  slack (MET)                                                        0.59


  Startpoint: U0_Pulse_Gen/sync_reg_reg[0]
              (rising edge-triggered flip-flop clocked by dft_clk)
  Endpoint: U0_Pulse_Gen/sync_reg_reg[1]
            (rising edge-triggered flip-flop clocked by dft_clk)
  Path Group: dft_clk
  Path Type: min

  Des/Clust/Port     Wire Load Model       Library
  ------------------------------------------------
  SYSTEM_TOP         tsmc13_wl10           scmetro_tsmc_cl013g_rvt_ss_1p08v_125c

  Point                                                   Incr       Path
  --------------------------------------------------------------------------
  clock dft_clk (rise edge)                               0.00       0.00
  clock network delay (ideal)                             0.00       0.00
  U0_Pulse_Gen/sync_reg_reg[0]/CK (SDFFRQX2M)             0.00       0.00 r
  U0_Pulse_Gen/sync_reg_reg[0]/Q (SDFFRQX2M)              0.47       0.47 r
  U0_Pulse_Gen/sync_reg_reg[1]/SI (SDFFRQX1M)             0.00       0.47 r
  data arrival time                                                  0.47

  clock dft_clk (rise edge)                               0.00       0.00
  clock network delay (ideal)                             0.00       0.00
  clock uncertainty                                       0.10       0.10
  U0_Pulse_Gen/sync_reg_reg[1]/CK (SDFFRQX1M)             0.00       0.10 r
  library hold time                                      -0.22      -0.12
  data required time                                                -0.12
  --------------------------------------------------------------------------
  data required time                                                -0.12
  data arrival time                                                 -0.47
  --------------------------------------------------------------------------
  slack (MET)                                                        0.59


  Startpoint: U0_UART/U0_UART_RX/U4/data_reg[6]
              (rising edge-triggered flip-flop clocked by dft_clk)
  Endpoint: U0_UART/U0_UART_RX/U5/edges_counter_reg[0]
            (rising edge-triggered flip-flop clocked by dft_clk)
  Path Group: dft_clk
  Path Type: min

  Des/Clust/Port     Wire Load Model       Library
  ------------------------------------------------
  SYSTEM_TOP         tsmc13_wl10           scmetro_tsmc_cl013g_rvt_ss_1p08v_125c

  Point                                                   Incr       Path
  --------------------------------------------------------------------------
  clock dft_clk (rise edge)                               0.00       0.00
  clock network delay (ideal)                             0.00       0.00
  U0_UART/U0_UART_RX/U4/data_reg[6]/CK (SDFFRQX2M)        0.00       0.00 r
  U0_UART/U0_UART_RX/U4/data_reg[6]/Q (SDFFRQX2M)         0.48       0.48 r
  U0_UART/U0_UART_RX/U4/test_so (deserializer_test_1)     0.00       0.48 r
  U0_UART/U0_UART_RX/U5/test_si (edge_bit_counter_test_1)
                                                          0.00       0.48 r
  U0_UART/U0_UART_RX/U5/edges_counter_reg[0]/SI (SDFFRQX4M)
                                                          0.00       0.48 r
  data arrival time                                                  0.48

  clock dft_clk (rise edge)                               0.00       0.00
  clock network delay (ideal)                             0.00       0.00
  clock uncertainty                                       0.10       0.10
  U0_UART/U0_UART_RX/U5/edges_counter_reg[0]/CK (SDFFRQX4M)
                                                          0.00       0.10 r
  library hold time                                      -0.21      -0.11
  data required time                                                -0.11
  --------------------------------------------------------------------------
  data required time                                                -0.11
  data arrival time                                                 -0.48
  --------------------------------------------------------------------------
  slack (MET)                                                        0.59


  Startpoint: U0_ASYNC_FIFO/U4/sync_out_reg[0]
              (rising edge-triggered flip-flop clocked by dft_clk)
  Endpoint: U0_ASYNC_FIFO/U4/sync_out_reg[1]
            (rising edge-triggered flip-flop clocked by dft_clk)
  Path Group: dft_clk
  Path Type: min

  Des/Clust/Port     Wire Load Model       Library
  ------------------------------------------------
  SYSTEM_TOP         tsmc13_wl10           scmetro_tsmc_cl013g_rvt_ss_1p08v_125c

  Point                                                   Incr       Path
  --------------------------------------------------------------------------
  clock dft_clk (rise edge)                               0.00       0.00
  clock network delay (ideal)                             0.00       0.00
  U0_ASYNC_FIFO/U4/sync_out_reg[0]/CK (SDFFRQX2M)         0.00       0.00 r
  U0_ASYNC_FIFO/U4/sync_out_reg[0]/Q (SDFFRQX2M)          0.48       0.48 r
  U0_ASYNC_FIFO/U4/sync_out_reg[1]/SI (SDFFRQX2M)         0.00       0.48 r
  data arrival time                                                  0.48

  clock dft_clk (rise edge)                               0.00       0.00
  clock network delay (ideal)                             0.00       0.00
  clock uncertainty                                       0.10       0.10
  U0_ASYNC_FIFO/U4/sync_out_reg[1]/CK (SDFFRQX2M)         0.00       0.10 r
  library hold time                                      -0.21      -0.11
  data required time                                                -0.11
  --------------------------------------------------------------------------
  data required time                                                -0.11
  data arrival time                                                 -0.48
  --------------------------------------------------------------------------
  slack (MET)                                                        0.59


  Startpoint: U0_ASYNC_FIFO/U4/sync_out_reg[1]
              (rising edge-triggered flip-flop clocked by dft_clk)
  Endpoint: U0_ASYNC_FIFO/U4/sync_out_reg[2]
            (rising edge-triggered flip-flop clocked by dft_clk)
  Path Group: dft_clk
  Path Type: min

  Des/Clust/Port     Wire Load Model       Library
  ------------------------------------------------
  SYSTEM_TOP         tsmc13_wl10           scmetro_tsmc_cl013g_rvt_ss_1p08v_125c

  Point                                                   Incr       Path
  --------------------------------------------------------------------------
  clock dft_clk (rise edge)                               0.00       0.00
  clock network delay (ideal)                             0.00       0.00
  U0_ASYNC_FIFO/U4/sync_out_reg[1]/CK (SDFFRQX2M)         0.00       0.00 r
  U0_ASYNC_FIFO/U4/sync_out_reg[1]/Q (SDFFRQX2M)          0.48       0.48 r
  U0_ASYNC_FIFO/U4/sync_out_reg[2]/SI (SDFFRQX2M)         0.00       0.48 r
  data arrival time                                                  0.48

  clock dft_clk (rise edge)                               0.00       0.00
  clock network delay (ideal)                             0.00       0.00
  clock uncertainty                                       0.10       0.10
  U0_ASYNC_FIFO/U4/sync_out_reg[2]/CK (SDFFRQX2M)         0.00       0.10 r
  library hold time                                      -0.21      -0.11
  data required time                                                -0.11
  --------------------------------------------------------------------------
  data required time                                                -0.11
  data arrival time                                                 -0.48
  --------------------------------------------------------------------------
  slack (MET)                                                        0.59


  Startpoint: U0_SYS_CTRL/addr_reg_reg[2]
              (rising edge-triggered flip-flop clocked by dft_clk)
  Endpoint: U0_SYS_CTRL/addr_reg_reg[3]
            (rising edge-triggered flip-flop clocked by dft_clk)
  Path Group: dft_clk
  Path Type: min

  Des/Clust/Port     Wire Load Model       Library
  ------------------------------------------------
  SYSTEM_TOP         tsmc13_wl10           scmetro_tsmc_cl013g_rvt_ss_1p08v_125c

  Point                                                   Incr       Path
  --------------------------------------------------------------------------
  clock dft_clk (rise edge)                               0.00       0.00
  clock network delay (ideal)                             0.00       0.00
  U0_SYS_CTRL/addr_reg_reg[2]/CK (SDFFRX1M)               0.00       0.00 r
  U0_SYS_CTRL/addr_reg_reg[2]/Q (SDFFRX1M)                0.49       0.49 r
  U0_SYS_CTRL/addr_reg_reg[3]/SI (SDFFRX1M)               0.00       0.49 r
  data arrival time                                                  0.49

  clock dft_clk (rise edge)                               0.00       0.00
  clock network delay (ideal)                             0.00       0.00
  clock uncertainty                                       0.10       0.10
  U0_SYS_CTRL/addr_reg_reg[3]/CK (SDFFRX1M)               0.00       0.10 r
  library hold time                                      -0.22      -0.12
  data required time                                                -0.12
  --------------------------------------------------------------------------
  data required time                                                -0.12
  data arrival time                                                 -0.49
  --------------------------------------------------------------------------
  slack (MET)                                                        0.60


  Startpoint: U0_SYS_CTRL/addr_reg_reg[1]
              (rising edge-triggered flip-flop clocked by dft_clk)
  Endpoint: U0_SYS_CTRL/addr_reg_reg[2]
            (rising edge-triggered flip-flop clocked by dft_clk)
  Path Group: dft_clk
  Path Type: min

  Des/Clust/Port     Wire Load Model       Library
  ------------------------------------------------
  SYSTEM_TOP         tsmc13_wl10           scmetro_tsmc_cl013g_rvt_ss_1p08v_125c

  Point                                                   Incr       Path
  --------------------------------------------------------------------------
  clock dft_clk (rise edge)                               0.00       0.00
  clock network delay (ideal)                             0.00       0.00
  U0_SYS_CTRL/addr_reg_reg[1]/CK (SDFFRX1M)               0.00       0.00 r
  U0_SYS_CTRL/addr_reg_reg[1]/Q (SDFFRX1M)                0.49       0.49 r
  U0_SYS_CTRL/addr_reg_reg[2]/SI (SDFFRX1M)               0.00       0.49 r
  data arrival time                                                  0.49

  clock dft_clk (rise edge)                               0.00       0.00
  clock network delay (ideal)                             0.00       0.00
  clock uncertainty                                       0.10       0.10
  U0_SYS_CTRL/addr_reg_reg[2]/CK (SDFFRX1M)               0.00       0.10 r
  library hold time                                      -0.22      -0.12
  data required time                                                -0.12
  --------------------------------------------------------------------------
  data required time                                                -0.12
  data arrival time                                                 -0.49
  --------------------------------------------------------------------------
  slack (MET)                                                        0.60


  Startpoint: U0_SYS_CTRL/addr_reg_reg[0]
              (rising edge-triggered flip-flop clocked by dft_clk)
  Endpoint: U0_SYS_CTRL/addr_reg_reg[1]
            (rising edge-triggered flip-flop clocked by dft_clk)
  Path Group: dft_clk
  Path Type: min

  Des/Clust/Port     Wire Load Model       Library
  ------------------------------------------------
  SYSTEM_TOP         tsmc13_wl10           scmetro_tsmc_cl013g_rvt_ss_1p08v_125c

  Point                                                   Incr       Path
  --------------------------------------------------------------------------
  clock dft_clk (rise edge)                               0.00       0.00
  clock network delay (ideal)                             0.00       0.00
  U0_SYS_CTRL/addr_reg_reg[0]/CK (SDFFRX1M)               0.00       0.00 r
  U0_SYS_CTRL/addr_reg_reg[0]/Q (SDFFRX1M)                0.49       0.49 r
  U0_SYS_CTRL/addr_reg_reg[1]/SI (SDFFRX1M)               0.00       0.49 r
  data arrival time                                                  0.49

  clock dft_clk (rise edge)                               0.00       0.00
  clock network delay (ideal)                             0.00       0.00
  clock uncertainty                                       0.10       0.10
  U0_SYS_CTRL/addr_reg_reg[1]/CK (SDFFRX1M)               0.00       0.10 r
  library hold time                                      -0.22      -0.12
  data required time                                                -0.12
  --------------------------------------------------------------------------
  data required time                                                -0.12
  data arrival time                                                 -0.49
  --------------------------------------------------------------------------
  slack (MET)                                                        0.60


  Startpoint: U0_RST_SYNC/flops_reg[2]
              (rising edge-triggered flip-flop clocked by dft_clk)
  Endpoint: U0_SYS_CTRL/addr_reg_reg[0]
            (rising edge-triggered flip-flop clocked by dft_clk)
  Path Group: dft_clk
  Path Type: min

  Des/Clust/Port     Wire Load Model       Library
  ------------------------------------------------
  SYSTEM_TOP         tsmc13_wl10           scmetro_tsmc_cl013g_rvt_ss_1p08v_125c

  Point                                                   Incr       Path
  --------------------------------------------------------------------------
  clock dft_clk (rise edge)                               0.00       0.00
  clock network delay (ideal)                             0.00       0.00
  U0_RST_SYNC/flops_reg[2]/CK (SDFFRQX2M)                 0.00       0.00 r
  U0_RST_SYNC/flops_reg[2]/Q (SDFFRQX2M)                  0.48       0.48 r
  U0_RST_SYNC/sync_rst (RST_SYNC_test_0)                  0.00       0.48 r
  U0_SYS_CTRL/test_si1 (SYS_CTRL_test_1)                  0.00       0.48 r
  U0_SYS_CTRL/addr_reg_reg[0]/SI (SDFFRX1M)               0.00       0.48 r
  data arrival time                                                  0.48

  clock dft_clk (rise edge)                               0.00       0.00
  clock network delay (ideal)                             0.00       0.00
  clock uncertainty                                       0.10       0.10
  U0_SYS_CTRL/addr_reg_reg[0]/CK (SDFFRX1M)               0.00       0.10 r
  library hold time                                      -0.23      -0.13
  data required time                                                -0.13
  --------------------------------------------------------------------------
  data required time                                                -0.13
  data arrival time                                                 -0.48
  --------------------------------------------------------------------------
  slack (MET)                                                        0.61


  Startpoint: U0_ASYNC_FIFO/U0/rempty_reg_reg
              (rising edge-triggered flip-flop clocked by dft_clk)
  Endpoint: U0_ASYNC_FIFO/U0/rptr_gray_reg_reg[0]
            (rising edge-triggered flip-flop clocked by dft_clk)
  Path Group: dft_clk
  Path Type: min

  Des/Clust/Port     Wire Load Model       Library
  ------------------------------------------------
  SYSTEM_TOP         tsmc13_wl10           scmetro_tsmc_cl013g_rvt_ss_1p08v_125c

  Point                                                   Incr       Path
  --------------------------------------------------------------------------
  clock dft_clk (rise edge)                               0.00       0.00
  clock network delay (ideal)                             0.00       0.00
  U0_ASYNC_FIFO/U0/rempty_reg_reg/CK (SDFFSQX2M)          0.00       0.00 r
  U0_ASYNC_FIFO/U0/rempty_reg_reg/Q (SDFFSQX2M)           0.52       0.52 r
  U0_ASYNC_FIFO/U0/rptr_gray_reg_reg[0]/SI (SDFFRQX2M)
                                                          0.00       0.52 r
  data arrival time                                                  0.52

  clock dft_clk (rise edge)                               0.00       0.00
  clock network delay (ideal)                             0.00       0.00
  clock uncertainty                                       0.10       0.10
  U0_ASYNC_FIFO/U0/rptr_gray_reg_reg[0]/CK (SDFFRQX2M)
                                                          0.00       0.10 r
  library hold time                                      -0.20      -0.10
  data required time                                                -0.10
  --------------------------------------------------------------------------
  data required time                                                -0.10
  data arrival time                                                 -0.52
  --------------------------------------------------------------------------
  slack (MET)                                                        0.63


  Startpoint: U0_ASYNC_FIFO/U0/rcounter_reg[3]
              (rising edge-triggered flip-flop clocked by dft_clk)
  Endpoint: U0_ASYNC_FIFO/U0/rempty_reg_reg
            (rising edge-triggered flip-flop clocked by dft_clk)
  Path Group: dft_clk
  Path Type: min

  Des/Clust/Port     Wire Load Model       Library
  ------------------------------------------------
  SYSTEM_TOP         tsmc13_wl10           scmetro_tsmc_cl013g_rvt_ss_1p08v_125c

  Point                                                   Incr       Path
  --------------------------------------------------------------------------
  clock dft_clk (rise edge)                               0.00       0.00
  clock network delay (ideal)                             0.00       0.00
  U0_ASYNC_FIFO/U0/rcounter_reg[3]/CK (SDFFRQX2M)         0.00       0.00 r
  U0_ASYNC_FIFO/U0/rcounter_reg[3]/Q (SDFFRQX2M)          0.54       0.54 r
  U0_ASYNC_FIFO/U0/rempty_reg_reg/SI (SDFFSQX2M)          0.00       0.54 r
  data arrival time                                                  0.54

  clock dft_clk (rise edge)                               0.00       0.00
  clock network delay (ideal)                             0.00       0.00
  clock uncertainty                                       0.10       0.10
  U0_ASYNC_FIFO/U0/rempty_reg_reg/CK (SDFFSQX2M)          0.00       0.10 r
  library hold time                                      -0.20      -0.10
  data required time                                                -0.10
  --------------------------------------------------------------------------
  data required time                                                -0.10
  data arrival time                                                 -0.54
  --------------------------------------------------------------------------
  slack (MET)                                                        0.64


  Startpoint: U0_ASYNC_FIFO/U2/fifo_mem_reg[1][6]
              (rising edge-triggered flip-flop clocked by dft_clk)
  Endpoint: U0_ASYNC_FIFO/U2/fifo_mem_reg[1][7]
            (rising edge-triggered flip-flop clocked by dft_clk)
  Path Group: dft_clk
  Path Type: min

  Des/Clust/Port     Wire Load Model       Library
  ------------------------------------------------
  SYSTEM_TOP         tsmc13_wl10           scmetro_tsmc_cl013g_rvt_ss_1p08v_125c

  Point                                                   Incr       Path
  --------------------------------------------------------------------------
  clock dft_clk (rise edge)                               0.00       0.00
  clock network delay (ideal)                             0.00       0.00
  U0_ASYNC_FIFO/U2/fifo_mem_reg[1][6]/CK (SDFFRQX2M)      0.00       0.00 r
  U0_ASYNC_FIFO/U2/fifo_mem_reg[1][6]/Q (SDFFRQX2M)       0.53       0.53 r
  U0_ASYNC_FIFO/U2/fifo_mem_reg[1][7]/SI (SDFFRQX2M)      0.00       0.53 r
  data arrival time                                                  0.53

  clock dft_clk (rise edge)                               0.00       0.00
  clock network delay (ideal)                             0.00       0.00
  clock uncertainty                                       0.10       0.10
  U0_ASYNC_FIFO/U2/fifo_mem_reg[1][7]/CK (SDFFRQX2M)      0.00       0.10 r
  library hold time                                      -0.22      -0.12
  data required time                                                -0.12
  --------------------------------------------------------------------------
  data required time                                                -0.12
  data arrival time                                                 -0.53
  --------------------------------------------------------------------------
  slack (MET)                                                        0.65


  Startpoint: U0_ASYNC_FIFO/U2/fifo_mem_reg[1][5]
              (rising edge-triggered flip-flop clocked by dft_clk)
  Endpoint: U0_ASYNC_FIFO/U2/fifo_mem_reg[1][6]
            (rising edge-triggered flip-flop clocked by dft_clk)
  Path Group: dft_clk
  Path Type: min

  Des/Clust/Port     Wire Load Model       Library
  ------------------------------------------------
  SYSTEM_TOP         tsmc13_wl10           scmetro_tsmc_cl013g_rvt_ss_1p08v_125c

  Point                                                   Incr       Path
  --------------------------------------------------------------------------
  clock dft_clk (rise edge)                               0.00       0.00
  clock network delay (ideal)                             0.00       0.00
  U0_ASYNC_FIFO/U2/fifo_mem_reg[1][5]/CK (SDFFRQX2M)      0.00       0.00 r
  U0_ASYNC_FIFO/U2/fifo_mem_reg[1][5]/Q (SDFFRQX2M)       0.53       0.53 r
  U0_ASYNC_FIFO/U2/fifo_mem_reg[1][6]/SI (SDFFRQX2M)      0.00       0.53 r
  data arrival time                                                  0.53

  clock dft_clk (rise edge)                               0.00       0.00
  clock network delay (ideal)                             0.00       0.00
  clock uncertainty                                       0.10       0.10
  U0_ASYNC_FIFO/U2/fifo_mem_reg[1][6]/CK (SDFFRQX2M)      0.00       0.10 r
  library hold time                                      -0.22      -0.12
  data required time                                                -0.12
  --------------------------------------------------------------------------
  data required time                                                -0.12
  data arrival time                                                 -0.53
  --------------------------------------------------------------------------
  slack (MET)                                                        0.65


  Startpoint: U0_ASYNC_FIFO/U2/fifo_mem_reg[1][4]
              (rising edge-triggered flip-flop clocked by dft_clk)
  Endpoint: U0_ASYNC_FIFO/U2/fifo_mem_reg[1][5]
            (rising edge-triggered flip-flop clocked by dft_clk)
  Path Group: dft_clk
  Path Type: min

  Des/Clust/Port     Wire Load Model       Library
  ------------------------------------------------
  SYSTEM_TOP         tsmc13_wl10           scmetro_tsmc_cl013g_rvt_ss_1p08v_125c

  Point                                                   Incr       Path
  --------------------------------------------------------------------------
  clock dft_clk (rise edge)                               0.00       0.00
  clock network delay (ideal)                             0.00       0.00
  U0_ASYNC_FIFO/U2/fifo_mem_reg[1][4]/CK (SDFFRQX2M)      0.00       0.00 r
  U0_ASYNC_FIFO/U2/fifo_mem_reg[1][4]/Q (SDFFRQX2M)       0.53       0.53 r
  U0_ASYNC_FIFO/U2/fifo_mem_reg[1][5]/SI (SDFFRQX2M)      0.00       0.53 r
  data arrival time                                                  0.53

  clock dft_clk (rise edge)                               0.00       0.00
  clock network delay (ideal)                             0.00       0.00
  clock uncertainty                                       0.10       0.10
  U0_ASYNC_FIFO/U2/fifo_mem_reg[1][5]/CK (SDFFRQX2M)      0.00       0.10 r
  library hold time                                      -0.22      -0.12
  data required time                                                -0.12
  --------------------------------------------------------------------------
  data required time                                                -0.12
  data arrival time                                                 -0.53
  --------------------------------------------------------------------------
  slack (MET)                                                        0.65


  Startpoint: U0_ASYNC_FIFO/U2/fifo_mem_reg[1][3]
              (rising edge-triggered flip-flop clocked by dft_clk)
  Endpoint: U0_ASYNC_FIFO/U2/fifo_mem_reg[1][4]
            (rising edge-triggered flip-flop clocked by dft_clk)
  Path Group: dft_clk
  Path Type: min

  Des/Clust/Port     Wire Load Model       Library
  ------------------------------------------------
  SYSTEM_TOP         tsmc13_wl10           scmetro_tsmc_cl013g_rvt_ss_1p08v_125c

  Point                                                   Incr       Path
  --------------------------------------------------------------------------
  clock dft_clk (rise edge)                               0.00       0.00
  clock network delay (ideal)                             0.00       0.00
  U0_ASYNC_FIFO/U2/fifo_mem_reg[1][3]/CK (SDFFRQX2M)      0.00       0.00 r
  U0_ASYNC_FIFO/U2/fifo_mem_reg[1][3]/Q (SDFFRQX2M)       0.53       0.53 r
  U0_ASYNC_FIFO/U2/fifo_mem_reg[1][4]/SI (SDFFRQX2M)      0.00       0.53 r
  data arrival time                                                  0.53

  clock dft_clk (rise edge)                               0.00       0.00
  clock network delay (ideal)                             0.00       0.00
  clock uncertainty                                       0.10       0.10
  U0_ASYNC_FIFO/U2/fifo_mem_reg[1][4]/CK (SDFFRQX2M)      0.00       0.10 r
  library hold time                                      -0.22      -0.12
  data required time                                                -0.12
  --------------------------------------------------------------------------
  data required time                                                -0.12
  data arrival time                                                 -0.53
  --------------------------------------------------------------------------
  slack (MET)                                                        0.65


  Startpoint: U0_ASYNC_FIFO/U2/fifo_mem_reg[1][2]
              (rising edge-triggered flip-flop clocked by dft_clk)
  Endpoint: U0_ASYNC_FIFO/U2/fifo_mem_reg[1][3]
            (rising edge-triggered flip-flop clocked by dft_clk)
  Path Group: dft_clk
  Path Type: min

  Des/Clust/Port     Wire Load Model       Library
  ------------------------------------------------
  SYSTEM_TOP         tsmc13_wl10           scmetro_tsmc_cl013g_rvt_ss_1p08v_125c

  Point                                                   Incr       Path
  --------------------------------------------------------------------------
  clock dft_clk (rise edge)                               0.00       0.00
  clock network delay (ideal)                             0.00       0.00
  U0_ASYNC_FIFO/U2/fifo_mem_reg[1][2]/CK (SDFFRQX2M)      0.00       0.00 r
  U0_ASYNC_FIFO/U2/fifo_mem_reg[1][2]/Q (SDFFRQX2M)       0.53       0.53 r
  U0_ASYNC_FIFO/U2/fifo_mem_reg[1][3]/SI (SDFFRQX2M)      0.00       0.53 r
  data arrival time                                                  0.53

  clock dft_clk (rise edge)                               0.00       0.00
  clock network delay (ideal)                             0.00       0.00
  clock uncertainty                                       0.10       0.10
  U0_ASYNC_FIFO/U2/fifo_mem_reg[1][3]/CK (SDFFRQX2M)      0.00       0.10 r
  library hold time                                      -0.22      -0.12
  data required time                                                -0.12
  --------------------------------------------------------------------------
  data required time                                                -0.12
  data arrival time                                                 -0.53
  --------------------------------------------------------------------------
  slack (MET)                                                        0.65


  Startpoint: U0_ASYNC_FIFO/U2/fifo_mem_reg[1][1]
              (rising edge-triggered flip-flop clocked by dft_clk)
  Endpoint: U0_ASYNC_FIFO/U2/fifo_mem_reg[1][2]
            (rising edge-triggered flip-flop clocked by dft_clk)
  Path Group: dft_clk
  Path Type: min

  Des/Clust/Port     Wire Load Model       Library
  ------------------------------------------------
  SYSTEM_TOP         tsmc13_wl10           scmetro_tsmc_cl013g_rvt_ss_1p08v_125c

  Point                                                   Incr       Path
  --------------------------------------------------------------------------
  clock dft_clk (rise edge)                               0.00       0.00
  clock network delay (ideal)                             0.00       0.00
  U0_ASYNC_FIFO/U2/fifo_mem_reg[1][1]/CK (SDFFRQX2M)      0.00       0.00 r
  U0_ASYNC_FIFO/U2/fifo_mem_reg[1][1]/Q (SDFFRQX2M)       0.53       0.53 r
  U0_ASYNC_FIFO/U2/fifo_mem_reg[1][2]/SI (SDFFRQX2M)      0.00       0.53 r
  data arrival time                                                  0.53

  clock dft_clk (rise edge)                               0.00       0.00
  clock network delay (ideal)                             0.00       0.00
  clock uncertainty                                       0.10       0.10
  U0_ASYNC_FIFO/U2/fifo_mem_reg[1][2]/CK (SDFFRQX2M)      0.00       0.10 r
  library hold time                                      -0.22      -0.12
  data required time                                                -0.12
  --------------------------------------------------------------------------
  data required time                                                -0.12
  data arrival time                                                 -0.53
  --------------------------------------------------------------------------
  slack (MET)                                                        0.65


  Startpoint: U0_ASYNC_FIFO/U2/fifo_mem_reg[1][0]
              (rising edge-triggered flip-flop clocked by dft_clk)
  Endpoint: U0_ASYNC_FIFO/U2/fifo_mem_reg[1][1]
            (rising edge-triggered flip-flop clocked by dft_clk)
  Path Group: dft_clk
  Path Type: min

  Des/Clust/Port     Wire Load Model       Library
  ------------------------------------------------
  SYSTEM_TOP         tsmc13_wl10           scmetro_tsmc_cl013g_rvt_ss_1p08v_125c

  Point                                                   Incr       Path
  --------------------------------------------------------------------------
  clock dft_clk (rise edge)                               0.00       0.00
  clock network delay (ideal)                             0.00       0.00
  U0_ASYNC_FIFO/U2/fifo_mem_reg[1][0]/CK (SDFFRQX2M)      0.00       0.00 r
  U0_ASYNC_FIFO/U2/fifo_mem_reg[1][0]/Q (SDFFRQX2M)       0.53       0.53 r
  U0_ASYNC_FIFO/U2/fifo_mem_reg[1][1]/SI (SDFFRQX2M)      0.00       0.53 r
  data arrival time                                                  0.53

  clock dft_clk (rise edge)                               0.00       0.00
  clock network delay (ideal)                             0.00       0.00
  clock uncertainty                                       0.10       0.10
  U0_ASYNC_FIFO/U2/fifo_mem_reg[1][1]/CK (SDFFRQX2M)      0.00       0.10 r
  library hold time                                      -0.22      -0.12
  data required time                                                -0.12
  --------------------------------------------------------------------------
  data required time                                                -0.12
  data arrival time                                                 -0.53
  --------------------------------------------------------------------------
  slack (MET)                                                        0.65


  Startpoint: U0_ASYNC_FIFO/U2/fifo_mem_reg[0][7]
              (rising edge-triggered flip-flop clocked by dft_clk)
  Endpoint: U0_ASYNC_FIFO/U2/fifo_mem_reg[1][0]
            (rising edge-triggered flip-flop clocked by dft_clk)
  Path Group: dft_clk
  Path Type: min

  Des/Clust/Port     Wire Load Model       Library
  ------------------------------------------------
  SYSTEM_TOP         tsmc13_wl10           scmetro_tsmc_cl013g_rvt_ss_1p08v_125c

  Point                                                   Incr       Path
  --------------------------------------------------------------------------
  clock dft_clk (rise edge)                               0.00       0.00
  clock network delay (ideal)                             0.00       0.00
  U0_ASYNC_FIFO/U2/fifo_mem_reg[0][7]/CK (SDFFRQX2M)      0.00       0.00 r
  U0_ASYNC_FIFO/U2/fifo_mem_reg[0][7]/Q (SDFFRQX2M)       0.53       0.53 r
  U0_ASYNC_FIFO/U2/fifo_mem_reg[1][0]/SI (SDFFRQX2M)      0.00       0.53 r
  data arrival time                                                  0.53

  clock dft_clk (rise edge)                               0.00       0.00
  clock network delay (ideal)                             0.00       0.00
  clock uncertainty                                       0.10       0.10
  U0_ASYNC_FIFO/U2/fifo_mem_reg[1][0]/CK (SDFFRQX2M)      0.00       0.10 r
  library hold time                                      -0.22      -0.12
  data required time                                                -0.12
  --------------------------------------------------------------------------
  data required time                                                -0.12
  data arrival time                                                 -0.53
  --------------------------------------------------------------------------
  slack (MET)                                                        0.65


  Startpoint: U0_ASYNC_FIFO/U2/fifo_mem_reg[0][6]
              (rising edge-triggered flip-flop clocked by dft_clk)
  Endpoint: U0_ASYNC_FIFO/U2/fifo_mem_reg[0][7]
            (rising edge-triggered flip-flop clocked by dft_clk)
  Path Group: dft_clk
  Path Type: min

  Des/Clust/Port     Wire Load Model       Library
  ------------------------------------------------
  SYSTEM_TOP         tsmc13_wl10           scmetro_tsmc_cl013g_rvt_ss_1p08v_125c

  Point                                                   Incr       Path
  --------------------------------------------------------------------------
  clock dft_clk (rise edge)                               0.00       0.00
  clock network delay (ideal)                             0.00       0.00
  U0_ASYNC_FIFO/U2/fifo_mem_reg[0][6]/CK (SDFFRQX2M)      0.00       0.00 r
  U0_ASYNC_FIFO/U2/fifo_mem_reg[0][6]/Q (SDFFRQX2M)       0.53       0.53 r
  U0_ASYNC_FIFO/U2/fifo_mem_reg[0][7]/SI (SDFFRQX2M)      0.00       0.53 r
  data arrival time                                                  0.53

  clock dft_clk (rise edge)                               0.00       0.00
  clock network delay (ideal)                             0.00       0.00
  clock uncertainty                                       0.10       0.10
  U0_ASYNC_FIFO/U2/fifo_mem_reg[0][7]/CK (SDFFRQX2M)      0.00       0.10 r
  library hold time                                      -0.22      -0.12
  data required time                                                -0.12
  --------------------------------------------------------------------------
  data required time                                                -0.12
  data arrival time                                                 -0.53
  --------------------------------------------------------------------------
  slack (MET)                                                        0.65


  Startpoint: U0_ASYNC_FIFO/U2/fifo_mem_reg[0][5]
              (rising edge-triggered flip-flop clocked by dft_clk)
  Endpoint: U0_ASYNC_FIFO/U2/fifo_mem_reg[0][6]
            (rising edge-triggered flip-flop clocked by dft_clk)
  Path Group: dft_clk
  Path Type: min

  Des/Clust/Port     Wire Load Model       Library
  ------------------------------------------------
  SYSTEM_TOP         tsmc13_wl10           scmetro_tsmc_cl013g_rvt_ss_1p08v_125c

  Point                                                   Incr       Path
  --------------------------------------------------------------------------
  clock dft_clk (rise edge)                               0.00       0.00
  clock network delay (ideal)                             0.00       0.00
  U0_ASYNC_FIFO/U2/fifo_mem_reg[0][5]/CK (SDFFRQX2M)      0.00       0.00 r
  U0_ASYNC_FIFO/U2/fifo_mem_reg[0][5]/Q (SDFFRQX2M)       0.53       0.53 r
  U0_ASYNC_FIFO/U2/fifo_mem_reg[0][6]/SI (SDFFRQX2M)      0.00       0.53 r
  data arrival time                                                  0.53

  clock dft_clk (rise edge)                               0.00       0.00
  clock network delay (ideal)                             0.00       0.00
  clock uncertainty                                       0.10       0.10
  U0_ASYNC_FIFO/U2/fifo_mem_reg[0][6]/CK (SDFFRQX2M)      0.00       0.10 r
  library hold time                                      -0.22      -0.12
  data required time                                                -0.12
  --------------------------------------------------------------------------
  data required time                                                -0.12
  data arrival time                                                 -0.53
  --------------------------------------------------------------------------
  slack (MET)                                                        0.65


  Startpoint: U0_ASYNC_FIFO/U2/fifo_mem_reg[0][4]
              (rising edge-triggered flip-flop clocked by dft_clk)
  Endpoint: U0_ASYNC_FIFO/U2/fifo_mem_reg[0][5]
            (rising edge-triggered flip-flop clocked by dft_clk)
  Path Group: dft_clk
  Path Type: min

  Des/Clust/Port     Wire Load Model       Library
  ------------------------------------------------
  SYSTEM_TOP         tsmc13_wl10           scmetro_tsmc_cl013g_rvt_ss_1p08v_125c

  Point                                                   Incr       Path
  --------------------------------------------------------------------------
  clock dft_clk (rise edge)                               0.00       0.00
  clock network delay (ideal)                             0.00       0.00
  U0_ASYNC_FIFO/U2/fifo_mem_reg[0][4]/CK (SDFFRQX2M)      0.00       0.00 r
  U0_ASYNC_FIFO/U2/fifo_mem_reg[0][4]/Q (SDFFRQX2M)       0.53       0.53 r
  U0_ASYNC_FIFO/U2/fifo_mem_reg[0][5]/SI (SDFFRQX2M)      0.00       0.53 r
  data arrival time                                                  0.53

  clock dft_clk (rise edge)                               0.00       0.00
  clock network delay (ideal)                             0.00       0.00
  clock uncertainty                                       0.10       0.10
  U0_ASYNC_FIFO/U2/fifo_mem_reg[0][5]/CK (SDFFRQX2M)      0.00       0.10 r
  library hold time                                      -0.22      -0.12
  data required time                                                -0.12
  --------------------------------------------------------------------------
  data required time                                                -0.12
  data arrival time                                                 -0.53
  --------------------------------------------------------------------------
  slack (MET)                                                        0.65


  Startpoint: U0_ASYNC_FIFO/U2/fifo_mem_reg[0][3]
              (rising edge-triggered flip-flop clocked by dft_clk)
  Endpoint: U0_ASYNC_FIFO/U2/fifo_mem_reg[0][4]
            (rising edge-triggered flip-flop clocked by dft_clk)
  Path Group: dft_clk
  Path Type: min

  Des/Clust/Port     Wire Load Model       Library
  ------------------------------------------------
  SYSTEM_TOP         tsmc13_wl10           scmetro_tsmc_cl013g_rvt_ss_1p08v_125c

  Point                                                   Incr       Path
  --------------------------------------------------------------------------
  clock dft_clk (rise edge)                               0.00       0.00
  clock network delay (ideal)                             0.00       0.00
  U0_ASYNC_FIFO/U2/fifo_mem_reg[0][3]/CK (SDFFRQX2M)      0.00       0.00 r
  U0_ASYNC_FIFO/U2/fifo_mem_reg[0][3]/Q (SDFFRQX2M)       0.53       0.53 r
  U0_ASYNC_FIFO/U2/fifo_mem_reg[0][4]/SI (SDFFRQX2M)      0.00       0.53 r
  data arrival time                                                  0.53

  clock dft_clk (rise edge)                               0.00       0.00
  clock network delay (ideal)                             0.00       0.00
  clock uncertainty                                       0.10       0.10
  U0_ASYNC_FIFO/U2/fifo_mem_reg[0][4]/CK (SDFFRQX2M)      0.00       0.10 r
  library hold time                                      -0.22      -0.12
  data required time                                                -0.12
  --------------------------------------------------------------------------
  data required time                                                -0.12
  data arrival time                                                 -0.53
  --------------------------------------------------------------------------
  slack (MET)                                                        0.65


  Startpoint: U0_ASYNC_FIFO/U2/fifo_mem_reg[0][2]
              (rising edge-triggered flip-flop clocked by dft_clk)
  Endpoint: U0_ASYNC_FIFO/U2/fifo_mem_reg[0][3]
            (rising edge-triggered flip-flop clocked by dft_clk)
  Path Group: dft_clk
  Path Type: min

  Des/Clust/Port     Wire Load Model       Library
  ------------------------------------------------
  SYSTEM_TOP         tsmc13_wl10           scmetro_tsmc_cl013g_rvt_ss_1p08v_125c

  Point                                                   Incr       Path
  --------------------------------------------------------------------------
  clock dft_clk (rise edge)                               0.00       0.00
  clock network delay (ideal)                             0.00       0.00
  U0_ASYNC_FIFO/U2/fifo_mem_reg[0][2]/CK (SDFFRQX2M)      0.00       0.00 r
  U0_ASYNC_FIFO/U2/fifo_mem_reg[0][2]/Q (SDFFRQX2M)       0.53       0.53 r
  U0_ASYNC_FIFO/U2/fifo_mem_reg[0][3]/SI (SDFFRQX2M)      0.00       0.53 r
  data arrival time                                                  0.53

  clock dft_clk (rise edge)                               0.00       0.00
  clock network delay (ideal)                             0.00       0.00
  clock uncertainty                                       0.10       0.10
  U0_ASYNC_FIFO/U2/fifo_mem_reg[0][3]/CK (SDFFRQX2M)      0.00       0.10 r
  library hold time                                      -0.22      -0.12
  data required time                                                -0.12
  --------------------------------------------------------------------------
  data required time                                                -0.12
  data arrival time                                                 -0.53
  --------------------------------------------------------------------------
  slack (MET)                                                        0.65


  Startpoint: U0_ASYNC_FIFO/U2/fifo_mem_reg[0][1]
              (rising edge-triggered flip-flop clocked by dft_clk)
  Endpoint: U0_ASYNC_FIFO/U2/fifo_mem_reg[0][2]
            (rising edge-triggered flip-flop clocked by dft_clk)
  Path Group: dft_clk
  Path Type: min

  Des/Clust/Port     Wire Load Model       Library
  ------------------------------------------------
  SYSTEM_TOP         tsmc13_wl10           scmetro_tsmc_cl013g_rvt_ss_1p08v_125c

  Point                                                   Incr       Path
  --------------------------------------------------------------------------
  clock dft_clk (rise edge)                               0.00       0.00
  clock network delay (ideal)                             0.00       0.00
  U0_ASYNC_FIFO/U2/fifo_mem_reg[0][1]/CK (SDFFRQX2M)      0.00       0.00 r
  U0_ASYNC_FIFO/U2/fifo_mem_reg[0][1]/Q (SDFFRQX2M)       0.53       0.53 r
  U0_ASYNC_FIFO/U2/fifo_mem_reg[0][2]/SI (SDFFRQX2M)      0.00       0.53 r
  data arrival time                                                  0.53

  clock dft_clk (rise edge)                               0.00       0.00
  clock network delay (ideal)                             0.00       0.00
  clock uncertainty                                       0.10       0.10
  U0_ASYNC_FIFO/U2/fifo_mem_reg[0][2]/CK (SDFFRQX2M)      0.00       0.10 r
  library hold time                                      -0.22      -0.12
  data required time                                                -0.12
  --------------------------------------------------------------------------
  data required time                                                -0.12
  data arrival time                                                 -0.53
  --------------------------------------------------------------------------
  slack (MET)                                                        0.65


  Startpoint: U0_ASYNC_FIFO/U2/fifo_mem_reg[0][0]
              (rising edge-triggered flip-flop clocked by dft_clk)
  Endpoint: U0_ASYNC_FIFO/U2/fifo_mem_reg[0][1]
            (rising edge-triggered flip-flop clocked by dft_clk)
  Path Group: dft_clk
  Path Type: min

  Des/Clust/Port     Wire Load Model       Library
  ------------------------------------------------
  SYSTEM_TOP         tsmc13_wl10           scmetro_tsmc_cl013g_rvt_ss_1p08v_125c

  Point                                                   Incr       Path
  --------------------------------------------------------------------------
  clock dft_clk (rise edge)                               0.00       0.00
  clock network delay (ideal)                             0.00       0.00
  U0_ASYNC_FIFO/U2/fifo_mem_reg[0][0]/CK (SDFFRQX2M)      0.00       0.00 r
  U0_ASYNC_FIFO/U2/fifo_mem_reg[0][0]/Q (SDFFRQX2M)       0.53       0.53 r
  U0_ASYNC_FIFO/U2/fifo_mem_reg[0][1]/SI (SDFFRQX2M)      0.00       0.53 r
  data arrival time                                                  0.53

  clock dft_clk (rise edge)                               0.00       0.00
  clock network delay (ideal)                             0.00       0.00
  clock uncertainty                                       0.10       0.10
  U0_ASYNC_FIFO/U2/fifo_mem_reg[0][1]/CK (SDFFRQX2M)      0.00       0.10 r
  library hold time                                      -0.22      -0.12
  data required time                                                -0.12
  --------------------------------------------------------------------------
  data required time                                                -0.12
  data arrival time                                                 -0.53
  --------------------------------------------------------------------------
  slack (MET)                                                        0.65


  Startpoint: U0_ASYNC_FIFO/U2/fifo_mem_reg[1][7]
              (rising edge-triggered flip-flop clocked by dft_clk)
  Endpoint: U0_ASYNC_FIFO/U2/fifo_mem_reg[2][0]
            (rising edge-triggered flip-flop clocked by dft_clk)
  Path Group: dft_clk
  Path Type: min

  Des/Clust/Port     Wire Load Model       Library
  ------------------------------------------------
  SYSTEM_TOP         tsmc13_wl10           scmetro_tsmc_cl013g_rvt_ss_1p08v_125c

  Point                                                   Incr       Path
  --------------------------------------------------------------------------
  clock dft_clk (rise edge)                               0.00       0.00
  clock network delay (ideal)                             0.00       0.00
  U0_ASYNC_FIFO/U2/fifo_mem_reg[1][7]/CK (SDFFRQX2M)      0.00       0.00 r
  U0_ASYNC_FIFO/U2/fifo_mem_reg[1][7]/Q (SDFFRQX2M)       0.53       0.53 r
  U0_ASYNC_FIFO/U2/fifo_mem_reg[2][0]/SI (SDFFRQX2M)      0.00       0.53 r
  data arrival time                                                  0.53

  clock dft_clk (rise edge)                               0.00       0.00
  clock network delay (ideal)                             0.00       0.00
  clock uncertainty                                       0.10       0.10
  U0_ASYNC_FIFO/U2/fifo_mem_reg[2][0]/CK (SDFFRQX2M)      0.00       0.10 r
  library hold time                                      -0.22      -0.12
  data required time                                                -0.12
  --------------------------------------------------------------------------
  data required time                                                -0.12
  data arrival time                                                 -0.53
  --------------------------------------------------------------------------
  slack (MET)                                                        0.65


  Startpoint: U0_ASYNC_FIFO/U2/fifo_mem_reg[4][6]
              (rising edge-triggered flip-flop clocked by dft_clk)
  Endpoint: U0_ASYNC_FIFO/U2/fifo_mem_reg[4][7]
            (rising edge-triggered flip-flop clocked by dft_clk)
  Path Group: dft_clk
  Path Type: min

  Des/Clust/Port     Wire Load Model       Library
  ------------------------------------------------
  SYSTEM_TOP         tsmc13_wl10           scmetro_tsmc_cl013g_rvt_ss_1p08v_125c

  Point                                                   Incr       Path
  --------------------------------------------------------------------------
  clock dft_clk (rise edge)                               0.00       0.00
  clock network delay (ideal)                             0.00       0.00
  U0_ASYNC_FIFO/U2/fifo_mem_reg[4][6]/CK (SDFFRQX2M)      0.00       0.00 r
  U0_ASYNC_FIFO/U2/fifo_mem_reg[4][6]/Q (SDFFRQX2M)       0.53       0.53 r
  U0_ASYNC_FIFO/U2/fifo_mem_reg[4][7]/SI (SDFFRQX2M)      0.00       0.53 r
  data arrival time                                                  0.53

  clock dft_clk (rise edge)                               0.00       0.00
  clock network delay (ideal)                             0.00       0.00
  clock uncertainty                                       0.10       0.10
  U0_ASYNC_FIFO/U2/fifo_mem_reg[4][7]/CK (SDFFRQX2M)      0.00       0.10 r
  library hold time                                      -0.22      -0.12
  data required time                                                -0.12
  --------------------------------------------------------------------------
  data required time                                                -0.12
  data arrival time                                                 -0.53
  --------------------------------------------------------------------------
  slack (MET)                                                        0.65


  Startpoint: U0_ASYNC_FIFO/U2/fifo_mem_reg[4][5]
              (rising edge-triggered flip-flop clocked by dft_clk)
  Endpoint: U0_ASYNC_FIFO/U2/fifo_mem_reg[4][6]
            (rising edge-triggered flip-flop clocked by dft_clk)
  Path Group: dft_clk
  Path Type: min

  Des/Clust/Port     Wire Load Model       Library
  ------------------------------------------------
  SYSTEM_TOP         tsmc13_wl10           scmetro_tsmc_cl013g_rvt_ss_1p08v_125c

  Point                                                   Incr       Path
  --------------------------------------------------------------------------
  clock dft_clk (rise edge)                               0.00       0.00
  clock network delay (ideal)                             0.00       0.00
  U0_ASYNC_FIFO/U2/fifo_mem_reg[4][5]/CK (SDFFRQX2M)      0.00       0.00 r
  U0_ASYNC_FIFO/U2/fifo_mem_reg[4][5]/Q (SDFFRQX2M)       0.53       0.53 r
  U0_ASYNC_FIFO/U2/fifo_mem_reg[4][6]/SI (SDFFRQX2M)      0.00       0.53 r
  data arrival time                                                  0.53

  clock dft_clk (rise edge)                               0.00       0.00
  clock network delay (ideal)                             0.00       0.00
  clock uncertainty                                       0.10       0.10
  U0_ASYNC_FIFO/U2/fifo_mem_reg[4][6]/CK (SDFFRQX2M)      0.00       0.10 r
  library hold time                                      -0.22      -0.12
  data required time                                                -0.12
  --------------------------------------------------------------------------
  data required time                                                -0.12
  data arrival time                                                 -0.53
  --------------------------------------------------------------------------
  slack (MET)                                                        0.65


  Startpoint: U0_ASYNC_FIFO/U2/fifo_mem_reg[4][4]
              (rising edge-triggered flip-flop clocked by dft_clk)
  Endpoint: U0_ASYNC_FIFO/U2/fifo_mem_reg[4][5]
            (rising edge-triggered flip-flop clocked by dft_clk)
  Path Group: dft_clk
  Path Type: min

  Des/Clust/Port     Wire Load Model       Library
  ------------------------------------------------
  SYSTEM_TOP         tsmc13_wl10           scmetro_tsmc_cl013g_rvt_ss_1p08v_125c

  Point                                                   Incr       Path
  --------------------------------------------------------------------------
  clock dft_clk (rise edge)                               0.00       0.00
  clock network delay (ideal)                             0.00       0.00
  U0_ASYNC_FIFO/U2/fifo_mem_reg[4][4]/CK (SDFFRQX2M)      0.00       0.00 r
  U0_ASYNC_FIFO/U2/fifo_mem_reg[4][4]/Q (SDFFRQX2M)       0.53       0.53 r
  U0_ASYNC_FIFO/U2/fifo_mem_reg[4][5]/SI (SDFFRQX2M)      0.00       0.53 r
  data arrival time                                                  0.53

  clock dft_clk (rise edge)                               0.00       0.00
  clock network delay (ideal)                             0.00       0.00
  clock uncertainty                                       0.10       0.10
  U0_ASYNC_FIFO/U2/fifo_mem_reg[4][5]/CK (SDFFRQX2M)      0.00       0.10 r
  library hold time                                      -0.22      -0.12
  data required time                                                -0.12
  --------------------------------------------------------------------------
  data required time                                                -0.12
  data arrival time                                                 -0.53
  --------------------------------------------------------------------------
  slack (MET)                                                        0.65


  Startpoint: U0_ASYNC_FIFO/U2/fifo_mem_reg[4][3]
              (rising edge-triggered flip-flop clocked by dft_clk)
  Endpoint: U0_ASYNC_FIFO/U2/fifo_mem_reg[4][4]
            (rising edge-triggered flip-flop clocked by dft_clk)
  Path Group: dft_clk
  Path Type: min

  Des/Clust/Port     Wire Load Model       Library
  ------------------------------------------------
  SYSTEM_TOP         tsmc13_wl10           scmetro_tsmc_cl013g_rvt_ss_1p08v_125c

  Point                                                   Incr       Path
  --------------------------------------------------------------------------
  clock dft_clk (rise edge)                               0.00       0.00
  clock network delay (ideal)                             0.00       0.00
  U0_ASYNC_FIFO/U2/fifo_mem_reg[4][3]/CK (SDFFRQX2M)      0.00       0.00 r
  U0_ASYNC_FIFO/U2/fifo_mem_reg[4][3]/Q (SDFFRQX2M)       0.53       0.53 r
  U0_ASYNC_FIFO/U2/fifo_mem_reg[4][4]/SI (SDFFRQX2M)      0.00       0.53 r
  data arrival time                                                  0.53

  clock dft_clk (rise edge)                               0.00       0.00
  clock network delay (ideal)                             0.00       0.00
  clock uncertainty                                       0.10       0.10
  U0_ASYNC_FIFO/U2/fifo_mem_reg[4][4]/CK (SDFFRQX2M)      0.00       0.10 r
  library hold time                                      -0.22      -0.12
  data required time                                                -0.12
  --------------------------------------------------------------------------
  data required time                                                -0.12
  data arrival time                                                 -0.53
  --------------------------------------------------------------------------
  slack (MET)                                                        0.65


  Startpoint: U0_ASYNC_FIFO/U2/fifo_mem_reg[4][2]
              (rising edge-triggered flip-flop clocked by dft_clk)
  Endpoint: U0_ASYNC_FIFO/U2/fifo_mem_reg[4][3]
            (rising edge-triggered flip-flop clocked by dft_clk)
  Path Group: dft_clk
  Path Type: min

  Des/Clust/Port     Wire Load Model       Library
  ------------------------------------------------
  SYSTEM_TOP         tsmc13_wl10           scmetro_tsmc_cl013g_rvt_ss_1p08v_125c

  Point                                                   Incr       Path
  --------------------------------------------------------------------------
  clock dft_clk (rise edge)                               0.00       0.00
  clock network delay (ideal)                             0.00       0.00
  U0_ASYNC_FIFO/U2/fifo_mem_reg[4][2]/CK (SDFFRQX2M)      0.00       0.00 r
  U0_ASYNC_FIFO/U2/fifo_mem_reg[4][2]/Q (SDFFRQX2M)       0.53       0.53 r
  U0_ASYNC_FIFO/U2/fifo_mem_reg[4][3]/SI (SDFFRQX2M)      0.00       0.53 r
  data arrival time                                                  0.53

  clock dft_clk (rise edge)                               0.00       0.00
  clock network delay (ideal)                             0.00       0.00
  clock uncertainty                                       0.10       0.10
  U0_ASYNC_FIFO/U2/fifo_mem_reg[4][3]/CK (SDFFRQX2M)      0.00       0.10 r
  library hold time                                      -0.22      -0.12
  data required time                                                -0.12
  --------------------------------------------------------------------------
  data required time                                                -0.12
  data arrival time                                                 -0.53
  --------------------------------------------------------------------------
  slack (MET)                                                        0.65


  Startpoint: U0_ASYNC_FIFO/U2/fifo_mem_reg[4][1]
              (rising edge-triggered flip-flop clocked by dft_clk)
  Endpoint: U0_ASYNC_FIFO/U2/fifo_mem_reg[4][2]
            (rising edge-triggered flip-flop clocked by dft_clk)
  Path Group: dft_clk
  Path Type: min

  Des/Clust/Port     Wire Load Model       Library
  ------------------------------------------------
  SYSTEM_TOP         tsmc13_wl10           scmetro_tsmc_cl013g_rvt_ss_1p08v_125c

  Point                                                   Incr       Path
  --------------------------------------------------------------------------
  clock dft_clk (rise edge)                               0.00       0.00
  clock network delay (ideal)                             0.00       0.00
  U0_ASYNC_FIFO/U2/fifo_mem_reg[4][1]/CK (SDFFRQX2M)      0.00       0.00 r
  U0_ASYNC_FIFO/U2/fifo_mem_reg[4][1]/Q (SDFFRQX2M)       0.53       0.53 r
  U0_ASYNC_FIFO/U2/fifo_mem_reg[4][2]/SI (SDFFRQX2M)      0.00       0.53 r
  data arrival time                                                  0.53

  clock dft_clk (rise edge)                               0.00       0.00
  clock network delay (ideal)                             0.00       0.00
  clock uncertainty                                       0.10       0.10
  U0_ASYNC_FIFO/U2/fifo_mem_reg[4][2]/CK (SDFFRQX2M)      0.00       0.10 r
  library hold time                                      -0.22      -0.12
  data required time                                                -0.12
  --------------------------------------------------------------------------
  data required time                                                -0.12
  data arrival time                                                 -0.53
  --------------------------------------------------------------------------
  slack (MET)                                                        0.65


  Startpoint: U0_ASYNC_FIFO/U2/fifo_mem_reg[4][0]
              (rising edge-triggered flip-flop clocked by dft_clk)
  Endpoint: U0_ASYNC_FIFO/U2/fifo_mem_reg[4][1]
            (rising edge-triggered flip-flop clocked by dft_clk)
  Path Group: dft_clk
  Path Type: min

  Des/Clust/Port     Wire Load Model       Library
  ------------------------------------------------
  SYSTEM_TOP         tsmc13_wl10           scmetro_tsmc_cl013g_rvt_ss_1p08v_125c

  Point                                                   Incr       Path
  --------------------------------------------------------------------------
  clock dft_clk (rise edge)                               0.00       0.00
  clock network delay (ideal)                             0.00       0.00
  U0_ASYNC_FIFO/U2/fifo_mem_reg[4][0]/CK (SDFFRQX2M)      0.00       0.00 r
  U0_ASYNC_FIFO/U2/fifo_mem_reg[4][0]/Q (SDFFRQX2M)       0.53       0.53 r
  U0_ASYNC_FIFO/U2/fifo_mem_reg[4][1]/SI (SDFFRQX2M)      0.00       0.53 r
  data arrival time                                                  0.53

  clock dft_clk (rise edge)                               0.00       0.00
  clock network delay (ideal)                             0.00       0.00
  clock uncertainty                                       0.10       0.10
  U0_ASYNC_FIFO/U2/fifo_mem_reg[4][1]/CK (SDFFRQX2M)      0.00       0.10 r
  library hold time                                      -0.22      -0.12
  data required time                                                -0.12
  --------------------------------------------------------------------------
  data required time                                                -0.12
  data arrival time                                                 -0.53
  --------------------------------------------------------------------------
  slack (MET)                                                        0.65


1
