 
****************************************
Report : timing
        -path full
        -delay max
        -max_paths 100
        -sort_by slack
Design : SYSTEM_TOP
Version: O-2018.06-SP1
Date   : Thu Oct  1 07:37:59 2026
****************************************

Operating Conditions: scmetro_tsmc_cl013g_rvt_ss_1p08v_125c   Library: scmetro_tsmc_cl013g_rvt_ss_1p08v_125c
Wire Load Model Mode: top

  Startpoint: SE (input port clocked by dft_clk)
  Endpoint: U0_ASYNC_FIFO/U2/fifo_mem_reg[1][7]
            (rising edge-triggered flip-flop clocked by dft_clk)
  Path Group: dft_clk
  Path Type: max

  Des/Clust/Port     Wire Load Model       Library
  ------------------------------------------------
  SYSTEM_TOP         tsmc13_wl10           scmetro_tsmc_cl013g_rvt_ss_1p08v_125c

  Point                                                   Incr       Path
  --------------------------------------------------------------------------
  clock dft_clk (rise edge)                               0.00       0.00
  clock network delay (ideal)                             0.00       0.00
  input external delay                                  200.00     200.00 r
  SE (in)                                                 0.81     200.81 r
  U31/Y (DLY1X1M)                                         0.40     201.21 r
  U32/Y (INVXLM)                                          0.37     201.58 f
  U41/Y (INVXLM)                                          0.76     202.33 r
  U0_ASYNC_FIFO/test_se (ASYNC_FIFO_test_1)               0.00     202.33 r
  U0_ASYNC_FIFO/U10/Y (DLY1X1M)                           1.03     203.37 r
  U0_ASYNC_FIFO/U2/test_se (FIFO_MEM_CNTRL_test_1)        0.00     203.37 r
  U0_ASYNC_FIFO/U2/U214/Y (INVXLM)                        0.63     204.00 f
  U0_ASYNC_FIFO/U2/U215/Y (INVXLM)                        0.69     204.70 r
  U0_ASYNC_FIFO/U2/U218/Y (INVXLM)                        0.53     205.23 f
  U0_ASYNC_FIFO/U2/U220/Y (INVXLM)                        0.67     205.90 r
  U0_ASYNC_FIFO/U2/fifo_mem_reg[1][7]/SE (SDFFRQX2M)      0.00     205.90 r
  data arrival time                                                205.90

  clock dft_clk (rise edge)                            1000.00    1000.00
  clock network delay (ideal)                             0.00    1000.00
  clock uncertainty                                      -0.20     999.80
  U0_ASYNC_FIFO/U2/fifo_mem_reg[1][7]/CK (SDFFRQX2M)      0.00     999.80 r
  library setup time                                     -0.60     999.20
  data required time                                               999.20
  --------------------------------------------------------------------------
  data required time                                               999.20
  data arrival time                                               -205.90
  --------------------------------------------------------------------------
  slack (MET)                                                      793.30


  Startpoint: SE (input port clocked by dft_clk)
  Endpoint: U0_ASYNC_FIFO/U2/fifo_mem_reg[1][6]
            (rising edge-triggered flip-flop clocked by dft_clk)
  Path Group: dft_clk
  Path Type: max

  Des/Clust/Port     Wire Load Model       Library
  ------------------------------------------------
  SYSTEM_TOP         tsmc13_wl10           scmetro_tsmc_cl013g_rvt_ss_1p08v_125c

  Point                                                   Incr       Path
  --------------------------------------------------------------------------
  clock dft_clk (rise edge)                               0.00       0.00
  clock network delay (ideal)                             0.00       0.00
  input external delay                                  200.00     200.00 r
  SE (in)                                                 0.81     200.81 r
  U31/Y (DLY1X1M)                                         0.40     201.21 r
  U32/Y (INVXLM)                                          0.37     201.58 f
  U41/Y (INVXLM)                                          0.76     202.33 r
  U0_ASYNC_FIFO/test_se (ASYNC_FIFO_test_1)               0.00     202.33 r
  U0_ASYNC_FIFO/U10/Y (DLY1X1M)                           1.03     203.37 r
  U0_ASYNC_FIFO/U2/test_se (FIFO_MEM_CNTRL_test_1)        0.00     203.37 r
  U0_ASYNC_FIFO/U2/U214/Y (INVXLM)                        0.63     204.00 f
  U0_ASYNC_FIFO/U2/U215/Y (INVXLM)                        0.69     204.70 r
  U0_ASYNC_FIFO/U2/U218/Y (INVXLM)                        0.53     205.23 f
  U0_ASYNC_FIFO/U2/U219/Y (INVXLM)                        0.67     205.90 r
  U0_ASYNC_FIFO/U2/fifo_mem_reg[1][6]/SE (SDFFRQX2M)      0.00     205.90 r
  data arrival time                                                205.90

  clock dft_clk (rise edge)                            1000.00    1000.00
  clock network delay (ideal)                             0.00    1000.00
  clock uncertainty                                      -0.20     999.80
  U0_ASYNC_FIFO/U2/fifo_mem_reg[1][6]/CK (SDFFRQX2M)      0.00     999.80 r
  library setup time                                     -0.60     999.20
  data required time                                               999.20
  --------------------------------------------------------------------------
  data required time                                               999.20
  data arrival time                                               -205.90
  --------------------------------------------------------------------------
  slack (MET)                                                      793.30


  Startpoint: SE (input port clocked by dft_clk)
  Endpoint: U0_ASYNC_FIFO/U2/fifo_mem_reg[1][4]
            (rising edge-triggered flip-flop clocked by dft_clk)
  Path Group: dft_clk
  Path Type: max

  Des/Clust/Port     Wire Load Model       Library
  ------------------------------------------------
  SYSTEM_TOP         tsmc13_wl10           scmetro_tsmc_cl013g_rvt_ss_1p08v_125c

  Point                                                   Incr       Path
  --------------------------------------------------------------------------
  clock dft_clk (rise edge)                               0.00       0.00
  clock network delay (ideal)                             0.00       0.00
  input external delay                                  200.00     200.00 r
  SE (in)                                                 0.81     200.81 r
  U31/Y (DLY1X1M)                                         0.40     201.21 r
  U32/Y (INVXLM)                                          0.37     201.58 f
  U41/Y (INVXLM)                                          0.76     202.33 r
  U0_ASYNC_FIFO/test_se (ASYNC_FIFO_test_1)               0.00     202.33 r
  U0_ASYNC_FIFO/U10/Y (DLY1X1M)                           1.03     203.37 r
  U0_ASYNC_FIFO/U2/test_se (FIFO_MEM_CNTRL_test_1)        0.00     203.37 r
  U0_ASYNC_FIFO/U2/U214/Y (INVXLM)                        0.63     204.00 f
  U0_ASYNC_FIFO/U2/U215/Y (INVXLM)                        0.69     204.70 r
  U0_ASYNC_FIFO/U2/U218/Y (INVXLM)                        0.53     205.23 f
  U0_ASYNC_FIFO/U2/U220/Y (INVXLM)                        0.67     205.90 r
  U0_ASYNC_FIFO/U2/fifo_mem_reg[1][4]/SE (SDFFRQX2M)      0.00     205.90 r
  data arrival time                                                205.90

  clock dft_clk (rise edge)                            1000.00    1000.00
  clock network delay (ideal)                             0.00    1000.00
  clock uncertainty                                      -0.20     999.80
  U0_ASYNC_FIFO/U2/fifo_mem_reg[1][4]/CK (SDFFRQX2M)      0.00     999.80 r
  library setup time                                     -0.60     999.20
  data required time                                               999.20
  --------------------------------------------------------------------------
  data required time                                               999.20
  data arrival time                                               -205.90
  --------------------------------------------------------------------------
  slack (MET)                                                      793.30


  Startpoint: SE (input port clocked by dft_clk)
  Endpoint: U0_ASYNC_FIFO/U2/fifo_mem_reg[1][3]
            (rising edge-triggered flip-flop clocked by dft_clk)
  Path Group: dft_clk
  Path Type: max

  Des/Clust/Port     Wire Load Model       Library
  ------------------------------------------------
  SYSTEM_TOP         tsmc13_wl10           scmetro_tsmc_cl013g_rvt_ss_1p08v_125c

  Point                                                   Incr       Path
  --------------------------------------------------------------------------
  clock dft_clk (rise edge)                               0.00       0.00
  clock network delay (ideal)                             0.00       0.00
  input external delay                                  200.00     200.00 r
  SE (in)                                                 0.81     200.81 r
  U31/Y (DLY1X1M)                                         0.40     201.21 r
  U32/Y (INVXLM)                                          0.37     201.58 f
  U41/Y (INVXLM)                                          0.76     202.33 r
  U0_ASYNC_FIFO/test_se (ASYNC_FIFO_test_1)               0.00     202.33 r
  U0_ASYNC_FIFO/U10/Y (DLY1X1M)                           1.03     203.37 r
  U0_ASYNC_FIFO/U2/test_se (FIFO_MEM_CNTRL_test_1)        0.00     203.37 r
  U0_ASYNC_FIFO/U2/U214/Y (INVXLM)                        0.63     204.00 f
  U0_ASYNC_FIFO/U2/U215/Y (INVXLM)                        0.69     204.70 r
  U0_ASYNC_FIFO/U2/U218/Y (INVXLM)                        0.53     205.23 f
  U0_ASYNC_FIFO/U2/U219/Y (INVXLM)                        0.67     205.90 r
  U0_ASYNC_FIFO/U2/fifo_mem_reg[1][3]/SE (SDFFRQX2M)      0.00     205.90 r
  data arrival time                                                205.90

  clock dft_clk (rise edge)                            1000.00    1000.00
  clock network delay (ideal)                             0.00    1000.00
  clock uncertainty                                      -0.20     999.80
  U0_ASYNC_FIFO/U2/fifo_mem_reg[1][3]/CK (SDFFRQX2M)      0.00     999.80 r
  library setup time                                     -0.60     999.20
  data required time                                               999.20
  --------------------------------------------------------------------------
  data required time                                               999.20
  data arrival time                                               -205.90
  --------------------------------------------------------------------------
  slack (MET)                                                      793.30


  Startpoint: SE (input port clocked by dft_clk)
  Endpoint: U0_ASYNC_FIFO/U2/fifo_mem_reg[1][1]
            (rising edge-triggered flip-flop clocked by dft_clk)
  Path Group: dft_clk
  Path Type: max

  Des/Clust/Port     Wire Load Model       Library
  ------------------------------------------------
  SYSTEM_TOP         tsmc13_wl10           scmetro_tsmc_cl013g_rvt_ss_1p08v_125c

  Point                                                   Incr       Path
  --------------------------------------------------------------------------
  clock dft_clk (rise edge)                               0.00       0.00
  clock network delay (ideal)                             0.00       0.00
  input external delay                                  200.00     200.00 r
  SE (in)                                                 0.81     200.81 r
  U31/Y (DLY1X1M)                                         0.40     201.21 r
  U32/Y (INVXLM)                                          0.37     201.58 f
  U41/Y (INVXLM)                                          0.76     202.33 r
  U0_ASYNC_FIFO/test_se (ASYNC_FIFO_test_1)               0.00     202.33 r
  U0_ASYNC_FIFO/U10/Y (DLY1X1M)                           1.03     203.37 r
  U0_ASYNC_FIFO/U2/test_se (FIFO_MEM_CNTRL_test_1)        0.00     203.37 r
  U0_ASYNC_FIFO/U2/U214/Y (INVXLM)                        0.63     204.00 f
  U0_ASYNC_FIFO/U2/U215/Y (INVXLM)                        0.69     204.70 r
  U0_ASYNC_FIFO/U2/U218/Y (INVXLM)                        0.53     205.23 f
  U0_ASYNC_FIFO/U2/U220/Y (INVXLM)                        0.67     205.90 r
  U0_ASYNC_FIFO/U2/fifo_mem_reg[1][1]/SE (SDFFRQX2M)      0.00     205.90 r
  data arrival time                                                205.90

  clock dft_clk (rise edge)                            1000.00    1000.00
  clock network delay (ideal)                             0.00    1000.00
  clock uncertainty                                      -0.20     999.80
  U0_ASYNC_FIFO/U2/fifo_mem_reg[1][1]/CK (SDFFRQX2M)      0.00     999.80 r
  library setup time                                     -0.60     999.20
  data required time                                               999.20
  --------------------------------------------------------------------------
  data required time                                               999.20
  data arrival time                                               -205.90
  --------------------------------------------------------------------------
  slack (MET)                                                      793.30


  Startpoint: SE (input port clocked by dft_clk)
  Endpoint: U0_ASYNC_FIFO/U2/fifo_mem_reg[1][0]
            (rising edge-triggered flip-flop clocked by dft_clk)
  Path Group: dft_clk
  Path Type: max

  Des/Clust/Port     Wire Load Model       Library
  ------------------------------------------------
  SYSTEM_TOP         tsmc13_wl10           scmetro_tsmc_cl013g_rvt_ss_1p08v_125c

  Point                                                   Incr       Path
  --------------------------------------------------------------------------
  clock dft_clk (rise edge)                               0.00       0.00
  clock network delay (ideal)                             0.00       0.00
  input external delay                                  200.00     200.00 r
  SE (in)                                                 0.81     200.81 r
  U31/Y (DLY1X1M)                                         0.40     201.21 r
  U32/Y (INVXLM)                                          0.37     201.58 f
  U41/Y (INVXLM)                                          0.76     202.33 r
  U0_ASYNC_FIFO/test_se (ASYNC_FIFO_test_1)               0.00     202.33 r
  U0_ASYNC_FIFO/U10/Y (DLY1X1M)                           1.03     203.37 r
  U0_ASYNC_FIFO/U2/test_se (FIFO_MEM_CNTRL_test_1)        0.00     203.37 r
  U0_ASYNC_FIFO/U2/U214/Y (INVXLM)                        0.63     204.00 f
  U0_ASYNC_FIFO/U2/U215/Y (INVXLM)                        0.69     204.70 r
  U0_ASYNC_FIFO/U2/U218/Y (INVXLM)                        0.53     205.23 f
  U0_ASYNC_FIFO/U2/U219/Y (INVXLM)                        0.67     205.90 r
  U0_ASYNC_FIFO/U2/fifo_mem_reg[1][0]/SE (SDFFRQX2M)      0.00     205.90 r
  data arrival time                                                205.90

  clock dft_clk (rise edge)                            1000.00    1000.00
  clock network delay (ideal)                             0.00    1000.00
  clock uncertainty                                      -0.20     999.80
  U0_ASYNC_FIFO/U2/fifo_mem_reg[1][0]/CK (SDFFRQX2M)      0.00     999.80 r
  library setup time                                     -0.60     999.20
  data required time                                               999.20
  --------------------------------------------------------------------------
  data required time                                               999.20
  data arrival time                                               -205.90
  --------------------------------------------------------------------------
  slack (MET)                                                      793.30


  Startpoint: SE (input port clocked by dft_clk)
  Endpoint: U0_ASYNC_FIFO/U2/fifo_mem_reg[0][7]
            (rising edge-triggered flip-flop clocked by dft_clk)
  Path Group: dft_clk
  Path Type: max

  Des/Clust/Port     Wire Load Model       Library
  ------------------------------------------------
  SYSTEM_TOP         tsmc13_wl10           scmetro_tsmc_cl013g_rvt_ss_1p08v_125c

  Point                                                   Incr       Path
  --------------------------------------------------------------------------
  clock dft_clk (rise edge)                               0.00       0.00
  clock network delay (ideal)                             0.00       0.00
  input external delay                                  200.00     200.00 r
  SE (in)                                                 0.81     200.81 r
  U31/Y (DLY1X1M)                                         0.40     201.21 r
  U32/Y (INVXLM)                                          0.37     201.58 f
  U41/Y (INVXLM)                                          0.76     202.33 r
  U0_ASYNC_FIFO/test_se (ASYNC_FIFO_test_1)               0.00     202.33 r
  U0_ASYNC_FIFO/U10/Y (DLY1X1M)                           1.03     203.37 r
  U0_ASYNC_FIFO/U2/test_se (FIFO_MEM_CNTRL_test_1)        0.00     203.37 r
  U0_ASYNC_FIFO/U2/U214/Y (INVXLM)                        0.63     204.00 f
  U0_ASYNC_FIFO/U2/U217/Y (INVXLM)                        0.69     204.70 r
  U0_ASYNC_FIFO/U2/U226/Y (DLY1X1M)                       1.11     205.80 r
  U0_ASYNC_FIFO/U2/fifo_mem_reg[0][7]/SE (SDFFRQX2M)      0.00     205.80 r
  data arrival time                                                205.80

  clock dft_clk (rise edge)                            1000.00    1000.00
  clock network delay (ideal)                             0.00    1000.00
  clock uncertainty                                      -0.20     999.80
  U0_ASYNC_FIFO/U2/fifo_mem_reg[0][7]/CK (SDFFRQX2M)      0.00     999.80 r
  library setup time                                     -0.61     999.19
  data required time                                               999.19
  --------------------------------------------------------------------------
  data required time                                               999.19
  data arrival time                                               -205.80
  --------------------------------------------------------------------------
  slack (MET)                                                      793.38


  Startpoint: SE (input port clocked by dft_clk)
  Endpoint: U0_ASYNC_FIFO/U2/fifo_mem_reg[0][0]
            (rising edge-triggered flip-flop clocked by dft_clk)
  Path Group: dft_clk
  Path Type: max

  Des/Clust/Port     Wire Load Model       Library
  ------------------------------------------------
  SYSTEM_TOP         tsmc13_wl10           scmetro_tsmc_cl013g_rvt_ss_1p08v_125c

  Point                                                   Incr       Path
  --------------------------------------------------------------------------
  clock dft_clk (rise edge)                               0.00       0.00
  clock network delay (ideal)                             0.00       0.00
  input external delay                                  200.00     200.00 r
  SE (in)                                                 0.81     200.81 r
  U31/Y (DLY1X1M)                                         0.40     201.21 r
  U32/Y (INVXLM)                                          0.37     201.58 f
  U41/Y (INVXLM)                                          0.76     202.33 r
  U0_ASYNC_FIFO/test_se (ASYNC_FIFO_test_1)               0.00     202.33 r
  U0_ASYNC_FIFO/U10/Y (DLY1X1M)                           1.03     203.37 r
  U0_ASYNC_FIFO/U2/test_se (FIFO_MEM_CNTRL_test_1)        0.00     203.37 r
  U0_ASYNC_FIFO/U2/U214/Y (INVXLM)                        0.63     204.00 f
  U0_ASYNC_FIFO/U2/U217/Y (INVXLM)                        0.69     204.70 r
  U0_ASYNC_FIFO/U2/U226/Y (DLY1X1M)                       1.11     205.80 r
  U0_ASYNC_FIFO/U2/fifo_mem_reg[0][0]/SE (SDFFRQX2M)      0.00     205.80 r
  data arrival time                                                205.80

  clock dft_clk (rise edge)                            1000.00    1000.00
  clock network delay (ideal)                             0.00    1000.00
  clock uncertainty                                      -0.20     999.80
  U0_ASYNC_FIFO/U2/fifo_mem_reg[0][0]/CK (SDFFRQX2M)      0.00     999.80 r
  library setup time                                     -0.61     999.19
  data required time                                               999.19
  --------------------------------------------------------------------------
  data required time                                               999.19
  data arrival time                                               -205.80
  --------------------------------------------------------------------------
  slack (MET)                                                      793.38


  Startpoint: SE (input port clocked by dft_clk)
  Endpoint: U0_ASYNC_FIFO/U2/fifo_mem_reg[5][7]
            (rising edge-triggered flip-flop clocked by dft_clk)
  Path Group: dft_clk
  Path Type: max

  Des/Clust/Port     Wire Load Model       Library
  ------------------------------------------------
  SYSTEM_TOP         tsmc13_wl10           scmetro_tsmc_cl013g_rvt_ss_1p08v_125c

  Point                                                   Incr       Path
  --------------------------------------------------------------------------
  clock dft_clk (rise edge)                               0.00       0.00
  clock network delay (ideal)                             0.00       0.00
  input external delay                                  200.00     200.00 r
  SE (in)                                                 0.81     200.81 r
  U31/Y (DLY1X1M)                                         0.40     201.21 r
  U32/Y (INVXLM)                                          0.37     201.58 f
  U41/Y (INVXLM)                                          0.76     202.33 r
  U0_ASYNC_FIFO/test_se (ASYNC_FIFO_test_1)               0.00     202.33 r
  U0_ASYNC_FIFO/U10/Y (DLY1X1M)                           1.03     203.37 r
  U0_ASYNC_FIFO/U2/test_se (FIFO_MEM_CNTRL_test_1)        0.00     203.37 r
  U0_ASYNC_FIFO/U2/U214/Y (INVXLM)                        0.63     204.00 f
  U0_ASYNC_FIFO/U2/U217/Y (INVXLM)                        0.69     204.70 r
  U0_ASYNC_FIFO/U2/U226/Y (DLY1X1M)                       1.11     205.80 r
  U0_ASYNC_FIFO/U2/fifo_mem_reg[5][7]/SE (SDFFRQX2M)      0.00     205.80 r
  data arrival time                                                205.80

  clock dft_clk (rise edge)                            1000.00    1000.00
  clock network delay (ideal)                             0.00    1000.00
  clock uncertainty                                      -0.20     999.80
  U0_ASYNC_FIFO/U2/fifo_mem_reg[5][7]/CK (SDFFRQX2M)      0.00     999.80 r
  library setup time                                     -0.61     999.19
  data required time                                               999.19
  --------------------------------------------------------------------------
  data required time                                               999.19
  data arrival time                                               -205.80
  --------------------------------------------------------------------------
  slack (MET)                                                      793.38


  Startpoint: SE (input port clocked by dft_clk)
  Endpoint: U0_ASYNC_FIFO/U2/fifo_mem_reg[5][4]
            (rising edge-triggered flip-flop clocked by dft_clk)
  Path Group: dft_clk
  Path Type: max

  Des/Clust/Port     Wire Load Model       Library
  ------------------------------------------------
  SYSTEM_TOP         tsmc13_wl10           scmetro_tsmc_cl013g_rvt_ss_1p08v_125c

  Point                                                   Incr       Path
  --------------------------------------------------------------------------
  clock dft_clk (rise edge)                               0.00       0.00
  clock network delay (ideal)                             0.00       0.00
  input external delay                                  200.00     200.00 r
  SE (in)                                                 0.81     200.81 r
  U31/Y (DLY1X1M)                                         0.40     201.21 r
  U32/Y (INVXLM)                                          0.37     201.58 f
  U41/Y (INVXLM)                                          0.76     202.33 r
  U0_ASYNC_FIFO/test_se (ASYNC_FIFO_test_1)               0.00     202.33 r
  U0_ASYNC_FIFO/U10/Y (DLY1X1M)                           1.03     203.37 r
  U0_ASYNC_FIFO/U2/test_se (FIFO_MEM_CNTRL_test_1)        0.00     203.37 r
  U0_ASYNC_FIFO/U2/U214/Y (INVXLM)                        0.63     204.00 f
  U0_ASYNC_FIFO/U2/U217/Y (INVXLM)                        0.69     204.70 r
  U0_ASYNC_FIFO/U2/U226/Y (DLY1X1M)                       1.11     205.80 r
  U0_ASYNC_FIFO/U2/fifo_mem_reg[5][4]/SE (SDFFRQX2M)      0.00     205.80 r
  data arrival time                                                205.80

  clock dft_clk (rise edge)                            1000.00    1000.00
  clock network delay (ideal)                             0.00    1000.00
  clock uncertainty                                      -0.20     999.80
  U0_ASYNC_FIFO/U2/fifo_mem_reg[5][4]/CK (SDFFRQX2M)      0.00     999.80 r
  library setup time                                     -0.61     999.19
  data required time                                               999.19
  --------------------------------------------------------------------------
  data required time                                               999.19
  data arrival time                                               -205.80
  --------------------------------------------------------------------------
  slack (MET)                                                      793.38


  Startpoint: SE (input port clocked by dft_clk)
  Endpoint: U0_ASYNC_FIFO/U2/fifo_mem_reg[4][7]
            (rising edge-triggered flip-flop clocked by dft_clk)
  Path Group: dft_clk
  Path Type: max

  Des/Clust/Port     Wire Load Model       Library
  ------------------------------------------------
  SYSTEM_TOP         tsmc13_wl10           scmetro_tsmc_cl013g_rvt_ss_1p08v_125c

  Point                                                   Incr       Path
  --------------------------------------------------------------------------
  clock dft_clk (rise edge)                               0.00       0.00
  clock network delay (ideal)                             0.00       0.00
  input external delay                                  200.00     200.00 r
  SE (in)                                                 0.81     200.81 r
  U31/Y (DLY1X1M)                                         0.40     201.21 r
  U32/Y (INVXLM)                                          0.37     201.58 f
  U41/Y (INVXLM)                                          0.76     202.33 r
  U0_ASYNC_FIFO/test_se (ASYNC_FIFO_test_1)               0.00     202.33 r
  U0_ASYNC_FIFO/U10/Y (DLY1X1M)                           1.03     203.37 r
  U0_ASYNC_FIFO/U2/test_se (FIFO_MEM_CNTRL_test_1)        0.00     203.37 r
  U0_ASYNC_FIFO/U2/U214/Y (INVXLM)                        0.63     204.00 f
  U0_ASYNC_FIFO/U2/U217/Y (INVXLM)                        0.69     204.70 r
  U0_ASYNC_FIFO/U2/U226/Y (DLY1X1M)                       1.11     205.80 r
  U0_ASYNC_FIFO/U2/fifo_mem_reg[4][7]/SE (SDFFRQX2M)      0.00     205.80 r
  data arrival time                                                205.80

  clock dft_clk (rise edge)                            1000.00    1000.00
  clock network delay (ideal)                             0.00    1000.00
  clock uncertainty                                      -0.20     999.80
  U0_ASYNC_FIFO/U2/fifo_mem_reg[4][7]/CK (SDFFRQX2M)      0.00     999.80 r
  library setup time                                     -0.61     999.19
  data required time                                               999.19
  --------------------------------------------------------------------------
  data required time                                               999.19
  data arrival time                                               -205.80
  --------------------------------------------------------------------------
  slack (MET)                                                      793.38


  Startpoint: SE (input port clocked by dft_clk)
  Endpoint: U0_ASYNC_FIFO/U2/fifo_mem_reg[4][1]
            (rising edge-triggered flip-flop clocked by dft_clk)
  Path Group: dft_clk
  Path Type: max

  Des/Clust/Port     Wire Load Model       Library
  ------------------------------------------------
  SYSTEM_TOP         tsmc13_wl10           scmetro_tsmc_cl013g_rvt_ss_1p08v_125c

  Point                                                   Incr       Path
  --------------------------------------------------------------------------
  clock dft_clk (rise edge)                               0.00       0.00
  clock network delay (ideal)                             0.00       0.00
  input external delay                                  200.00     200.00 r
  SE (in)                                                 0.81     200.81 r
  U31/Y (DLY1X1M)                                         0.40     201.21 r
  U32/Y (INVXLM)                                          0.37     201.58 f
  U41/Y (INVXLM)                                          0.76     202.33 r
  U0_ASYNC_FIFO/test_se (ASYNC_FIFO_test_1)               0.00     202.33 r
  U0_ASYNC_FIFO/U10/Y (DLY1X1M)                           1.03     203.37 r
  U0_ASYNC_FIFO/U2/test_se (FIFO_MEM_CNTRL_test_1)        0.00     203.37 r
  U0_ASYNC_FIFO/U2/U214/Y (INVXLM)                        0.63     204.00 f
  U0_ASYNC_FIFO/U2/U217/Y (INVXLM)                        0.69     204.70 r
  U0_ASYNC_FIFO/U2/U226/Y (DLY1X1M)                       1.11     205.80 r
  U0_ASYNC_FIFO/U2/fifo_mem_reg[4][1]/SE (SDFFRQX2M)      0.00     205.80 r
  data arrival time                                                205.80

  clock dft_clk (rise edge)                            1000.00    1000.00
  clock network delay (ideal)                             0.00    1000.00
  clock uncertainty                                      -0.20     999.80
  U0_ASYNC_FIFO/U2/fifo_mem_reg[4][1]/CK (SDFFRQX2M)      0.00     999.80 r
  library setup time                                     -0.61     999.19
  data required time                                               999.19
  --------------------------------------------------------------------------
  data required time                                               999.19
  data arrival time                                               -205.80
  --------------------------------------------------------------------------
  slack (MET)                                                      793.38


  Startpoint: SE (input port clocked by dft_clk)
  Endpoint: U0_ASYNC_FIFO/U2/fifo_mem_reg[2][3]
            (rising edge-triggered flip-flop clocked by dft_clk)
  Path Group: dft_clk
  Path Type: max

  Des/Clust/Port     Wire Load Model       Library
  ------------------------------------------------
  SYSTEM_TOP         tsmc13_wl10           scmetro_tsmc_cl013g_rvt_ss_1p08v_125c

  Point                                                   Incr       Path
  --------------------------------------------------------------------------
  clock dft_clk (rise edge)                               0.00       0.00
  clock network delay (ideal)                             0.00       0.00
  input external delay                                  200.00     200.00 r
  SE (in)                                                 0.81     200.81 r
  U31/Y (DLY1X1M)                                         0.40     201.21 r
  U32/Y (INVXLM)                                          0.37     201.58 f
  U41/Y (INVXLM)                                          0.76     202.33 r
  U0_ASYNC_FIFO/test_se (ASYNC_FIFO_test_1)               0.00     202.33 r
  U0_ASYNC_FIFO/U10/Y (DLY1X1M)                           1.03     203.37 r
  U0_ASYNC_FIFO/U2/test_se (FIFO_MEM_CNTRL_test_1)        0.00     203.37 r
  U0_ASYNC_FIFO/U2/U214/Y (INVXLM)                        0.63     204.00 f
  U0_ASYNC_FIFO/U2/U217/Y (INVXLM)                        0.69     204.70 r
  U0_ASYNC_FIFO/U2/U226/Y (DLY1X1M)                       1.11     205.80 r
  U0_ASYNC_FIFO/U2/fifo_mem_reg[2][3]/SE (SDFFRQX2M)      0.00     205.80 r
  data arrival time                                                205.80

  clock dft_clk (rise edge)                            1000.00    1000.00
  clock network delay (ideal)                             0.00    1000.00
  clock uncertainty                                      -0.20     999.80
  U0_ASYNC_FIFO/U2/fifo_mem_reg[2][3]/CK (SDFFRQX2M)      0.00     999.80 r
  library setup time                                     -0.61     999.19
  data required time                                               999.19
  --------------------------------------------------------------------------
  data required time                                               999.19
  data arrival time                                               -205.80
  --------------------------------------------------------------------------
  slack (MET)                                                      793.38


  Startpoint: SE (input port clocked by dft_clk)
  Endpoint: U0_ASYNC_FIFO/U2/fifo_mem_reg[1][5]
            (rising edge-triggered flip-flop clocked by dft_clk)
  Path Group: dft_clk
  Path Type: max

  Des/Clust/Port     Wire Load Model       Library
  ------------------------------------------------
  SYSTEM_TOP         tsmc13_wl10           scmetro_tsmc_cl013g_rvt_ss_1p08v_125c

  Point                                                   Incr       Path
  --------------------------------------------------------------------------
  clock dft_clk (rise edge)                               0.00       0.00
  clock network delay (ideal)                             0.00       0.00
  input external delay                                  200.00     200.00 r
  SE (in)                                                 0.81     200.81 r
  U31/Y (DLY1X1M)                                         0.40     201.21 r
  U32/Y (INVXLM)                                          0.37     201.58 f
  U41/Y (INVXLM)                                          0.76     202.33 r
  U0_ASYNC_FIFO/test_se (ASYNC_FIFO_test_1)               0.00     202.33 r
  U0_ASYNC_FIFO/U10/Y (DLY1X1M)                           1.03     203.37 r
  U0_ASYNC_FIFO/U2/test_se (FIFO_MEM_CNTRL_test_1)        0.00     203.37 r
  U0_ASYNC_FIFO/U2/U214/Y (INVXLM)                        0.63     204.00 f
  U0_ASYNC_FIFO/U2/U215/Y (INVXLM)                        0.69     204.70 r
  U0_ASYNC_FIFO/U2/U218/Y (INVXLM)                        0.53     205.23 f
  U0_ASYNC_FIFO/U2/U221/Y (INVXLM)                        0.52     205.74 r
  U0_ASYNC_FIFO/U2/fifo_mem_reg[1][5]/SE (SDFFRQX2M)      0.00     205.74 r
  data arrival time                                                205.74

  clock dft_clk (rise edge)                            1000.00    1000.00
  clock network delay (ideal)                             0.00    1000.00
  clock uncertainty                                      -0.20     999.80
  U0_ASYNC_FIFO/U2/fifo_mem_reg[1][5]/CK (SDFFRQX2M)      0.00     999.80 r
  library setup time                                     -0.59     999.21
  data required time                                               999.21
  --------------------------------------------------------------------------
  data required time                                               999.21
  data arrival time                                               -205.74
  --------------------------------------------------------------------------
  slack (MET)                                                      793.46


  Startpoint: SE (input port clocked by dft_clk)
  Endpoint: U0_ASYNC_FIFO/U2/fifo_mem_reg[1][2]
            (rising edge-triggered flip-flop clocked by dft_clk)
  Path Group: dft_clk
  Path Type: max

  Des/Clust/Port     Wire Load Model       Library
  ------------------------------------------------
  SYSTEM_TOP         tsmc13_wl10           scmetro_tsmc_cl013g_rvt_ss_1p08v_125c

  Point                                                   Incr       Path
  --------------------------------------------------------------------------
  clock dft_clk (rise edge)                               0.00       0.00
  clock network delay (ideal)                             0.00       0.00
  input external delay                                  200.00     200.00 r
  SE (in)                                                 0.81     200.81 r
  U31/Y (DLY1X1M)                                         0.40     201.21 r
  U32/Y (INVXLM)                                          0.37     201.58 f
  U41/Y (INVXLM)                                          0.76     202.33 r
  U0_ASYNC_FIFO/test_se (ASYNC_FIFO_test_1)               0.00     202.33 r
  U0_ASYNC_FIFO/U10/Y (DLY1X1M)                           1.03     203.37 r
  U0_ASYNC_FIFO/U2/test_se (FIFO_MEM_CNTRL_test_1)        0.00     203.37 r
  U0_ASYNC_FIFO/U2/U214/Y (INVXLM)                        0.63     204.00 f
  U0_ASYNC_FIFO/U2/U215/Y (INVXLM)                        0.69     204.70 r
  U0_ASYNC_FIFO/U2/U218/Y (INVXLM)                        0.53     205.23 f
  U0_ASYNC_FIFO/U2/U221/Y (INVXLM)                        0.52     205.74 r
  U0_ASYNC_FIFO/U2/fifo_mem_reg[1][2]/SE (SDFFRQX2M)      0.00     205.74 r
  data arrival time                                                205.74

  clock dft_clk (rise edge)                            1000.00    1000.00
  clock network delay (ideal)                             0.00    1000.00
  clock uncertainty                                      -0.20     999.80
  U0_ASYNC_FIFO/U2/fifo_mem_reg[1][2]/CK (SDFFRQX2M)      0.00     999.80 r
  library setup time                                     -0.59     999.21
  data required time                                               999.21
  --------------------------------------------------------------------------
  data required time                                               999.21
  data arrival time                                               -205.74
  --------------------------------------------------------------------------
  slack (MET)                                                      793.46


  Startpoint: SE (input port clocked by dft_clk)
  Endpoint: U0_UART/U0_UART_TX/U2/ser_data_reg
            (rising edge-triggered flip-flop clocked by dft_clk)
  Path Group: dft_clk
  Path Type: max

  Des/Clust/Port     Wire Load Model       Library
  ------------------------------------------------
  SYSTEM_TOP         tsmc13_wl10           scmetro_tsmc_cl013g_rvt_ss_1p08v_125c

  Point                                                   Incr       Path
  --------------------------------------------------------------------------
  clock dft_clk (rise edge)                               0.00       0.00
  clock network delay (ideal)                             0.00       0.00
  input external delay                                  200.00     200.00 r
  SE (in)                                                 0.81     200.81 r
  U31/Y (DLY1X1M)                                         0.40     201.21 r
  U32/Y (INVXLM)                                          0.37     201.58 f
  U25/Y (DLY1X1M)                                         0.71     202.29 f
  U26/Y (INVXLM)                                          0.75     203.03 r
  U0_UART/test_se (UART_test_1)                           0.00     203.03 r
  U0_UART/U0_UART_TX/test_se (UART_TX_test_1)             0.00     203.03 r
  U0_UART/U0_UART_TX/U6/Y (INVXLM)                        0.31     203.34 f
  U0_UART/U0_UART_TX/U7/Y (INVXLM)                        0.58     203.92 r
  U0_UART/U0_UART_TX/U2/test_se (Serializer_test_1)       0.00     203.92 r
  U0_UART/U0_UART_TX/U2/U52/Y (INVXLM)                    0.63     204.55 f
  U0_UART/U0_UART_TX/U2/U53/Y (INVXLM)                    0.38     204.93 r
  U0_UART/U0_UART_TX/U2/U51/Y (DLY1X1M)                   0.75     205.67 r
  U0_UART/U0_UART_TX/U2/ser_data_reg/SE (SDFFRQX1M)       0.00     205.67 r
  data arrival time                                                205.67

  clock dft_clk (rise edge)                            1000.00    1000.00
  clock network delay (ideal)                             0.00    1000.00
  clock uncertainty                                      -0.20     999.80
  U0_UART/U0_UART_TX/U2/ser_data_reg/CK (SDFFRQX1M)       0.00     999.80 r
  library setup time                                     -0.59     999.21
  data required time                                               999.21
  --------------------------------------------------------------------------
  data required time                                               999.21
  data arrival time                                               -205.67
  --------------------------------------------------------------------------
  slack (MET)                                                      793.53


  Startpoint: SE (input port clocked by dft_clk)
  Endpoint: U0_UART/U0_UART_TX/U2/Data_In_reg[5]
            (rising edge-triggered flip-flop clocked by dft_clk)
  Path Group: dft_clk
  Path Type: max

  Des/Clust/Port     Wire Load Model       Library
  ------------------------------------------------
  SYSTEM_TOP         tsmc13_wl10           scmetro_tsmc_cl013g_rvt_ss_1p08v_125c

  Point                                                   Incr       Path
  --------------------------------------------------------------------------
  clock dft_clk (rise edge)                               0.00       0.00
  clock network delay (ideal)                             0.00       0.00
  input external delay                                  200.00     200.00 r
  SE (in)                                                 0.81     200.81 r
  U31/Y (DLY1X1M)                                         0.40     201.21 r
  U32/Y (INVXLM)                                          0.37     201.58 f
  U25/Y (DLY1X1M)                                         0.71     202.29 f
  U26/Y (INVXLM)                                          0.75     203.03 r
  U0_UART/test_se (UART_test_1)                           0.00     203.03 r
  U0_UART/U0_UART_TX/test_se (UART_TX_test_1)             0.00     203.03 r
  U0_UART/U0_UART_TX/U6/Y (INVXLM)                        0.31     203.34 f
  U0_UART/U0_UART_TX/U7/Y (INVXLM)                        0.58     203.92 r
  U0_UART/U0_UART_TX/U2/test_se (Serializer_test_1)       0.00     203.92 r
  U0_UART/U0_UART_TX/U2/U52/Y (INVXLM)                    0.63     204.55 f
  U0_UART/U0_UART_TX/U2/U53/Y (INVXLM)                    0.38     204.93 r
  U0_UART/U0_UART_TX/U2/U51/Y (DLY1X1M)                   0.75     205.67 r
  U0_UART/U0_UART_TX/U2/Data_In_reg[5]/SE (SDFFRQX1M)     0.00     205.67 r
  data arrival time                                                205.67

  clock dft_clk (rise edge)                            1000.00    1000.00
  clock network delay (ideal)                             0.00    1000.00
  clock uncertainty                                      -0.20     999.80
  U0_UART/U0_UART_TX/U2/Data_In_reg[5]/CK (SDFFRQX1M)     0.00     999.80 r
  library setup time                                     -0.59     999.21
  data required time                                               999.21
  --------------------------------------------------------------------------
  data required time                                               999.21
  data arrival time                                               -205.67
  --------------------------------------------------------------------------
  slack (MET)                                                      793.53


  Startpoint: SE (input port clocked by dft_clk)
  Endpoint: U0_UART/U0_UART_TX/U2/Data_In_reg[4]
            (rising edge-triggered flip-flop clocked by dft_clk)
  Path Group: dft_clk
  Path Type: max

  Des/Clust/Port     Wire Load Model       Library
  ------------------------------------------------
  SYSTEM_TOP         tsmc13_wl10           scmetro_tsmc_cl013g_rvt_ss_1p08v_125c

  Point                                                   Incr       Path
  --------------------------------------------------------------------------
  clock dft_clk (rise edge)                               0.00       0.00
  clock network delay (ideal)                             0.00       0.00
  input external delay                                  200.00     200.00 r
  SE (in)                                                 0.81     200.81 r
  U31/Y (DLY1X1M)                                         0.40     201.21 r
  U32/Y (INVXLM)                                          0.37     201.58 f
  U25/Y (DLY1X1M)                                         0.71     202.29 f
  U26/Y (INVXLM)                                          0.75     203.03 r
  U0_UART/test_se (UART_test_1)                           0.00     203.03 r
  U0_UART/U0_UART_TX/test_se (UART_TX_test_1)             0.00     203.03 r
  U0_UART/U0_UART_TX/U6/Y (INVXLM)                        0.31     203.34 f
  U0_UART/U0_UART_TX/U7/Y (INVXLM)                        0.58     203.92 r
  U0_UART/U0_UART_TX/U2/test_se (Serializer_test_1)       0.00     203.92 r
  U0_UART/U0_UART_TX/U2/U52/Y (INVXLM)                    0.63     204.55 f
  U0_UART/U0_UART_TX/U2/U53/Y (INVXLM)                    0.38     204.93 r
  U0_UART/U0_UART_TX/U2/U51/Y (DLY1X1M)                   0.75     205.67 r
  U0_UART/U0_UART_TX/U2/Data_In_reg[4]/SE (SDFFRQX1M)     0.00     205.67 r
  data arrival time                                                205.67

  clock dft_clk (rise edge)                            1000.00    1000.00
  clock network delay (ideal)                             0.00    1000.00
  clock uncertainty                                      -0.20     999.80
  U0_UART/U0_UART_TX/U2/Data_In_reg[4]/CK (SDFFRQX1M)     0.00     999.80 r
  library setup time                                     -0.59     999.21
  data required time                                               999.21
  --------------------------------------------------------------------------
  data required time                                               999.21
  data arrival time                                               -205.67
  --------------------------------------------------------------------------
  slack (MET)                                                      793.53


  Startpoint: SE (input port clocked by dft_clk)
  Endpoint: U0_UART/U0_UART_TX/U2/count_reg[1]
            (rising edge-triggered flip-flop clocked by dft_clk)
  Path Group: dft_clk
  Path Type: max

  Des/Clust/Port     Wire Load Model       Library
  ------------------------------------------------
  SYSTEM_TOP         tsmc13_wl10           scmetro_tsmc_cl013g_rvt_ss_1p08v_125c

  Point                                                   Incr       Path
  --------------------------------------------------------------------------
  clock dft_clk (rise edge)                               0.00       0.00
  clock network delay (ideal)                             0.00       0.00
  input external delay                                  200.00     200.00 r
  SE (in)                                                 0.81     200.81 r
  U31/Y (DLY1X1M)                                         0.40     201.21 r
  U32/Y (INVXLM)                                          0.37     201.58 f
  U25/Y (DLY1X1M)                                         0.71     202.29 f
  U26/Y (INVXLM)                                          0.75     203.03 r
  U0_UART/test_se (UART_test_1)                           0.00     203.03 r
  U0_UART/U0_UART_TX/test_se (UART_TX_test_1)             0.00     203.03 r
  U0_UART/U0_UART_TX/U6/Y (INVXLM)                        0.31     203.34 f
  U0_UART/U0_UART_TX/U7/Y (INVXLM)                        0.58     203.92 r
  U0_UART/U0_UART_TX/U2/test_se (Serializer_test_1)       0.00     203.92 r
  U0_UART/U0_UART_TX/U2/U52/Y (INVXLM)                    0.63     204.55 f
  U0_UART/U0_UART_TX/U2/U53/Y (INVXLM)                    0.38     204.93 r
  U0_UART/U0_UART_TX/U2/U51/Y (DLY1X1M)                   0.75     205.67 r
  U0_UART/U0_UART_TX/U2/count_reg[1]/SE (SDFFRQX1M)       0.00     205.67 r
  data arrival time                                                205.67

  clock dft_clk (rise edge)                            1000.00    1000.00
  clock network delay (ideal)                             0.00    1000.00
  clock uncertainty                                      -0.20     999.80
  U0_UART/U0_UART_TX/U2/count_reg[1]/CK (SDFFRQX1M)       0.00     999.80 r
  library setup time                                     -0.59     999.21
  data required time                                               999.21
  --------------------------------------------------------------------------
  data required time                                               999.21
  data arrival time                                               -205.67
  --------------------------------------------------------------------------
  slack (MET)                                                      793.53


  Startpoint: SE (input port clocked by dft_clk)
  Endpoint: U0_UART/U0_UART_TX/U2/count_reg[0]
            (rising edge-triggered flip-flop clocked by dft_clk)
  Path Group: dft_clk
  Path Type: max

  Des/Clust/Port     Wire Load Model       Library
  ------------------------------------------------
  SYSTEM_TOP         tsmc13_wl10           scmetro_tsmc_cl013g_rvt_ss_1p08v_125c

  Point                                                   Incr       Path
  --------------------------------------------------------------------------
  clock dft_clk (rise edge)                               0.00       0.00
  clock network delay (ideal)                             0.00       0.00
  input external delay                                  200.00     200.00 r
  SE (in)                                                 0.81     200.81 r
  U31/Y (DLY1X1M)                                         0.40     201.21 r
  U32/Y (INVXLM)                                          0.37     201.58 f
  U25/Y (DLY1X1M)                                         0.71     202.29 f
  U26/Y (INVXLM)                                          0.75     203.03 r
  U0_UART/test_se (UART_test_1)                           0.00     203.03 r
  U0_UART/U0_UART_TX/test_se (UART_TX_test_1)             0.00     203.03 r
  U0_UART/U0_UART_TX/U6/Y (INVXLM)                        0.31     203.34 f
  U0_UART/U0_UART_TX/U7/Y (INVXLM)                        0.58     203.92 r
  U0_UART/U0_UART_TX/U2/test_se (Serializer_test_1)       0.00     203.92 r
  U0_UART/U0_UART_TX/U2/U52/Y (INVXLM)                    0.63     204.55 f
  U0_UART/U0_UART_TX/U2/U56/Y (INVXLM)                    0.71     205.26 r
  U0_UART/U0_UART_TX/U2/count_reg[0]/SE (SDFFRQX1M)       0.00     205.26 r
  data arrival time                                                205.26

  clock dft_clk (rise edge)                            1000.00    1000.00
  clock network delay (ideal)                             0.00    1000.00
  clock uncertainty                                      -0.20     999.80
  U0_UART/U0_UART_TX/U2/count_reg[0]/CK (SDFFRQX1M)       0.00     999.80 r
  library setup time                                     -0.59     999.21
  data required time                                               999.21
  --------------------------------------------------------------------------
  data required time                                               999.21
  data arrival time                                               -205.26
  --------------------------------------------------------------------------
  slack (MET)                                                      793.94


  Startpoint: SE (input port clocked by dft_clk)
  Endpoint: U0_UART/U0_UART_TX/U2/Data_In_reg[0]
            (rising edge-triggered flip-flop clocked by dft_clk)
  Path Group: dft_clk
  Path Type: max

  Des/Clust/Port     Wire Load Model       Library
  ------------------------------------------------
  SYSTEM_TOP         tsmc13_wl10           scmetro_tsmc_cl013g_rvt_ss_1p08v_125c

  Point                                                   Incr       Path
  --------------------------------------------------------------------------
  clock dft_clk (rise edge)                               0.00       0.00
  clock network delay (ideal)                             0.00       0.00
  input external delay                                  200.00     200.00 r
  SE (in)                                                 0.81     200.81 r
  U31/Y (DLY1X1M)                                         0.40     201.21 r
  U32/Y (INVXLM)                                          0.37     201.58 f
  U25/Y (DLY1X1M)                                         0.71     202.29 f
  U26/Y (INVXLM)                                          0.75     203.03 r
  U0_UART/test_se (UART_test_1)                           0.00     203.03 r
  U0_UART/U0_UART_TX/test_se (UART_TX_test_1)             0.00     203.03 r
  U0_UART/U0_UART_TX/U6/Y (INVXLM)                        0.31     203.34 f
  U0_UART/U0_UART_TX/U7/Y (INVXLM)                        0.58     203.92 r
  U0_UART/U0_UART_TX/U2/test_se (Serializer_test_1)       0.00     203.92 r
  U0_UART/U0_UART_TX/U2/U52/Y (INVXLM)                    0.63     204.55 f
  U0_UART/U0_UART_TX/U2/U55/Y (INVXLM)                    0.71     205.26 r
  U0_UART/U0_UART_TX/U2/Data_In_reg[0]/SE (SDFFRQX1M)     0.00     205.26 r
  data arrival time                                                205.26

  clock dft_clk (rise edge)                            1000.00    1000.00
  clock network delay (ideal)                             0.00    1000.00
  clock uncertainty                                      -0.20     999.80
  U0_UART/U0_UART_TX/U2/Data_In_reg[0]/CK (SDFFRQX1M)     0.00     999.80 r
  library setup time                                     -0.59     999.21
  data required time                                               999.21
  --------------------------------------------------------------------------
  data required time                                               999.21
  data arrival time                                               -205.26
  --------------------------------------------------------------------------
  slack (MET)                                                      793.94


  Startpoint: SE (input port clocked by dft_clk)
  Endpoint: U0_UART/U0_UART_TX/U2/Data_In_reg[7]
            (rising edge-triggered flip-flop clocked by dft_clk)
  Path Group: dft_clk
  Path Type: max

  Des/Clust/Port     Wire Load Model       Library
  ------------------------------------------------
  SYSTEM_TOP         tsmc13_wl10           scmetro_tsmc_cl013g_rvt_ss_1p08v_125c

  Point                                                   Incr       Path
  --------------------------------------------------------------------------
  clock dft_clk (rise edge)                               0.00       0.00
  clock network delay (ideal)                             0.00       0.00
  input external delay                                  200.00     200.00 r
  SE (in)                                                 0.81     200.81 r
  U31/Y (DLY1X1M)                                         0.40     201.21 r
  U32/Y (INVXLM)                                          0.37     201.58 f
  U25/Y (DLY1X1M)                                         0.71     202.29 f
  U26/Y (INVXLM)                                          0.75     203.03 r
  U0_UART/test_se (UART_test_1)                           0.00     203.03 r
  U0_UART/U0_UART_TX/test_se (UART_TX_test_1)             0.00     203.03 r
  U0_UART/U0_UART_TX/U6/Y (INVXLM)                        0.31     203.34 f
  U0_UART/U0_UART_TX/U7/Y (INVXLM)                        0.58     203.92 r
  U0_UART/U0_UART_TX/U2/test_se (Serializer_test_1)       0.00     203.92 r
  U0_UART/U0_UART_TX/U2/U52/Y (INVXLM)                    0.63     204.55 f
  U0_UART/U0_UART_TX/U2/U54/Y (INVXLM)                    0.71     205.26 r
  U0_UART/U0_UART_TX/U2/Data_In_reg[7]/SE (SDFFRQX1M)     0.00     205.26 r
  data arrival time                                                205.26

  clock dft_clk (rise edge)                            1000.00    1000.00
  clock network delay (ideal)                             0.00    1000.00
  clock uncertainty                                      -0.20     999.80
  U0_UART/U0_UART_TX/U2/Data_In_reg[7]/CK (SDFFRQX1M)     0.00     999.80 r
  library setup time                                     -0.59     999.21
  data required time                                               999.21
  --------------------------------------------------------------------------
  data required time                                               999.21
  data arrival time                                               -205.26
  --------------------------------------------------------------------------
  slack (MET)                                                      793.94


  Startpoint: SE (input port clocked by dft_clk)
  Endpoint: U0_UART/U0_UART_TX/U2/Data_In_reg[3]
            (rising edge-triggered flip-flop clocked by dft_clk)
  Path Group: dft_clk
  Path Type: max

  Des/Clust/Port     Wire Load Model       Library
  ------------------------------------------------
  SYSTEM_TOP         tsmc13_wl10           scmetro_tsmc_cl013g_rvt_ss_1p08v_125c

  Point                                                   Incr       Path
  --------------------------------------------------------------------------
  clock dft_clk (rise edge)                               0.00       0.00
  clock network delay (ideal)                             0.00       0.00
  input external delay                                  200.00     200.00 r
  SE (in)                                                 0.81     200.81 r
  U31/Y (DLY1X1M)                                         0.40     201.21 r
  U32/Y (INVXLM)                                          0.37     201.58 f
  U25/Y (DLY1X1M)                                         0.71     202.29 f
  U26/Y (INVXLM)                                          0.75     203.03 r
  U0_UART/test_se (UART_test_1)                           0.00     203.03 r
  U0_UART/U0_UART_TX/test_se (UART_TX_test_1)             0.00     203.03 r
  U0_UART/U0_UART_TX/U6/Y (INVXLM)                        0.31     203.34 f
  U0_UART/U0_UART_TX/U7/Y (INVXLM)                        0.58     203.92 r
  U0_UART/U0_UART_TX/U2/test_se (Serializer_test_1)       0.00     203.92 r
  U0_UART/U0_UART_TX/U2/U52/Y (INVXLM)                    0.63     204.55 f
  U0_UART/U0_UART_TX/U2/U56/Y (INVXLM)                    0.71     205.26 r
  U0_UART/U0_UART_TX/U2/Data_In_reg[3]/SE (SDFFRQX1M)     0.00     205.26 r
  data arrival time                                                205.26

  clock dft_clk (rise edge)                            1000.00    1000.00
  clock network delay (ideal)                             0.00    1000.00
  clock uncertainty                                      -0.20     999.80
  U0_UART/U0_UART_TX/U2/Data_In_reg[3]/CK (SDFFRQX1M)     0.00     999.80 r
  library setup time                                     -0.59     999.21
  data required time                                               999.21
  --------------------------------------------------------------------------
  data required time                                               999.21
  data arrival time                                               -205.26
  --------------------------------------------------------------------------
  slack (MET)                                                      793.94


  Startpoint: SE (input port clocked by dft_clk)
  Endpoint: U0_UART/U0_UART_TX/U2/Data_In_reg[1]
            (rising edge-triggered flip-flop clocked by dft_clk)
  Path Group: dft_clk
  Path Type: max

  Des/Clust/Port     Wire Load Model       Library
  ------------------------------------------------
  SYSTEM_TOP         tsmc13_wl10           scmetro_tsmc_cl013g_rvt_ss_1p08v_125c

  Point                                                   Incr       Path
  --------------------------------------------------------------------------
  clock dft_clk (rise edge)                               0.00       0.00
  clock network delay (ideal)                             0.00       0.00
  input external delay                                  200.00     200.00 r
  SE (in)                                                 0.81     200.81 r
  U31/Y (DLY1X1M)                                         0.40     201.21 r
  U32/Y (INVXLM)                                          0.37     201.58 f
  U25/Y (DLY1X1M)                                         0.71     202.29 f
  U26/Y (INVXLM)                                          0.75     203.03 r
  U0_UART/test_se (UART_test_1)                           0.00     203.03 r
  U0_UART/U0_UART_TX/test_se (UART_TX_test_1)             0.00     203.03 r
  U0_UART/U0_UART_TX/U6/Y (INVXLM)                        0.31     203.34 f
  U0_UART/U0_UART_TX/U7/Y (INVXLM)                        0.58     203.92 r
  U0_UART/U0_UART_TX/U2/test_se (Serializer_test_1)       0.00     203.92 r
  U0_UART/U0_UART_TX/U2/U52/Y (INVXLM)                    0.63     204.55 f
  U0_UART/U0_UART_TX/U2/U55/Y (INVXLM)                    0.71     205.26 r
  U0_UART/U0_UART_TX/U2/Data_In_reg[1]/SE (SDFFRQX1M)     0.00     205.26 r
  data arrival time                                                205.26

  clock dft_clk (rise edge)                            1000.00    1000.00
  clock network delay (ideal)                             0.00    1000.00
  clock uncertainty                                      -0.20     999.80
  U0_UART/U0_UART_TX/U2/Data_In_reg[1]/CK (SDFFRQX1M)     0.00     999.80 r
  library setup time                                     -0.59     999.21
  data required time                                               999.21
  --------------------------------------------------------------------------
  data required time                                               999.21
  data arrival time                                               -205.26
  --------------------------------------------------------------------------
  slack (MET)                                                      793.94


  Startpoint: SE (input port clocked by dft_clk)
  Endpoint: U0_UART/U0_UART_TX/U2/Data_In_reg[6]
            (rising edge-triggered flip-flop clocked by dft_clk)
  Path Group: dft_clk
  Path Type: max

  Des/Clust/Port     Wire Load Model       Library
  ------------------------------------------------
  SYSTEM_TOP         tsmc13_wl10           scmetro_tsmc_cl013g_rvt_ss_1p08v_125c

  Point                                                   Incr       Path
  --------------------------------------------------------------------------
  clock dft_clk (rise edge)                               0.00       0.00
  clock network delay (ideal)                             0.00       0.00
  input external delay                                  200.00     200.00 r
  SE (in)                                                 0.81     200.81 r
  U31/Y (DLY1X1M)                                         0.40     201.21 r
  U32/Y (INVXLM)                                          0.37     201.58 f
  U25/Y (DLY1X1M)                                         0.71     202.29 f
  U26/Y (INVXLM)                                          0.75     203.03 r
  U0_UART/test_se (UART_test_1)                           0.00     203.03 r
  U0_UART/U0_UART_TX/test_se (UART_TX_test_1)             0.00     203.03 r
  U0_UART/U0_UART_TX/U6/Y (INVXLM)                        0.31     203.34 f
  U0_UART/U0_UART_TX/U7/Y (INVXLM)                        0.58     203.92 r
  U0_UART/U0_UART_TX/U2/test_se (Serializer_test_1)       0.00     203.92 r
  U0_UART/U0_UART_TX/U2/U52/Y (INVXLM)                    0.63     204.55 f
  U0_UART/U0_UART_TX/U2/U54/Y (INVXLM)                    0.71     205.26 r
  U0_UART/U0_UART_TX/U2/Data_In_reg[6]/SE (SDFFRQX1M)     0.00     205.26 r
  data arrival time                                                205.26

  clock dft_clk (rise edge)                            1000.00    1000.00
  clock network delay (ideal)                             0.00    1000.00
  clock uncertainty                                      -0.20     999.80
  U0_UART/U0_UART_TX/U2/Data_In_reg[6]/CK (SDFFRQX1M)     0.00     999.80 r
  library setup time                                     -0.59     999.21
  data required time                                               999.21
  --------------------------------------------------------------------------
  data required time                                               999.21
  data arrival time                                               -205.26
  --------------------------------------------------------------------------
  slack (MET)                                                      793.94


  Startpoint: SE (input port clocked by dft_clk)
  Endpoint: U0_UART/U0_UART_TX/U2/Data_In_reg[2]
            (rising edge-triggered flip-flop clocked by dft_clk)
  Path Group: dft_clk
  Path Type: max

  Des/Clust/Port     Wire Load Model       Library
  ------------------------------------------------
  SYSTEM_TOP         tsmc13_wl10           scmetro_tsmc_cl013g_rvt_ss_1p08v_125c

  Point                                                   Incr       Path
  --------------------------------------------------------------------------
  clock dft_clk (rise edge)                               0.00       0.00
  clock network delay (ideal)                             0.00       0.00
  input external delay                                  200.00     200.00 r
  SE (in)                                                 0.81     200.81 r
  U31/Y (DLY1X1M)                                         0.40     201.21 r
  U32/Y (INVXLM)                                          0.37     201.58 f
  U25/Y (DLY1X1M)                                         0.71     202.29 f
  U26/Y (INVXLM)                                          0.75     203.03 r
  U0_UART/test_se (UART_test_1)                           0.00     203.03 r
  U0_UART/U0_UART_TX/test_se (UART_TX_test_1)             0.00     203.03 r
  U0_UART/U0_UART_TX/U6/Y (INVXLM)                        0.31     203.34 f
  U0_UART/U0_UART_TX/U7/Y (INVXLM)                        0.58     203.92 r
  U0_UART/U0_UART_TX/U2/test_se (Serializer_test_1)       0.00     203.92 r
  U0_UART/U0_UART_TX/U2/U52/Y (INVXLM)                    0.63     204.55 f
  U0_UART/U0_UART_TX/U2/U56/Y (INVXLM)                    0.71     205.26 r
  U0_UART/U0_UART_TX/U2/Data_In_reg[2]/SE (SDFFRQX1M)     0.00     205.26 r
  data arrival time                                                205.26

  clock dft_clk (rise edge)                            1000.00    1000.00
  clock network delay (ideal)                             0.00    1000.00
  clock uncertainty                                      -0.20     999.80
  U0_UART/U0_UART_TX/U2/Data_In_reg[2]/CK (SDFFRQX1M)     0.00     999.80 r
  library setup time                                     -0.59     999.21
  data required time                                               999.21
  --------------------------------------------------------------------------
  data required time                                               999.21
  data arrival time                                               -205.26
  --------------------------------------------------------------------------
  slack (MET)                                                      793.94


  Startpoint: SE (input port clocked by dft_clk)
  Endpoint: U0_UART/U0_UART_TX/U2/ser_done_reg
            (rising edge-triggered flip-flop clocked by dft_clk)
  Path Group: dft_clk
  Path Type: max

  Des/Clust/Port     Wire Load Model       Library
  ------------------------------------------------
  SYSTEM_TOP         tsmc13_wl10           scmetro_tsmc_cl013g_rvt_ss_1p08v_125c

  Point                                                   Incr       Path
  --------------------------------------------------------------------------
  clock dft_clk (rise edge)                               0.00       0.00
  clock network delay (ideal)                             0.00       0.00
  input external delay                                  200.00     200.00 r
  SE (in)                                                 0.81     200.81 r
  U31/Y (DLY1X1M)                                         0.40     201.21 r
  U32/Y (INVXLM)                                          0.37     201.58 f
  U25/Y (DLY1X1M)                                         0.71     202.29 f
  U26/Y (INVXLM)                                          0.75     203.03 r
  U0_UART/test_se (UART_test_1)                           0.00     203.03 r
  U0_UART/U0_UART_TX/test_se (UART_TX_test_1)             0.00     203.03 r
  U0_UART/U0_UART_TX/U6/Y (INVXLM)                        0.31     203.34 f
  U0_UART/U0_UART_TX/U7/Y (INVXLM)                        0.58     203.92 r
  U0_UART/U0_UART_TX/U2/test_se (Serializer_test_1)       0.00     203.92 r
  U0_UART/U0_UART_TX/U2/U52/Y (INVXLM)                    0.63     204.55 f
  U0_UART/U0_UART_TX/U2/U55/Y (INVXLM)                    0.71     205.26 r
  U0_UART/U0_UART_TX/U2/ser_done_reg/SE (SDFFRQX1M)       0.00     205.26 r
  data arrival time                                                205.26

  clock dft_clk (rise edge)                            1000.00    1000.00
  clock network delay (ideal)                             0.00    1000.00
  clock uncertainty                                      -0.20     999.80
  U0_UART/U0_UART_TX/U2/ser_done_reg/CK (SDFFRQX1M)       0.00     999.80 r
  library setup time                                     -0.59     999.21
  data required time                                               999.21
  --------------------------------------------------------------------------
  data required time                                               999.21
  data arrival time                                               -205.26
  --------------------------------------------------------------------------
  slack (MET)                                                      793.94


  Startpoint: SE (input port clocked by dft_clk)
  Endpoint: U0_UART/U0_UART_TX/U2/count_reg[2]
            (rising edge-triggered flip-flop clocked by dft_clk)
  Path Group: dft_clk
  Path Type: max

  Des/Clust/Port     Wire Load Model       Library
  ------------------------------------------------
  SYSTEM_TOP         tsmc13_wl10           scmetro_tsmc_cl013g_rvt_ss_1p08v_125c

  Point                                                   Incr       Path
  --------------------------------------------------------------------------
  clock dft_clk (rise edge)                               0.00       0.00
  clock network delay (ideal)                             0.00       0.00
  input external delay                                  200.00     200.00 r
  SE (in)                                                 0.81     200.81 r
  U31/Y (DLY1X1M)                                         0.40     201.21 r
  U32/Y (INVXLM)                                          0.37     201.58 f
  U25/Y (DLY1X1M)                                         0.71     202.29 f
  U26/Y (INVXLM)                                          0.75     203.03 r
  U0_UART/test_se (UART_test_1)                           0.00     203.03 r
  U0_UART/U0_UART_TX/test_se (UART_TX_test_1)             0.00     203.03 r
  U0_UART/U0_UART_TX/U6/Y (INVXLM)                        0.31     203.34 f
  U0_UART/U0_UART_TX/U7/Y (INVXLM)                        0.58     203.92 r
  U0_UART/U0_UART_TX/U2/test_se (Serializer_test_1)       0.00     203.92 r
  U0_UART/U0_UART_TX/U2/U52/Y (INVXLM)                    0.63     204.55 f
  U0_UART/U0_UART_TX/U2/U54/Y (INVXLM)                    0.71     205.26 r
  U0_UART/U0_UART_TX/U2/count_reg[2]/SE (SDFFRQX1M)       0.00     205.26 r
  data arrival time                                                205.26

  clock dft_clk (rise edge)                            1000.00    1000.00
  clock network delay (ideal)                             0.00    1000.00
  clock uncertainty                                      -0.20     999.80
  U0_UART/U0_UART_TX/U2/count_reg[2]/CK (SDFFRQX1M)       0.00     999.80 r
  library setup time                                     -0.59     999.21
  data required time                                               999.21
  --------------------------------------------------------------------------
  data required time                                               999.21
  data arrival time                                               -205.26
  --------------------------------------------------------------------------
  slack (MET)                                                      793.94


  Startpoint: SE (input port clocked by dft_clk)
  Endpoint: U0_UART/U0_UART_RX/U4/data_reg[6]
            (rising edge-triggered flip-flop clocked by dft_clk)
  Path Group: dft_clk
  Path Type: max

  Des/Clust/Port     Wire Load Model       Library
  ------------------------------------------------
  SYSTEM_TOP         tsmc13_wl10           scmetro_tsmc_cl013g_rvt_ss_1p08v_125c

  Point                                                   Incr       Path
  --------------------------------------------------------------------------
  clock dft_clk (rise edge)                               0.00       0.00
  clock network delay (ideal)                             0.00       0.00
  input external delay                                  200.00     200.00 r
  SE (in)                                                 0.81     200.81 r
  U31/Y (DLY1X1M)                                         0.40     201.21 r
  U32/Y (INVXLM)                                          0.37     201.58 f
  U25/Y (DLY1X1M)                                         0.71     202.29 f
  U26/Y (INVXLM)                                          0.75     203.03 r
  U0_UART/test_se (UART_test_1)                           0.00     203.03 r
  U0_UART/U0_UART_RX/test_se (UART_RX_test_1)             0.00     203.03 r
  U0_UART/U0_UART_RX/U10/Y (DLY1X1M)                      1.07     204.11 r
  U0_UART/U0_UART_RX/U4/test_se (deserializer_test_1)     0.00     204.11 r
  U0_UART/U0_UART_RX/U4/U73/Y (DLY1X1M)                   0.99     205.10 r
  U0_UART/U0_UART_RX/U4/data_reg[6]/SE (SDFFRQX2M)        0.00     205.10 r
  data arrival time                                                205.10

  clock dft_clk (rise edge)                            1000.00    1000.00
  clock network delay (ideal)                             0.00    1000.00
  clock uncertainty                                      -0.20     999.80
  U0_UART/U0_UART_RX/U4/data_reg[6]/CK (SDFFRQX2M)        0.00     999.80 r
  library setup time                                     -0.61     999.19
  data required time                                               999.19
  --------------------------------------------------------------------------
  data required time                                               999.19
  data arrival time                                               -205.10
  --------------------------------------------------------------------------
  slack (MET)                                                      794.09


  Startpoint: SE (input port clocked by dft_clk)
  Endpoint: U0_UART/U0_UART_RX/U4/data_reg[4]
            (rising edge-triggered flip-flop clocked by dft_clk)
  Path Group: dft_clk
  Path Type: max

  Des/Clust/Port     Wire Load Model       Library
  ------------------------------------------------
  SYSTEM_TOP         tsmc13_wl10           scmetro_tsmc_cl013g_rvt_ss_1p08v_125c

  Point                                                   Incr       Path
  --------------------------------------------------------------------------
  clock dft_clk (rise edge)                               0.00       0.00
  clock network delay (ideal)                             0.00       0.00
  input external delay                                  200.00     200.00 r
  SE (in)                                                 0.81     200.81 r
  U31/Y (DLY1X1M)                                         0.40     201.21 r
  U32/Y (INVXLM)                                          0.37     201.58 f
  U25/Y (DLY1X1M)                                         0.71     202.29 f
  U26/Y (INVXLM)                                          0.75     203.03 r
  U0_UART/test_se (UART_test_1)                           0.00     203.03 r
  U0_UART/U0_UART_RX/test_se (UART_RX_test_1)             0.00     203.03 r
  U0_UART/U0_UART_RX/U10/Y (DLY1X1M)                      1.07     204.11 r
  U0_UART/U0_UART_RX/U4/test_se (deserializer_test_1)     0.00     204.11 r
  U0_UART/U0_UART_RX/U4/U73/Y (DLY1X1M)                   0.99     205.10 r
  U0_UART/U0_UART_RX/U4/data_reg[4]/SE (SDFFRQX2M)        0.00     205.10 r
  data arrival time                                                205.10

  clock dft_clk (rise edge)                            1000.00    1000.00
  clock network delay (ideal)                             0.00    1000.00
  clock uncertainty                                      -0.20     999.80
  U0_UART/U0_UART_RX/U4/data_reg[4]/CK (SDFFRQX2M)        0.00     999.80 r
  library setup time                                     -0.61     999.19
  data required time                                               999.19
  --------------------------------------------------------------------------
  data required time                                               999.19
  data arrival time                                               -205.10
  --------------------------------------------------------------------------
  slack (MET)                                                      794.09


  Startpoint: SE (input port clocked by dft_clk)
  Endpoint: U0_UART/U0_UART_RX/U4/data_reg[1]
            (rising edge-triggered flip-flop clocked by dft_clk)
  Path Group: dft_clk
  Path Type: max

  Des/Clust/Port     Wire Load Model       Library
  ------------------------------------------------
  SYSTEM_TOP         tsmc13_wl10           scmetro_tsmc_cl013g_rvt_ss_1p08v_125c

  Point                                                   Incr       Path
  --------------------------------------------------------------------------
  clock dft_clk (rise edge)                               0.00       0.00
  clock network delay (ideal)                             0.00       0.00
  input external delay                                  200.00     200.00 r
  SE (in)                                                 0.81     200.81 r
  U31/Y (DLY1X1M)                                         0.40     201.21 r
  U32/Y (INVXLM)                                          0.37     201.58 f
  U25/Y (DLY1X1M)                                         0.71     202.29 f
  U26/Y (INVXLM)                                          0.75     203.03 r
  U0_UART/test_se (UART_test_1)                           0.00     203.03 r
  U0_UART/U0_UART_RX/test_se (UART_RX_test_1)             0.00     203.03 r
  U0_UART/U0_UART_RX/U10/Y (DLY1X1M)                      1.07     204.11 r
  U0_UART/U0_UART_RX/U4/test_se (deserializer_test_1)     0.00     204.11 r
  U0_UART/U0_UART_RX/U4/U73/Y (DLY1X1M)                   0.99     205.10 r
  U0_UART/U0_UART_RX/U4/data_reg[1]/SE (SDFFRQX2M)        0.00     205.10 r
  data arrival time                                                205.10

  clock dft_clk (rise edge)                            1000.00    1000.00
  clock network delay (ideal)                             0.00    1000.00
  clock uncertainty                                      -0.20     999.80
  U0_UART/U0_UART_RX/U4/data_reg[1]/CK (SDFFRQX2M)        0.00     999.80 r
  library setup time                                     -0.61     999.19
  data required time                                               999.19
  --------------------------------------------------------------------------
  data required time                                               999.19
  data arrival time                                               -205.10
  --------------------------------------------------------------------------
  slack (MET)                                                      794.09


  Startpoint: SE (input port clocked by dft_clk)
  Endpoint: U0_UART/U0_UART_RX/U4/data_reg[5]
            (rising edge-triggered flip-flop clocked by dft_clk)
  Path Group: dft_clk
  Path Type: max

  Des/Clust/Port     Wire Load Model       Library
  ------------------------------------------------
  SYSTEM_TOP         tsmc13_wl10           scmetro_tsmc_cl013g_rvt_ss_1p08v_125c

  Point                                                   Incr       Path
  --------------------------------------------------------------------------
  clock dft_clk (rise edge)                               0.00       0.00
  clock network delay (ideal)                             0.00       0.00
  input external delay                                  200.00     200.00 r
  SE (in)                                                 0.81     200.81 r
  U31/Y (DLY1X1M)                                         0.40     201.21 r
  U32/Y (INVXLM)                                          0.37     201.58 f
  U25/Y (DLY1X1M)                                         0.71     202.29 f
  U26/Y (INVXLM)                                          0.75     203.03 r
  U0_UART/test_se (UART_test_1)                           0.00     203.03 r
  U0_UART/U0_UART_RX/test_se (UART_RX_test_1)             0.00     203.03 r
  U0_UART/U0_UART_RX/U10/Y (DLY1X1M)                      1.07     204.11 r
  U0_UART/U0_UART_RX/U4/test_se (deserializer_test_1)     0.00     204.11 r
  U0_UART/U0_UART_RX/U4/U71/Y (DLY1X1M)                   0.99     205.10 r
  U0_UART/U0_UART_RX/U4/data_reg[5]/SE (SDFFRQX2M)        0.00     205.10 r
  data arrival time                                                205.10

  clock dft_clk (rise edge)                            1000.00    1000.00
  clock network delay (ideal)                             0.00    1000.00
  clock uncertainty                                      -0.20     999.80
  U0_UART/U0_UART_RX/U4/data_reg[5]/CK (SDFFRQX2M)        0.00     999.80 r
  library setup time                                     -0.61     999.19
  data required time                                               999.19
  --------------------------------------------------------------------------
  data required time                                               999.19
  data arrival time                                               -205.10
  --------------------------------------------------------------------------
  slack (MET)                                                      794.09


  Startpoint: SE (input port clocked by dft_clk)
  Endpoint: U0_UART/U0_UART_RX/U4/data_reg[3]
            (rising edge-triggered flip-flop clocked by dft_clk)
  Path Group: dft_clk
  Path Type: max

  Des/Clust/Port     Wire Load Model       Library
  ------------------------------------------------
  SYSTEM_TOP         tsmc13_wl10           scmetro_tsmc_cl013g_rvt_ss_1p08v_125c

  Point                                                   Incr       Path
  --------------------------------------------------------------------------
  clock dft_clk (rise edge)                               0.00       0.00
  clock network delay (ideal)                             0.00       0.00
  input external delay                                  200.00     200.00 r
  SE (in)                                                 0.81     200.81 r
  U31/Y (DLY1X1M)                                         0.40     201.21 r
  U32/Y (INVXLM)                                          0.37     201.58 f
  U25/Y (DLY1X1M)                                         0.71     202.29 f
  U26/Y (INVXLM)                                          0.75     203.03 r
  U0_UART/test_se (UART_test_1)                           0.00     203.03 r
  U0_UART/U0_UART_RX/test_se (UART_RX_test_1)             0.00     203.03 r
  U0_UART/U0_UART_RX/U10/Y (DLY1X1M)                      1.07     204.11 r
  U0_UART/U0_UART_RX/U4/test_se (deserializer_test_1)     0.00     204.11 r
  U0_UART/U0_UART_RX/U4/U71/Y (DLY1X1M)                   0.99     205.10 r
  U0_UART/U0_UART_RX/U4/data_reg[3]/SE (SDFFRQX2M)        0.00     205.10 r
  data arrival time                                                205.10

  clock dft_clk (rise edge)                            1000.00    1000.00
  clock network delay (ideal)                             0.00    1000.00
  clock uncertainty                                      -0.20     999.80
  U0_UART/U0_UART_RX/U4/data_reg[3]/CK (SDFFRQX2M)        0.00     999.80 r
  library setup time                                     -0.61     999.19
  data required time                                               999.19
  --------------------------------------------------------------------------
  data required time                                               999.19
  data arrival time                                               -205.10
  --------------------------------------------------------------------------
  slack (MET)                                                      794.09


  Startpoint: SE (input port clocked by dft_clk)
  Endpoint: U0_UART/U0_UART_RX/U4/data_reg[2]
            (rising edge-triggered flip-flop clocked by dft_clk)
  Path Group: dft_clk
  Path Type: max

  Des/Clust/Port     Wire Load Model       Library
  ------------------------------------------------
  SYSTEM_TOP         tsmc13_wl10           scmetro_tsmc_cl013g_rvt_ss_1p08v_125c

  Point                                                   Incr       Path
  --------------------------------------------------------------------------
  clock dft_clk (rise edge)                               0.00       0.00
  clock network delay (ideal)                             0.00       0.00
  input external delay                                  200.00     200.00 r
  SE (in)                                                 0.81     200.81 r
  U31/Y (DLY1X1M)                                         0.40     201.21 r
  U32/Y (INVXLM)                                          0.37     201.58 f
  U25/Y (DLY1X1M)                                         0.71     202.29 f
  U26/Y (INVXLM)                                          0.75     203.03 r
  U0_UART/test_se (UART_test_1)                           0.00     203.03 r
  U0_UART/U0_UART_RX/test_se (UART_RX_test_1)             0.00     203.03 r
  U0_UART/U0_UART_RX/U10/Y (DLY1X1M)                      1.07     204.11 r
  U0_UART/U0_UART_RX/U4/test_se (deserializer_test_1)     0.00     204.11 r
  U0_UART/U0_UART_RX/U4/U72/Y (DLY1X1M)                   0.99     205.10 r
  U0_UART/U0_UART_RX/U4/data_reg[2]/SE (SDFFRQX2M)        0.00     205.10 r
  data arrival time                                                205.10

  clock dft_clk (rise edge)                            1000.00    1000.00
  clock network delay (ideal)                             0.00    1000.00
  clock uncertainty                                      -0.20     999.80
  U0_UART/U0_UART_RX/U4/data_reg[2]/CK (SDFFRQX2M)        0.00     999.80 r
  library setup time                                     -0.61     999.19
  data required time                                               999.19
  --------------------------------------------------------------------------
  data required time                                               999.19
  data arrival time                                               -205.10
  --------------------------------------------------------------------------
  slack (MET)                                                      794.09


  Startpoint: SE (input port clocked by dft_clk)
  Endpoint: U0_UART/U0_UART_RX/U4/data_reg[0]
            (rising edge-triggered flip-flop clocked by dft_clk)
  Path Group: dft_clk
  Path Type: max

  Des/Clust/Port     Wire Load Model       Library
  ------------------------------------------------
  SYSTEM_TOP         tsmc13_wl10           scmetro_tsmc_cl013g_rvt_ss_1p08v_125c

  Point                                                   Incr       Path
  --------------------------------------------------------------------------
  clock dft_clk (rise edge)                               0.00       0.00
  clock network delay (ideal)                             0.00       0.00
  input external delay                                  200.00     200.00 r
  SE (in)                                                 0.81     200.81 r
  U31/Y (DLY1X1M)                                         0.40     201.21 r
  U32/Y (INVXLM)                                          0.37     201.58 f
  U25/Y (DLY1X1M)                                         0.71     202.29 f
  U26/Y (INVXLM)                                          0.75     203.03 r
  U0_UART/test_se (UART_test_1)                           0.00     203.03 r
  U0_UART/U0_UART_RX/test_se (UART_RX_test_1)             0.00     203.03 r
  U0_UART/U0_UART_RX/U10/Y (DLY1X1M)                      1.07     204.11 r
  U0_UART/U0_UART_RX/U4/test_se (deserializer_test_1)     0.00     204.11 r
  U0_UART/U0_UART_RX/U4/U72/Y (DLY1X1M)                   0.99     205.10 r
  U0_UART/U0_UART_RX/U4/data_reg[0]/SE (SDFFRQX2M)        0.00     205.10 r
  data arrival time                                                205.10

  clock dft_clk (rise edge)                            1000.00    1000.00
  clock network delay (ideal)                             0.00    1000.00
  clock uncertainty                                      -0.20     999.80
  U0_UART/U0_UART_RX/U4/data_reg[0]/CK (SDFFRQX2M)        0.00     999.80 r
  library setup time                                     -0.61     999.19
  data required time                                               999.19
  --------------------------------------------------------------------------
  data required time                                               999.19
  data arrival time                                               -205.10
  --------------------------------------------------------------------------
  slack (MET)                                                      794.09


  Startpoint: SE (input port clocked by dft_clk)
  Endpoint: U0_UART/U0_UART_RX/U4/counter_reg[1]
            (rising edge-triggered flip-flop clocked by dft_clk)
  Path Group: dft_clk
  Path Type: max

  Des/Clust/Port     Wire Load Model       Library
  ------------------------------------------------
  SYSTEM_TOP         tsmc13_wl10           scmetro_tsmc_cl013g_rvt_ss_1p08v_125c

  Point                                                   Incr       Path
  --------------------------------------------------------------------------
  clock dft_clk (rise edge)                               0.00       0.00
  clock network delay (ideal)                             0.00       0.00
  input external delay                                  200.00     200.00 r
  SE (in)                                                 0.81     200.81 r
  U31/Y (DLY1X1M)                                         0.40     201.21 r
  U32/Y (INVXLM)                                          0.37     201.58 f
  U25/Y (DLY1X1M)                                         0.71     202.29 f
  U26/Y (INVXLM)                                          0.75     203.03 r
  U0_UART/test_se (UART_test_1)                           0.00     203.03 r
  U0_UART/U0_UART_RX/test_se (UART_RX_test_1)             0.00     203.03 r
  U0_UART/U0_UART_RX/U10/Y (DLY1X1M)                      1.07     204.11 r
  U0_UART/U0_UART_RX/U4/test_se (deserializer_test_1)     0.00     204.11 r
  U0_UART/U0_UART_RX/U4/U73/Y (DLY1X1M)                   0.99     205.10 r
  U0_UART/U0_UART_RX/U4/counter_reg[1]/SE (SDFFRQX1M)     0.00     205.10 r
  data arrival time                                                205.10

  clock dft_clk (rise edge)                            1000.00    1000.00
  clock network delay (ideal)                             0.00    1000.00
  clock uncertainty                                      -0.20     999.80
  U0_UART/U0_UART_RX/U4/counter_reg[1]/CK (SDFFRQX1M)     0.00     999.80 r
  library setup time                                     -0.61     999.19
  data required time                                               999.19
  --------------------------------------------------------------------------
  data required time                                               999.19
  data arrival time                                               -205.10
  --------------------------------------------------------------------------
  slack (MET)                                                      794.10


  Startpoint: SE (input port clocked by dft_clk)
  Endpoint: U0_UART/U0_UART_RX/U4/P_DATA_reg[0]
            (rising edge-triggered flip-flop clocked by dft_clk)
  Path Group: dft_clk
  Path Type: max

  Des/Clust/Port     Wire Load Model       Library
  ------------------------------------------------
  SYSTEM_TOP         tsmc13_wl10           scmetro_tsmc_cl013g_rvt_ss_1p08v_125c

  Point                                                   Incr       Path
  --------------------------------------------------------------------------
  clock dft_clk (rise edge)                               0.00       0.00
  clock network delay (ideal)                             0.00       0.00
  input external delay                                  200.00     200.00 r
  SE (in)                                                 0.81     200.81 r
  U31/Y (DLY1X1M)                                         0.40     201.21 r
  U32/Y (INVXLM)                                          0.37     201.58 f
  U25/Y (DLY1X1M)                                         0.71     202.29 f
  U26/Y (INVXLM)                                          0.75     203.03 r
  U0_UART/test_se (UART_test_1)                           0.00     203.03 r
  U0_UART/U0_UART_RX/test_se (UART_RX_test_1)             0.00     203.03 r
  U0_UART/U0_UART_RX/U10/Y (DLY1X1M)                      1.07     204.11 r
  U0_UART/U0_UART_RX/U4/test_se (deserializer_test_1)     0.00     204.11 r
  U0_UART/U0_UART_RX/U4/U73/Y (DLY1X1M)                   0.99     205.10 r
  U0_UART/U0_UART_RX/U4/P_DATA_reg[0]/SE (SDFFRQX1M)      0.00     205.10 r
  data arrival time                                                205.10

  clock dft_clk (rise edge)                            1000.00    1000.00
  clock network delay (ideal)                             0.00    1000.00
  clock uncertainty                                      -0.20     999.80
  U0_UART/U0_UART_RX/U4/P_DATA_reg[0]/CK (SDFFRQX1M)      0.00     999.80 r
  library setup time                                     -0.61     999.19
  data required time                                               999.19
  --------------------------------------------------------------------------
  data required time                                               999.19
  data arrival time                                               -205.10
  --------------------------------------------------------------------------
  slack (MET)                                                      794.10


  Startpoint: SE (input port clocked by dft_clk)
  Endpoint: U0_UART/U0_UART_RX/U4/P_DATA_reg[4]
            (rising edge-triggered flip-flop clocked by dft_clk)
  Path Group: dft_clk
  Path Type: max

  Des/Clust/Port     Wire Load Model       Library
  ------------------------------------------------
  SYSTEM_TOP         tsmc13_wl10           scmetro_tsmc_cl013g_rvt_ss_1p08v_125c

  Point                                                   Incr       Path
  --------------------------------------------------------------------------
  clock dft_clk (rise edge)                               0.00       0.00
  clock network delay (ideal)                             0.00       0.00
  input external delay                                  200.00     200.00 r
  SE (in)                                                 0.81     200.81 r
  U31/Y (DLY1X1M)                                         0.40     201.21 r
  U32/Y (INVXLM)                                          0.37     201.58 f
  U25/Y (DLY1X1M)                                         0.71     202.29 f
  U26/Y (INVXLM)                                          0.75     203.03 r
  U0_UART/test_se (UART_test_1)                           0.00     203.03 r
  U0_UART/U0_UART_RX/test_se (UART_RX_test_1)             0.00     203.03 r
  U0_UART/U0_UART_RX/U10/Y (DLY1X1M)                      1.07     204.11 r
  U0_UART/U0_UART_RX/U4/test_se (deserializer_test_1)     0.00     204.11 r
  U0_UART/U0_UART_RX/U4/U73/Y (DLY1X1M)                   0.99     205.10 r
  U0_UART/U0_UART_RX/U4/P_DATA_reg[4]/SE (SDFFRQX1M)      0.00     205.10 r
  data arrival time                                                205.10

  clock dft_clk (rise edge)                            1000.00    1000.00
  clock network delay (ideal)                             0.00    1000.00
  clock uncertainty                                      -0.20     999.80
  U0_UART/U0_UART_RX/U4/P_DATA_reg[4]/CK (SDFFRQX1M)      0.00     999.80 r
  library setup time                                     -0.61     999.19
  data required time                                               999.19
  --------------------------------------------------------------------------
  data required time                                               999.19
  data arrival time                                               -205.10
  --------------------------------------------------------------------------
  slack (MET)                                                      794.10


  Startpoint: SE (input port clocked by dft_clk)
  Endpoint: U0_UART/U0_UART_RX/U4/counter_reg[0]
            (rising edge-triggered flip-flop clocked by dft_clk)
  Path Group: dft_clk
  Path Type: max

  Des/Clust/Port     Wire Load Model       Library
  ------------------------------------------------
  SYSTEM_TOP         tsmc13_wl10           scmetro_tsmc_cl013g_rvt_ss_1p08v_125c

  Point                                                   Incr       Path
  --------------------------------------------------------------------------
  clock dft_clk (rise edge)                               0.00       0.00
  clock network delay (ideal)                             0.00       0.00
  input external delay                                  200.00     200.00 r
  SE (in)                                                 0.81     200.81 r
  U31/Y (DLY1X1M)                                         0.40     201.21 r
  U32/Y (INVXLM)                                          0.37     201.58 f
  U25/Y (DLY1X1M)                                         0.71     202.29 f
  U26/Y (INVXLM)                                          0.75     203.03 r
  U0_UART/test_se (UART_test_1)                           0.00     203.03 r
  U0_UART/U0_UART_RX/test_se (UART_RX_test_1)             0.00     203.03 r
  U0_UART/U0_UART_RX/U10/Y (DLY1X1M)                      1.07     204.11 r
  U0_UART/U0_UART_RX/U4/test_se (deserializer_test_1)     0.00     204.11 r
  U0_UART/U0_UART_RX/U4/U72/Y (DLY1X1M)                   0.99     205.10 r
  U0_UART/U0_UART_RX/U4/counter_reg[0]/SE (SDFFRQX1M)     0.00     205.10 r
  data arrival time                                                205.10

  clock dft_clk (rise edge)                            1000.00    1000.00
  clock network delay (ideal)                             0.00    1000.00
  clock uncertainty                                      -0.20     999.80
  U0_UART/U0_UART_RX/U4/counter_reg[0]/CK (SDFFRQX1M)     0.00     999.80 r
  library setup time                                     -0.61     999.19
  data required time                                               999.19
  --------------------------------------------------------------------------
  data required time                                               999.19
  data arrival time                                               -205.10
  --------------------------------------------------------------------------
  slack (MET)                                                      794.10


  Startpoint: SE (input port clocked by dft_clk)
  Endpoint: U0_UART/U0_UART_RX/U4/P_DATA_reg[2]
            (rising edge-triggered flip-flop clocked by dft_clk)
  Path Group: dft_clk
  Path Type: max

  Des/Clust/Port     Wire Load Model       Library
  ------------------------------------------------
  SYSTEM_TOP         tsmc13_wl10           scmetro_tsmc_cl013g_rvt_ss_1p08v_125c

  Point                                                   Incr       Path
  --------------------------------------------------------------------------
  clock dft_clk (rise edge)                               0.00       0.00
  clock network delay (ideal)                             0.00       0.00
  input external delay                                  200.00     200.00 r
  SE (in)                                                 0.81     200.81 r
  U31/Y (DLY1X1M)                                         0.40     201.21 r
  U32/Y (INVXLM)                                          0.37     201.58 f
  U25/Y (DLY1X1M)                                         0.71     202.29 f
  U26/Y (INVXLM)                                          0.75     203.03 r
  U0_UART/test_se (UART_test_1)                           0.00     203.03 r
  U0_UART/U0_UART_RX/test_se (UART_RX_test_1)             0.00     203.03 r
  U0_UART/U0_UART_RX/U10/Y (DLY1X1M)                      1.07     204.11 r
  U0_UART/U0_UART_RX/U4/test_se (deserializer_test_1)     0.00     204.11 r
  U0_UART/U0_UART_RX/U4/U71/Y (DLY1X1M)                   0.99     205.10 r
  U0_UART/U0_UART_RX/U4/P_DATA_reg[2]/SE (SDFFRQX1M)      0.00     205.10 r
  data arrival time                                                205.10

  clock dft_clk (rise edge)                            1000.00    1000.00
  clock network delay (ideal)                             0.00    1000.00
  clock uncertainty                                      -0.20     999.80
  U0_UART/U0_UART_RX/U4/P_DATA_reg[2]/CK (SDFFRQX1M)      0.00     999.80 r
  library setup time                                     -0.61     999.19
  data required time                                               999.19
  --------------------------------------------------------------------------
  data required time                                               999.19
  data arrival time                                               -205.10
  --------------------------------------------------------------------------
  slack (MET)                                                      794.10


  Startpoint: SE (input port clocked by dft_clk)
  Endpoint: U0_UART/U0_UART_RX/U4/counter_reg[2]
            (rising edge-triggered flip-flop clocked by dft_clk)
  Path Group: dft_clk
  Path Type: max

  Des/Clust/Port     Wire Load Model       Library
  ------------------------------------------------
  SYSTEM_TOP         tsmc13_wl10           scmetro_tsmc_cl013g_rvt_ss_1p08v_125c

  Point                                                   Incr       Path
  --------------------------------------------------------------------------
  clock dft_clk (rise edge)                               0.00       0.00
  clock network delay (ideal)                             0.00       0.00
  input external delay                                  200.00     200.00 r
  SE (in)                                                 0.81     200.81 r
  U31/Y (DLY1X1M)                                         0.40     201.21 r
  U32/Y (INVXLM)                                          0.37     201.58 f
  U25/Y (DLY1X1M)                                         0.71     202.29 f
  U26/Y (INVXLM)                                          0.75     203.03 r
  U0_UART/test_se (UART_test_1)                           0.00     203.03 r
  U0_UART/U0_UART_RX/test_se (UART_RX_test_1)             0.00     203.03 r
  U0_UART/U0_UART_RX/U10/Y (DLY1X1M)                      1.07     204.11 r
  U0_UART/U0_UART_RX/U4/test_se (deserializer_test_1)     0.00     204.11 r
  U0_UART/U0_UART_RX/U4/U72/Y (DLY1X1M)                   0.99     205.10 r
  U0_UART/U0_UART_RX/U4/counter_reg[2]/SE (SDFFRQX1M)     0.00     205.10 r
  data arrival time                                                205.10

  clock dft_clk (rise edge)                            1000.00    1000.00
  clock network delay (ideal)                             0.00    1000.00
  clock uncertainty                                      -0.20     999.80
  U0_UART/U0_UART_RX/U4/counter_reg[2]/CK (SDFFRQX1M)     0.00     999.80 r
  library setup time                                     -0.61     999.19
  data required time                                               999.19
  --------------------------------------------------------------------------
  data required time                                               999.19
  data arrival time                                               -205.10
  --------------------------------------------------------------------------
  slack (MET)                                                      794.10


  Startpoint: SE (input port clocked by dft_clk)
  Endpoint: U0_UART/U0_UART_RX/U4/P_DATA_reg[5]
            (rising edge-triggered flip-flop clocked by dft_clk)
  Path Group: dft_clk
  Path Type: max

  Des/Clust/Port     Wire Load Model       Library
  ------------------------------------------------
  SYSTEM_TOP         tsmc13_wl10           scmetro_tsmc_cl013g_rvt_ss_1p08v_125c

  Point                                                   Incr       Path
  --------------------------------------------------------------------------
  clock dft_clk (rise edge)                               0.00       0.00
  clock network delay (ideal)                             0.00       0.00
  input external delay                                  200.00     200.00 r
  SE (in)                                                 0.81     200.81 r
  U31/Y (DLY1X1M)                                         0.40     201.21 r
  U32/Y (INVXLM)                                          0.37     201.58 f
  U25/Y (DLY1X1M)                                         0.71     202.29 f
  U26/Y (INVXLM)                                          0.75     203.03 r
  U0_UART/test_se (UART_test_1)                           0.00     203.03 r
  U0_UART/U0_UART_RX/test_se (UART_RX_test_1)             0.00     203.03 r
  U0_UART/U0_UART_RX/U10/Y (DLY1X1M)                      1.07     204.11 r
  U0_UART/U0_UART_RX/U4/test_se (deserializer_test_1)     0.00     204.11 r
  U0_UART/U0_UART_RX/U4/U71/Y (DLY1X1M)                   0.99     205.10 r
  U0_UART/U0_UART_RX/U4/P_DATA_reg[5]/SE (SDFFRQX1M)      0.00     205.10 r
  data arrival time                                                205.10

  clock dft_clk (rise edge)                            1000.00    1000.00
  clock network delay (ideal)                             0.00    1000.00
  clock uncertainty                                      -0.20     999.80
  U0_UART/U0_UART_RX/U4/P_DATA_reg[5]/CK (SDFFRQX1M)      0.00     999.80 r
  library setup time                                     -0.61     999.19
  data required time                                               999.19
  --------------------------------------------------------------------------
  data required time                                               999.19
  data arrival time                                               -205.10
  --------------------------------------------------------------------------
  slack (MET)                                                      794.10


  Startpoint: SE (input port clocked by dft_clk)
  Endpoint: U0_UART/U0_UART_RX/U4/P_DATA_reg[6]
            (rising edge-triggered flip-flop clocked by dft_clk)
  Path Group: dft_clk
  Path Type: max

  Des/Clust/Port     Wire Load Model       Library
  ------------------------------------------------
  SYSTEM_TOP         tsmc13_wl10           scmetro_tsmc_cl013g_rvt_ss_1p08v_125c

  Point                                                   Incr       Path
  --------------------------------------------------------------------------
  clock dft_clk (rise edge)                               0.00       0.00
  clock network delay (ideal)                             0.00       0.00
  input external delay                                  200.00     200.00 r
  SE (in)                                                 0.81     200.81 r
  U31/Y (DLY1X1M)                                         0.40     201.21 r
  U32/Y (INVXLM)                                          0.37     201.58 f
  U25/Y (DLY1X1M)                                         0.71     202.29 f
  U26/Y (INVXLM)                                          0.75     203.03 r
  U0_UART/test_se (UART_test_1)                           0.00     203.03 r
  U0_UART/U0_UART_RX/test_se (UART_RX_test_1)             0.00     203.03 r
  U0_UART/U0_UART_RX/U10/Y (DLY1X1M)                      1.07     204.11 r
  U0_UART/U0_UART_RX/U4/test_se (deserializer_test_1)     0.00     204.11 r
  U0_UART/U0_UART_RX/U4/U72/Y (DLY1X1M)                   0.99     205.10 r
  U0_UART/U0_UART_RX/U4/P_DATA_reg[6]/SE (SDFFRQX1M)      0.00     205.10 r
  data arrival time                                                205.10

  clock dft_clk (rise edge)                            1000.00    1000.00
  clock network delay (ideal)                             0.00    1000.00
  clock uncertainty                                      -0.20     999.80
  U0_UART/U0_UART_RX/U4/P_DATA_reg[6]/CK (SDFFRQX1M)      0.00     999.80 r
  library setup time                                     -0.61     999.19
  data required time                                               999.19
  --------------------------------------------------------------------------
  data required time                                               999.19
  data arrival time                                               -205.10
  --------------------------------------------------------------------------
  slack (MET)                                                      794.10


  Startpoint: SE (input port clocked by dft_clk)
  Endpoint: U0_UART/U0_UART_RX/U4/P_DATA_reg[1]
            (rising edge-triggered flip-flop clocked by dft_clk)
  Path Group: dft_clk
  Path Type: max

  Des/Clust/Port     Wire Load Model       Library
  ------------------------------------------------
  SYSTEM_TOP         tsmc13_wl10           scmetro_tsmc_cl013g_rvt_ss_1p08v_125c

  Point                                                   Incr       Path
  --------------------------------------------------------------------------
  clock dft_clk (rise edge)                               0.00       0.00
  clock network delay (ideal)                             0.00       0.00
  input external delay                                  200.00     200.00 r
  SE (in)                                                 0.81     200.81 r
  U31/Y (DLY1X1M)                                         0.40     201.21 r
  U32/Y (INVXLM)                                          0.37     201.58 f
  U25/Y (DLY1X1M)                                         0.71     202.29 f
  U26/Y (INVXLM)                                          0.75     203.03 r
  U0_UART/test_se (UART_test_1)                           0.00     203.03 r
  U0_UART/U0_UART_RX/test_se (UART_RX_test_1)             0.00     203.03 r
  U0_UART/U0_UART_RX/U10/Y (DLY1X1M)                      1.07     204.11 r
  U0_UART/U0_UART_RX/U4/test_se (deserializer_test_1)     0.00     204.11 r
  U0_UART/U0_UART_RX/U4/U71/Y (DLY1X1M)                   0.99     205.10 r
  U0_UART/U0_UART_RX/U4/P_DATA_reg[1]/SE (SDFFRQX1M)      0.00     205.10 r
  data arrival time                                                205.10

  clock dft_clk (rise edge)                            1000.00    1000.00
  clock network delay (ideal)                             0.00    1000.00
  clock uncertainty                                      -0.20     999.80
  U0_UART/U0_UART_RX/U4/P_DATA_reg[1]/CK (SDFFRQX1M)      0.00     999.80 r
  library setup time                                     -0.61     999.19
  data required time                                               999.19
  --------------------------------------------------------------------------
  data required time                                               999.19
  data arrival time                                               -205.10
  --------------------------------------------------------------------------
  slack (MET)                                                      794.10


  Startpoint: SE (input port clocked by dft_clk)
  Endpoint: U0_UART/U0_UART_RX/U4/P_DATA_reg[7]
            (rising edge-triggered flip-flop clocked by dft_clk)
  Path Group: dft_clk
  Path Type: max

  Des/Clust/Port     Wire Load Model       Library
  ------------------------------------------------
  SYSTEM_TOP         tsmc13_wl10           scmetro_tsmc_cl013g_rvt_ss_1p08v_125c

  Point                                                   Incr       Path
  --------------------------------------------------------------------------
  clock dft_clk (rise edge)                               0.00       0.00
  clock network delay (ideal)                             0.00       0.00
  input external delay                                  200.00     200.00 r
  SE (in)                                                 0.81     200.81 r
  U31/Y (DLY1X1M)                                         0.40     201.21 r
  U32/Y (INVXLM)                                          0.37     201.58 f
  U25/Y (DLY1X1M)                                         0.71     202.29 f
  U26/Y (INVXLM)                                          0.75     203.03 r
  U0_UART/test_se (UART_test_1)                           0.00     203.03 r
  U0_UART/U0_UART_RX/test_se (UART_RX_test_1)             0.00     203.03 r
  U0_UART/U0_UART_RX/U10/Y (DLY1X1M)                      1.07     204.11 r
  U0_UART/U0_UART_RX/U4/test_se (deserializer_test_1)     0.00     204.11 r
  U0_UART/U0_UART_RX/U4/U72/Y (DLY1X1M)                   0.99     205.10 r
  U0_UART/U0_UART_RX/U4/P_DATA_reg[7]/SE (SDFFRQX1M)      0.00     205.10 r
  data arrival time                                                205.10

  clock dft_clk (rise edge)                            1000.00    1000.00
  clock network delay (ideal)                             0.00    1000.00
  clock uncertainty                                      -0.20     999.80
  U0_UART/U0_UART_RX/U4/P_DATA_reg[7]/CK (SDFFRQX1M)      0.00     999.80 r
  library setup time                                     -0.61     999.19
  data required time                                               999.19
  --------------------------------------------------------------------------
  data required time                                               999.19
  data arrival time                                               -205.10
  --------------------------------------------------------------------------
  slack (MET)                                                      794.10


  Startpoint: SE (input port clocked by dft_clk)
  Endpoint: U0_UART/U0_UART_RX/U4/P_DATA_reg[3]
            (rising edge-triggered flip-flop clocked by dft_clk)
  Path Group: dft_clk
  Path Type: max

  Des/Clust/Port     Wire Load Model       Library
  ------------------------------------------------
  SYSTEM_TOP         tsmc13_wl10           scmetro_tsmc_cl013g_rvt_ss_1p08v_125c

  Point                                                   Incr       Path
  --------------------------------------------------------------------------
  clock dft_clk (rise edge)                               0.00       0.00
  clock network delay (ideal)                             0.00       0.00
  input external delay                                  200.00     200.00 r
  SE (in)                                                 0.81     200.81 r
  U31/Y (DLY1X1M)                                         0.40     201.21 r
  U32/Y (INVXLM)                                          0.37     201.58 f
  U25/Y (DLY1X1M)                                         0.71     202.29 f
  U26/Y (INVXLM)                                          0.75     203.03 r
  U0_UART/test_se (UART_test_1)                           0.00     203.03 r
  U0_UART/U0_UART_RX/test_se (UART_RX_test_1)             0.00     203.03 r
  U0_UART/U0_UART_RX/U10/Y (DLY1X1M)                      1.07     204.11 r
  U0_UART/U0_UART_RX/U4/test_se (deserializer_test_1)     0.00     204.11 r
  U0_UART/U0_UART_RX/U4/U71/Y (DLY1X1M)                   0.99     205.10 r
  U0_UART/U0_UART_RX/U4/P_DATA_reg[3]/SE (SDFFRQX1M)      0.00     205.10 r
  data arrival time                                                205.10

  clock dft_clk (rise edge)                            1000.00    1000.00
  clock network delay (ideal)                             0.00    1000.00
  clock uncertainty                                      -0.20     999.80
  U0_UART/U0_UART_RX/U4/P_DATA_reg[3]/CK (SDFFRQX1M)      0.00     999.80 r
  library setup time                                     -0.61     999.19
  data required time                                               999.19
  --------------------------------------------------------------------------
  data required time                                               999.19
  data arrival time                                               -205.10
  --------------------------------------------------------------------------
  slack (MET)                                                      794.10


  Startpoint: SE (input port clocked by dft_clk)
  Endpoint: U0_UART/U0_UART_RX/U6/data_valid_reg
            (rising edge-triggered flip-flop clocked by dft_clk)
  Path Group: dft_clk
  Path Type: max

  Des/Clust/Port     Wire Load Model       Library
  ------------------------------------------------
  SYSTEM_TOP         tsmc13_wl10           scmetro_tsmc_cl013g_rvt_ss_1p08v_125c

  Point                                                   Incr       Path
  --------------------------------------------------------------------------
  clock dft_clk (rise edge)                               0.00       0.00
  clock network delay (ideal)                             0.00       0.00
  input external delay                                  200.00     200.00 r
  SE (in)                                                 0.81     200.81 r
  U31/Y (DLY1X1M)                                         0.40     201.21 r
  U32/Y (INVXLM)                                          0.37     201.58 f
  U25/Y (DLY1X1M)                                         0.71     202.29 f
  U26/Y (INVXLM)                                          0.75     203.03 r
  U0_UART/test_se (UART_test_1)                           0.00     203.03 r
  U0_UART/U0_UART_RX/test_se (UART_RX_test_1)             0.00     203.03 r
  U0_UART/U0_UART_RX/U9/Y (DLY1X1M)                       0.74     203.77 r
  U0_UART/U0_UART_RX/U6/test_se (FSM_RX_test_1)           0.00     203.77 r
  U0_UART/U0_UART_RX/U6/U68/Y (INVXLM)                    0.52     204.30 f
  U0_UART/U0_UART_RX/U6/U69/Y (INVXLM)                    0.67     204.97 r
  U0_UART/U0_UART_RX/U6/data_valid_reg/SE (SDFFRQX2M)     0.00     204.97 r
  data arrival time                                                204.97

  clock dft_clk (rise edge)                            1000.00    1000.00
  clock network delay (ideal)                             0.00    1000.00
  clock uncertainty                                      -0.20     999.80
  U0_UART/U0_UART_RX/U6/data_valid_reg/CK (SDFFRQX2M)     0.00     999.80 r
  library setup time                                     -0.60     999.20
  data required time                                               999.20
  --------------------------------------------------------------------------
  data required time                                               999.20
  data arrival time                                               -204.97
  --------------------------------------------------------------------------
  slack (MET)                                                      794.23


  Startpoint: SE (input port clocked by dft_clk)
  Endpoint: U0_UART/U0_UART_RX/U6/data_counter_reg[2]
            (rising edge-triggered flip-flop clocked by dft_clk)
  Path Group: dft_clk
  Path Type: max

  Des/Clust/Port     Wire Load Model       Library
  ------------------------------------------------
  SYSTEM_TOP         tsmc13_wl10           scmetro_tsmc_cl013g_rvt_ss_1p08v_125c

  Point                                                   Incr       Path
  --------------------------------------------------------------------------
  clock dft_clk (rise edge)                               0.00       0.00
  clock network delay (ideal)                             0.00       0.00
  input external delay                                  200.00     200.00 r
  SE (in)                                                 0.81     200.81 r
  U31/Y (DLY1X1M)                                         0.40     201.21 r
  U32/Y (INVXLM)                                          0.37     201.58 f
  U25/Y (DLY1X1M)                                         0.71     202.29 f
  U26/Y (INVXLM)                                          0.75     203.03 r
  U0_UART/test_se (UART_test_1)                           0.00     203.03 r
  U0_UART/U0_UART_RX/test_se (UART_RX_test_1)             0.00     203.03 r
  U0_UART/U0_UART_RX/U9/Y (DLY1X1M)                       0.74     203.77 r
  U0_UART/U0_UART_RX/U6/test_se (FSM_RX_test_1)           0.00     203.77 r
  U0_UART/U0_UART_RX/U6/U68/Y (INVXLM)                    0.52     204.30 f
  U0_UART/U0_UART_RX/U6/U69/Y (INVXLM)                    0.67     204.97 r
  U0_UART/U0_UART_RX/U6/data_counter_reg[2]/SE (SDFFRQX2M)
                                                          0.00     204.97 r
  data arrival time                                                204.97

  clock dft_clk (rise edge)                            1000.00    1000.00
  clock network delay (ideal)                             0.00    1000.00
  clock uncertainty                                      -0.20     999.80
  U0_UART/U0_UART_RX/U6/data_counter_reg[2]/CK (SDFFRQX2M)
                                                          0.00     999.80 r
  library setup time                                     -0.60     999.20
  data required time                                               999.20
  --------------------------------------------------------------------------
  data required time                                               999.20
  data arrival time                                               -204.97
  --------------------------------------------------------------------------
  slack (MET)                                                      794.23


  Startpoint: SE (input port clocked by dft_clk)
  Endpoint: U0_UART/U0_UART_RX/U6/current_state_reg[1]
            (rising edge-triggered flip-flop clocked by dft_clk)
  Path Group: dft_clk
  Path Type: max

  Des/Clust/Port     Wire Load Model       Library
  ------------------------------------------------
  SYSTEM_TOP         tsmc13_wl10           scmetro_tsmc_cl013g_rvt_ss_1p08v_125c

  Point                                                   Incr       Path
  --------------------------------------------------------------------------
  clock dft_clk (rise edge)                               0.00       0.00
  clock network delay (ideal)                             0.00       0.00
  input external delay                                  200.00     200.00 r
  SE (in)                                                 0.81     200.81 r
  U31/Y (DLY1X1M)                                         0.40     201.21 r
  U32/Y (INVXLM)                                          0.37     201.58 f
  U25/Y (DLY1X1M)                                         0.71     202.29 f
  U26/Y (INVXLM)                                          0.75     203.03 r
  U0_UART/test_se (UART_test_1)                           0.00     203.03 r
  U0_UART/U0_UART_RX/test_se (UART_RX_test_1)             0.00     203.03 r
  U0_UART/U0_UART_RX/U9/Y (DLY1X1M)                       0.74     203.77 r
  U0_UART/U0_UART_RX/U6/test_se (FSM_RX_test_1)           0.00     203.77 r
  U0_UART/U0_UART_RX/U6/U68/Y (INVXLM)                    0.52     204.30 f
  U0_UART/U0_UART_RX/U6/U69/Y (INVXLM)                    0.67     204.97 r
  U0_UART/U0_UART_RX/U6/current_state_reg[1]/SE (SDFFRQX2M)
                                                          0.00     204.97 r
  data arrival time                                                204.97

  clock dft_clk (rise edge)                            1000.00    1000.00
  clock network delay (ideal)                             0.00    1000.00
  clock uncertainty                                      -0.20     999.80
  U0_UART/U0_UART_RX/U6/current_state_reg[1]/CK (SDFFRQX2M)
                                                          0.00     999.80 r
  library setup time                                     -0.60     999.20
  data required time                                               999.20
  --------------------------------------------------------------------------
  data required time                                               999.20
  data arrival time                                               -204.97
  --------------------------------------------------------------------------
  slack (MET)                                                      794.23


  Startpoint: SE (input port clocked by dft_clk)
  Endpoint: U0_ALU/ALU_OUT_reg[15]
            (rising edge-triggered flip-flop clocked by dft_clk)
  Path Group: dft_clk
  Path Type: max

  Des/Clust/Port     Wire Load Model       Library
  ------------------------------------------------
  SYSTEM_TOP         tsmc13_wl10           scmetro_tsmc_cl013g_rvt_ss_1p08v_125c

  Point                                                   Incr       Path
  --------------------------------------------------------------------------
  clock dft_clk (rise edge)                               0.00       0.00
  clock network delay (ideal)                             0.00       0.00
  input external delay                                  200.00     200.00 r
  SE (in)                                                 0.81     200.81 r
  U31/Y (DLY1X1M)                                         0.40     201.21 r
  U32/Y (INVXLM)                                          0.37     201.58 f
  U25/Y (DLY1X1M)                                         0.71     202.29 f
  U26/Y (INVXLM)                                          0.75     203.03 r
  U0_ALU/test_se (ALU_test_1)                             0.00     203.03 r
  U0_ALU/U196/Y (INVXLM)                                  0.31     203.34 f
  U0_ALU/U197/Y (INVXLM)                                  0.57     203.91 r
  U0_ALU/U199/Y (DLY1X1M)                                 0.99     204.90 r
  U0_ALU/ALU_OUT_reg[15]/SE (SDFFRQX2M)                   0.00     204.90 r
  data arrival time                                                204.90

  clock dft_clk (rise edge)                            1000.00    1000.00
  clock network delay (ideal)                             0.00    1000.00
  clock uncertainty                                      -0.20     999.80
  U0_ALU/ALU_OUT_reg[15]/CK (SDFFRQX2M)                   0.00     999.80 r
  library setup time                                     -0.61     999.19
  data required time                                               999.19
  --------------------------------------------------------------------------
  data required time                                               999.19
  data arrival time                                               -204.90
  --------------------------------------------------------------------------
  slack (MET)                                                      794.29


  Startpoint: SE (input port clocked by dft_clk)
  Endpoint: U0_ALU/ALU_OUT_reg[14]
            (rising edge-triggered flip-flop clocked by dft_clk)
  Path Group: dft_clk
  Path Type: max

  Des/Clust/Port     Wire Load Model       Library
  ------------------------------------------------
  SYSTEM_TOP         tsmc13_wl10           scmetro_tsmc_cl013g_rvt_ss_1p08v_125c

  Point                                                   Incr       Path
  --------------------------------------------------------------------------
  clock dft_clk (rise edge)                               0.00       0.00
  clock network delay (ideal)                             0.00       0.00
  input external delay                                  200.00     200.00 r
  SE (in)                                                 0.81     200.81 r
  U31/Y (DLY1X1M)                                         0.40     201.21 r
  U32/Y (INVXLM)                                          0.37     201.58 f
  U25/Y (DLY1X1M)                                         0.71     202.29 f
  U26/Y (INVXLM)                                          0.75     203.03 r
  U0_ALU/test_se (ALU_test_1)                             0.00     203.03 r
  U0_ALU/U196/Y (INVXLM)                                  0.31     203.34 f
  U0_ALU/U197/Y (INVXLM)                                  0.57     203.91 r
  U0_ALU/U198/Y (DLY1X1M)                                 0.99     204.90 r
  U0_ALU/ALU_OUT_reg[14]/SE (SDFFRQX2M)                   0.00     204.90 r
  data arrival time                                                204.90

  clock dft_clk (rise edge)                            1000.00    1000.00
  clock network delay (ideal)                             0.00    1000.00
  clock uncertainty                                      -0.20     999.80
  U0_ALU/ALU_OUT_reg[14]/CK (SDFFRQX2M)                   0.00     999.80 r
  library setup time                                     -0.61     999.19
  data required time                                               999.19
  --------------------------------------------------------------------------
  data required time                                               999.19
  data arrival time                                               -204.90
  --------------------------------------------------------------------------
  slack (MET)                                                      794.29


  Startpoint: SE (input port clocked by dft_clk)
  Endpoint: U0_ALU/ALU_OUT_reg[12]
            (rising edge-triggered flip-flop clocked by dft_clk)
  Path Group: dft_clk
  Path Type: max

  Des/Clust/Port     Wire Load Model       Library
  ------------------------------------------------
  SYSTEM_TOP         tsmc13_wl10           scmetro_tsmc_cl013g_rvt_ss_1p08v_125c

  Point                                                   Incr       Path
  --------------------------------------------------------------------------
  clock dft_clk (rise edge)                               0.00       0.00
  clock network delay (ideal)                             0.00       0.00
  input external delay                                  200.00     200.00 r
  SE (in)                                                 0.81     200.81 r
  U31/Y (DLY1X1M)                                         0.40     201.21 r
  U32/Y (INVXLM)                                          0.37     201.58 f
  U25/Y (DLY1X1M)                                         0.71     202.29 f
  U26/Y (INVXLM)                                          0.75     203.03 r
  U0_ALU/test_se (ALU_test_1)                             0.00     203.03 r
  U0_ALU/U196/Y (INVXLM)                                  0.31     203.34 f
  U0_ALU/U197/Y (INVXLM)                                  0.57     203.91 r
  U0_ALU/U199/Y (DLY1X1M)                                 0.99     204.90 r
  U0_ALU/ALU_OUT_reg[12]/SE (SDFFRQX2M)                   0.00     204.90 r
  data arrival time                                                204.90

  clock dft_clk (rise edge)                            1000.00    1000.00
  clock network delay (ideal)                             0.00    1000.00
  clock uncertainty                                      -0.20     999.80
  U0_ALU/ALU_OUT_reg[12]/CK (SDFFRQX2M)                   0.00     999.80 r
  library setup time                                     -0.61     999.19
  data required time                                               999.19
  --------------------------------------------------------------------------
  data required time                                               999.19
  data arrival time                                               -204.90
  --------------------------------------------------------------------------
  slack (MET)                                                      794.29


  Startpoint: SE (input port clocked by dft_clk)
  Endpoint: U0_ALU/ALU_OUT_reg[11]
            (rising edge-triggered flip-flop clocked by dft_clk)
  Path Group: dft_clk
  Path Type: max

  Des/Clust/Port     Wire Load Model       Library
  ------------------------------------------------
  SYSTEM_TOP         tsmc13_wl10           scmetro_tsmc_cl013g_rvt_ss_1p08v_125c

  Point                                                   Incr       Path
  --------------------------------------------------------------------------
  clock dft_clk (rise edge)                               0.00       0.00
  clock network delay (ideal)                             0.00       0.00
  input external delay                                  200.00     200.00 r
  SE (in)                                                 0.81     200.81 r
  U31/Y (DLY1X1M)                                         0.40     201.21 r
  U32/Y (INVXLM)                                          0.37     201.58 f
  U25/Y (DLY1X1M)                                         0.71     202.29 f
  U26/Y (INVXLM)                                          0.75     203.03 r
  U0_ALU/test_se (ALU_test_1)                             0.00     203.03 r
  U0_ALU/U196/Y (INVXLM)                                  0.31     203.34 f
  U0_ALU/U197/Y (INVXLM)                                  0.57     203.91 r
  U0_ALU/U198/Y (DLY1X1M)                                 0.99     204.90 r
  U0_ALU/ALU_OUT_reg[11]/SE (SDFFRQX2M)                   0.00     204.90 r
  data arrival time                                                204.90

  clock dft_clk (rise edge)                            1000.00    1000.00
  clock network delay (ideal)                             0.00    1000.00
  clock uncertainty                                      -0.20     999.80
  U0_ALU/ALU_OUT_reg[11]/CK (SDFFRQX2M)                   0.00     999.80 r
  library setup time                                     -0.61     999.19
  data required time                                               999.19
  --------------------------------------------------------------------------
  data required time                                               999.19
  data arrival time                                               -204.90
  --------------------------------------------------------------------------
  slack (MET)                                                      794.29


  Startpoint: SE (input port clocked by dft_clk)
  Endpoint: U0_ALU/ALU_OUT_reg[9]
            (rising edge-triggered flip-flop clocked by dft_clk)
  Path Group: dft_clk
  Path Type: max

  Des/Clust/Port     Wire Load Model       Library
  ------------------------------------------------
  SYSTEM_TOP         tsmc13_wl10           scmetro_tsmc_cl013g_rvt_ss_1p08v_125c

  Point                                                   Incr       Path
  --------------------------------------------------------------------------
  clock dft_clk (rise edge)                               0.00       0.00
  clock network delay (ideal)                             0.00       0.00
  input external delay                                  200.00     200.00 r
  SE (in)                                                 0.81     200.81 r
  U31/Y (DLY1X1M)                                         0.40     201.21 r
  U32/Y (INVXLM)                                          0.37     201.58 f
  U25/Y (DLY1X1M)                                         0.71     202.29 f
  U26/Y (INVXLM)                                          0.75     203.03 r
  U0_ALU/test_se (ALU_test_1)                             0.00     203.03 r
  U0_ALU/U196/Y (INVXLM)                                  0.31     203.34 f
  U0_ALU/U197/Y (INVXLM)                                  0.57     203.91 r
  U0_ALU/U199/Y (DLY1X1M)                                 0.99     204.90 r
  U0_ALU/ALU_OUT_reg[9]/SE (SDFFRQX2M)                    0.00     204.90 r
  data arrival time                                                204.90

  clock dft_clk (rise edge)                            1000.00    1000.00
  clock network delay (ideal)                             0.00    1000.00
  clock uncertainty                                      -0.20     999.80
  U0_ALU/ALU_OUT_reg[9]/CK (SDFFRQX2M)                    0.00     999.80 r
  library setup time                                     -0.61     999.19
  data required time                                               999.19
  --------------------------------------------------------------------------
  data required time                                               999.19
  data arrival time                                               -204.90
  --------------------------------------------------------------------------
  slack (MET)                                                      794.29


  Startpoint: SE (input port clocked by dft_clk)
  Endpoint: U0_ALU/ALU_OUT_reg[8]
            (rising edge-triggered flip-flop clocked by dft_clk)
  Path Group: dft_clk
  Path Type: max

  Des/Clust/Port     Wire Load Model       Library
  ------------------------------------------------
  SYSTEM_TOP         tsmc13_wl10           scmetro_tsmc_cl013g_rvt_ss_1p08v_125c

  Point                                                   Incr       Path
  --------------------------------------------------------------------------
  clock dft_clk (rise edge)                               0.00       0.00
  clock network delay (ideal)                             0.00       0.00
  input external delay                                  200.00     200.00 r
  SE (in)                                                 0.81     200.81 r
  U31/Y (DLY1X1M)                                         0.40     201.21 r
  U32/Y (INVXLM)                                          0.37     201.58 f
  U25/Y (DLY1X1M)                                         0.71     202.29 f
  U26/Y (INVXLM)                                          0.75     203.03 r
  U0_ALU/test_se (ALU_test_1)                             0.00     203.03 r
  U0_ALU/U196/Y (INVXLM)                                  0.31     203.34 f
  U0_ALU/U197/Y (INVXLM)                                  0.57     203.91 r
  U0_ALU/U198/Y (DLY1X1M)                                 0.99     204.90 r
  U0_ALU/ALU_OUT_reg[8]/SE (SDFFRQX2M)                    0.00     204.90 r
  data arrival time                                                204.90

  clock dft_clk (rise edge)                            1000.00    1000.00
  clock network delay (ideal)                             0.00    1000.00
  clock uncertainty                                      -0.20     999.80
  U0_ALU/ALU_OUT_reg[8]/CK (SDFFRQX2M)                    0.00     999.80 r
  library setup time                                     -0.61     999.19
  data required time                                               999.19
  --------------------------------------------------------------------------
  data required time                                               999.19
  data arrival time                                               -204.90
  --------------------------------------------------------------------------
  slack (MET)                                                      794.29


  Startpoint: SE (input port clocked by dft_clk)
  Endpoint: U0_ALU/ALU_OUT_reg[6]
            (rising edge-triggered flip-flop clocked by dft_clk)
  Path Group: dft_clk
  Path Type: max

  Des/Clust/Port     Wire Load Model       Library
  ------------------------------------------------
  SYSTEM_TOP         tsmc13_wl10           scmetro_tsmc_cl013g_rvt_ss_1p08v_125c

  Point                                                   Incr       Path
  --------------------------------------------------------------------------
  clock dft_clk (rise edge)                               0.00       0.00
  clock network delay (ideal)                             0.00       0.00
  input external delay                                  200.00     200.00 r
  SE (in)                                                 0.81     200.81 r
  U31/Y (DLY1X1M)                                         0.40     201.21 r
  U32/Y (INVXLM)                                          0.37     201.58 f
  U25/Y (DLY1X1M)                                         0.71     202.29 f
  U26/Y (INVXLM)                                          0.75     203.03 r
  U0_ALU/test_se (ALU_test_1)                             0.00     203.03 r
  U0_ALU/U196/Y (INVXLM)                                  0.31     203.34 f
  U0_ALU/U197/Y (INVXLM)                                  0.57     203.91 r
  U0_ALU/U199/Y (DLY1X1M)                                 0.99     204.90 r
  U0_ALU/ALU_OUT_reg[6]/SE (SDFFRQX2M)                    0.00     204.90 r
  data arrival time                                                204.90

  clock dft_clk (rise edge)                            1000.00    1000.00
  clock network delay (ideal)                             0.00    1000.00
  clock uncertainty                                      -0.20     999.80
  U0_ALU/ALU_OUT_reg[6]/CK (SDFFRQX2M)                    0.00     999.80 r
  library setup time                                     -0.61     999.19
  data required time                                               999.19
  --------------------------------------------------------------------------
  data required time                                               999.19
  data arrival time                                               -204.90
  --------------------------------------------------------------------------
  slack (MET)                                                      794.29


  Startpoint: SE (input port clocked by dft_clk)
  Endpoint: U0_ALU/ALU_OUT_reg[5]
            (rising edge-triggered flip-flop clocked by dft_clk)
  Path Group: dft_clk
  Path Type: max

  Des/Clust/Port     Wire Load Model       Library
  ------------------------------------------------
  SYSTEM_TOP         tsmc13_wl10           scmetro_tsmc_cl013g_rvt_ss_1p08v_125c

  Point                                                   Incr       Path
  --------------------------------------------------------------------------
  clock dft_clk (rise edge)                               0.00       0.00
  clock network delay (ideal)                             0.00       0.00
  input external delay                                  200.00     200.00 r
  SE (in)                                                 0.81     200.81 r
  U31/Y (DLY1X1M)                                         0.40     201.21 r
  U32/Y (INVXLM)                                          0.37     201.58 f
  U25/Y (DLY1X1M)                                         0.71     202.29 f
  U26/Y (INVXLM)                                          0.75     203.03 r
  U0_ALU/test_se (ALU_test_1)                             0.00     203.03 r
  U0_ALU/U196/Y (INVXLM)                                  0.31     203.34 f
  U0_ALU/U197/Y (INVXLM)                                  0.57     203.91 r
  U0_ALU/U198/Y (DLY1X1M)                                 0.99     204.90 r
  U0_ALU/ALU_OUT_reg[5]/SE (SDFFRQX2M)                    0.00     204.90 r
  data arrival time                                                204.90

  clock dft_clk (rise edge)                            1000.00    1000.00
  clock network delay (ideal)                             0.00    1000.00
  clock uncertainty                                      -0.20     999.80
  U0_ALU/ALU_OUT_reg[5]/CK (SDFFRQX2M)                    0.00     999.80 r
  library setup time                                     -0.61     999.19
  data required time                                               999.19
  --------------------------------------------------------------------------
  data required time                                               999.19
  data arrival time                                               -204.90
  --------------------------------------------------------------------------
  slack (MET)                                                      794.29


  Startpoint: SE (input port clocked by dft_clk)
  Endpoint: U0_ALU/ALU_OUT_reg[3]
            (rising edge-triggered flip-flop clocked by dft_clk)
  Path Group: dft_clk
  Path Type: max

  Des/Clust/Port     Wire Load Model       Library
  ------------------------------------------------
  SYSTEM_TOP         tsmc13_wl10           scmetro_tsmc_cl013g_rvt_ss_1p08v_125c

  Point                                                   Incr       Path
  --------------------------------------------------------------------------
  clock dft_clk (rise edge)                               0.00       0.00
  clock network delay (ideal)                             0.00       0.00
  input external delay                                  200.00     200.00 r
  SE (in)                                                 0.81     200.81 r
  U31/Y (DLY1X1M)                                         0.40     201.21 r
  U32/Y (INVXLM)                                          0.37     201.58 f
  U25/Y (DLY1X1M)                                         0.71     202.29 f
  U26/Y (INVXLM)                                          0.75     203.03 r
  U0_ALU/test_se (ALU_test_1)                             0.00     203.03 r
  U0_ALU/U196/Y (INVXLM)                                  0.31     203.34 f
  U0_ALU/U197/Y (INVXLM)                                  0.57     203.91 r
  U0_ALU/U199/Y (DLY1X1M)                                 0.99     204.90 r
  U0_ALU/ALU_OUT_reg[3]/SE (SDFFRQX2M)                    0.00     204.90 r
  data arrival time                                                204.90

  clock dft_clk (rise edge)                            1000.00    1000.00
  clock network delay (ideal)                             0.00    1000.00
  clock uncertainty                                      -0.20     999.80
  U0_ALU/ALU_OUT_reg[3]/CK (SDFFRQX2M)                    0.00     999.80 r
  library setup time                                     -0.61     999.19
  data required time                                               999.19
  --------------------------------------------------------------------------
  data required time                                               999.19
  data arrival time                                               -204.90
  --------------------------------------------------------------------------
  slack (MET)                                                      794.29


  Startpoint: SE (input port clocked by dft_clk)
  Endpoint: U0_ALU/ALU_OUT_reg[2]
            (rising edge-triggered flip-flop clocked by dft_clk)
  Path Group: dft_clk
  Path Type: max

  Des/Clust/Port     Wire Load Model       Library
  ------------------------------------------------
  SYSTEM_TOP         tsmc13_wl10           scmetro_tsmc_cl013g_rvt_ss_1p08v_125c

  Point                                                   Incr       Path
  --------------------------------------------------------------------------
  clock dft_clk (rise edge)                               0.00       0.00
  clock network delay (ideal)                             0.00       0.00
  input external delay                                  200.00     200.00 r
  SE (in)                                                 0.81     200.81 r
  U31/Y (DLY1X1M)                                         0.40     201.21 r
  U32/Y (INVXLM)                                          0.37     201.58 f
  U25/Y (DLY1X1M)                                         0.71     202.29 f
  U26/Y (INVXLM)                                          0.75     203.03 r
  U0_ALU/test_se (ALU_test_1)                             0.00     203.03 r
  U0_ALU/U196/Y (INVXLM)                                  0.31     203.34 f
  U0_ALU/U197/Y (INVXLM)                                  0.57     203.91 r
  U0_ALU/U198/Y (DLY1X1M)                                 0.99     204.90 r
  U0_ALU/ALU_OUT_reg[2]/SE (SDFFRQX2M)                    0.00     204.90 r
  data arrival time                                                204.90

  clock dft_clk (rise edge)                            1000.00    1000.00
  clock network delay (ideal)                             0.00    1000.00
  clock uncertainty                                      -0.20     999.80
  U0_ALU/ALU_OUT_reg[2]/CK (SDFFRQX2M)                    0.00     999.80 r
  library setup time                                     -0.61     999.19
  data required time                                               999.19
  --------------------------------------------------------------------------
  data required time                                               999.19
  data arrival time                                               -204.90
  --------------------------------------------------------------------------
  slack (MET)                                                      794.29


  Startpoint: SE (input port clocked by dft_clk)
  Endpoint: U0_ALU/ALU_OUT_reg[0]
            (rising edge-triggered flip-flop clocked by dft_clk)
  Path Group: dft_clk
  Path Type: max

  Des/Clust/Port     Wire Load Model       Library
  ------------------------------------------------
  SYSTEM_TOP         tsmc13_wl10           scmetro_tsmc_cl013g_rvt_ss_1p08v_125c

  Point                                                   Incr       Path
  --------------------------------------------------------------------------
  clock dft_clk (rise edge)                               0.00       0.00
  clock network delay (ideal)                             0.00       0.00
  input external delay                                  200.00     200.00 r
  SE (in)                                                 0.81     200.81 r
  U31/Y (DLY1X1M)                                         0.40     201.21 r
  U32/Y (INVXLM)                                          0.37     201.58 f
  U25/Y (DLY1X1M)                                         0.71     202.29 f
  U26/Y (INVXLM)                                          0.75     203.03 r
  U0_ALU/test_se (ALU_test_1)                             0.00     203.03 r
  U0_ALU/U196/Y (INVXLM)                                  0.31     203.34 f
  U0_ALU/U197/Y (INVXLM)                                  0.57     203.91 r
  U0_ALU/U199/Y (DLY1X1M)                                 0.99     204.90 r
  U0_ALU/ALU_OUT_reg[0]/SE (SDFFRQX2M)                    0.00     204.90 r
  data arrival time                                                204.90

  clock dft_clk (rise edge)                            1000.00    1000.00
  clock network delay (ideal)                             0.00    1000.00
  clock uncertainty                                      -0.20     999.80
  U0_ALU/ALU_OUT_reg[0]/CK (SDFFRQX2M)                    0.00     999.80 r
  library setup time                                     -0.61     999.19
  data required time                                               999.19
  --------------------------------------------------------------------------
  data required time                                               999.19
  data arrival time                                               -204.90
  --------------------------------------------------------------------------
  slack (MET)                                                      794.29


  Startpoint: SE (input port clocked by dft_clk)
  Endpoint: U0_ALU/out_valid_reg
            (rising edge-triggered flip-flop clocked by dft_clk)
  Path Group: dft_clk
  Path Type: max

  Des/Clust/Port     Wire Load Model       Library
  ------------------------------------------------
  SYSTEM_TOP         tsmc13_wl10           scmetro_tsmc_cl013g_rvt_ss_1p08v_125c

  Point                                    Incr       Path
  -----------------------------------------------------------
  clock dft_clk (rise edge)                0.00       0.00
  clock network delay (ideal)              0.00       0.00
  input external delay                   200.00     200.00 r
  SE (in)                                  0.81     200.81 r
  U31/Y (DLY1X1M)                          0.40     201.21 r
  U32/Y (INVXLM)                           0.37     201.58 f
  U25/Y (DLY1X1M)                          0.71     202.29 f
  U26/Y (INVXLM)                           0.75     203.03 r
  U0_ALU/test_se (ALU_test_1)              0.00     203.03 r
  U0_ALU/U196/Y (INVXLM)                   0.31     203.34 f
  U0_ALU/U197/Y (INVXLM)                   0.57     203.91 r
  U0_ALU/U198/Y (DLY1X1M)                  0.99     204.90 r
  U0_ALU/out_valid_reg/SE (SDFFRQX2M)      0.00     204.90 r
  data arrival time                                 204.90

  clock dft_clk (rise edge)             1000.00    1000.00
  clock network delay (ideal)              0.00    1000.00
  clock uncertainty                       -0.20     999.80
  U0_ALU/out_valid_reg/CK (SDFFRQX2M)      0.00     999.80 r
  library setup time                      -0.61     999.19
  data required time                                999.19
  -----------------------------------------------------------
  data required time                                999.19
  data arrival time                                -204.90
  -----------------------------------------------------------
  slack (MET)                                       794.29


  Startpoint: SE (input port clocked by dft_clk)
  Endpoint: U0_DATA_SYNC/enable_flop_reg
            (rising edge-triggered flip-flop clocked by dft_clk)
  Path Group: dft_clk
  Path Type: max

  Des/Clust/Port     Wire Load Model       Library
  ------------------------------------------------
  SYSTEM_TOP         tsmc13_wl10           scmetro_tsmc_cl013g_rvt_ss_1p08v_125c

  Point                                                   Incr       Path
  --------------------------------------------------------------------------
  clock dft_clk (rise edge)                               0.00       0.00
  clock network delay (ideal)                             0.00       0.00
  input external delay                                  200.00     200.00 r
  SE (in)                                                 0.81     200.81 r
  U31/Y (DLY1X1M)                                         0.40     201.21 r
  U32/Y (INVXLM)                                          0.37     201.58 f
  U42/Y (INVXLM)                                          0.61     202.19 r
  U39/Y (INVXLM)                                          0.28     202.47 f
  U40/Y (INVXLM)                                          0.27     202.74 r
  U34/Y (DLY1X1M)                                         1.07     203.82 r
  U0_DATA_SYNC/test_se (DATA_SYNC_test_1)                 0.00     203.82 r
  U0_DATA_SYNC/U27/Y (DLY1X1M)                            0.99     204.80 r
  U0_DATA_SYNC/enable_flop_reg/SE (SDFFRQX2M)             0.00     204.80 r
  data arrival time                                                204.80

  clock dft_clk (rise edge)                            1000.00    1000.00
  clock network delay (ideal)                             0.00    1000.00
  clock uncertainty                                      -0.20     999.80
  U0_DATA_SYNC/enable_flop_reg/CK (SDFFRQX2M)             0.00     999.80 r
  library setup time                                     -0.61     999.19
  data required time                                               999.19
  --------------------------------------------------------------------------
  data required time                                               999.19
  data arrival time                                               -204.80
  --------------------------------------------------------------------------
  slack (MET)                                                      794.39


  Startpoint: SE (input port clocked by dft_clk)
  Endpoint: U0_DATA_SYNC/multi_flops_reg[1]
            (rising edge-triggered flip-flop clocked by dft_clk)
  Path Group: dft_clk
  Path Type: max

  Des/Clust/Port     Wire Load Model       Library
  ------------------------------------------------
  SYSTEM_TOP         tsmc13_wl10           scmetro_tsmc_cl013g_rvt_ss_1p08v_125c

  Point                                                   Incr       Path
  --------------------------------------------------------------------------
  clock dft_clk (rise edge)                               0.00       0.00
  clock network delay (ideal)                             0.00       0.00
  input external delay                                  200.00     200.00 r
  SE (in)                                                 0.81     200.81 r
  U31/Y (DLY1X1M)                                         0.40     201.21 r
  U32/Y (INVXLM)                                          0.37     201.58 f
  U42/Y (INVXLM)                                          0.61     202.19 r
  U39/Y (INVXLM)                                          0.28     202.47 f
  U40/Y (INVXLM)                                          0.27     202.74 r
  U34/Y (DLY1X1M)                                         1.07     203.82 r
  U0_DATA_SYNC/test_se (DATA_SYNC_test_1)                 0.00     203.82 r
  U0_DATA_SYNC/U27/Y (DLY1X1M)                            0.99     204.80 r
  U0_DATA_SYNC/multi_flops_reg[1]/SE (SDFFRQX2M)          0.00     204.80 r
  data arrival time                                                204.80

  clock dft_clk (rise edge)                            1000.00    1000.00
  clock network delay (ideal)                             0.00    1000.00
  clock uncertainty                                      -0.20     999.80
  U0_DATA_SYNC/multi_flops_reg[1]/CK (SDFFRQX2M)          0.00     999.80 r
  library setup time                                     -0.61     999.19
  data required time                                               999.19
  --------------------------------------------------------------------------
  data required time                                               999.19
  data arrival time                                               -204.80
  --------------------------------------------------------------------------
  slack (MET)                                                      794.39


  Startpoint: SE (input port clocked by dft_clk)
  Endpoint: U0_DATA_SYNC/sync_bus_reg[7]
            (rising edge-triggered flip-flop clocked by dft_clk)
  Path Group: dft_clk
  Path Type: max

  Des/Clust/Port     Wire Load Model       Library
  ------------------------------------------------
  SYSTEM_TOP         tsmc13_wl10           scmetro_tsmc_cl013g_rvt_ss_1p08v_125c

  Point                                                   Incr       Path
  --------------------------------------------------------------------------
  clock dft_clk (rise edge)                               0.00       0.00
  clock network delay (ideal)                             0.00       0.00
  input external delay                                  200.00     200.00 r
  SE (in)                                                 0.81     200.81 r
  U31/Y (DLY1X1M)                                         0.40     201.21 r
  U32/Y (INVXLM)                                          0.37     201.58 f
  U42/Y (INVXLM)                                          0.61     202.19 r
  U39/Y (INVXLM)                                          0.28     202.47 f
  U40/Y (INVXLM)                                          0.27     202.74 r
  U34/Y (DLY1X1M)                                         1.07     203.82 r
  U0_DATA_SYNC/test_se (DATA_SYNC_test_1)                 0.00     203.82 r
  U0_DATA_SYNC/U27/Y (DLY1X1M)                            0.99     204.80 r
  U0_DATA_SYNC/sync_bus_reg[7]/SE (SDFFRQX2M)             0.00     204.80 r
  data arrival time                                                204.80

  clock dft_clk (rise edge)                            1000.00    1000.00
  clock network delay (ideal)                             0.00    1000.00
  clock uncertainty                                      -0.20     999.80
  U0_DATA_SYNC/sync_bus_reg[7]/CK (SDFFRQX2M)             0.00     999.80 r
  library setup time                                     -0.61     999.19
  data required time                                               999.19
  --------------------------------------------------------------------------
  data required time                                               999.19
  data arrival time                                               -204.80
  --------------------------------------------------------------------------
  slack (MET)                                                      794.39


  Startpoint: SE (input port clocked by dft_clk)
  Endpoint: U0_DATA_SYNC/sync_bus_reg[4]
            (rising edge-triggered flip-flop clocked by dft_clk)
  Path Group: dft_clk
  Path Type: max

  Des/Clust/Port     Wire Load Model       Library
  ------------------------------------------------
  SYSTEM_TOP         tsmc13_wl10           scmetro_tsmc_cl013g_rvt_ss_1p08v_125c

  Point                                                   Incr       Path
  --------------------------------------------------------------------------
  clock dft_clk (rise edge)                               0.00       0.00
  clock network delay (ideal)                             0.00       0.00
  input external delay                                  200.00     200.00 r
  SE (in)                                                 0.81     200.81 r
  U31/Y (DLY1X1M)                                         0.40     201.21 r
  U32/Y (INVXLM)                                          0.37     201.58 f
  U42/Y (INVXLM)                                          0.61     202.19 r
  U39/Y (INVXLM)                                          0.28     202.47 f
  U40/Y (INVXLM)                                          0.27     202.74 r
  U34/Y (DLY1X1M)                                         1.07     203.82 r
  U0_DATA_SYNC/test_se (DATA_SYNC_test_1)                 0.00     203.82 r
  U0_DATA_SYNC/U27/Y (DLY1X1M)                            0.99     204.80 r
  U0_DATA_SYNC/sync_bus_reg[4]/SE (SDFFRQX2M)             0.00     204.80 r
  data arrival time                                                204.80

  clock dft_clk (rise edge)                            1000.00    1000.00
  clock network delay (ideal)                             0.00    1000.00
  clock uncertainty                                      -0.20     999.80
  U0_DATA_SYNC/sync_bus_reg[4]/CK (SDFFRQX2M)             0.00     999.80 r
  library setup time                                     -0.61     999.19
  data required time                                               999.19
  --------------------------------------------------------------------------
  data required time                                               999.19
  data arrival time                                               -204.80
  --------------------------------------------------------------------------
  slack (MET)                                                      794.39


  Startpoint: SE (input port clocked by dft_clk)
  Endpoint: U0_DATA_SYNC/sync_bus_reg[5]
            (rising edge-triggered flip-flop clocked by dft_clk)
  Path Group: dft_clk
  Path Type: max

  Des/Clust/Port     Wire Load Model       Library
  ------------------------------------------------
  SYSTEM_TOP         tsmc13_wl10           scmetro_tsmc_cl013g_rvt_ss_1p08v_125c

  Point                                                   Incr       Path
  --------------------------------------------------------------------------
  clock dft_clk (rise edge)                               0.00       0.00
  clock network delay (ideal)                             0.00       0.00
  input external delay                                  200.00     200.00 r
  SE (in)                                                 0.81     200.81 r
  U31/Y (DLY1X1M)                                         0.40     201.21 r
  U32/Y (INVXLM)                                          0.37     201.58 f
  U42/Y (INVXLM)                                          0.61     202.19 r
  U39/Y (INVXLM)                                          0.28     202.47 f
  U40/Y (INVXLM)                                          0.27     202.74 r
  U34/Y (DLY1X1M)                                         1.07     203.82 r
  U0_DATA_SYNC/test_se (DATA_SYNC_test_1)                 0.00     203.82 r
  U0_DATA_SYNC/U27/Y (DLY1X1M)                            0.99     204.80 r
  U0_DATA_SYNC/sync_bus_reg[5]/SE (SDFFRQX2M)             0.00     204.80 r
  data arrival time                                                204.80

  clock dft_clk (rise edge)                            1000.00    1000.00
  clock network delay (ideal)                             0.00    1000.00
  clock uncertainty                                      -0.20     999.80
  U0_DATA_SYNC/sync_bus_reg[5]/CK (SDFFRQX2M)             0.00     999.80 r
  library setup time                                     -0.61     999.19
  data required time                                               999.19
  --------------------------------------------------------------------------
  data required time                                               999.19
  data arrival time                                               -204.80
  --------------------------------------------------------------------------
  slack (MET)                                                      794.39


  Startpoint: SE (input port clocked by dft_clk)
  Endpoint: U0_DATA_SYNC/sync_bus_reg[6]
            (rising edge-triggered flip-flop clocked by dft_clk)
  Path Group: dft_clk
  Path Type: max

  Des/Clust/Port     Wire Load Model       Library
  ------------------------------------------------
  SYSTEM_TOP         tsmc13_wl10           scmetro_tsmc_cl013g_rvt_ss_1p08v_125c

  Point                                                   Incr       Path
  --------------------------------------------------------------------------
  clock dft_clk (rise edge)                               0.00       0.00
  clock network delay (ideal)                             0.00       0.00
  input external delay                                  200.00     200.00 r
  SE (in)                                                 0.81     200.81 r
  U31/Y (DLY1X1M)                                         0.40     201.21 r
  U32/Y (INVXLM)                                          0.37     201.58 f
  U42/Y (INVXLM)                                          0.61     202.19 r
  U39/Y (INVXLM)                                          0.28     202.47 f
  U40/Y (INVXLM)                                          0.27     202.74 r
  U34/Y (DLY1X1M)                                         1.07     203.82 r
  U0_DATA_SYNC/test_se (DATA_SYNC_test_1)                 0.00     203.82 r
  U0_DATA_SYNC/U27/Y (DLY1X1M)                            0.99     204.80 r
  U0_DATA_SYNC/sync_bus_reg[6]/SE (SDFFRQX2M)             0.00     204.80 r
  data arrival time                                                204.80

  clock dft_clk (rise edge)                            1000.00    1000.00
  clock network delay (ideal)                             0.00    1000.00
  clock uncertainty                                      -0.20     999.80
  U0_DATA_SYNC/sync_bus_reg[6]/CK (SDFFRQX2M)             0.00     999.80 r
  library setup time                                     -0.61     999.19
  data required time                                               999.19
  --------------------------------------------------------------------------
  data required time                                               999.19
  data arrival time                                               -204.80
  --------------------------------------------------------------------------
  slack (MET)                                                      794.39


  Startpoint: SE (input port clocked by dft_clk)
  Endpoint: U0_UART/U0_UART_RX/U6/data_counter_reg[1]
            (rising edge-triggered flip-flop clocked by dft_clk)
  Path Group: dft_clk
  Path Type: max

  Des/Clust/Port     Wire Load Model       Library
  ------------------------------------------------
  SYSTEM_TOP         tsmc13_wl10           scmetro_tsmc_cl013g_rvt_ss_1p08v_125c

  Point                                                   Incr       Path
  --------------------------------------------------------------------------
  clock dft_clk (rise edge)                               0.00       0.00
  clock network delay (ideal)                             0.00       0.00
  input external delay                                  200.00     200.00 r
  SE (in)                                                 0.81     200.81 r
  U31/Y (DLY1X1M)                                         0.40     201.21 r
  U32/Y (INVXLM)                                          0.37     201.58 f
  U25/Y (DLY1X1M)                                         0.71     202.29 f
  U26/Y (INVXLM)                                          0.75     203.03 r
  U0_UART/test_se (UART_test_1)                           0.00     203.03 r
  U0_UART/U0_UART_RX/test_se (UART_RX_test_1)             0.00     203.03 r
  U0_UART/U0_UART_RX/U9/Y (DLY1X1M)                       0.74     203.77 r
  U0_UART/U0_UART_RX/U6/test_se (FSM_RX_test_1)           0.00     203.77 r
  U0_UART/U0_UART_RX/U6/U68/Y (INVXLM)                    0.52     204.30 f
  U0_UART/U0_UART_RX/U6/U71/Y (INVXLM)                    0.52     204.81 r
  U0_UART/U0_UART_RX/U6/data_counter_reg[1]/SE (SDFFRQX2M)
                                                          0.00     204.81 r
  data arrival time                                                204.81

  clock dft_clk (rise edge)                            1000.00    1000.00
  clock network delay (ideal)                             0.00    1000.00
  clock uncertainty                                      -0.20     999.80
  U0_UART/U0_UART_RX/U6/data_counter_reg[1]/CK (SDFFRQX2M)
                                                          0.00     999.80 r
  library setup time                                     -0.59     999.21
  data required time                                               999.21
  --------------------------------------------------------------------------
  data required time                                               999.21
  data arrival time                                               -204.81
  --------------------------------------------------------------------------
  slack (MET)                                                      794.40


  Startpoint: SE (input port clocked by dft_clk)
  Endpoint: U0_UART/U0_UART_RX/U6/data_counter_reg[0]
            (rising edge-triggered flip-flop clocked by dft_clk)
  Path Group: dft_clk
  Path Type: max

  Des/Clust/Port     Wire Load Model       Library
  ------------------------------------------------
  SYSTEM_TOP         tsmc13_wl10           scmetro_tsmc_cl013g_rvt_ss_1p08v_125c

  Point                                                   Incr       Path
  --------------------------------------------------------------------------
  clock dft_clk (rise edge)                               0.00       0.00
  clock network delay (ideal)                             0.00       0.00
  input external delay                                  200.00     200.00 r
  SE (in)                                                 0.81     200.81 r
  U31/Y (DLY1X1M)                                         0.40     201.21 r
  U32/Y (INVXLM)                                          0.37     201.58 f
  U25/Y (DLY1X1M)                                         0.71     202.29 f
  U26/Y (INVXLM)                                          0.75     203.03 r
  U0_UART/test_se (UART_test_1)                           0.00     203.03 r
  U0_UART/U0_UART_RX/test_se (UART_RX_test_1)             0.00     203.03 r
  U0_UART/U0_UART_RX/U9/Y (DLY1X1M)                       0.74     203.77 r
  U0_UART/U0_UART_RX/U6/test_se (FSM_RX_test_1)           0.00     203.77 r
  U0_UART/U0_UART_RX/U6/U68/Y (INVXLM)                    0.52     204.30 f
  U0_UART/U0_UART_RX/U6/U70/Y (INVXLM)                    0.52     204.81 r
  U0_UART/U0_UART_RX/U6/data_counter_reg[0]/SE (SDFFRQX2M)
                                                          0.00     204.81 r
  data arrival time                                                204.81

  clock dft_clk (rise edge)                            1000.00    1000.00
  clock network delay (ideal)                             0.00    1000.00
  clock uncertainty                                      -0.20     999.80
  U0_UART/U0_UART_RX/U6/data_counter_reg[0]/CK (SDFFRQX2M)
                                                          0.00     999.80 r
  library setup time                                     -0.59     999.21
  data required time                                               999.21
  --------------------------------------------------------------------------
  data required time                                               999.21
  data arrival time                                               -204.81
  --------------------------------------------------------------------------
  slack (MET)                                                      794.40


  Startpoint: SE (input port clocked by dft_clk)
  Endpoint: U0_UART/U0_UART_RX/U6/current_state_reg[2]
            (rising edge-triggered flip-flop clocked by dft_clk)
  Path Group: dft_clk
  Path Type: max

  Des/Clust/Port     Wire Load Model       Library
  ------------------------------------------------
  SYSTEM_TOP         tsmc13_wl10           scmetro_tsmc_cl013g_rvt_ss_1p08v_125c

  Point                                                   Incr       Path
  --------------------------------------------------------------------------
  clock dft_clk (rise edge)                               0.00       0.00
  clock network delay (ideal)                             0.00       0.00
  input external delay                                  200.00     200.00 r
  SE (in)                                                 0.81     200.81 r
  U31/Y (DLY1X1M)                                         0.40     201.21 r
  U32/Y (INVXLM)                                          0.37     201.58 f
  U25/Y (DLY1X1M)                                         0.71     202.29 f
  U26/Y (INVXLM)                                          0.75     203.03 r
  U0_UART/test_se (UART_test_1)                           0.00     203.03 r
  U0_UART/U0_UART_RX/test_se (UART_RX_test_1)             0.00     203.03 r
  U0_UART/U0_UART_RX/U9/Y (DLY1X1M)                       0.74     203.77 r
  U0_UART/U0_UART_RX/U6/test_se (FSM_RX_test_1)           0.00     203.77 r
  U0_UART/U0_UART_RX/U6/U68/Y (INVXLM)                    0.52     204.30 f
  U0_UART/U0_UART_RX/U6/U71/Y (INVXLM)                    0.52     204.81 r
  U0_UART/U0_UART_RX/U6/current_state_reg[2]/SE (SDFFRQX2M)
                                                          0.00     204.81 r
  data arrival time                                                204.81

  clock dft_clk (rise edge)                            1000.00    1000.00
  clock network delay (ideal)                             0.00    1000.00
  clock uncertainty                                      -0.20     999.80
  U0_UART/U0_UART_RX/U6/current_state_reg[2]/CK (SDFFRQX2M)
                                                          0.00     999.80 r
  library setup time                                     -0.59     999.21
  data required time                                               999.21
  --------------------------------------------------------------------------
  data required time                                               999.21
  data arrival time                                               -204.81
  --------------------------------------------------------------------------
  slack (MET)                                                      794.40


  Startpoint: SE (input port clocked by dft_clk)
  Endpoint: U0_UART/U0_UART_RX/U6/current_state_reg[0]
            (rising edge-triggered flip-flop clocked by dft_clk)
  Path Group: dft_clk
  Path Type: max

  Des/Clust/Port     Wire Load Model       Library
  ------------------------------------------------
  SYSTEM_TOP         tsmc13_wl10           scmetro_tsmc_cl013g_rvt_ss_1p08v_125c

  Point                                                   Incr       Path
  --------------------------------------------------------------------------
  clock dft_clk (rise edge)                               0.00       0.00
  clock network delay (ideal)                             0.00       0.00
  input external delay                                  200.00     200.00 r
  SE (in)                                                 0.81     200.81 r
  U31/Y (DLY1X1M)                                         0.40     201.21 r
  U32/Y (INVXLM)                                          0.37     201.58 f
  U25/Y (DLY1X1M)                                         0.71     202.29 f
  U26/Y (INVXLM)                                          0.75     203.03 r
  U0_UART/test_se (UART_test_1)                           0.00     203.03 r
  U0_UART/U0_UART_RX/test_se (UART_RX_test_1)             0.00     203.03 r
  U0_UART/U0_UART_RX/U9/Y (DLY1X1M)                       0.74     203.77 r
  U0_UART/U0_UART_RX/U6/test_se (FSM_RX_test_1)           0.00     203.77 r
  U0_UART/U0_UART_RX/U6/U68/Y (INVXLM)                    0.52     204.30 f
  U0_UART/U0_UART_RX/U6/U70/Y (INVXLM)                    0.52     204.81 r
  U0_UART/U0_UART_RX/U6/current_state_reg[0]/SE (SDFFRQX2M)
                                                          0.00     204.81 r
  data arrival time                                                204.81

  clock dft_clk (rise edge)                            1000.00    1000.00
  clock network delay (ideal)                             0.00    1000.00
  clock uncertainty                                      -0.20     999.80
  U0_UART/U0_UART_RX/U6/current_state_reg[0]/CK (SDFFRQX2M)
                                                          0.00     999.80 r
  library setup time                                     -0.59     999.21
  data required time                                               999.21
  --------------------------------------------------------------------------
  data required time                                               999.21
  data arrival time                                               -204.81
  --------------------------------------------------------------------------
  slack (MET)                                                      794.40


  Startpoint: SE (input port clocked by dft_clk)
  Endpoint: U0_UART/U0_UART_TX/U3/current_state_reg[2]
            (rising edge-triggered flip-flop clocked by dft_clk)
  Path Group: dft_clk
  Path Type: max

  Des/Clust/Port     Wire Load Model       Library
  ------------------------------------------------
  SYSTEM_TOP         tsmc13_wl10           scmetro_tsmc_cl013g_rvt_ss_1p08v_125c

  Point                                                   Incr       Path
  --------------------------------------------------------------------------
  clock dft_clk (rise edge)                               0.00       0.00
  clock network delay (ideal)                             0.00       0.00
  input external delay                                  200.00     200.00 r
  SE (in)                                                 0.81     200.81 r
  U31/Y (DLY1X1M)                                         0.40     201.21 r
  U32/Y (INVXLM)                                          0.37     201.58 f
  U25/Y (DLY1X1M)                                         0.71     202.29 f
  U26/Y (INVXLM)                                          0.75     203.03 r
  U0_UART/test_se (UART_test_1)                           0.00     203.03 r
  U0_UART/U0_UART_TX/test_se (UART_TX_test_1)             0.00     203.03 r
  U0_UART/U0_UART_TX/U6/Y (INVXLM)                        0.31     203.34 f
  U0_UART/U0_UART_TX/U7/Y (INVXLM)                        0.58     203.92 r
  U0_UART/U0_UART_TX/U3/test_se (FSM_TX_test_1)           0.00     203.92 r
  U0_UART/U0_UART_TX/U3/U18/Y (INVXLM)                    0.28     204.21 f
  U0_UART/U0_UART_TX/U3/U19/Y (INVXLM)                    0.60     204.80 r
  U0_UART/U0_UART_TX/U3/current_state_reg[2]/SE (SDFFRQX2M)
                                                          0.00     204.80 r
  data arrival time                                                204.80

  clock dft_clk (rise edge)                            1000.00    1000.00
  clock network delay (ideal)                             0.00    1000.00
  clock uncertainty                                      -0.20     999.80
  U0_UART/U0_UART_TX/U3/current_state_reg[2]/CK (SDFFRQX2M)
                                                          0.00     999.80 r
  library setup time                                     -0.60     999.20
  data required time                                               999.20
  --------------------------------------------------------------------------
  data required time                                               999.20
  data arrival time                                               -204.80
  --------------------------------------------------------------------------
  slack (MET)                                                      794.40


  Startpoint: SE (input port clocked by dft_clk)
  Endpoint: U0_UART/U0_UART_TX/U3/current_state_reg[1]
            (rising edge-triggered flip-flop clocked by dft_clk)
  Path Group: dft_clk
  Path Type: max

  Des/Clust/Port     Wire Load Model       Library
  ------------------------------------------------
  SYSTEM_TOP         tsmc13_wl10           scmetro_tsmc_cl013g_rvt_ss_1p08v_125c

  Point                                                   Incr       Path
  --------------------------------------------------------------------------
  clock dft_clk (rise edge)                               0.00       0.00
  clock network delay (ideal)                             0.00       0.00
  input external delay                                  200.00     200.00 r
  SE (in)                                                 0.81     200.81 r
  U31/Y (DLY1X1M)                                         0.40     201.21 r
  U32/Y (INVXLM)                                          0.37     201.58 f
  U25/Y (DLY1X1M)                                         0.71     202.29 f
  U26/Y (INVXLM)                                          0.75     203.03 r
  U0_UART/test_se (UART_test_1)                           0.00     203.03 r
  U0_UART/U0_UART_TX/test_se (UART_TX_test_1)             0.00     203.03 r
  U0_UART/U0_UART_TX/U6/Y (INVXLM)                        0.31     203.34 f
  U0_UART/U0_UART_TX/U7/Y (INVXLM)                        0.58     203.92 r
  U0_UART/U0_UART_TX/U3/test_se (FSM_TX_test_1)           0.00     203.92 r
  U0_UART/U0_UART_TX/U3/U18/Y (INVXLM)                    0.28     204.21 f
  U0_UART/U0_UART_TX/U3/U19/Y (INVXLM)                    0.60     204.80 r
  U0_UART/U0_UART_TX/U3/current_state_reg[1]/SE (SDFFRQX2M)
                                                          0.00     204.80 r
  data arrival time                                                204.80

  clock dft_clk (rise edge)                            1000.00    1000.00
  clock network delay (ideal)                             0.00    1000.00
  clock uncertainty                                      -0.20     999.80
  U0_UART/U0_UART_TX/U3/current_state_reg[1]/CK (SDFFRQX2M)
                                                          0.00     999.80 r
  library setup time                                     -0.60     999.20
  data required time                                               999.20
  --------------------------------------------------------------------------
  data required time                                               999.20
  data arrival time                                               -204.80
  --------------------------------------------------------------------------
  slack (MET)                                                      794.40


  Startpoint: SE (input port clocked by dft_clk)
  Endpoint: U0_UART/U0_UART_TX/U3/current_state_reg[0]
            (rising edge-triggered flip-flop clocked by dft_clk)
  Path Group: dft_clk
  Path Type: max

  Des/Clust/Port     Wire Load Model       Library
  ------------------------------------------------
  SYSTEM_TOP         tsmc13_wl10           scmetro_tsmc_cl013g_rvt_ss_1p08v_125c

  Point                                                   Incr       Path
  --------------------------------------------------------------------------
  clock dft_clk (rise edge)                               0.00       0.00
  clock network delay (ideal)                             0.00       0.00
  input external delay                                  200.00     200.00 r
  SE (in)                                                 0.81     200.81 r
  U31/Y (DLY1X1M)                                         0.40     201.21 r
  U32/Y (INVXLM)                                          0.37     201.58 f
  U25/Y (DLY1X1M)                                         0.71     202.29 f
  U26/Y (INVXLM)                                          0.75     203.03 r
  U0_UART/test_se (UART_test_1)                           0.00     203.03 r
  U0_UART/U0_UART_TX/test_se (UART_TX_test_1)             0.00     203.03 r
  U0_UART/U0_UART_TX/U6/Y (INVXLM)                        0.31     203.34 f
  U0_UART/U0_UART_TX/U7/Y (INVXLM)                        0.58     203.92 r
  U0_UART/U0_UART_TX/U3/test_se (FSM_TX_test_1)           0.00     203.92 r
  U0_UART/U0_UART_TX/U3/U18/Y (INVXLM)                    0.28     204.21 f
  U0_UART/U0_UART_TX/U3/U19/Y (INVXLM)                    0.60     204.80 r
  U0_UART/U0_UART_TX/U3/current_state_reg[0]/SE (SDFFRQX2M)
                                                          0.00     204.80 r
  data arrival time                                                204.80

  clock dft_clk (rise edge)                            1000.00    1000.00
  clock network delay (ideal)                             0.00    1000.00
  clock uncertainty                                      -0.20     999.80
  U0_UART/U0_UART_TX/U3/current_state_reg[0]/CK (SDFFRQX2M)
                                                          0.00     999.80 r
  library setup time                                     -0.60     999.20
  data required time                                               999.20
  --------------------------------------------------------------------------
  data required time                                               999.20
  data arrival time                                               -204.80
  --------------------------------------------------------------------------
  slack (MET)                                                      794.40


  Startpoint: SE (input port clocked by dft_clk)
  Endpoint: U0_ALU/ALU_OUT_reg[13]
            (rising edge-triggered flip-flop clocked by dft_clk)
  Path Group: dft_clk
  Path Type: max

  Des/Clust/Port     Wire Load Model       Library
  ------------------------------------------------
  SYSTEM_TOP         tsmc13_wl10           scmetro_tsmc_cl013g_rvt_ss_1p08v_125c

  Point                                                   Incr       Path
  --------------------------------------------------------------------------
  clock dft_clk (rise edge)                               0.00       0.00
  clock network delay (ideal)                             0.00       0.00
  input external delay                                  200.00     200.00 r
  SE (in)                                                 0.81     200.81 r
  U31/Y (DLY1X1M)                                         0.40     201.21 r
  U32/Y (INVXLM)                                          0.37     201.58 f
  U25/Y (DLY1X1M)                                         0.71     202.29 f
  U26/Y (INVXLM)                                          0.75     203.03 r
  U0_ALU/test_se (ALU_test_1)                             0.00     203.03 r
  U0_ALU/U196/Y (INVXLM)                                  0.31     203.34 f
  U0_ALU/U197/Y (INVXLM)                                  0.57     203.91 r
  U0_ALU/U200/Y (DLY1X1M)                                 0.88     204.78 r
  U0_ALU/ALU_OUT_reg[13]/SE (SDFFRQX2M)                   0.00     204.78 r
  data arrival time                                                204.78

  clock dft_clk (rise edge)                            1000.00    1000.00
  clock network delay (ideal)                             0.00    1000.00
  clock uncertainty                                      -0.20     999.80
  U0_ALU/ALU_OUT_reg[13]/CK (SDFFRQX2M)                   0.00     999.80 r
  library setup time                                     -0.60     999.20
  data required time                                               999.20
  --------------------------------------------------------------------------
  data required time                                               999.20
  data arrival time                                               -204.78
  --------------------------------------------------------------------------
  slack (MET)                                                      794.41


  Startpoint: SE (input port clocked by dft_clk)
  Endpoint: U0_ALU/ALU_OUT_reg[10]
            (rising edge-triggered flip-flop clocked by dft_clk)
  Path Group: dft_clk
  Path Type: max

  Des/Clust/Port     Wire Load Model       Library
  ------------------------------------------------
  SYSTEM_TOP         tsmc13_wl10           scmetro_tsmc_cl013g_rvt_ss_1p08v_125c

  Point                                                   Incr       Path
  --------------------------------------------------------------------------
  clock dft_clk (rise edge)                               0.00       0.00
  clock network delay (ideal)                             0.00       0.00
  input external delay                                  200.00     200.00 r
  SE (in)                                                 0.81     200.81 r
  U31/Y (DLY1X1M)                                         0.40     201.21 r
  U32/Y (INVXLM)                                          0.37     201.58 f
  U25/Y (DLY1X1M)                                         0.71     202.29 f
  U26/Y (INVXLM)                                          0.75     203.03 r
  U0_ALU/test_se (ALU_test_1)                             0.00     203.03 r
  U0_ALU/U196/Y (INVXLM)                                  0.31     203.34 f
  U0_ALU/U197/Y (INVXLM)                                  0.57     203.91 r
  U0_ALU/U200/Y (DLY1X1M)                                 0.88     204.78 r
  U0_ALU/ALU_OUT_reg[10]/SE (SDFFRQX2M)                   0.00     204.78 r
  data arrival time                                                204.78

  clock dft_clk (rise edge)                            1000.00    1000.00
  clock network delay (ideal)                             0.00    1000.00
  clock uncertainty                                      -0.20     999.80
  U0_ALU/ALU_OUT_reg[10]/CK (SDFFRQX2M)                   0.00     999.80 r
  library setup time                                     -0.60     999.20
  data required time                                               999.20
  --------------------------------------------------------------------------
  data required time                                               999.20
  data arrival time                                               -204.78
  --------------------------------------------------------------------------
  slack (MET)                                                      794.41


  Startpoint: SE (input port clocked by dft_clk)
  Endpoint: U0_ALU/ALU_OUT_reg[7]
            (rising edge-triggered flip-flop clocked by dft_clk)
  Path Group: dft_clk
  Path Type: max

  Des/Clust/Port     Wire Load Model       Library
  ------------------------------------------------
  SYSTEM_TOP         tsmc13_wl10           scmetro_tsmc_cl013g_rvt_ss_1p08v_125c

  Point                                                   Incr       Path
  --------------------------------------------------------------------------
  clock dft_clk (rise edge)                               0.00       0.00
  clock network delay (ideal)                             0.00       0.00
  input external delay                                  200.00     200.00 r
  SE (in)                                                 0.81     200.81 r
  U31/Y (DLY1X1M)                                         0.40     201.21 r
  U32/Y (INVXLM)                                          0.37     201.58 f
  U25/Y (DLY1X1M)                                         0.71     202.29 f
  U26/Y (INVXLM)                                          0.75     203.03 r
  U0_ALU/test_se (ALU_test_1)                             0.00     203.03 r
  U0_ALU/U196/Y (INVXLM)                                  0.31     203.34 f
  U0_ALU/U197/Y (INVXLM)                                  0.57     203.91 r
  U0_ALU/U200/Y (DLY1X1M)                                 0.88     204.78 r
  U0_ALU/ALU_OUT_reg[7]/SE (SDFFRQX2M)                    0.00     204.78 r
  data arrival time                                                204.78

  clock dft_clk (rise edge)                            1000.00    1000.00
  clock network delay (ideal)                             0.00    1000.00
  clock uncertainty                                      -0.20     999.80
  U0_ALU/ALU_OUT_reg[7]/CK (SDFFRQX2M)                    0.00     999.80 r
  library setup time                                     -0.60     999.20
  data required time                                               999.20
  --------------------------------------------------------------------------
  data required time                                               999.20
  data arrival time                                               -204.78
  --------------------------------------------------------------------------
  slack (MET)                                                      794.41


  Startpoint: SE (input port clocked by dft_clk)
  Endpoint: U0_ALU/ALU_OUT_reg[4]
            (rising edge-triggered flip-flop clocked by dft_clk)
  Path Group: dft_clk
  Path Type: max

  Des/Clust/Port     Wire Load Model       Library
  ------------------------------------------------
  SYSTEM_TOP         tsmc13_wl10           scmetro_tsmc_cl013g_rvt_ss_1p08v_125c

  Point                                                   Incr       Path
  --------------------------------------------------------------------------
  clock dft_clk (rise edge)                               0.00       0.00
  clock network delay (ideal)                             0.00       0.00
  input external delay                                  200.00     200.00 r
  SE (in)                                                 0.81     200.81 r
  U31/Y (DLY1X1M)                                         0.40     201.21 r
  U32/Y (INVXLM)                                          0.37     201.58 f
  U25/Y (DLY1X1M)                                         0.71     202.29 f
  U26/Y (INVXLM)                                          0.75     203.03 r
  U0_ALU/test_se (ALU_test_1)                             0.00     203.03 r
  U0_ALU/U196/Y (INVXLM)                                  0.31     203.34 f
  U0_ALU/U197/Y (INVXLM)                                  0.57     203.91 r
  U0_ALU/U200/Y (DLY1X1M)                                 0.88     204.78 r
  U0_ALU/ALU_OUT_reg[4]/SE (SDFFRQX2M)                    0.00     204.78 r
  data arrival time                                                204.78

  clock dft_clk (rise edge)                            1000.00    1000.00
  clock network delay (ideal)                             0.00    1000.00
  clock uncertainty                                      -0.20     999.80
  U0_ALU/ALU_OUT_reg[4]/CK (SDFFRQX2M)                    0.00     999.80 r
  library setup time                                     -0.60     999.20
  data required time                                               999.20
  --------------------------------------------------------------------------
  data required time                                               999.20
  data arrival time                                               -204.78
  --------------------------------------------------------------------------
  slack (MET)                                                      794.41


  Startpoint: SE (input port clocked by dft_clk)
  Endpoint: U0_ALU/ALU_OUT_reg[1]
            (rising edge-triggered flip-flop clocked by dft_clk)
  Path Group: dft_clk
  Path Type: max

  Des/Clust/Port     Wire Load Model       Library
  ------------------------------------------------
  SYSTEM_TOP         tsmc13_wl10           scmetro_tsmc_cl013g_rvt_ss_1p08v_125c

  Point                                                   Incr       Path
  --------------------------------------------------------------------------
  clock dft_clk (rise edge)                               0.00       0.00
  clock network delay (ideal)                             0.00       0.00
  input external delay                                  200.00     200.00 r
  SE (in)                                                 0.81     200.81 r
  U31/Y (DLY1X1M)                                         0.40     201.21 r
  U32/Y (INVXLM)                                          0.37     201.58 f
  U25/Y (DLY1X1M)                                         0.71     202.29 f
  U26/Y (INVXLM)                                          0.75     203.03 r
  U0_ALU/test_se (ALU_test_1)                             0.00     203.03 r
  U0_ALU/U196/Y (INVXLM)                                  0.31     203.34 f
  U0_ALU/U197/Y (INVXLM)                                  0.57     203.91 r
  U0_ALU/U200/Y (DLY1X1M)                                 0.88     204.78 r
  U0_ALU/ALU_OUT_reg[1]/SE (SDFFRQX2M)                    0.00     204.78 r
  data arrival time                                                204.78

  clock dft_clk (rise edge)                            1000.00    1000.00
  clock network delay (ideal)                             0.00    1000.00
  clock uncertainty                                      -0.20     999.80
  U0_ALU/ALU_OUT_reg[1]/CK (SDFFRQX2M)                    0.00     999.80 r
  library setup time                                     -0.60     999.20
  data required time                                               999.20
  --------------------------------------------------------------------------
  data required time                                               999.20
  data arrival time                                               -204.78
  --------------------------------------------------------------------------
  slack (MET)                                                      794.41


  Startpoint: SE (input port clocked by dft_clk)
  Endpoint: U0_UART/U0_UART_RX/U5/edges_counter_reg[5]
            (rising edge-triggered flip-flop clocked by dft_clk)
  Path Group: dft_clk
  Path Type: max

  Des/Clust/Port     Wire Load Model       Library
  ------------------------------------------------
  SYSTEM_TOP         tsmc13_wl10           scmetro_tsmc_cl013g_rvt_ss_1p08v_125c

  Point                                                   Incr       Path
  --------------------------------------------------------------------------
  clock dft_clk (rise edge)                               0.00       0.00
  clock network delay (ideal)                             0.00       0.00
  input external delay                                  200.00     200.00 r
  SE (in)                                                 0.81     200.81 r
  U31/Y (DLY1X1M)                                         0.40     201.21 r
  U32/Y (INVXLM)                                          0.37     201.58 f
  U25/Y (DLY1X1M)                                         0.71     202.29 f
  U26/Y (INVXLM)                                          0.75     203.03 r
  U0_UART/test_se (UART_test_1)                           0.00     203.03 r
  U0_UART/U0_UART_RX/test_se (UART_RX_test_1)             0.00     203.03 r
  U0_UART/U0_UART_RX/U9/Y (DLY1X1M)                       0.74     203.77 r
  U0_UART/U0_UART_RX/U5/test_se (edge_bit_counter_test_1)
                                                          0.00     203.77 r
  U0_UART/U0_UART_RX/U5/U46/Y (DLY1X1M)                   0.99     204.76 r
  U0_UART/U0_UART_RX/U5/edges_counter_reg[5]/SE (SDFFRQX2M)
                                                          0.00     204.76 r
  data arrival time                                                204.76

  clock dft_clk (rise edge)                            1000.00    1000.00
  clock network delay (ideal)                             0.00    1000.00
  clock uncertainty                                      -0.20     999.80
  U0_UART/U0_UART_RX/U5/edges_counter_reg[5]/CK (SDFFRQX2M)
                                                          0.00     999.80 r
  library setup time                                     -0.61     999.19
  data required time                                               999.19
  --------------------------------------------------------------------------
  data required time                                               999.19
  data arrival time                                               -204.76
  --------------------------------------------------------------------------
  slack (MET)                                                      794.43


  Startpoint: SE (input port clocked by dft_clk)
  Endpoint: U0_UART/U0_UART_RX/U5/edges_counter_reg[3]
            (rising edge-triggered flip-flop clocked by dft_clk)
  Path Group: dft_clk
  Path Type: max

  Des/Clust/Port     Wire Load Model       Library
  ------------------------------------------------
  SYSTEM_TOP         tsmc13_wl10           scmetro_tsmc_cl013g_rvt_ss_1p08v_125c

  Point                                                   Incr       Path
  --------------------------------------------------------------------------
  clock dft_clk (rise edge)                               0.00       0.00
  clock network delay (ideal)                             0.00       0.00
  input external delay                                  200.00     200.00 r
  SE (in)                                                 0.81     200.81 r
  U31/Y (DLY1X1M)                                         0.40     201.21 r
  U32/Y (INVXLM)                                          0.37     201.58 f
  U25/Y (DLY1X1M)                                         0.71     202.29 f
  U26/Y (INVXLM)                                          0.75     203.03 r
  U0_UART/test_se (UART_test_1)                           0.00     203.03 r
  U0_UART/U0_UART_RX/test_se (UART_RX_test_1)             0.00     203.03 r
  U0_UART/U0_UART_RX/U9/Y (DLY1X1M)                       0.74     203.77 r
  U0_UART/U0_UART_RX/U5/test_se (edge_bit_counter_test_1)
                                                          0.00     203.77 r
  U0_UART/U0_UART_RX/U5/U46/Y (DLY1X1M)                   0.99     204.76 r
  U0_UART/U0_UART_RX/U5/edges_counter_reg[3]/SE (SDFFRQX2M)
                                                          0.00     204.76 r
  data arrival time                                                204.76

  clock dft_clk (rise edge)                            1000.00    1000.00
  clock network delay (ideal)                             0.00    1000.00
  clock uncertainty                                      -0.20     999.80
  U0_UART/U0_UART_RX/U5/edges_counter_reg[3]/CK (SDFFRQX2M)
                                                          0.00     999.80 r
  library setup time                                     -0.61     999.19
  data required time                                               999.19
  --------------------------------------------------------------------------
  data required time                                               999.19
  data arrival time                                               -204.76
  --------------------------------------------------------------------------
  slack (MET)                                                      794.43


  Startpoint: SE (input port clocked by dft_clk)
  Endpoint: U0_UART/U0_UART_RX/U5/edges_counter_reg[2]
            (rising edge-triggered flip-flop clocked by dft_clk)
  Path Group: dft_clk
  Path Type: max

  Des/Clust/Port     Wire Load Model       Library
  ------------------------------------------------
  SYSTEM_TOP         tsmc13_wl10           scmetro_tsmc_cl013g_rvt_ss_1p08v_125c

  Point                                                   Incr       Path
  --------------------------------------------------------------------------
  clock dft_clk (rise edge)                               0.00       0.00
  clock network delay (ideal)                             0.00       0.00
  input external delay                                  200.00     200.00 r
  SE (in)                                                 0.81     200.81 r
  U31/Y (DLY1X1M)                                         0.40     201.21 r
  U32/Y (INVXLM)                                          0.37     201.58 f
  U25/Y (DLY1X1M)                                         0.71     202.29 f
  U26/Y (INVXLM)                                          0.75     203.03 r
  U0_UART/test_se (UART_test_1)                           0.00     203.03 r
  U0_UART/U0_UART_RX/test_se (UART_RX_test_1)             0.00     203.03 r
  U0_UART/U0_UART_RX/U9/Y (DLY1X1M)                       0.74     203.77 r
  U0_UART/U0_UART_RX/U5/test_se (edge_bit_counter_test_1)
                                                          0.00     203.77 r
  U0_UART/U0_UART_RX/U5/U46/Y (DLY1X1M)                   0.99     204.76 r
  U0_UART/U0_UART_RX/U5/edges_counter_reg[2]/SE (SDFFRQX2M)
                                                          0.00     204.76 r
  data arrival time                                                204.76

  clock dft_clk (rise edge)                            1000.00    1000.00
  clock network delay (ideal)                             0.00    1000.00
  clock uncertainty                                      -0.20     999.80
  U0_UART/U0_UART_RX/U5/edges_counter_reg[2]/CK (SDFFRQX2M)
                                                          0.00     999.80 r
  library setup time                                     -0.61     999.19
  data required time                                               999.19
  --------------------------------------------------------------------------
  data required time                                               999.19
  data arrival time                                               -204.76
  --------------------------------------------------------------------------
  slack (MET)                                                      794.43


  Startpoint: SE (input port clocked by dft_clk)
  Endpoint: U0_UART/U0_UART_RX/U5/edges_counter_reg[4]
            (rising edge-triggered flip-flop clocked by dft_clk)
  Path Group: dft_clk
  Path Type: max

  Des/Clust/Port     Wire Load Model       Library
  ------------------------------------------------
  SYSTEM_TOP         tsmc13_wl10           scmetro_tsmc_cl013g_rvt_ss_1p08v_125c

  Point                                                   Incr       Path
  --------------------------------------------------------------------------
  clock dft_clk (rise edge)                               0.00       0.00
  clock network delay (ideal)                             0.00       0.00
  input external delay                                  200.00     200.00 r
  SE (in)                                                 0.81     200.81 r
  U31/Y (DLY1X1M)                                         0.40     201.21 r
  U32/Y (INVXLM)                                          0.37     201.58 f
  U25/Y (DLY1X1M)                                         0.71     202.29 f
  U26/Y (INVXLM)                                          0.75     203.03 r
  U0_UART/test_se (UART_test_1)                           0.00     203.03 r
  U0_UART/U0_UART_RX/test_se (UART_RX_test_1)             0.00     203.03 r
  U0_UART/U0_UART_RX/U9/Y (DLY1X1M)                       0.74     203.77 r
  U0_UART/U0_UART_RX/U5/test_se (edge_bit_counter_test_1)
                                                          0.00     203.77 r
  U0_UART/U0_UART_RX/U5/U46/Y (DLY1X1M)                   0.99     204.76 r
  U0_UART/U0_UART_RX/U5/edges_counter_reg[4]/SE (SDFFRQX2M)
                                                          0.00     204.76 r
  data arrival time                                                204.76

  clock dft_clk (rise edge)                            1000.00    1000.00
  clock network delay (ideal)                             0.00    1000.00
  clock uncertainty                                      -0.20     999.80
  U0_UART/U0_UART_RX/U5/edges_counter_reg[4]/CK (SDFFRQX2M)
                                                          0.00     999.80 r
  library setup time                                     -0.61     999.19
  data required time                                               999.19
  --------------------------------------------------------------------------
  data required time                                               999.19
  data arrival time                                               -204.76
  --------------------------------------------------------------------------
  slack (MET)                                                      794.43


  Startpoint: SE (input port clocked by dft_clk)
  Endpoint: U0_UART/U0_UART_RX/U5/edges_counter_reg[0]
            (rising edge-triggered flip-flop clocked by dft_clk)
  Path Group: dft_clk
  Path Type: max

  Des/Clust/Port     Wire Load Model       Library
  ------------------------------------------------
  SYSTEM_TOP         tsmc13_wl10           scmetro_tsmc_cl013g_rvt_ss_1p08v_125c

  Point                                                   Incr       Path
  --------------------------------------------------------------------------
  clock dft_clk (rise edge)                               0.00       0.00
  clock network delay (ideal)                             0.00       0.00
  input external delay                                  200.00     200.00 r
  SE (in)                                                 0.81     200.81 r
  U31/Y (DLY1X1M)                                         0.40     201.21 r
  U32/Y (INVXLM)                                          0.37     201.58 f
  U25/Y (DLY1X1M)                                         0.71     202.29 f
  U26/Y (INVXLM)                                          0.75     203.03 r
  U0_UART/test_se (UART_test_1)                           0.00     203.03 r
  U0_UART/U0_UART_RX/test_se (UART_RX_test_1)             0.00     203.03 r
  U0_UART/U0_UART_RX/U9/Y (DLY1X1M)                       0.74     203.77 r
  U0_UART/U0_UART_RX/U5/test_se (edge_bit_counter_test_1)
                                                          0.00     203.77 r
  U0_UART/U0_UART_RX/U5/U46/Y (DLY1X1M)                   0.99     204.76 r
  U0_UART/U0_UART_RX/U5/edges_counter_reg[0]/SE (SDFFRQX4M)
                                                          0.00     204.76 r
  data arrival time                                                204.76

  clock dft_clk (rise edge)                            1000.00    1000.00
  clock network delay (ideal)                             0.00    1000.00
  clock uncertainty                                      -0.20     999.80
  U0_UART/U0_UART_RX/U5/edges_counter_reg[0]/CK (SDFFRQX4M)
                                                          0.00     999.80 r
  library setup time                                     -0.61     999.19
  data required time                                               999.19
  --------------------------------------------------------------------------
  data required time                                               999.19
  data arrival time                                               -204.76
  --------------------------------------------------------------------------
  slack (MET)                                                      794.43


  Startpoint: SE (input port clocked by dft_clk)
  Endpoint: U0_UART/U0_UART_RX/U5/edges_counter_reg[1]
            (rising edge-triggered flip-flop clocked by dft_clk)
  Path Group: dft_clk
  Path Type: max

  Des/Clust/Port     Wire Load Model       Library
  ------------------------------------------------
  SYSTEM_TOP         tsmc13_wl10           scmetro_tsmc_cl013g_rvt_ss_1p08v_125c

  Point                                                   Incr       Path
  --------------------------------------------------------------------------
  clock dft_clk (rise edge)                               0.00       0.00
  clock network delay (ideal)                             0.00       0.00
  input external delay                                  200.00     200.00 r
  SE (in)                                                 0.81     200.81 r
  U31/Y (DLY1X1M)                                         0.40     201.21 r
  U32/Y (INVXLM)                                          0.37     201.58 f
  U25/Y (DLY1X1M)                                         0.71     202.29 f
  U26/Y (INVXLM)                                          0.75     203.03 r
  U0_UART/test_se (UART_test_1)                           0.00     203.03 r
  U0_UART/U0_UART_RX/test_se (UART_RX_test_1)             0.00     203.03 r
  U0_UART/U0_UART_RX/U9/Y (DLY1X1M)                       0.74     203.77 r
  U0_UART/U0_UART_RX/U5/test_se (edge_bit_counter_test_1)
                                                          0.00     203.77 r
  U0_UART/U0_UART_RX/U5/U46/Y (DLY1X1M)                   0.99     204.76 r
  U0_UART/U0_UART_RX/U5/edges_counter_reg[1]/SE (SDFFRQX1M)
                                                          0.00     204.76 r
  data arrival time                                                204.76

  clock dft_clk (rise edge)                            1000.00    1000.00
  clock network delay (ideal)                             0.00    1000.00
  clock uncertainty                                      -0.20     999.80
  U0_UART/U0_UART_RX/U5/edges_counter_reg[1]/CK (SDFFRQX1M)
                                                          0.00     999.80 r
  library setup time                                     -0.61     999.19
  data required time                                               999.19
  --------------------------------------------------------------------------
  data required time                                               999.19
  data arrival time                                               -204.76
  --------------------------------------------------------------------------
  slack (MET)                                                      794.43


  Startpoint: SE (input port clocked by dft_clk)
  Endpoint: U0_ASYNC_FIFO/U2/fifo_mem_reg[4][2]
            (rising edge-triggered flip-flop clocked by dft_clk)
  Path Group: dft_clk
  Path Type: max

  Des/Clust/Port     Wire Load Model       Library
  ------------------------------------------------
  SYSTEM_TOP         tsmc13_wl10           scmetro_tsmc_cl013g_rvt_ss_1p08v_125c

  Point                                                   Incr       Path
  --------------------------------------------------------------------------
  clock dft_clk (rise edge)                               0.00       0.00
  clock network delay (ideal)                             0.00       0.00
  input external delay                                  200.00     200.00 r
  SE (in)                                                 0.81     200.81 r
  U31/Y (DLY1X1M)                                         0.40     201.21 r
  U32/Y (INVXLM)                                          0.37     201.58 f
  U41/Y (INVXLM)                                          0.76     202.33 r
  U0_ASYNC_FIFO/test_se (ASYNC_FIFO_test_1)               0.00     202.33 r
  U0_ASYNC_FIFO/U10/Y (DLY1X1M)                           1.03     203.37 r
  U0_ASYNC_FIFO/U2/test_se (FIFO_MEM_CNTRL_test_1)        0.00     203.37 r
  U0_ASYNC_FIFO/U2/U214/Y (INVXLM)                        0.63     204.00 f
  U0_ASYNC_FIFO/U2/U216/Y (INVXLM)                        0.71     204.71 r
  U0_ASYNC_FIFO/U2/fifo_mem_reg[4][2]/SE (SDFFRQX2M)      0.00     204.71 r
  data arrival time                                                204.71

  clock dft_clk (rise edge)                            1000.00    1000.00
  clock network delay (ideal)                             0.00    1000.00
  clock uncertainty                                      -0.20     999.80
  U0_ASYNC_FIFO/U2/fifo_mem_reg[4][2]/CK (SDFFRQX2M)      0.00     999.80 r
  library setup time                                     -0.60     999.20
  data required time                                               999.20
  --------------------------------------------------------------------------
  data required time                                               999.20
  data arrival time                                               -204.71
  --------------------------------------------------------------------------
  slack (MET)                                                      794.49


  Startpoint: SE (input port clocked by dft_clk)
  Endpoint: U0_ASYNC_FIFO/U2/fifo_mem_reg[7][6]
            (rising edge-triggered flip-flop clocked by dft_clk)
  Path Group: dft_clk
  Path Type: max

  Des/Clust/Port     Wire Load Model       Library
  ------------------------------------------------
  SYSTEM_TOP         tsmc13_wl10           scmetro_tsmc_cl013g_rvt_ss_1p08v_125c

  Point                                                   Incr       Path
  --------------------------------------------------------------------------
  clock dft_clk (rise edge)                               0.00       0.00
  clock network delay (ideal)                             0.00       0.00
  input external delay                                  200.00     200.00 r
  SE (in)                                                 0.81     200.81 r
  U31/Y (DLY1X1M)                                         0.40     201.21 r
  U32/Y (INVXLM)                                          0.37     201.58 f
  U41/Y (INVXLM)                                          0.76     202.33 r
  U0_ASYNC_FIFO/test_se (ASYNC_FIFO_test_1)               0.00     202.33 r
  U0_ASYNC_FIFO/U10/Y (DLY1X1M)                           1.03     203.37 r
  U0_ASYNC_FIFO/U2/test_se (FIFO_MEM_CNTRL_test_1)        0.00     203.37 r
  U0_ASYNC_FIFO/U2/U214/Y (INVXLM)                        0.63     204.00 f
  U0_ASYNC_FIFO/U2/U216/Y (INVXLM)                        0.71     204.71 r
  U0_ASYNC_FIFO/U2/fifo_mem_reg[7][6]/SE (SDFFRQX2M)      0.00     204.71 r
  data arrival time                                                204.71

  clock dft_clk (rise edge)                            1000.00    1000.00
  clock network delay (ideal)                             0.00    1000.00
  clock uncertainty                                      -0.20     999.80
  U0_ASYNC_FIFO/U2/fifo_mem_reg[7][6]/CK (SDFFRQX2M)      0.00     999.80 r
  library setup time                                     -0.60     999.20
  data required time                                               999.20
  --------------------------------------------------------------------------
  data required time                                               999.20
  data arrival time                                               -204.71
  --------------------------------------------------------------------------
  slack (MET)                                                      794.49


  Startpoint: SE (input port clocked by dft_clk)
  Endpoint: U0_ASYNC_FIFO/U2/fifo_mem_reg[6][0]
            (rising edge-triggered flip-flop clocked by dft_clk)
  Path Group: dft_clk
  Path Type: max

  Des/Clust/Port     Wire Load Model       Library
  ------------------------------------------------
  SYSTEM_TOP         tsmc13_wl10           scmetro_tsmc_cl013g_rvt_ss_1p08v_125c

  Point                                                   Incr       Path
  --------------------------------------------------------------------------
  clock dft_clk (rise edge)                               0.00       0.00
  clock network delay (ideal)                             0.00       0.00
  input external delay                                  200.00     200.00 r
  SE (in)                                                 0.81     200.81 r
  U31/Y (DLY1X1M)                                         0.40     201.21 r
  U32/Y (INVXLM)                                          0.37     201.58 f
  U41/Y (INVXLM)                                          0.76     202.33 r
  U0_ASYNC_FIFO/test_se (ASYNC_FIFO_test_1)               0.00     202.33 r
  U0_ASYNC_FIFO/U10/Y (DLY1X1M)                           1.03     203.37 r
  U0_ASYNC_FIFO/U2/test_se (FIFO_MEM_CNTRL_test_1)        0.00     203.37 r
  U0_ASYNC_FIFO/U2/U214/Y (INVXLM)                        0.63     204.00 f
  U0_ASYNC_FIFO/U2/U216/Y (INVXLM)                        0.71     204.71 r
  U0_ASYNC_FIFO/U2/fifo_mem_reg[6][0]/SE (SDFFRQX2M)      0.00     204.71 r
  data arrival time                                                204.71

  clock dft_clk (rise edge)                            1000.00    1000.00
  clock network delay (ideal)                             0.00    1000.00
  clock uncertainty                                      -0.20     999.80
  U0_ASYNC_FIFO/U2/fifo_mem_reg[6][0]/CK (SDFFRQX2M)      0.00     999.80 r
  library setup time                                     -0.60     999.20
  data required time                                               999.20
  --------------------------------------------------------------------------
  data required time                                               999.20
  data arrival time                                               -204.71
  --------------------------------------------------------------------------
  slack (MET)                                                      794.49


  Startpoint: SE (input port clocked by dft_clk)
  Endpoint: U0_SYS_CTRL/addr_reg_reg[3]
            (rising edge-triggered flip-flop clocked by dft_clk)
  Path Group: dft_clk
  Path Type: max

  Des/Clust/Port     Wire Load Model       Library
  ------------------------------------------------
  SYSTEM_TOP         tsmc13_wl10           scmetro_tsmc_cl013g_rvt_ss_1p08v_125c

  Point                                                   Incr       Path
  --------------------------------------------------------------------------
  clock dft_clk (rise edge)                               0.00       0.00
  clock network delay (ideal)                             0.00       0.00
  input external delay                                  200.00     200.00 r
  SE (in)                                                 0.81     200.81 r
  U31/Y (DLY1X1M)                                         0.40     201.21 r
  U32/Y (INVXLM)                                          0.37     201.58 f
  U25/Y (DLY1X1M)                                         0.71     202.29 f
  U27/Y (INVXLM)                                          0.32     202.60 r
  U0_SYS_CTRL/test_se (SYS_CTRL_test_1)                   0.00     202.60 r
  U0_SYS_CTRL/U146/Y (INVXLM)                             0.49     203.09 f
  U0_SYS_CTRL/U148/Y (INVXLM)                             0.69     203.79 r
  U0_SYS_CTRL/U145/Y (DLY1X1M)                            0.88     204.66 r
  U0_SYS_CTRL/addr_reg_reg[3]/SE (SDFFRX1M)               0.00     204.66 r
  data arrival time                                                204.66

  clock dft_clk (rise edge)                            1000.00    1000.00
  clock network delay (ideal)                             0.00    1000.00
  clock uncertainty                                      -0.20     999.80
  U0_SYS_CTRL/addr_reg_reg[3]/CK (SDFFRX1M)               0.00     999.80 r
  library setup time                                     -0.64     999.16
  data required time                                               999.16
  --------------------------------------------------------------------------
  data required time                                               999.16
  data arrival time                                               -204.66
  --------------------------------------------------------------------------
  slack (MET)                                                      794.50


  Startpoint: SE (input port clocked by dft_clk)
  Endpoint: U0_SYS_CTRL/command_reg[7]
            (rising edge-triggered flip-flop clocked by dft_clk)
  Path Group: dft_clk
  Path Type: max

  Des/Clust/Port     Wire Load Model       Library
  ------------------------------------------------
  SYSTEM_TOP         tsmc13_wl10           scmetro_tsmc_cl013g_rvt_ss_1p08v_125c

  Point                                                   Incr       Path
  --------------------------------------------------------------------------
  clock dft_clk (rise edge)                               0.00       0.00
  clock network delay (ideal)                             0.00       0.00
  input external delay                                  200.00     200.00 r
  SE (in)                                                 0.81     200.81 r
  U31/Y (DLY1X1M)                                         0.40     201.21 r
  U32/Y (INVXLM)                                          0.37     201.58 f
  U25/Y (DLY1X1M)                                         0.71     202.29 f
  U27/Y (INVXLM)                                          0.32     202.60 r
  U0_SYS_CTRL/test_se (SYS_CTRL_test_1)                   0.00     202.60 r
  U0_SYS_CTRL/U146/Y (INVXLM)                             0.49     203.09 f
  U0_SYS_CTRL/U148/Y (INVXLM)                             0.69     203.79 r
  U0_SYS_CTRL/U145/Y (DLY1X1M)                            0.88     204.66 r
  U0_SYS_CTRL/command_reg[7]/SE (SDFFRX1M)                0.00     204.66 r
  data arrival time                                                204.66

  clock dft_clk (rise edge)                            1000.00    1000.00
  clock network delay (ideal)                             0.00    1000.00
  clock uncertainty                                      -0.20     999.80
  U0_SYS_CTRL/command_reg[7]/CK (SDFFRX1M)                0.00     999.80 r
  library setup time                                     -0.64     999.16
  data required time                                               999.16
  --------------------------------------------------------------------------
  data required time                                               999.16
  data arrival time                                               -204.66
  --------------------------------------------------------------------------
  slack (MET)                                                      794.50


  Startpoint: SE (input port clocked by dft_clk)
  Endpoint: U0_ASYNC_FIFO/U2/fifo_mem_reg[2][7]
            (rising edge-triggered flip-flop clocked by dft_clk)
  Path Group: dft_clk
  Path Type: max

  Des/Clust/Port     Wire Load Model       Library
  ------------------------------------------------
  SYSTEM_TOP         tsmc13_wl10           scmetro_tsmc_cl013g_rvt_ss_1p08v_125c

  Point                                                   Incr       Path
  --------------------------------------------------------------------------
  clock dft_clk (rise edge)                               0.00       0.00
  clock network delay (ideal)                             0.00       0.00
  input external delay                                  200.00     200.00 r
  SE (in)                                                 0.81     200.81 r
  U31/Y (DLY1X1M)                                         0.40     201.21 r
  U32/Y (INVXLM)                                          0.37     201.58 f
  U41/Y (INVXLM)                                          0.76     202.33 r
  U0_ASYNC_FIFO/test_se (ASYNC_FIFO_test_1)               0.00     202.33 r
  U0_ASYNC_FIFO/U10/Y (DLY1X1M)                           1.03     203.37 r
  U0_ASYNC_FIFO/U2/test_se (FIFO_MEM_CNTRL_test_1)        0.00     203.37 r
  U0_ASYNC_FIFO/U2/U214/Y (INVXLM)                        0.63     204.00 f
  U0_ASYNC_FIFO/U2/U217/Y (INVXLM)                        0.69     204.70 r
  U0_ASYNC_FIFO/U2/fifo_mem_reg[2][7]/SE (SDFFRQX2M)      0.00     204.70 r
  data arrival time                                                204.70

  clock dft_clk (rise edge)                            1000.00    1000.00
  clock network delay (ideal)                             0.00    1000.00
  clock uncertainty                                      -0.20     999.80
  U0_ASYNC_FIFO/U2/fifo_mem_reg[2][7]/CK (SDFFRQX2M)      0.00     999.80 r
  library setup time                                     -0.60     999.20
  data required time                                               999.20
  --------------------------------------------------------------------------
  data required time                                               999.20
  data arrival time                                               -204.70
  --------------------------------------------------------------------------
  slack (MET)                                                      794.50


  Startpoint: SE (input port clocked by dft_clk)
  Endpoint: U0_ASYNC_FIFO/U2/fifo_mem_reg[2][1]
            (rising edge-triggered flip-flop clocked by dft_clk)
  Path Group: dft_clk
  Path Type: max

  Des/Clust/Port     Wire Load Model       Library
  ------------------------------------------------
  SYSTEM_TOP         tsmc13_wl10           scmetro_tsmc_cl013g_rvt_ss_1p08v_125c

  Point                                                   Incr       Path
  --------------------------------------------------------------------------
  clock dft_clk (rise edge)                               0.00       0.00
  clock network delay (ideal)                             0.00       0.00
  input external delay                                  200.00     200.00 r
  SE (in)                                                 0.81     200.81 r
  U31/Y (DLY1X1M)                                         0.40     201.21 r
  U32/Y (INVXLM)                                          0.37     201.58 f
  U41/Y (INVXLM)                                          0.76     202.33 r
  U0_ASYNC_FIFO/test_se (ASYNC_FIFO_test_1)               0.00     202.33 r
  U0_ASYNC_FIFO/U10/Y (DLY1X1M)                           1.03     203.37 r
  U0_ASYNC_FIFO/U2/test_se (FIFO_MEM_CNTRL_test_1)        0.00     203.37 r
  U0_ASYNC_FIFO/U2/U214/Y (INVXLM)                        0.63     204.00 f
  U0_ASYNC_FIFO/U2/U217/Y (INVXLM)                        0.69     204.70 r
  U0_ASYNC_FIFO/U2/fifo_mem_reg[2][1]/SE (SDFFRQX2M)      0.00     204.70 r
  data arrival time                                                204.70

  clock dft_clk (rise edge)                            1000.00    1000.00
  clock network delay (ideal)                             0.00    1000.00
  clock uncertainty                                      -0.20     999.80
  U0_ASYNC_FIFO/U2/fifo_mem_reg[2][1]/CK (SDFFRQX2M)      0.00     999.80 r
  library setup time                                     -0.60     999.20
  data required time                                               999.20
  --------------------------------------------------------------------------
  data required time                                               999.20
  data arrival time                                               -204.70
  --------------------------------------------------------------------------
  slack (MET)                                                      794.50


  Startpoint: SE (input port clocked by dft_clk)
  Endpoint: U0_ASYNC_FIFO/U2/fifo_mem_reg[6][3]
            (rising edge-triggered flip-flop clocked by dft_clk)
  Path Group: dft_clk
  Path Type: max

  Des/Clust/Port     Wire Load Model       Library
  ------------------------------------------------
  SYSTEM_TOP         tsmc13_wl10           scmetro_tsmc_cl013g_rvt_ss_1p08v_125c

  Point                                                   Incr       Path
  --------------------------------------------------------------------------
  clock dft_clk (rise edge)                               0.00       0.00
  clock network delay (ideal)                             0.00       0.00
  input external delay                                  200.00     200.00 r
  SE (in)                                                 0.81     200.81 r
  U31/Y (DLY1X1M)                                         0.40     201.21 r
  U32/Y (INVXLM)                                          0.37     201.58 f
  U41/Y (INVXLM)                                          0.76     202.33 r
  U0_ASYNC_FIFO/test_se (ASYNC_FIFO_test_1)               0.00     202.33 r
  U0_ASYNC_FIFO/U10/Y (DLY1X1M)                           1.03     203.37 r
  U0_ASYNC_FIFO/U2/test_se (FIFO_MEM_CNTRL_test_1)        0.00     203.37 r
  U0_ASYNC_FIFO/U2/U214/Y (INVXLM)                        0.63     204.00 f
  U0_ASYNC_FIFO/U2/U215/Y (INVXLM)                        0.69     204.70 r
  U0_ASYNC_FIFO/U2/fifo_mem_reg[6][3]/SE (SDFFRQX2M)      0.00     204.70 r
  data arrival time                                                204.70

  clock dft_clk (rise edge)                            1000.00    1000.00
  clock network delay (ideal)                             0.00    1000.00
  clock uncertainty                                      -0.20     999.80
  U0_ASYNC_FIFO/U2/fifo_mem_reg[6][3]/CK (SDFFRQX2M)      0.00     999.80 r
  library setup time                                     -0.60     999.20
  data required time                                               999.20
  --------------------------------------------------------------------------
  data required time                                               999.20
  data arrival time                                               -204.70
  --------------------------------------------------------------------------
  slack (MET)                                                      794.51


  Startpoint: SE (input port clocked by dft_clk)
  Endpoint: U0_ASYNC_FIFO/U2/fifo_mem_reg[2][5]
            (rising edge-triggered flip-flop clocked by dft_clk)
  Path Group: dft_clk
  Path Type: max

  Des/Clust/Port     Wire Load Model       Library
  ------------------------------------------------
  SYSTEM_TOP         tsmc13_wl10           scmetro_tsmc_cl013g_rvt_ss_1p08v_125c

  Point                                                   Incr       Path
  --------------------------------------------------------------------------
  clock dft_clk (rise edge)                               0.00       0.00
  clock network delay (ideal)                             0.00       0.00
  input external delay                                  200.00     200.00 r
  SE (in)                                                 0.81     200.81 r
  U31/Y (DLY1X1M)                                         0.40     201.21 r
  U32/Y (INVXLM)                                          0.37     201.58 f
  U41/Y (INVXLM)                                          0.76     202.33 r
  U0_ASYNC_FIFO/test_se (ASYNC_FIFO_test_1)               0.00     202.33 r
  U0_ASYNC_FIFO/U10/Y (DLY1X1M)                           1.03     203.37 r
  U0_ASYNC_FIFO/U2/test_se (FIFO_MEM_CNTRL_test_1)        0.00     203.37 r
  U0_ASYNC_FIFO/U2/U214/Y (INVXLM)                        0.63     204.00 f
  U0_ASYNC_FIFO/U2/U215/Y (INVXLM)                        0.69     204.70 r
  U0_ASYNC_FIFO/U2/fifo_mem_reg[2][5]/SE (SDFFRQX2M)      0.00     204.70 r
  data arrival time                                                204.70

  clock dft_clk (rise edge)                            1000.00    1000.00
  clock network delay (ideal)                             0.00    1000.00
  clock uncertainty                                      -0.20     999.80
  U0_ASYNC_FIFO/U2/fifo_mem_reg[2][5]/CK (SDFFRQX2M)      0.00     999.80 r
  library setup time                                     -0.60     999.20
  data required time                                               999.20
  --------------------------------------------------------------------------
  data required time                                               999.20
  data arrival time                                               -204.70
  --------------------------------------------------------------------------
  slack (MET)                                                      794.51


  Startpoint: SE (input port clocked by dft_clk)
  Endpoint: U0_SYS_CTRL/command_reg[0]
            (rising edge-triggered flip-flop clocked by dft_clk)
  Path Group: dft_clk
  Path Type: max

  Des/Clust/Port     Wire Load Model       Library
  ------------------------------------------------
  SYSTEM_TOP         tsmc13_wl10           scmetro_tsmc_cl013g_rvt_ss_1p08v_125c

  Point                                                   Incr       Path
  --------------------------------------------------------------------------
  clock dft_clk (rise edge)                               0.00       0.00
  clock network delay (ideal)                             0.00       0.00
  input external delay                                  200.00     200.00 r
  SE (in)                                                 0.81     200.81 r
  U31/Y (DLY1X1M)                                         0.40     201.21 r
  U32/Y (INVXLM)                                          0.37     201.58 f
  U25/Y (DLY1X1M)                                         0.71     202.29 f
  U27/Y (INVXLM)                                          0.32     202.60 r
  U0_SYS_CTRL/test_se (SYS_CTRL_test_1)                   0.00     202.60 r
  U0_SYS_CTRL/U146/Y (INVXLM)                             0.49     203.09 f
  U0_SYS_CTRL/U148/Y (INVXLM)                             0.69     203.79 r
  U0_SYS_CTRL/U145/Y (DLY1X1M)                            0.88     204.66 r
  U0_SYS_CTRL/command_reg[0]/SE (SDFFRQX2M)               0.00     204.66 r
  data arrival time                                                204.66

  clock dft_clk (rise edge)                            1000.00    1000.00
  clock network delay (ideal)                             0.00    1000.00
  clock uncertainty                                      -0.20     999.80
  U0_SYS_CTRL/command_reg[0]/CK (SDFFRQX2M)               0.00     999.80 r
  library setup time                                     -0.60     999.20
  data required time                                               999.20
  --------------------------------------------------------------------------
  data required time                                               999.20
  data arrival time                                               -204.66
  --------------------------------------------------------------------------
  slack (MET)                                                      794.53


  Startpoint: SE (input port clocked by dft_clk)
  Endpoint: U0_SYS_CTRL/current_state_reg[1]
            (rising edge-triggered flip-flop clocked by dft_clk)
  Path Group: dft_clk
  Path Type: max

  Des/Clust/Port     Wire Load Model       Library
  ------------------------------------------------
  SYSTEM_TOP         tsmc13_wl10           scmetro_tsmc_cl013g_rvt_ss_1p08v_125c

  Point                                                   Incr       Path
  --------------------------------------------------------------------------
  clock dft_clk (rise edge)                               0.00       0.00
  clock network delay (ideal)                             0.00       0.00
  input external delay                                  200.00     200.00 r
  SE (in)                                                 0.81     200.81 r
  U31/Y (DLY1X1M)                                         0.40     201.21 r
  U32/Y (INVXLM)                                          0.37     201.58 f
  U25/Y (DLY1X1M)                                         0.71     202.29 f
  U27/Y (INVXLM)                                          0.32     202.60 r
  U0_SYS_CTRL/test_se (SYS_CTRL_test_1)                   0.00     202.60 r
  U0_SYS_CTRL/U146/Y (INVXLM)                             0.49     203.09 f
  U0_SYS_CTRL/U148/Y (INVXLM)                             0.69     203.79 r
  U0_SYS_CTRL/U145/Y (DLY1X1M)                            0.88     204.66 r
  U0_SYS_CTRL/current_state_reg[1]/SE (SDFFRQX2M)         0.00     204.66 r
  data arrival time                                                204.66

  clock dft_clk (rise edge)                            1000.00    1000.00
  clock network delay (ideal)                             0.00    1000.00
  clock uncertainty                                      -0.20     999.80
  U0_SYS_CTRL/current_state_reg[1]/CK (SDFFRQX2M)         0.00     999.80 r
  library setup time                                     -0.60     999.20
  data required time                                               999.20
  --------------------------------------------------------------------------
  data required time                                               999.20
  data arrival time                                               -204.66
  --------------------------------------------------------------------------
  slack (MET)                                                      794.53


  Startpoint: SE (input port clocked by dft_clk)
  Endpoint: U0_SYS_CTRL/current_state_reg[3]
            (rising edge-triggered flip-flop clocked by dft_clk)
  Path Group: dft_clk
  Path Type: max

  Des/Clust/Port     Wire Load Model       Library
  ------------------------------------------------
  SYSTEM_TOP         tsmc13_wl10           scmetro_tsmc_cl013g_rvt_ss_1p08v_125c

  Point                                                   Incr       Path
  --------------------------------------------------------------------------
  clock dft_clk (rise edge)                               0.00       0.00
  clock network delay (ideal)                             0.00       0.00
  input external delay                                  200.00     200.00 r
  SE (in)                                                 0.81     200.81 r
  U31/Y (DLY1X1M)                                         0.40     201.21 r
  U32/Y (INVXLM)                                          0.37     201.58 f
  U25/Y (DLY1X1M)                                         0.71     202.29 f
  U27/Y (INVXLM)                                          0.32     202.60 r
  U0_SYS_CTRL/test_se (SYS_CTRL_test_1)                   0.00     202.60 r
  U0_SYS_CTRL/U146/Y (INVXLM)                             0.49     203.09 f
  U0_SYS_CTRL/U148/Y (INVXLM)                             0.69     203.79 r
  U0_SYS_CTRL/U145/Y (DLY1X1M)                            0.88     204.66 r
  U0_SYS_CTRL/current_state_reg[3]/SE (SDFFRQX2M)         0.00     204.66 r
  data arrival time                                                204.66

  clock dft_clk (rise edge)                            1000.00    1000.00
  clock network delay (ideal)                             0.00    1000.00
  clock uncertainty                                      -0.20     999.80
  U0_SYS_CTRL/current_state_reg[3]/CK (SDFFRQX2M)         0.00     999.80 r
  library setup time                                     -0.60     999.20
  data required time                                               999.20
  --------------------------------------------------------------------------
  data required time                                               999.20
  data arrival time                                               -204.66
  --------------------------------------------------------------------------
  slack (MET)                                                      794.53


  Startpoint: SE (input port clocked by dft_clk)
  Endpoint: U0_ASYNC_FIFO/U2/fifo_mem_reg[0][3]
            (rising edge-triggered flip-flop clocked by dft_clk)
  Path Group: dft_clk
  Path Type: max

  Des/Clust/Port     Wire Load Model       Library
  ------------------------------------------------
  SYSTEM_TOP         tsmc13_wl10           scmetro_tsmc_cl013g_rvt_ss_1p08v_125c

  Point                                                   Incr       Path
  --------------------------------------------------------------------------
  clock dft_clk (rise edge)                               0.00       0.00
  clock network delay (ideal)                             0.00       0.00
  input external delay                                  200.00     200.00 r
  SE (in)                                                 0.81     200.81 r
  U31/Y (DLY1X1M)                                         0.40     201.21 r
  U32/Y (INVXLM)                                          0.37     201.58 f
  U41/Y (INVXLM)                                          0.76     202.33 r
  U0_ASYNC_FIFO/test_se (ASYNC_FIFO_test_1)               0.00     202.33 r
  U0_ASYNC_FIFO/U10/Y (DLY1X1M)                           1.03     203.37 r
  U0_ASYNC_FIFO/U2/test_se (FIFO_MEM_CNTRL_test_1)        0.00     203.37 r
  U0_ASYNC_FIFO/U2/U227/Y (DLY1X1M)                       1.10     204.47 r
  U0_ASYNC_FIFO/U2/fifo_mem_reg[0][3]/SE (SDFFRQX2M)      0.00     204.47 r
  data arrival time                                                204.47

  clock dft_clk (rise edge)                            1000.00    1000.00
  clock network delay (ideal)                             0.00    1000.00
  clock uncertainty                                      -0.20     999.80
  U0_ASYNC_FIFO/U2/fifo_mem_reg[0][3]/CK (SDFFRQX2M)      0.00     999.80 r
  library setup time                                     -0.61     999.18
  data required time                                               999.18
  --------------------------------------------------------------------------
  data required time                                               999.18
  data arrival time                                               -204.47
  --------------------------------------------------------------------------
  slack (MET)                                                      794.71


  Startpoint: SE (input port clocked by dft_clk)
  Endpoint: U0_ASYNC_FIFO/U2/fifo_mem_reg[0][2]
            (rising edge-triggered flip-flop clocked by dft_clk)
  Path Group: dft_clk
  Path Type: max

  Des/Clust/Port     Wire Load Model       Library
  ------------------------------------------------
  SYSTEM_TOP         tsmc13_wl10           scmetro_tsmc_cl013g_rvt_ss_1p08v_125c

  Point                                                   Incr       Path
  --------------------------------------------------------------------------
  clock dft_clk (rise edge)                               0.00       0.00
  clock network delay (ideal)                             0.00       0.00
  input external delay                                  200.00     200.00 r
  SE (in)                                                 0.81     200.81 r
  U31/Y (DLY1X1M)                                         0.40     201.21 r
  U32/Y (INVXLM)                                          0.37     201.58 f
  U41/Y (INVXLM)                                          0.76     202.33 r
  U0_ASYNC_FIFO/test_se (ASYNC_FIFO_test_1)               0.00     202.33 r
  U0_ASYNC_FIFO/U10/Y (DLY1X1M)                           1.03     203.37 r
  U0_ASYNC_FIFO/U2/test_se (FIFO_MEM_CNTRL_test_1)        0.00     203.37 r
  U0_ASYNC_FIFO/U2/U228/Y (DLY1X1M)                       1.10     204.47 r
  U0_ASYNC_FIFO/U2/fifo_mem_reg[0][2]/SE (SDFFRQX2M)      0.00     204.47 r
  data arrival time                                                204.47

  clock dft_clk (rise edge)                            1000.00    1000.00
  clock network delay (ideal)                             0.00    1000.00
  clock uncertainty                                      -0.20     999.80
  U0_ASYNC_FIFO/U2/fifo_mem_reg[0][2]/CK (SDFFRQX2M)      0.00     999.80 r
  library setup time                                     -0.61     999.18
  data required time                                               999.18
  --------------------------------------------------------------------------
  data required time                                               999.18
  data arrival time                                               -204.47
  --------------------------------------------------------------------------
  slack (MET)                                                      794.71


  Startpoint: SE (input port clocked by dft_clk)
  Endpoint: U0_ASYNC_FIFO/U2/fifo_mem_reg[0][1]
            (rising edge-triggered flip-flop clocked by dft_clk)
  Path Group: dft_clk
  Path Type: max

  Des/Clust/Port     Wire Load Model       Library
  ------------------------------------------------
  SYSTEM_TOP         tsmc13_wl10           scmetro_tsmc_cl013g_rvt_ss_1p08v_125c

  Point                                                   Incr       Path
  --------------------------------------------------------------------------
  clock dft_clk (rise edge)                               0.00       0.00
  clock network delay (ideal)                             0.00       0.00
  input external delay                                  200.00     200.00 r
  SE (in)                                                 0.81     200.81 r
  U31/Y (DLY1X1M)                                         0.40     201.21 r
  U32/Y (INVXLM)                                          0.37     201.58 f
  U41/Y (INVXLM)                                          0.76     202.33 r
  U0_ASYNC_FIFO/test_se (ASYNC_FIFO_test_1)               0.00     202.33 r
  U0_ASYNC_FIFO/U10/Y (DLY1X1M)                           1.03     203.37 r
  U0_ASYNC_FIFO/U2/test_se (FIFO_MEM_CNTRL_test_1)        0.00     203.37 r
  U0_ASYNC_FIFO/U2/U222/Y (DLY1X1M)                       1.10     204.47 r
  U0_ASYNC_FIFO/U2/fifo_mem_reg[0][1]/SE (SDFFRQX2M)      0.00     204.47 r
  data arrival time                                                204.47

  clock dft_clk (rise edge)                            1000.00    1000.00
  clock network delay (ideal)                             0.00    1000.00
  clock uncertainty                                      -0.20     999.80
  U0_ASYNC_FIFO/U2/fifo_mem_reg[0][1]/CK (SDFFRQX2M)      0.00     999.80 r
  library setup time                                     -0.61     999.18
  data required time                                               999.18
  --------------------------------------------------------------------------
  data required time                                               999.18
  data arrival time                                               -204.47
  --------------------------------------------------------------------------
  slack (MET)                                                      794.71


1
