read_file: info: using default project `spyglass-1.prj'
read_file -type hdl /home/ICer/IC/Projects/System/rtl/ALU.v
read_file -type hdl /home/ICer/IC/Projects/System/rtl/ASYNC_FIFO.v
read_file -type hdl /home/ICer/IC/Projects/System/rtl/Clk_Div.v
read_file -type hdl /home/ICer/IC/Projects/System/rtl/CLK_GATE.v
read_file -type hdl /home/ICer/IC/Projects/System/rtl/data_sampling.v
read_file -type hdl /home/ICer/IC/Projects/System/rtl/DATA_SYNC.v
read_file -type hdl /home/ICer/IC/Projects/System/rtl/deserializer.v
read_file -type hdl /home/ICer/IC/Projects/System/rtl/DF_SYNC.v
read_file -type hdl /home/ICer/IC/Projects/System/rtl/edge_bit_counter.v
read_file -type hdl /home/ICer/IC/Projects/System/rtl/FIFO_MEM_CNTRL.v
read_file -type hdl /home/ICer/IC/Projects/System/rtl/FIFO_RD.v
read_file -type hdl /home/ICer/IC/Projects/System/rtl/FIFO_WR.v
read_file -type hdl /home/ICer/IC/Projects/System/rtl/FSM_RX.v
read_file -type hdl /home/ICer/IC/Projects/System/rtl/FSM_TX.sv
read_file -type hdl /home/ICer/IC/Projects/System/rtl/MUX.v
read_file -type hdl /home/ICer/IC/Projects/System/rtl/Parity_Calc.v
read_file -type hdl /home/ICer/IC/Projects/System/rtl/parity_checker.v
read_file -type hdl /home/ICer/IC/Projects/System/rtl/prescale_mux.v
read_file -type hdl /home/ICer/IC/Projects/System/rtl/Pulse_Gen.v
read_file -type hdl /home/ICer/IC/Projects/System/rtl/regfile.v
read_file -type hdl /home/ICer/IC/Projects/System/rtl/RST_SYNC.v
read_file -type hdl /home/ICer/IC/Projects/System/rtl/Serializer.v
read_file -type hdl /home/ICer/IC/Projects/System/rtl/stop_checker.v
read_file -type hdl /home/ICer/IC/Projects/System/rtl/strt_checker.v
read_file -type hdl /home/ICer/IC/Projects/System/rtl/SYS_CTRL.v
read_file -type hdl /home/ICer/IC/Projects/System/rtl/SYSTEM_TOP.v
read_file -type hdl /home/ICer/IC/Projects/System/rtl/UART.v
read_file -type hdl /home/ICer/IC/Projects/System/rtl/UART_RX.v
read_file -type hdl /home/ICer/IC/Projects/System/rtl/UART_TX.v
../rtl/list.f../std_cells/scmetro_tsmc_cl013g_rvt_ff_1p32v_m40c.lib ../std_cells/scmetro_tsmc_cl013g_rvt_ss_1p08v_125c.lib ../std_cells/scmetro_tsmc_cl013g_rvt_tt_1p2v_25c.libyescurrent_goal: info: loading goal `Design_Read' (in progress)
current_goal: info: finished loading goal `Design_Read' (ok)

INFO:    SpyGlass will run goal(s) 'Design_Read'.


 Auto-compiling gates libraries

        "../std_cells/scmetro_tsmc_cl013g_rvt_ff_1p32v_m40c.lib"
        "../std_cells/scmetro_tsmc_cl013g_rvt_ss_1p08v_125c.lib"
        "../std_cells/scmetro_tsmc_cl013g_rvt_tt_1p2v_25c.lib"
    to
        "./spyglass-1/spyglass_cache/autogenerated_sglib/aggregate.sglib" ...done

 (Please refer to `./spyglass-1/spyglass_cache/autogenerated_sglib/lc/spyglass_lc_aggregate_reports/moresimple.rpt' for auto-compilation details)

 Using above compiled sglib for the current run ...

RULE-CHECKING IN MIXED MODE
Loading spyglass (SpyGlass_vL-2016.06) ... (picked from /home/synopsys/SpyGlass-L2016.06/SPYGLASS_HOME/policies/spyglass)
Reading specified sglib files(s) ....
   Processing library: 'scmetro_tsmc_cl013g_rvt_ff_1p32v_m40c' .... done
   Processing library: 'scmetro_tsmc_cl013g_rvt_ss_1p08v_125c' .... done
   Processing library: 'scmetro_tsmc_cl013g_rvt_tt_1p2v_25c' .... done
RTL SGDC checks have been disabled as synthesis is not happening in the run.
Checking Rule AutoGenerateSglib (Rule 1 of total 93) .... done (Time = 0.00s, Memory = -4.7K)

INFO [6]    Work Directory `./spyglass-1/WORK' does not exist.

INFO [75]    Creating the Work Directory `./spyglass-1/WORK/64' for 64bit  precompiled dump.
Checking Rule ZeroSizeFile (Rule 2 of total 93) .... done (Time = 0.00s, Memory = 0.0K)
Checking Rule PrecompileLibCheck01 (Rule 3 of total 93) .... done (Time = 0.00s, Memory = 0.0K)
Checking Rule PrecompileLibCheck02 (Rule 4 of total 93) .... done (Time = 0.00s, Memory = 0.0K)
Checking Rule PrecompileLibCheck03 (Rule 5 of total 93) .... done (Time = 0.00s, Memory = 0.0K)
Checking Rule PrecompileLibCheck04 (Rule 6 of total 93) .... done (Time = 0.00s, Memory = 0.0K)
Checking Rule ReportSglibVersionSummary (Rule 7 of total 93) .... done (Time = 0.00s, Memory = 7.5K)
Checking Rule SGDC_assume_path01 (Rule 8 of total 93) .... done (Time = 0.00s, Memory = 0.0K)
Checking Rule SGDC_sdcschema02 (Rule 9 of total 93) .... done (Time = 0.00s, Memory = 0.6K)
Checking Rule SGDC_clock05 (Rule 10 of total 93) .... done (Time = 0.00s, Memory = 0.8K)
Checking Rule SGDC_clock09 (Rule 11 of total 93) .... done (Time = 0.00s, Memory = 0.0K)
Checking Rule SGDC_force_ta05 (Rule 12 of total 93) .... done (Time = 0.00s, Memory = -6.8K)
Checking Rule SGDC_require_path03 (Rule 13 of total 93) .... done (Time = 0.00s, Memory = 8.8K)
Checking Rule SGDC_require_value03 (Rule 14 of total 93) .... done (Time = 0.00s, Memory = 32.0K)
Checking Rule SGDC_voltagedomain05 (Rule 15 of total 93) .... done (Time = 0.00s, Memory = 3.4K)
Checking Rule SGDC_voltagedomain06 (Rule 16 of total 93) .... done (Time = 0.00s, Memory = -7.8K)
Checking Rule SGDC_voltagedomain07 (Rule 17 of total 93) .... done (Time = 0.00s, Memory = 15.0K)
Checking Rule SGDC_powerdomainoutputs02 (Rule 18 of total 93) .... done (Time = 0.00s, Memory = 0.0K)
Checking Rule SGDC_supply01 (Rule 19 of total 93) .... done (Time = 0.00s, Memory = 8.8K)
Checking Rule SGDC_waive01 (Rule 20 of total 93) .... done (Time = 0.00s, Memory = 0.0K)
Checking Rule SGDC_waive02 (Rule 21 of total 93) .... done (Time = 0.00s, Memory = 0.0K)
Checking Rule SGDC_waive03 (Rule 22 of total 93) .... done (Time = 0.00s, Memory = 0.2K)
Checking Rule SGDC_waive04 (Rule 23 of total 93) .... done (Time = 0.00s, Memory = 0.0K)
Checking Rule SGDC_waive05 (Rule 24 of total 93) .... done (Time = 0.00s, Memory = 0.6K)
Checking Rule SGDC_waive06 (Rule 25 of total 93) .... done (Time = 0.00s, Memory = -32.0K)
Checking Rule SGDC_waive07 (Rule 26 of total 93) .... done (Time = 0.00s, Memory = 0.0K)
Checking Rule SGDC_waive08 (Rule 27 of total 93) .... done (Time = 0.00s, Memory = -33.5K)
Checking Rule SGDC_waive09 (Rule 28 of total 93) .... done (Time = 0.00s, Memory = 0.0K)
Checking Rule SGDC_waive10 (Rule 29 of total 93) .... done (Time = 0.00s, Memory = -1.0K)
Checking Rule SGDC_waive11 (Rule 30 of total 93) .... done (Time = 0.00s, Memory = 0.0K)
Checking Rule SGDC_waive12 (Rule 31 of total 93) .... done (Time = 0.00s, Memory = 0.2K)
Checking Rule SGDC_waive13 (Rule 32 of total 93) .... done (Time = 0.00s, Memory = -16.0K)
Checking Rule SGDC_waive21 (Rule 33 of total 93) .... done (Time = 0.00s, Memory = 0.2K)
Checking Rule SGDC_waive22 (Rule 34 of total 93) .... done (Time = 0.00s, Memory = 0.0K)
Checking Rule SGDC_waive30 (Rule 35 of total 93) .... done (Time = 0.00s, Memory = 0.0K)
Checking Rule SGDC_waive32 (Rule 36 of total 93) .... done (Time = 0.00s, Memory = 0.0K)
Checking Rule SGDC_waive33 (Rule 37 of total 93) .... done (Time = 0.00s, Memory = 0.0K)
Checking Rule SGDC_waive36 (Rule 38 of total 93) .... done (Time = 0.00s, Memory = 0.0K)
Checking Rule SGDC_waive38 (Rule 39 of total 93) .... done (Time = 0.00s, Memory = 0.0K)
Checking Rule SGDC_fifo01 (Rule 40 of total 93) .... done (Time = 0.00s, Memory = -21.0K)
Checking Rule SGDC_libgroup01 (Rule 41 of total 93) .... done (Time = 0.00s, Memory = 0.0K)
Checking Rule SGDC_libgroup02 (Rule 42 of total 93) .... done (Time = 0.00s, Memory = 0.0K)
Checking Rule SGDC_libgroup04 (Rule 43 of total 93) .... done (Time = 0.00s, Memory = 4.0K)
Checking Rule SGDC_power_data01 (Rule 44 of total 93) .... done (Time = 0.00s, Memory = 32.5K)
Checking Rule SGDC_ungroup01 (Rule 45 of total 93) .... done (Time = 0.00s, Memory = 0.0K)
Checking Rule SGDC_abstract_port06 (Rule 46 of total 93) .... done (Time = 0.00s, Memory = 0.4K)
Checking Rule SGDC_abstract_port14 (Rule 47 of total 93) .... done (Time = 0.00s, Memory = 24.0K)
Checking Rule SGDC_abstract_port15 (Rule 48 of total 93) .... done (Time = 0.00s, Memory = 19.1K)
Checking Rule SGDC_abstract_port18 (Rule 49 of total 93) .... done (Time = 0.00s, Memory = 0.0K)
Checking Rule sdc_init_rule (Rule 50 of total 93) .... done (Time = 0.00s, Memory = 80.0K)
Checking Rule CMD_ignorelibs01 (Rule 51 of total 93) .... done (Time = 0.00s, Memory = 0.0K)
Checking Rule ReportRuleNotRun (Rule 52 of total 93) .... done (Time = 0.00s, Memory = 1.6K)
Checking Rule ReportStopSummary (Rule 53 of total 93) .... done (Time = 0.00s, Memory = -24.0K)
Checking Rule ReportIgnoreSummary (Rule 54 of total 93) .... done (Time = 0.00s, Memory = 32.0K)
 Analyzing source file "/home/ICer/IC/Projects/System/rtl/ALU.v" ....
 Analyzing source file "/home/ICer/IC/Projects/System/rtl/ASYNC_FIFO.v" ....
 Analyzing source file "/home/ICer/IC/Projects/System/rtl/Clk_Div.v" ....
 Analyzing source file "/home/ICer/IC/Projects/System/rtl/CLK_GATE.v" ....
 Analyzing source file "/home/ICer/IC/Projects/System/rtl/data_sampling.v" ....
 Analyzing source file "/home/ICer/IC/Projects/System/rtl/DATA_SYNC.v" ....
 Analyzing source file "/home/ICer/IC/Projects/System/rtl/deserializer.v" ....
 Analyzing source file "/home/ICer/IC/Projects/System/rtl/DF_SYNC.v" ....
 Analyzing source file "/home/ICer/IC/Projects/System/rtl/edge_bit_counter.v" ....
 Analyzing source file "/home/ICer/IC/Projects/System/rtl/FIFO_MEM_CNTRL.v" ....
 Analyzing source file "/home/ICer/IC/Projects/System/rtl/FIFO_RD.v" ....
 Analyzing source file "/home/ICer/IC/Projects/System/rtl/FIFO_WR.v" ....
 Analyzing source file "/home/ICer/IC/Projects/System/rtl/FSM_RX.v" ....
 Analyzing source file "/home/ICer/IC/Projects/System/rtl/FSM_TX.sv" ....
 Analyzing source file "/home/ICer/IC/Projects/System/rtl/MUX.v" ....
 Analyzing source file "/home/ICer/IC/Projects/System/rtl/Parity_Calc.v" ....
 Analyzing source file "/home/ICer/IC/Projects/System/rtl/parity_checker.v" ....
 Analyzing source file "/home/ICer/IC/Projects/System/rtl/prescale_mux.v" ....
 Analyzing source file "/home/ICer/IC/Projects/System/rtl/Pulse_Gen.v" ....
 Analyzing source file "/home/ICer/IC/Projects/System/rtl/regfile.v" ....
 Analyzing source file "/home/ICer/IC/Projects/System/rtl/RST_SYNC.v" ....
 Analyzing source file "/home/ICer/IC/Projects/System/rtl/Serializer.v" ....
 Analyzing source file "/home/ICer/IC/Projects/System/rtl/stop_checker.v" ....
 Analyzing source file "/home/ICer/IC/Projects/System/rtl/strt_checker.v" ....
 Analyzing source file "/home/ICer/IC/Projects/System/rtl/SYS_CTRL.v" ....
 Analyzing source file "/home/ICer/IC/Projects/System/rtl/SYSTEM_TOP.v" ....
 Analyzing source file "/home/ICer/IC/Projects/System/rtl/UART.v" ....
 Analyzing source file "/home/ICer/IC/Projects/System/rtl/UART_RX.v" ....
 Analyzing source file "/home/ICer/IC/Projects/System/rtl/UART_TX.v" ....
 Elaborating Top Verilog Design Unit 'SYSTEM_TOP' .....
 done
Checking Rule ElabSummary (Rule 55 of total 93) .... done (Time = 0.00s, Memory = -22.5K)
Checking Rule ReportCheckDataSummary (Rule 56 of total 93) .... done (Time = 0.00s, Memory = 0.0K)
Checking Rule IgnoredLibCells (Rule 57 of total 93) .... done (Time = 0.03s, Memory = 13.4K)
Checking Rule ReportSglibSummary (Rule 58 of total 93) .... done (Time = 0.00s, Memory = 0.0K)
 Reading waiver file "./spyglass-1/Design_Read/spyglass_spysch/constraint/spg_autogenerated_waivers.sgdc" ...
 Generating SGDC file "./spyglass-1/Design_Read/spyglass_spysch/constraint/pragma2Constraint.sgdc" from pragmas in HDL source files ....
 Generating WAIVER file "./spyglass-1/Design_Read/spyglass_spysch/waiver/pragma2Waiver.swl" from pragmas in HDL source files ....
Checking Rule SGDC_waive37 (Rule 59 of total 93) .... done (Time = 0.00s, Memory = 0.6K)
Checking Rule SGDC_waive35 (Rule 60 of total 93) .... done (Time = 0.00s, Memory = 0.0K)
Checking Rule DetectTopDesignUnits (Rule 61 of total 93)
 Detected 1 top level design units:
     SYSTEM_TOP
 .... done (Time = 0.00s, Memory = 3.8K)
Performing semantic checks on SGDC contents
Checking Rule SGDC_testmode03 (Rule 62 of total 93) .... done (Time = 0.00s, Memory = 0.0K)
Checking Rule ReportObsoletePragmas (Rule 63 of total 93) .... done (Time = 0.00s, Memory = 0.0K)
Checking Rule GenerateConfMap (Rule 64 of total 93) .... done (Time = 0.00s, Memory = 0.0K)
Checking Rule HdlLibDuCheck (Rule 65 of total 93) .... done (Time = 0.00s, Memory = 4.7K)
Checking Rule RtlDesignInfo (Rule 66 of total 93) .... done (Time = 0.00s, Memory = 1.9K)
Checking Rule CheckCelldefine (Rule 67 of total 93) .... done (Time = 0.00s, Memory = 0.0K)
Checking Rule AnalyzeBBox (Rule 68 of total 93) .... done (Time = 0.00s, Memory = 0.0K)
Checking Rule ReportCheckDataSummary (Rule 56 of total 93) .... done (Time = 0.00s, Memory = 0.0K)
Checking Rule SGDC_waive24 (Rule 69 of total 93) .... done (Time = 0.00s, Memory = 0.0K)
Checking Rule SGDC_waive25 (Rule 70 of total 93) .... done (Time = 0.00s, Memory = 0.0K)
Checking Rule SGDC_waive31 (Rule 71 of total 93) .... done (Time = 0.00s, Memory = 0.0K)

Generating data for Console...

SpyGlass Rule Checking Complete.

Generating moresimple report from './spyglass-1/Design_Read/spyglass.vdb' to './spyglass-1/Design_Read/spyglass_reports/moresimple.rpt' ....

Generating runsummary report from './spyglass-1/Design_Read/spyglass.vdb' ....

Generating no_msg_reporting_rules report from './spyglass-1/Design_Read/spyglass.vdb' to './spyglass-1/Design_Read/spyglass_reports/no_msg_reporting_rules.rpt' ....

Policy specific data (reports) are present in the directory './spyglass-1/Design_Read/spyglass_reports'.

SpyGlass critical reports for the current run are present in directory './spyglass-1/consolidated_reports/Design_Read/'.

---------------------------------------------------------------------------------------------
Results Summary:
---------------------------------------------------------------------------------------------
   Goal Run           :      Design_Read
   Command-line read  :      0 error,      0 warning,      0 information message 
   Design Read        :      0 error,      0 warning,      3 information messages
      Found 1 top module:
         SYSTEM_TOP   (file: /home/ICer/IC/Projects/System/rtl/SYSTEM_TOP.v)

   Blackbox Resolution:      0 error,      0 warning,      0 information message 
   SGDC Checks        :      0 error,      0 warning,      0 information message 
   -------------------------------------------------------------------------------------
   Total              :      0 error,      0 warning,      3 information messages

  Total Number of Generated Messages     :         3 (0 error, 0 warning, 3 Infos)
  Number of Reported Messages            :         3 (0 error, 0 warning, 3 Infos)

---------------------------------------------------------------------------------------------


run_goal: info: updating spyglass.log with goal summary
---------------------------------------------------------------------------------------------------
Results Summary:
---------------------------------------------------------------------------------------------------
   Goal Run           :      Design_Read
   Top Module         :      SYSTEM_TOP
---------------------------------------------------------------------------------------------------
   Reports Directory: 
   /home/ICer/IC/Projects/System/lint/spyglass-1/consolidated_reports/Design_Read/ 

   SpyGlass LogFile: 
    /home/ICer/IC/Projects/System/lint/spyglass-1/Design_Read/spyglass.log 

   Standard Reports: 
     moresimple.rpt          no_msg_reporting_rules.rpt       

   HTML report:
    /home/ICer/IC/Projects/System/lint/spyglass-1/html_reports/goals_summary.html
  

   Technology Reports:  
     <Not Available>
   
   
---------------------------------------------------------------------------------------------------
   Goal Violation Summary:
       Waived   Messages:                      0 Errors,      0 Warnings,      0 Infos
       Reported Messages:         0 Fatals,    0 Errors,      0 Warnings,      3 Infos
---------------------------------------------------------------------------------------------------
   
---------------------------------------------------------------------------------------------------
 
run_goal: info: spyglass.log successfully updated with goal summary
run_goal: info: setting design top `SYSTEM_TOP' as current_design
link_design: info: single top `SYSTEM_TOP' found, setting it as top for subsequent analysis [set_option top SYSTEM_TOP]
0 {Rule-checking completed without errors or warnings}current_goal: info: current goal selection with -alltop has reset the last active top `SYSTEM_TOP'.
                    It is recommended to maintain goal runs with -alltop in a separate project file.
                    You can save this project after setting the top again with `set_option top SYSTEM_TOP',
                    and then start a different project for -alltop runs.
current_goal: info: loading goal `Design_Read' (in progress)
current_goal: info: finished loading goal `Design_Read' (ok)
 Reading waiver file "./spyglass-1/Design_Read/spyglass_spysch/waiver/pragma2Waiver.swl" ...
 Reading included SGDC file "./spyglass-1/Design_Read/spyglass_spysch/waiver/pragma2Waiver_varfile.swl" ....
current_goal: warning: goal `lint/lint_rtl' was run but not saved last time
                       run results and goal settings might not match
current_goal: info: loading goal `lint/lint_rtl' (in progress)
current_goal: info: finished loading goal `lint/lint_rtl' (ok)

INFO:    SpyGlass will run goal(s) 'lint/lint_rtl'.


 Auto-compiling gates libraries

        "../std_cells/scmetro_tsmc_cl013g_rvt_ff_1p32v_m40c.lib"
        "../std_cells/scmetro_tsmc_cl013g_rvt_ss_1p08v_125c.lib"
        "../std_cells/scmetro_tsmc_cl013g_rvt_tt_1p2v_25c.lib"
    to
        "./spyglass-1/spyglass_cache/autogenerated_sglib/aggregate.sglib" ...already compiled

 Using this already compiled sglib for the current run ...

RULE-CHECKING IN MIXED MODE
Loading spyglass (SpyGlass_vL-2016.06) ... (picked from /home/synopsys/SpyGlass-L2016.06/SPYGLASS_HOME/policies/spyglass)
Loading openmore (SpyGlass_vL-2016.06) ... (picked from /home/synopsys/SpyGlass-L2016.06/SPYGLASS_HOME/policies/openmore)
Loading starc (SpyGlass_vL-2016.06) ... (picked from /home/synopsys/SpyGlass-L2016.06/SPYGLASS_HOME/policies/starc)
Loading starc2005 (SpyGlass_vL-2016.06) ... (picked from /home/synopsys/SpyGlass-L2016.06/SPYGLASS_HOME/policies/starc2005)
Loading erc (SpyGlass_vL-2016.06) ... (picked from /home/synopsys/SpyGlass-L2016.06/SPYGLASS_HOME/policies/erc)
Loading simulation (SpyGlass_vL-2016.06) ... (picked from /home/synopsys/SpyGlass-L2016.06/SPYGLASS_HOME/policies/simulation)
Loading lint (SpyGlass_vL-2016.06) ... (picked from /home/synopsys/SpyGlass-L2016.06/SPYGLASS_HOME/policies/lint)
Loading latch (SpyGlass_vL-2016.06) ... (picked from /home/synopsys/SpyGlass-L2016.06/SPYGLASS_HOME/policies/latch)
Loading morelint (SpyGlass_vL-2016.06) ... (picked from /home/synopsys/SpyGlass-L2016.06/SPYGLASS_HOME/policies/morelint)
Loading timing (SpyGlass_vL-2016.06) ... (picked from /home/synopsys/SpyGlass-L2016.06/SPYGLASS_HOME/policies/timing)
Loading starc2002 (SpyGlass_vL-2016.06) ... (picked from /home/synopsys/SpyGlass-L2016.06/SPYGLASS_HOME/policies/starc2002)
Loading Audits (SpyGlass_vL-2016.06) ... (picked from /home/synopsys/SpyGlass-L2016.06/SPYGLASS_HOME/policies/Audits)
Loading area (SpyGlass_vL-2016.06) ... (picked from /home/synopsys/SpyGlass-L2016.06/SPYGLASS_HOME/policies/area)
Loading miscellaneous (SpyGlass_vL-2016.06) ... (picked from /home/synopsys/SpyGlass-L2016.06/SPYGLASS_HOME/policies/miscellaneous)
Loading starcad-21 (SpyGlass_vL-2016.06) ... (picked from /home/synopsys/SpyGlass-L2016.06/SPYGLASS_HOME/policies/starcad-21)
Loading txv (SpyGlass_vL-2016.06) ... (picked from /home/synopsys/SpyGlass-L2016.06/SPYGLASS_HOME/policies/txv)

TXV_INFO Parameter txv_extract_domain will be renamed to txv_domain_mode in future!

Loading power_est (SpyGlass_vL-2016.06) ... (picked from /home/synopsys/SpyGlass-L2016.06/SPYGLASS_HOME/policies/power_est)
Loading lowpower (SpyGlass_vL-2016.06) ... (picked from /home/synopsys/SpyGlass-L2016.06/SPYGLASS_HOME/policies/lowpower)
Loading dft_dsm (SpyGlass_vL-2016.06) ... (picked from /home/synopsys/SpyGlass-L2016.06/SPYGLASS_HOME/policies/dft_dsm)
Loading dft (SpyGlass_vL-2016.06) ... (picked from /home/synopsys/SpyGlass-L2016.06/SPYGLASS_HOME/policies/dft)
Loading constraints (SpyGlass_vL-2016.06) ... (picked from /home/synopsys/SpyGlass-L2016.06/SPYGLASS_HOME/policies/constraints)
Loading const_intern1 (SpyGlass_vL-2016.06) ... (picked from /home/synopsys/SpyGlass-L2016.06/SPYGLASS_HOME/policies/constraints)
Loading clock-reset (SpyGlass_vL-2016.06) ... (picked from /home/synopsys/SpyGlass-L2016.06/SPYGLASS_HOME/policies/clock)
Reading specified sglib files(s) ....
   Processing library: 'scmetro_tsmc_cl013g_rvt_ff_1p32v_m40c' .... done
   Processing library: 'scmetro_tsmc_cl013g_rvt_ss_1p08v_125c' .... done
   Processing library: 'scmetro_tsmc_cl013g_rvt_tt_1p2v_25c' .... done
Checking Rule AutoGenerateSglib (Rule 1 of total 279) .... done (Time = 0.00s, Memory = 0.0K)

INFO [76]    Using `./spyglass-1/WORK/64' as the Work Directory for 64bit precompiled dump.
Checking Rule SGDC_power_est29 (Rule 2 of total 279) .... done (Time = 0.00s, Memory = 7.6K)
Checking Rule PECHECK04 (Rule 3 of total 279) .... done (Time = 0.00s, Memory = 28.6K)
Checking Rule PECHECK18 (Rule 4 of total 279) .... done (Time = 0.00s, Memory = 0.0K)
Checking Rule PEMVDD01 (Rule 5 of total 279) .... done (Time = 0.00s, Memory = -8.8K)
Checking Rule PrecompileLibCheck01 (Rule 6 of total 279) .... done (Time = 0.00s, Memory = 0.0K)
Checking Rule PrecompileLibCheck02 (Rule 7 of total 279) .... done (Time = 0.00s, Memory = 0.0K)
Checking Rule PrecompileLibCheck03 (Rule 8 of total 279) .... done (Time = 0.00s, Memory = 0.0K)
Checking Rule PrecompileLibCheck04 (Rule 9 of total 279) .... done (Time = 0.00s, Memory = 0.0K)
Checking Rule ReportSglibVersionSummary (Rule 10 of total 279) .... done (Time = 0.00s, Memory = 0.0K)
Checking Rule SGDC_assume_path01 (Rule 11 of total 279) .... done (Time = 0.00s, Memory = 0.0K)
Checking Rule SGDC_sdcschema02 (Rule 12 of total 279) .... done (Time = 0.00s, Memory = -5.3K)
Checking Rule SGDC_clock05 (Rule 13 of total 279) .... done (Time = 0.00s, Memory = 0.0K)
Checking Rule SGDC_clock09 (Rule 14 of total 279) .... done (Time = 0.00s, Memory = 0.0K)
Checking Rule SGDC_force_ta05 (Rule 15 of total 279) .... done (Time = 0.00s, Memory = 0.0K)
Checking Rule SGDC_require_path03 (Rule 16 of total 279) .... done (Time = 0.00s, Memory = 2.5K)
Checking Rule SGDC_require_value03 (Rule 17 of total 279) .... done (Time = 0.00s, Memory = 2.5K)
Checking Rule SGDC_voltagedomain05 (Rule 18 of total 279) .... done (Time = 0.00s, Memory = 5.0K)
Checking Rule SGDC_voltagedomain06 (Rule 19 of total 279) .... done (Time = 0.00s, Memory = -0.2K)
Checking Rule SGDC_voltagedomain07 (Rule 20 of total 279) .... done (Time = 0.00s, Memory = 2.5K)
Checking Rule SGDC_powerdomainoutputs02 (Rule 21 of total 279) .... done (Time = 0.00s, Memory = 6.5K)
Checking Rule SGDC_supply01 (Rule 22 of total 279) .... done (Time = 0.00s, Memory = 2.5K)
Checking Rule SGDC_waive01 (Rule 23 of total 279) .... done (Time = 0.00s, Memory = 4.0K)
Checking Rule SGDC_waive02 (Rule 24 of total 279) .... done (Time = 0.00s, Memory = -0.8K)
Checking Rule SGDC_waive03 (Rule 25 of total 279) .... done (Time = 0.00s, Memory = 24.0K)
Checking Rule SGDC_waive04 (Rule 26 of total 279) .... done (Time = 0.00s, Memory = 0.0K)
Checking Rule SGDC_waive05 (Rule 27 of total 279) .... done (Time = 0.00s, Memory = 0.0K)
Checking Rule SGDC_waive06 (Rule 28 of total 279) .... done (Time = 0.00s, Memory = 8.0K)
Checking Rule SGDC_waive07 (Rule 29 of total 279) .... done (Time = 0.00s, Memory = 0.0K)
Checking Rule SGDC_waive08 (Rule 30 of total 279) .... done (Time = 0.00s, Memory = 4.0K)
Checking Rule SGDC_waive09 (Rule 31 of total 279) .... done (Time = 0.00s, Memory = 0.1K)
Checking Rule SGDC_waive10 (Rule 32 of total 279) .... done (Time = 0.00s, Memory = 0.1K)
Checking Rule SGDC_waive11 (Rule 33 of total 279) .... done (Time = 0.00s, Memory = 0.0K)
Checking Rule SGDC_waive12 (Rule 34 of total 279) .... done (Time = 0.00s, Memory = 0.0K)
Checking Rule SGDC_waive13 (Rule 35 of total 279) .... done (Time = 0.00s, Memory = 0.0K)
Checking Rule SGDC_waive21 (Rule 36 of total 279) .... done (Time = 0.00s, Memory = 0.0K)
Checking Rule SGDC_waive22 (Rule 37 of total 279) .... done (Time = 0.00s, Memory = 0.0K)
Checking Rule SGDC_waive30 (Rule 38 of total 279) .... done (Time = 0.00s, Memory = 0.0K)
Checking Rule SGDC_waive32 (Rule 39 of total 279) .... done (Time = 0.00s, Memory = 0.0K)
Checking Rule SGDC_waive33 (Rule 40 of total 279) .... done (Time = 0.00s, Memory = 0.0K)
Checking Rule SGDC_waive36 (Rule 41 of total 279) .... done (Time = 0.00s, Memory = 0.0K)
Checking Rule SGDC_waive38 (Rule 42 of total 279) .... done (Time = 0.00s, Memory = 0.0K)
Checking Rule SGDC_fifo01 (Rule 43 of total 279) .... done (Time = 0.00s, Memory = 3.4K)
Checking Rule SGDC_libgroup01 (Rule 44 of total 279) .... done (Time = 0.00s, Memory = 0.0K)
Checking Rule SGDC_libgroup02 (Rule 45 of total 279) .... done (Time = 0.00s, Memory = 0.0K)
Checking Rule SGDC_libgroup04 (Rule 46 of total 279) .... done (Time = 0.00s, Memory = 15.8K)
Checking Rule SGDC_power_data01 (Rule 47 of total 279) .... done (Time = 0.00s, Memory = 2.5K)
Checking Rule SGDC_ungroup01 (Rule 48 of total 279) .... done (Time = 0.00s, Memory = 2.5K)
Checking Rule SGDC_abstract_port06 (Rule 49 of total 279) .... done (Time = 0.00s, Memory = -17.5K)
Checking Rule SGDC_abstract_port14 (Rule 50 of total 279) .... done (Time = 0.00s, Memory = 2.5K)
Checking Rule SGDC_abstract_port15 (Rule 51 of total 279) .... done (Time = 0.00s, Memory = 10.5K)
Checking Rule SGDC_abstract_port18 (Rule 52 of total 279) .... done (Time = 0.00s, Memory = -29.5K)
Checking Rule sdc_init_rule (Rule 53 of total 279) .... done (Time = 0.00s, Memory = 0.6K)
Checking Rule CMD_ignorelibs01 (Rule 54 of total 279) .... done (Time = 0.00s, Memory = 0.0K)
Checking Rule ReportRuleNotRun (Rule 55 of total 279) .... done (Time = 0.01s, Memory = -1.0K)
Checking Rule STARC05-2.3.1.2c (Rule 56 of total 279) .... done (Time = 0.00s, Memory = 32.0K)
Checking Rule W442a (Rule 57 of total 279) .... done (Time = 0.00s, Memory = 0.0K)
Checking Rule W442b (Rule 58 of total 279) .... done (Time = 0.00s, Memory = 32.1K)
Checking Rule W442c (Rule 59 of total 279) .... done (Time = 0.00s, Memory = 0.0K)
Checking Rule W442f (Rule 60 of total 279) .... done (Time = 0.00s, Memory = 0.0K)
Checking Rule mixedsenselist (Rule 61 of total 279) .... done (Time = 0.00s, Memory = -0.3K)
Checking Rule badimplicitSM1 (Rule 62 of total 279) .... done (Time = 0.00s, Memory = 0.0K)
Checking Rule badimplicitSM2 (Rule 63 of total 279) .... done (Time = 0.00s, Memory = 0.0K)
Checking Rule badimplicitSM4 (Rule 64 of total 279) .... done (Time = 0.00s, Memory = 0.0K)
Checking Rule bothedges (Rule 65 of total 279) .... done (Time = 0.00s, Memory = 0.0K)
Checking Rule BlockHeader (Rule 66 of total 279) .... done (Time = 0.00s, Memory = 0.0K)
Checking Rule W421 (Rule 67 of total 279) .... done (Time = 0.00s, Memory = 0.0K)
Checking Rule STARC05-2.1.6.5 (Rule 68 of total 279) .... done (Time = 0.00s, Memory = 0.0K)
Checking Rule ReportStopSummary (Rule 69 of total 279) .... done (Time = 0.00s, Memory = 0.0K)
Checking Rule ReportIgnoreSummary (Rule 70 of total 279) .... done (Time = 0.00s, Memory = 0.0K)
 Analyzing source file "/home/ICer/IC/Projects/System/rtl/ALU.v" ....
 Analyzing source file "/home/ICer/IC/Projects/System/rtl/ASYNC_FIFO.v" ....
 Analyzing source file "/home/ICer/IC/Projects/System/rtl/Clk_Div.v" ....
 Analyzing source file "/home/ICer/IC/Projects/System/rtl/CLK_GATE.v" ....
 Analyzing source file "/home/ICer/IC/Projects/System/rtl/data_sampling.v" ....
 Analyzing source file "/home/ICer/IC/Projects/System/rtl/DATA_SYNC.v" ....
 Analyzing source file "/home/ICer/IC/Projects/System/rtl/deserializer.v" ....
 Analyzing source file "/home/ICer/IC/Projects/System/rtl/DF_SYNC.v" ....
 Analyzing source file "/home/ICer/IC/Projects/System/rtl/edge_bit_counter.v" ....
 Analyzing source file "/home/ICer/IC/Projects/System/rtl/FIFO_MEM_CNTRL.v" ....
 Analyzing source file "/home/ICer/IC/Projects/System/rtl/FIFO_RD.v" ....
 Analyzing source file "/home/ICer/IC/Projects/System/rtl/FIFO_WR.v" ....
 Analyzing source file "/home/ICer/IC/Projects/System/rtl/FSM_RX.v" ....
 Analyzing source file "/home/ICer/IC/Projects/System/rtl/FSM_TX.sv" ....
 Analyzing source file "/home/ICer/IC/Projects/System/rtl/MUX.v" ....
 Analyzing source file "/home/ICer/IC/Projects/System/rtl/Parity_Calc.v" ....
 Analyzing source file "/home/ICer/IC/Projects/System/rtl/parity_checker.v" ....
 Analyzing source file "/home/ICer/IC/Projects/System/rtl/prescale_mux.v" ....
 Analyzing source file "/home/ICer/IC/Projects/System/rtl/Pulse_Gen.v" ....
 Analyzing source file "/home/ICer/IC/Projects/System/rtl/regfile.v" ....
 Analyzing source file "/home/ICer/IC/Projects/System/rtl/RST_SYNC.v" ....
 Analyzing source file "/home/ICer/IC/Projects/System/rtl/Serializer.v" ....
 Analyzing source file "/home/ICer/IC/Projects/System/rtl/stop_checker.v" ....
 Analyzing source file "/home/ICer/IC/Projects/System/rtl/strt_checker.v" ....
 Analyzing source file "/home/ICer/IC/Projects/System/rtl/SYS_CTRL.v" ....
 Analyzing source file "/home/ICer/IC/Projects/System/rtl/SYSTEM_TOP.v" ....
 Analyzing source file "/home/ICer/IC/Projects/System/rtl/UART.v" ....
 Analyzing source file "/home/ICer/IC/Projects/System/rtl/UART_RX.v" ....
 Analyzing source file "/home/ICer/IC/Projects/System/rtl/UART_TX.v" ....
 Elaborating Top Verilog Design Unit 'SYSTEM_TOP' .....
 done
Checking Rule ElabSummary (Rule 71 of total 279) .... done (Time = 0.00s, Memory = -20.6K)
Checking Rule ReportCheckDataSummary (Rule 72 of total 279) .... done (Time = 0.00s, Memory = 0.0K)
Checking Rule IgnoredLibCells (Rule 73 of total 279) .... done (Time = 0.02s, Memory = -1.2K)
 Reading waiver file "./spyglass-1/lint/lint_rtl/spyglass_spysch/constraint/spg_autogenerated_waivers.sgdc" ...
 Generating SGDC file "./spyglass-1/lint/lint_rtl/spyglass_spysch/constraint/pragma2Constraint.sgdc" from pragmas in HDL source files ....
 Generating WAIVER file "./spyglass-1/lint/lint_rtl/spyglass_spysch/waiver/pragma2Waiver.swl" from pragmas in HDL source files ....
Checking Rule DetectTopDesignUnits (Rule 74 of total 279)
 Detected 1 top level design units:
     SYSTEM_TOP
 .... done (Time = 0.00s, Memory = 0.6K)
Performing semantic checks on SGDC contents
Checking Rule SGDC_testmode03 (Rule 75 of total 279) .... done (Time = 0.00s, Memory = -4.0K)
Checking Rule PECHECK09 (Rule 76 of total 279) .... done (Time = 0.00s, Memory = 6.3K)
Checking Rule Ac_multitop01 (Rule 77 of total 279) .... done (Time = 0.00s, Memory = 0.0K)
Checking Rule ReportObsoletePragmas (Rule 78 of total 279) .... done (Time = 0.00s, Memory = 0.0K)
Checking Rule GenerateConfMap (Rule 79 of total 279) .... done (Time = 0.00s, Memory = 2.0K)
Checking Rule HdlLibDuCheck (Rule 80 of total 279) .... done (Time = 0.00s, Memory = 0.0K)
Checking Rule RtlDesignInfo (Rule 81 of total 279) .... done (Time = 0.00s, Memory = 3.3K)
Checking Rule sim_race02 (Rule 82 of total 279) .... done (Time = 0.01s, Memory = 142.5K)
Checking Rule W339a (Rule 83 of total 279) .... done (Time = 0.00s, Memory = -18.8K)
Checking Rule W416 (Rule 84 of total 279) .... done (Time = 0.00s, Memory = 0.0K)
Checking Rule mixedsenselist (Rule 85 of total 279) .... done (Time = 0.00s, Memory = 0.0K)
Checking Rule W110a (Rule 86 of total 279) .... done (Time = 0.00s, Memory = 0.0K)
Checking Rule Pragma_setupa (Rule 87 of total 279) .... done (Time = 0.00s, Memory = 0.0K)
Checking Rule _deltaDelay (Rule 88 of total 279) .... done (Time = 0.00s, Memory = 1.9K)
Checking Rule _deltaDelay (Rule 89 of total 279) .... done (Time = 0.00s, Memory = 0.0K)
Checking Rule preReq_ConsCase2 (Rule 90 of total 279) .... done (Time = 0.00s, Memory = 0.0K)
Checking Rule preReq_ConsCase (Rule 91 of total 279) .... done (Time = 0.00s, Memory = 0.0K)
Checking Rule STARC05-AlwaysParamSetup (Rule 92 of total 279) .... done (Time = 0.00s, Memory = -0.1K)
Checking Rule STARC05-ProcessParamSetup (Rule 93 of total 279) .... done (Time = 0.00s, Memory = 0.0K)
Checking Rule Latch_VePreReqRule (Rule 94 of total 279) .... done (Time = 0.00s, Memory = 11.1K)
Checking Rule CheckCelldefine (Rule 95 of total 279) .... done (Time = 0.00s, Memory = 0.0K)
Checking Rule Prereqs_RegOutputs (Rule 96 of total 279) .... done (Time = 0.00s, Memory = -1.0K)
Checking Rule STARC05-2.1.4.5 (Rule 97 of total 279) .... done (Time = 0.00s, Memory = -0.6K)
Checking Rule STARC05-2.3.1.5b (Rule 98 of total 279) .... done (Time = 0.00s, Memory = 44.0K)
Checking Rule STARC05-2.3.3.1 (Rule 99 of total 279) .... done (Time = 0.00s, Memory = 3.9K)
Checking Rule STARC05-2.3.3.1 (Rule 100 of total 279) .... done (Time = 0.00s, Memory = 0.0K)
Checking Rule STARC05-2.11.3.1 (Rule 101 of total 279) .... done (Time = 0.00s, Memory = 0.0K)
Checking Rule Prereqs_STARC05-1.6.2.1 (Rule 102 of total 279) .... done (Time = 0.00s, Memory = 0.0K)
Checking Rule Prereqs_STARC-1.6.2.1 (Rule 103 of total 279) .... done (Time = 0.00s, Memory = 0.0K)
Checking Rule STARC05-2.10.1.4a (Rule 104 of total 279) .... done (Time = 0.00s, Memory = 1.4K)
Checking Rule W496b (Rule 105 of total 279) .... done (Time = 0.00s, Memory = -1.6K)
Checking Rule W317 (Rule 106 of total 279) .... done (Time = 0.00s, Memory = 0.0K)
Checking Rule W422 (Rule 107 of total 279) .... done (Time = 0.01s, Memory = 25.8K)
Checking Rule W426 (Rule 108 of total 279) .... done (Time = 0.00s, Memory = -8.0K)
Checking Rule W480 (Rule 109 of total 279) .... done (Time = 0.00s, Memory = 8.0K)
Checking Rule W481a (Rule 110 of total 279) .... done (Time = 0.00s, Memory = 32.0K)
Checking Rule W481b (Rule 111 of total 279) .... done (Time = 0.00s, Memory = 4.7K)
Checking Rule W422 (Rule 112 of total 279) .... done (Time = 0.00s, Memory = 0.0K)
Checking Rule W156 (Rule 113 of total 279) .... done (Time = 0.00s, Memory = 0.0K)
Checking Rule W292 (Rule 114 of total 279) .... done (Time = 0.00s, Memory = 0.0K)
Checking Rule W71 (Rule 115 of total 279) .... done (Time = 0.00s, Memory = 0.0K)
Checking Rule W287b (Rule 116 of total 279) .... done (Time = 0.00s, Memory = 919.1K)
Checking Rule W293 (Rule 117 of total 279) .... done (Time = 0.00s, Memory = 0.0K)
Checking Rule W398 (Rule 118 of total 279) .... done (Time = 0.00s, Memory = 0.0K)
Checking Rule W421 (Rule 119 of total 279) .... done (Time = 0.00s, Memory = 22.2K)
Checking Rule W424 (Rule 120 of total 279) .... done (Time = 0.00s, Memory = 0.0K)
Checking Rule W467 (Rule 121 of total 279) .... done (Time = 0.00s, Memory = 0.0K)
Checking Rule Prereqs_RegInputOutputs (Rule 122 of total 279) .... done (Time = 0.00s, Memory = 0.0K)
Checking Rule PragmaComments-ML (Rule 123 of total 279) .... done (Time = 0.00s, Memory = 73.2K)
Checking Rule PragmaComments-ML (Rule 124 of total 279) .... done (Time = 0.00s, Memory = 0.0K)
Checking Rule CheckDelayTimescale-ML (Rule 125 of total 279) .... done (Time = 0.00s, Memory = 7.5K)
Checking Rule Prereqs_InclFileSetup-ML (Rule 126 of total 279) .... done (Time = 0.00s, Memory = 0.0K)
Checking ELABDU Rules for designUnit SYSTEM_TOP
    Checking Rule syncRstReq (Rule 127 of total 279) .... done (Time = 0.00s, Memory = 0.0K)
    Checking Rule syncRstReq (Rule 128 of total 279) .... done (Time = 0.00s, Memory = 0.0K)
    Checking Rule AcOvlRtl (Rule 129 of total 279) .... done (Time = 0.00s, Memory = 0.5K)
    Checking Rule AcOvlRtl (Rule 130 of total 279) .... done (Time = 0.00s, Memory = 0.0K)
    Checking Rule Prereqs_STARC-2.3.6.1 (Rule 131 of total 279) .... done (Time = 0.00s, Memory = 0.0K)
    Checking Rule GenTopLevelBlocksForAutoSoc (Rule 132 of total 279) .... done (Time = 0.00s, Memory = -23.1K)
    Checking Rule STARC05-2.1.5.3 (Rule 133 of total 279) .... done (Time = 0.00s, Memory = 0.0K)
    Checking Rule STARC05-2.2.3.3 (Rule 134 of total 279) .... done (Time = 0.00s, Memory = 0.0K)
    Checking Rule STARC05-2.3.1.6 (Rule 135 of total 279) .... done (Time = 0.00s, Memory = 0.0K)
    Checking Rule STARC05-2.10.2.3 (Rule 136 of total 279) .... done (Time = 0.00s, Memory = 0.4K)
    Checking Rule STARC05-2.10.3.2a (Rule 137 of total 279) .... done (Time = 0.00s, Memory = 0.0K)
    Checking Rule STARC05-2.11.3.1 (Rule 138 of total 279) .... done (Time = 0.00s, Memory = 0.0K)
    Checking Rule STARC05-2.1.3.1 (Rule 139 of total 279) .... done (Time = 0.00s, Memory = 4.9K)
    Checking Rule STARC05-2.10.1.4b (Rule 140 of total 279) .... done (Time = 0.00s, Memory = -0.2K)
    Checking Rule W110 (Rule 141 of total 279) .... done (Time = 0.00s, Memory = 24.8K)
    Checking Rule W122 (Rule 142 of total 279) .... done (Time = 0.00s, Memory = 10.6K)
    Checking Rule W496a (Rule 143 of total 279) .... done (Time = 0.00s, Memory = -0.3K)
    Checking Rule W19 (Rule 144 of total 279) .... done (Time = 0.00s, Memory = 4.1K)
    Checking Rule W66 (Rule 145 of total 279) .... done (Time = 0.00s, Memory = -33.3K)
    Checking Rule W116 (Rule 146 of total 279) .... done (Time = 0.00s, Memory = 0.0K)
    Checking Rule W123 (Rule 147 of total 279) .... done (Time = 0.00s, Memory = 22.1K)
    Checking Rule W156 (Rule 148 of total 279) .... done (Time = 0.00s, Memory = 0.0K)
    Checking Rule W215 (Rule 149 of total 279) .... done (Time = 0.00s, Memory = 0.0K)
    Checking Rule W216 (Rule 150 of total 279) .... done (Time = 0.00s, Memory = 0.0K)
    Checking Rule W218 (Rule 151 of total 279) .... done (Time = 0.00s, Memory = 0.8K)
    Checking Rule W224 (Rule 152 of total 279) .... done (Time = 0.00s, Memory = 0.0K)
    Checking Rule W263 (Rule 153 of total 279) .... done (Time = 0.00s, Memory = 1.6K)
    Checking Rule W289 (Rule 154 of total 279) .... done (Time = 0.00s, Memory = 31.7K)
    Checking Rule W337 (Rule 155 of total 279) .... done (Time = 0.00s, Memory = 0.0K)
    Checking Rule W352 (Rule 156 of total 279) .... done (Time = 0.00s, Memory = 1.4K)
    Checking Rule W362 (Rule 157 of total 279) .... done (Time = 0.00s, Memory = -1.6K)
    Checking Rule W415a (Rule 158 of total 279) .... done (Time = 0.00s, Memory = -2.5K)
    Checking Rule W486 (Rule 159 of total 279) .... done (Time = 0.00s, Memory = 0.0K)
    Checking Rule W499 (Rule 160 of total 279) .... done (Time = 0.00s, Memory = 1.6K)
    Checking Rule W502 (Rule 161 of total 279) .... done (Time = 0.00s, Memory = 0.0K)
    Checking Rule W116 (Rule 162 of total 279) .... done (Time = 0.00s, Memory = 0.0K)
    Checking Rule W122 (Rule 163 of total 279) .... done (Time = 0.00s, Memory = 0.6K)
    Checking Rule W123 (Rule 164 of total 279) .... done (Time = 0.00s, Memory = 0.9K)
    Checking Rule W71 (Rule 165 of total 279) .... done (Time = 0.00s, Memory = 1.6K)
    Checking Rule W240 (Rule 166 of total 279) .... done (Time = 0.00s, Memory = 4.7K)
    Checking Rule W240 (Rule 167 of total 279) .... done (Time = 0.00s, Memory = 0.0K)
    Checking Rule W287a (Rule 168 of total 279) .... done (Time = 0.00s, Memory = 3.3K)
    Checking Rule W293 (Rule 169 of total 279) .... done (Time = 0.00s, Memory = 0.0K)
    Checking Rule W398 (Rule 170 of total 279) .... done (Time = 0.00s, Memory = 0.0K)
    Checking Rule W424 (Rule 171 of total 279) .... done (Time = 0.00s, Memory = -0.5K)
    Checking Rule W467 (Rule 172 of total 279) .... done (Time = 0.00s, Memory = 28.9K)
    Checking Rule W505 (Rule 173 of total 279) .... done (Time = 0.00s, Memory = 0.0K)
    Checking Rule W505 (Rule 174 of total 279) .... done (Time = 0.00s, Memory = 0.0K)
    Checking Rule W528 (Rule 175 of total 279) .... done (Time = 0.00s, Memory = 0.0K)
    Checking Rule W528 (Rule 176 of total 279) .... done (Time = 0.00s, Memory = 645.8K)
    Checking Rule Prereqs_Usage (Rule 177 of total 279) .... done (Time = 0.00s, Memory = -10.2K)
    Checking Rule Postreqs_CheckFuncTask (Rule 178 of total 279) .... done (Time = 0.00s, Memory = -32.0K)
    Checking Rule Prereqs_ConstantInput-ML (Rule 179 of total 279) .... done (Time = 0.00s, Memory = 0.0K)
    Checking Rule Prereqs_ConstantInput-ML (Rule 180 of total 279) .... done (Time = 0.00s, Memory = 0.4K)
    Checking Rule ReportPortInfo-ML (Rule 181 of total 279) .... done (Time = 0.00s, Memory = 0.5K)
    Checking Rule NoAssignX-ML (Rule 182 of total 279) .... done (Time = 0.00s, Memory = 0.0K)
    Checking Rule ParamWidthMismatch-ML (Rule 183 of total 279) .... done (Time = 0.00s, Memory = 0.0K)
    Checking Rule Postreqs_Usage_ML (Rule 184 of total 279) .... done (Time = 0.00s, Memory = 0.0K)
    Checking Rule NoXInCase-ML (Rule 185 of total 279) .... done (Time = 0.00s, Memory = 0.0K)
Checking ELABDU Rules for designUnit prescale_mux
    Checking Rule syncRstReq (Rule 127 of total 279) .... done (Time = 0.00s, Memory = 0.0K)
    Checking Rule syncRstReq (Rule 128 of total 279) .... done (Time = 0.00s, Memory = 0.0K)
    Checking Rule AcOvlRtl (Rule 129 of total 279) .... done (Time = 0.00s, Memory = 0.0K)
    Checking Rule AcOvlRtl (Rule 130 of total 279) .... done (Time = 0.00s, Memory = 0.0K)
    Checking Rule Prereqs_STARC-2.3.6.1 (Rule 131 of total 279) .... done (Time = 0.00s, Memory = 0.0K)
    Checking Rule GenTopLevelBlocksForAutoSoc (Rule 132 of total 279) .... done (Time = 0.00s, Memory = 0.0K)
    Checking Rule STARC05-2.1.5.3 (Rule 133 of total 279) .... done (Time = 0.00s, Memory = 0.0K)
    Checking Rule STARC05-2.2.3.3 (Rule 134 of total 279) .... done (Time = 0.24s, Memory = 2.0K)
    Checking Rule STARC05-2.3.1.6 (Rule 135 of total 279) .... done (Time = 0.00s, Memory = 0.0K)
    Checking Rule STARC05-2.10.2.3 (Rule 136 of total 279) .... done (Time = 0.00s, Memory = 0.0K)
    Checking Rule STARC05-2.10.3.2a (Rule 137 of total 279) .... done (Time = 0.00s, Memory = -3.0K)
    Checking Rule STARC05-2.11.3.1 (Rule 138 of total 279) .... done (Time = 0.00s, Memory = 3.0K)
    Checking Rule STARC05-2.1.3.1 (Rule 139 of total 279) .... done (Time = 0.00s, Memory = 0.0K)
    Checking Rule STARC05-2.10.1.4b (Rule 140 of total 279) .... done (Time = 0.00s, Memory = 0.0K)
    Checking Rule W110 (Rule 141 of total 279) .... done (Time = 0.00s, Memory = 0.5K)
    Checking Rule W122 (Rule 142 of total 279) .... done (Time = 0.00s, Memory = 0.9K)
    Checking Rule W496a (Rule 143 of total 279) .... done (Time = 0.00s, Memory = 0.0K)
    Checking Rule W19 (Rule 144 of total 279) .... done (Time = 0.00s, Memory = 0.0K)
    Checking Rule W66 (Rule 145 of total 279) .... done (Time = 0.00s, Memory = 0.0K)
    Checking Rule W116 (Rule 146 of total 279) .... done (Time = 0.00s, Memory = 0.0K)
    Checking Rule W123 (Rule 147 of total 279) .... done (Time = 0.00s, Memory = 16.0K)
    Checking Rule W156 (Rule 148 of total 279) .... done (Time = 0.00s, Memory = 8.8K)
    Checking Rule W215 (Rule 149 of total 279) .... done (Time = 0.00s, Memory = 0.0K)
    Checking Rule W216 (Rule 150 of total 279) .... done (Time = 0.00s, Memory = 0.0K)
    Checking Rule W218 (Rule 151 of total 279) .... done (Time = 0.00s, Memory = 4.0K)
    Checking Rule W224 (Rule 152 of total 279) .... done (Time = 0.00s, Memory = 0.0K)
    Checking Rule W263 (Rule 153 of total 279) .... done (Time = 0.00s, Memory = 0.0K)
    Checking Rule W289 (Rule 154 of total 279) .... done (Time = 0.00s, Memory = 0.0K)
    Checking Rule W337 (Rule 155 of total 279) .... done (Time = 0.00s, Memory = 0.0K)
    Checking Rule W352 (Rule 156 of total 279) .... done (Time = 0.00s, Memory = 0.0K)
    Checking Rule W362 (Rule 157 of total 279) .... done (Time = 0.00s, Memory = 0.0K)
    Checking Rule W415a (Rule 158 of total 279) .... done (Time = 0.00s, Memory = -0.1K)
    Checking Rule W486 (Rule 159 of total 279) .... done (Time = 0.00s, Memory = 0.0K)
    Checking Rule W499 (Rule 160 of total 279) .... done (Time = 0.00s, Memory = 0.0K)
    Checking Rule W502 (Rule 161 of total 279) .... done (Time = 0.00s, Memory = 4.0K)
    Checking Rule W116 (Rule 162 of total 279) .... done (Time = 0.00s, Memory = 0.0K)
    Checking Rule W122 (Rule 163 of total 279) .... done (Time = 0.00s, Memory = 0.6K)
    Checking Rule W123 (Rule 164 of total 279) .... done (Time = 0.00s, Memory = 0.9K)
    Checking Rule W71 (Rule 165 of total 279) .... done (Time = 0.00s, Memory = 0.0K)
    Checking Rule W240 (Rule 166 of total 279) .... done (Time = 0.00s, Memory = -8.9K)
    Checking Rule W240 (Rule 167 of total 279) .... done (Time = 0.00s, Memory = 0.0K)
    Checking Rule W287a (Rule 168 of total 279) .... done (Time = 0.00s, Memory = 0.0K)
    Checking Rule W293 (Rule 169 of total 279) .... done (Time = 0.00s, Memory = 0.0K)
    Checking Rule W398 (Rule 170 of total 279) .... done (Time = 0.00s, Memory = 0.0K)
    Checking Rule W424 (Rule 171 of total 279) .... done (Time = 0.00s, Memory = 32.2K)
    Checking Rule W467 (Rule 172 of total 279) .... done (Time = 0.00s, Memory = 0.0K)
    Checking Rule W505 (Rule 173 of total 279) .... done (Time = 0.00s, Memory = 0.0K)
    Checking Rule W505 (Rule 174 of total 279) .... done (Time = 0.00s, Memory = 0.0K)
    Checking Rule W528 (Rule 175 of total 279) .... done (Time = 0.00s, Memory = 32.0K)
    Checking Rule W528 (Rule 176 of total 279) .... done (Time = 0.00s, Memory = 645.8K)
    Checking Rule Prereqs_Usage (Rule 177 of total 279) .... done (Time = 0.00s, Memory = 16.0K)
    Checking Rule Postreqs_CheckFuncTask (Rule 178 of total 279) .... done (Time = 0.00s, Memory = 0.0K)
    Checking Rule Prereqs_ConstantInput-ML (Rule 179 of total 279) .... done (Time = 0.00s, Memory = 0.0K)
    Checking Rule Prereqs_ConstantInput-ML (Rule 180 of total 279) .... done (Time = 0.00s, Memory = 0.4K)
    Checking Rule ReportPortInfo-ML (Rule 181 of total 279) .... done (Time = 0.00s, Memory = 0.0K)
    Checking Rule NoAssignX-ML (Rule 182 of total 279) .... done (Time = 0.00s, Memory = 0.0K)
    Checking Rule ParamWidthMismatch-ML (Rule 183 of total 279) .... done (Time = 0.00s, Memory = 0.0K)
    Checking Rule Postreqs_Usage_ML (Rule 184 of total 279) .... done (Time = 0.00s, Memory = 0.0K)
    Checking Rule NoXInCase-ML (Rule 185 of total 279) .... done (Time = 0.00s, Memory = 0.0K)
Checking ELABDU Rules for designUnit CLK_DIV
    Checking Rule syncRstReq (Rule 127 of total 279) .... done (Time = 0.00s, Memory = 0.0K)
    Checking Rule syncRstReq (Rule 128 of total 279) .... done (Time = 0.00s, Memory = 0.0K)
    Checking Rule AcOvlRtl (Rule 129 of total 279) .... done (Time = 0.00s, Memory = 0.0K)
    Checking Rule AcOvlRtl (Rule 130 of total 279) .... done (Time = 0.00s, Memory = 0.0K)
    Checking Rule Prereqs_STARC-2.3.6.1 (Rule 131 of total 279) .... done (Time = 0.00s, Memory = 0.0K)
    Checking Rule GenTopLevelBlocksForAutoSoc (Rule 132 of total 279) .... done (Time = 0.00s, Memory = 8.0K)
    Checking Rule STARC05-2.1.5.3 (Rule 133 of total 279) .... done (Time = 0.00s, Memory = -32.0K)
    Checking Rule STARC05-2.2.3.3 (Rule 134 of total 279) .... done (Time = 0.00s, Memory = 0.0K)
    Checking Rule STARC05-2.3.1.6 (Rule 135 of total 279) .... done (Time = 0.00s, Memory = 0.0K)
    Checking Rule STARC05-2.10.2.3 (Rule 136 of total 279) .... done (Time = 0.00s, Memory = 0.0K)
    Checking Rule STARC05-2.10.3.2a (Rule 137 of total 279) .... done (Time = 0.00s, Memory = -3.0K)
    Checking Rule STARC05-2.11.3.1 (Rule 138 of total 279) .... done (Time = 0.00s, Memory = 0.0K)
    Checking Rule STARC05-2.1.3.1 (Rule 139 of total 279) .... done (Time = 0.00s, Memory = 21.0K)
    Checking Rule STARC05-2.10.1.4b (Rule 140 of total 279) .... done (Time = 0.00s, Memory = 0.0K)
    Checking Rule W110 (Rule 141 of total 279) .... done (Time = 0.00s, Memory = 0.0K)
    Checking Rule W122 (Rule 142 of total 279) .... done (Time = 0.00s, Memory = 0.0K)
    Checking Rule W496a (Rule 143 of total 279) .... done (Time = 0.00s, Memory = -4.0K)
    Checking Rule W19 (Rule 144 of total 279) .... done (Time = 0.00s, Memory = 0.0K)
    Checking Rule W66 (Rule 145 of total 279) .... done (Time = 0.00s, Memory = 0.0K)
    Checking Rule W116 (Rule 146 of total 279) .... done (Time = 0.00s, Memory = -0.6K)
    Checking Rule W123 (Rule 147 of total 279) .... done (Time = 0.00s, Memory = 16.0K)
    Checking Rule W156 (Rule 148 of total 279) .... done (Time = 0.00s, Memory = 0.0K)
    Checking Rule W215 (Rule 149 of total 279) .... done (Time = 0.00s, Memory = 3.8K)
    Checking Rule W216 (Rule 150 of total 279) .... done (Time = 0.00s, Memory = -0.6K)
    Checking Rule W218 (Rule 151 of total 279) .... done (Time = 0.00s, Memory = 1.9K)
    Checking Rule W224 (Rule 152 of total 279) .... done (Time = 0.00s, Memory = -32.0K)
    Checking Rule W263 (Rule 153 of total 279) .... done (Time = 0.00s, Memory = 0.0K)
    Checking Rule W289 (Rule 154 of total 279) .... done (Time = 0.00s, Memory = 0.0K)
    Checking Rule W337 (Rule 155 of total 279) .... done (Time = 0.00s, Memory = -29.5K)
    Checking Rule W352 (Rule 156 of total 279) .... done (Time = 0.00s, Memory = -0.3K)
    Checking Rule W362 (Rule 157 of total 279) .... done (Time = 0.00s, Memory = -31.4K)
    Checking Rule W415a (Rule 158 of total 279) .... done (Time = 0.00s, Memory = -1.0K)
    Checking Rule W486 (Rule 159 of total 279) .... done (Time = 0.00s, Memory = 0.0K)
    Checking Rule W499 (Rule 160 of total 279) .... done (Time = 0.00s, Memory = -0.1K)
    Checking Rule W502 (Rule 161 of total 279) .... done (Time = 0.00s, Memory = 1.6K)
    Checking Rule W116 (Rule 162 of total 279) .... done (Time = 0.00s, Memory = 0.0K)
    Checking Rule W122 (Rule 163 of total 279) .... done (Time = 0.00s, Memory = 0.6K)
    Checking Rule W123 (Rule 164 of total 279) .... done (Time = 0.00s, Memory = 0.9K)
    Checking Rule W71 (Rule 165 of total 279) .... done (Time = 0.00s, Memory = 0.0K)
    Checking Rule W240 (Rule 166 of total 279) .... done (Time = 0.00s, Memory = -2.0K)
    Checking Rule W240 (Rule 167 of total 279) .... done (Time = 0.00s, Memory = 0.0K)
    Checking Rule W287a (Rule 168 of total 279) .... done (Time = 0.00s, Memory = -1.2K)
    Checking Rule W293 (Rule 169 of total 279) .... done (Time = 0.00s, Memory = 3.8K)
    Checking Rule W398 (Rule 170 of total 279) .... done (Time = 0.00s, Memory = 0.0K)
    Checking Rule W424 (Rule 171 of total 279) .... done (Time = 0.00s, Memory = 0.0K)
    Checking Rule W467 (Rule 172 of total 279) .... done (Time = 0.00s, Memory = 0.0K)
    Checking Rule W505 (Rule 173 of total 279) .... done (Time = 0.00s, Memory = -24.7K)
    Checking Rule W505 (Rule 174 of total 279) .... done (Time = 0.00s, Memory = 0.0K)
    Checking Rule W528 (Rule 175 of total 279) .... done (Time = 0.00s, Memory = 0.0K)
    Checking Rule W528 (Rule 176 of total 279) .... done (Time = 0.00s, Memory = 645.8K)
    Checking Rule Prereqs_Usage (Rule 177 of total 279) .... done (Time = 0.00s, Memory = -16.0K)
    Checking Rule Postreqs_CheckFuncTask (Rule 178 of total 279) .... done (Time = 0.00s, Memory = 0.0K)
    Checking Rule Prereqs_ConstantInput-ML (Rule 179 of total 279) .... done (Time = 0.00s, Memory = 0.0K)
    Checking Rule Prereqs_ConstantInput-ML (Rule 180 of total 279) .... done (Time = 0.00s, Memory = 0.4K)
    Checking Rule ReportPortInfo-ML (Rule 181 of total 279) .... done (Time = 0.00s, Memory = 0.0K)
    Checking Rule NoAssignX-ML (Rule 182 of total 279) .... done (Time = 0.00s, Memory = 0.0K)
    Checking Rule ParamWidthMismatch-ML (Rule 183 of total 279) .... done (Time = 0.00s, Memory = 0.0K)
    Checking Rule Postreqs_Usage_ML (Rule 184 of total 279) .... done (Time = 0.00s, Memory = 0.0K)
    Checking Rule NoXInCase-ML (Rule 185 of total 279) .... done (Time = 0.00s, Memory = 0.0K)
Checking ELABDU Rules for designUnit RST_SYNC
    Checking Rule syncRstReq (Rule 127 of total 279) .... done (Time = 0.00s, Memory = -4.0K)
    Checking Rule syncRstReq (Rule 128 of total 279) .... done (Time = 0.00s, Memory = 0.0K)
    Checking Rule AcOvlRtl (Rule 129 of total 279) .... done (Time = 0.00s, Memory = 0.0K)
    Checking Rule AcOvlRtl (Rule 130 of total 279) .... done (Time = 0.00s, Memory = 0.0K)
    Checking Rule Prereqs_STARC-2.3.6.1 (Rule 131 of total 279) .... done (Time = 0.00s, Memory = 0.0K)
    Checking Rule GenTopLevelBlocksForAutoSoc (Rule 132 of total 279) .... done (Time = 0.00s, Memory = 0.0K)
    Checking Rule STARC05-2.1.5.3 (Rule 133 of total 279) .... done (Time = 0.00s, Memory = 0.0K)
    Checking Rule STARC05-2.2.3.3 (Rule 134 of total 279) .... done (Time = 0.00s, Memory = 0.0K)
    Checking Rule STARC05-2.3.1.6 (Rule 135 of total 279) .... done (Time = 0.00s, Memory = 0.0K)
    Checking Rule STARC05-2.10.2.3 (Rule 136 of total 279) .... done (Time = 0.00s, Memory = 0.0K)
    Checking Rule STARC05-2.10.3.2a (Rule 137 of total 279) .... done (Time = 0.00s, Memory = 0.0K)
    Checking Rule STARC05-2.11.3.1 (Rule 138 of total 279) .... done (Time = 0.00s, Memory = 4.0K)
    Checking Rule STARC05-2.1.3.1 (Rule 139 of total 279) .... done (Time = 0.00s, Memory = 0.0K)
    Checking Rule STARC05-2.10.1.4b (Rule 140 of total 279) .... done (Time = 0.00s, Memory = -8.0K)
    Checking Rule W110 (Rule 141 of total 279) .... done (Time = 0.00s, Memory = -8.0K)
    Checking Rule W122 (Rule 142 of total 279) .... done (Time = 0.00s, Memory = -8.0K)
    Checking Rule W496a (Rule 143 of total 279) .... done (Time = 0.00s, Memory = 0.0K)
    Checking Rule W19 (Rule 144 of total 279) .... done (Time = 0.00s, Memory = -3.1K)
    Checking Rule W66 (Rule 145 of total 279) .... done (Time = 0.00s, Memory = 0.0K)
    Checking Rule W116 (Rule 146 of total 279) .... done (Time = 0.00s, Memory = 0.0K)
    Checking Rule W123 (Rule 147 of total 279) .... done (Time = 0.00s, Memory = 16.0K)
    Checking Rule W156 (Rule 148 of total 279) .... done (Time = 0.00s, Memory = 0.0K)
    Checking Rule W215 (Rule 149 of total 279) .... done (Time = 0.00s, Memory = 0.0K)
    Checking Rule W216 (Rule 150 of total 279) .... done (Time = 0.00s, Memory = 0.0K)
    Checking Rule W218 (Rule 151 of total 279) .... done (Time = 0.00s, Memory = 0.0K)
    Checking Rule W224 (Rule 152 of total 279) .... done (Time = 0.00s, Memory = 0.0K)
    Checking Rule W263 (Rule 153 of total 279) .... done (Time = 0.00s, Memory = 0.0K)
    Checking Rule W289 (Rule 154 of total 279) .... done (Time = 0.00s, Memory = 0.0K)
    Checking Rule W337 (Rule 155 of total 279) .... done (Time = 0.00s, Memory = 0.0K)
    Checking Rule W352 (Rule 156 of total 279) .... done (Time = 0.00s, Memory = -4.0K)
    Checking Rule W362 (Rule 157 of total 279) .... done (Time = 0.00s, Memory = 0.0K)
    Checking Rule W415a (Rule 158 of total 279) .... done (Time = 0.00s, Memory = 3.5K)
    Checking Rule W486 (Rule 159 of total 279) .... done (Time = 0.00s, Memory = 0.0K)
    Checking Rule W499 (Rule 160 of total 279) .... done (Time = 0.00s, Memory = 0.0K)
    Checking Rule W502 (Rule 161 of total 279) .... done (Time = 0.00s, Memory = 0.0K)
    Checking Rule W116 (Rule 162 of total 279) .... done (Time = 0.00s, Memory = 0.0K)
    Checking Rule W122 (Rule 163 of total 279) .... done (Time = 0.00s, Memory = 0.6K)
    Checking Rule W123 (Rule 164 of total 279) .... done (Time = 0.00s, Memory = 0.9K)
    Checking Rule W71 (Rule 165 of total 279) .... done (Time = 0.00s, Memory = 0.0K)
    Checking Rule W240 (Rule 166 of total 279) .... done (Time = 0.00s, Memory = 4.7K)
    Checking Rule W240 (Rule 167 of total 279) .... done (Time = 0.00s, Memory = 0.0K)
    Checking Rule W287a (Rule 168 of total 279) .... done (Time = 0.00s, Memory = 0.0K)
    Checking Rule W293 (Rule 169 of total 279) .... done (Time = 0.00s, Memory = 0.0K)
    Checking Rule W398 (Rule 170 of total 279) .... done (Time = 0.00s, Memory = 0.0K)
    Checking Rule W424 (Rule 171 of total 279) .... done (Time = 0.00s, Memory = 0.0K)
    Checking Rule W467 (Rule 172 of total 279) .... done (Time = 0.00s, Memory = 0.0K)
    Checking Rule W505 (Rule 173 of total 279) .... done (Time = 0.00s, Memory = 4.0K)
    Checking Rule W505 (Rule 174 of total 279) .... done (Time = 0.00s, Memory = 0.0K)
    Checking Rule W528 (Rule 175 of total 279) .... done (Time = 0.00s, Memory = 0.0K)
    Checking Rule W528 (Rule 176 of total 279) .... done (Time = 0.00s, Memory = 645.8K)
    Checking Rule Prereqs_Usage (Rule 177 of total 279) .... done (Time = 0.00s, Memory = -16.0K)
    Checking Rule Postreqs_CheckFuncTask (Rule 178 of total 279) .... done (Time = 0.00s, Memory = 0.0K)
    Checking Rule Prereqs_ConstantInput-ML (Rule 179 of total 279) .... done (Time = 0.00s, Memory = 21.2K)
    Checking Rule Prereqs_ConstantInput-ML (Rule 180 of total 279) .... done (Time = 0.00s, Memory = 0.4K)
    Checking Rule ReportPortInfo-ML (Rule 181 of total 279) .... done (Time = 0.00s, Memory = 0.0K)
    Checking Rule NoAssignX-ML (Rule 182 of total 279) .... done (Time = 0.00s, Memory = 0.0K)
    Checking Rule ParamWidthMismatch-ML (Rule 183 of total 279) .... done (Time = 0.00s, Memory = -24.0K)
    Checking Rule Postreqs_Usage_ML (Rule 184 of total 279) .... done (Time = 0.00s, Memory = 0.0K)
    Checking Rule NoXInCase-ML (Rule 185 of total 279) .... done (Time = 0.00s, Memory = 0.0K)
Checking ELABDU Rules for designUnit UART
    Checking Rule syncRstReq (Rule 127 of total 279) .... done (Time = 0.00s, Memory = 0.0K)
    Checking Rule syncRstReq (Rule 128 of total 279) .... done (Time = 0.00s, Memory = 0.0K)
    Checking Rule AcOvlRtl (Rule 129 of total 279) .... done (Time = 0.00s, Memory = 0.0K)
    Checking Rule AcOvlRtl (Rule 130 of total 279) .... done (Time = 0.00s, Memory = 0.0K)
    Checking Rule Prereqs_STARC-2.3.6.1 (Rule 131 of total 279) .... done (Time = 0.00s, Memory = 0.0K)
    Checking Rule GenTopLevelBlocksForAutoSoc (Rule 132 of total 279) .... done (Time = 0.00s, Memory = 24.0K)
    Checking Rule STARC05-2.1.5.3 (Rule 133 of total 279) .... done (Time = 0.00s, Memory = 0.0K)
    Checking Rule STARC05-2.2.3.3 (Rule 134 of total 279) .... done (Time = 0.00s, Memory = 8.0K)
    Checking Rule STARC05-2.3.1.6 (Rule 135 of total 279) .... done (Time = 0.00s, Memory = -22.2K)
    Checking Rule STARC05-2.10.2.3 (Rule 136 of total 279) .... done (Time = 0.00s, Memory = 4.0K)
    Checking Rule STARC05-2.10.3.2a (Rule 137 of total 279) .... done (Time = 0.00s, Memory = -0.2K)
    Checking Rule STARC05-2.11.3.1 (Rule 138 of total 279) .... done (Time = 0.00s, Memory = 0.0K)
    Checking Rule STARC05-2.1.3.1 (Rule 139 of total 279) .... done (Time = 0.00s, Memory = 29.4K)
    Checking Rule STARC05-2.10.1.4b (Rule 140 of total 279) .... done (Time = 0.00s, Memory = -35.0K)
    Checking Rule W110 (Rule 141 of total 279) .... done (Time = 0.00s, Memory = -0.1K)
    Checking Rule W122 (Rule 142 of total 279) .... done (Time = 0.00s, Memory = 0.0K)
    Checking Rule W496a (Rule 143 of total 279) .... done (Time = 0.00s, Memory = 0.0K)
    Checking Rule W19 (Rule 144 of total 279) .... done (Time = 0.00s, Memory = 0.2K)
    Checking Rule W66 (Rule 145 of total 279) .... done (Time = 0.00s, Memory = 0.0K)
    Checking Rule W116 (Rule 146 of total 279) .... done (Time = 0.00s, Memory = -0.2K)
    Checking Rule W123 (Rule 147 of total 279) .... done (Time = 0.00s, Memory = 16.2K)
    Checking Rule W156 (Rule 148 of total 279) .... done (Time = 0.00s, Memory = 0.0K)
    Checking Rule W215 (Rule 149 of total 279) .... done (Time = 0.00s, Memory = -1.0K)
    Checking Rule W216 (Rule 150 of total 279) .... done (Time = 0.00s, Memory = -0.2K)
    Checking Rule W218 (Rule 151 of total 279) .... done (Time = 0.00s, Memory = 0.0K)
    Checking Rule W224 (Rule 152 of total 279) .... done (Time = 0.00s, Memory = 0.0K)
    Checking Rule W263 (Rule 153 of total 279) .... done (Time = 0.00s, Memory = 0.0K)
    Checking Rule W289 (Rule 154 of total 279) .... done (Time = 0.00s, Memory = -8.0K)
    Checking Rule W337 (Rule 155 of total 279) .... done (Time = 0.00s, Memory = -24.0K)
    Checking Rule W352 (Rule 156 of total 279) .... done (Time = 0.00s, Memory = 3.1K)
    Checking Rule W362 (Rule 157 of total 279) .... done (Time = 0.00s, Memory = 0.2K)
    Checking Rule W415a (Rule 158 of total 279) .... done (Time = 0.00s, Memory = 0.0K)
    Checking Rule W486 (Rule 159 of total 279) .... done (Time = 0.00s, Memory = 0.0K)
    Checking Rule W499 (Rule 160 of total 279) .... done (Time = 0.00s, Memory = 0.0K)
    Checking Rule W502 (Rule 161 of total 279) .... done (Time = 0.00s, Memory = 1.6K)
    Checking Rule W116 (Rule 162 of total 279) .... done (Time = 0.00s, Memory = 0.0K)
    Checking Rule W122 (Rule 163 of total 279) .... done (Time = 0.00s, Memory = 0.6K)
    Checking Rule W123 (Rule 164 of total 279) .... done (Time = 0.00s, Memory = 0.9K)
    Checking Rule W71 (Rule 165 of total 279) .... done (Time = 0.00s, Memory = 0.0K)
    Checking Rule W240 (Rule 166 of total 279) .... done (Time = 0.00s, Memory = 0.0K)
    Checking Rule W240 (Rule 167 of total 279) .... done (Time = 0.00s, Memory = 0.0K)
    Checking Rule W287a (Rule 168 of total 279) .... done (Time = 0.00s, Memory = 0.0K)
    Checking Rule W293 (Rule 169 of total 279) .... done (Time = 0.00s, Memory = 0.0K)
    Checking Rule W398 (Rule 170 of total 279) .... done (Time = 0.00s, Memory = 0.0K)
    Checking Rule W424 (Rule 171 of total 279) .... done (Time = 0.00s, Memory = 0.0K)
    Checking Rule W467 (Rule 172 of total 279) .... done (Time = 0.00s, Memory = 0.0K)
    Checking Rule W505 (Rule 173 of total 279) .... done (Time = 0.00s, Memory = 0.0K)
    Checking Rule W505 (Rule 174 of total 279) .... done (Time = 0.00s, Memory = 0.0K)
    Checking Rule W528 (Rule 175 of total 279) .... done (Time = 0.00s, Memory = 0.0K)
    Checking Rule W528 (Rule 176 of total 279) .... done (Time = 0.00s, Memory = 645.8K)
    Checking Rule Prereqs_Usage (Rule 177 of total 279) .... done (Time = 0.00s, Memory = -16.0K)
    Checking Rule Postreqs_CheckFuncTask (Rule 178 of total 279) .... done (Time = 0.00s, Memory = 0.0K)
    Checking Rule Prereqs_ConstantInput-ML (Rule 179 of total 279) .... done (Time = 0.00s, Memory = 0.0K)
    Checking Rule Prereqs_ConstantInput-ML (Rule 180 of total 279) .... done (Time = 0.00s, Memory = 0.4K)
    Checking Rule ReportPortInfo-ML (Rule 181 of total 279) .... done (Time = 0.00s, Memory = 16.0K)
    Checking Rule NoAssignX-ML (Rule 182 of total 279) .... done (Time = 0.00s, Memory = 0.0K)
    Checking Rule ParamWidthMismatch-ML (Rule 183 of total 279) .... done (Time = 0.00s, Memory = -8.0K)
    Checking Rule Postreqs_Usage_ML (Rule 184 of total 279) .... done (Time = 0.00s, Memory = 32.0K)
    Checking Rule NoXInCase-ML (Rule 185 of total 279) .... done (Time = 0.00s, Memory = 0.0K)
Checking ELABDU Rules for designUnit UART_TX
    Checking Rule syncRstReq (Rule 127 of total 279) .... done (Time = 0.00s, Memory = 0.0K)
    Checking Rule syncRstReq (Rule 128 of total 279) .... done (Time = 0.00s, Memory = 0.0K)
    Checking Rule AcOvlRtl (Rule 129 of total 279) .... done (Time = 0.00s, Memory = 0.0K)
    Checking Rule AcOvlRtl (Rule 130 of total 279) .... done (Time = 0.00s, Memory = 0.0K)
    Checking Rule Prereqs_STARC-2.3.6.1 (Rule 131 of total 279) .... done (Time = 0.00s, Memory = 0.0K)
    Checking Rule GenTopLevelBlocksForAutoSoc (Rule 132 of total 279) .... done (Time = 0.00s, Memory = -12.0K)
    Checking Rule STARC05-2.1.5.3 (Rule 133 of total 279) .... done (Time = 0.00s, Memory = 26.1K)
    Checking Rule STARC05-2.2.3.3 (Rule 134 of total 279) .... done (Time = 0.00s, Memory = 0.0K)
    Checking Rule STARC05-2.3.1.6 (Rule 135 of total 279) .... done (Time = 0.00s, Memory = -8.0K)
    Checking Rule STARC05-2.10.2.3 (Rule 136 of total 279) .... done (Time = 0.00s, Memory = -32.0K)
    Checking Rule STARC05-2.10.3.2a (Rule 137 of total 279) .... done (Time = 0.00s, Memory = 8.0K)
    Checking Rule STARC05-2.11.3.1 (Rule 138 of total 279) .... done (Time = 0.00s, Memory = 0.0K)
    Checking Rule STARC05-2.1.3.1 (Rule 139 of total 279) .... done (Time = 0.00s, Memory = 8.0K)
    Checking Rule STARC05-2.10.1.4b (Rule 140 of total 279) .... done (Time = 0.00s, Memory = 8.0K)
    Checking Rule W110 (Rule 141 of total 279) .... done (Time = 0.00s, Memory = 0.0K)
    Checking Rule W122 (Rule 142 of total 279) .... done (Time = 0.00s, Memory = 0.0K)
    Checking Rule W496a (Rule 143 of total 279) .... done (Time = 0.00s, Memory = 0.0K)
    Checking Rule W19 (Rule 144 of total 279) .... done (Time = 0.00s, Memory = 0.0K)
    Checking Rule W66 (Rule 145 of total 279) .... done (Time = 0.00s, Memory = 0.0K)
    Checking Rule W116 (Rule 146 of total 279) .... done (Time = 0.00s, Memory = 0.0K)
    Checking Rule W123 (Rule 147 of total 279) .... done (Time = 0.00s, Memory = 16.0K)
    Checking Rule W156 (Rule 148 of total 279) .... done (Time = 0.00s, Memory = 0.0K)
    Checking Rule W215 (Rule 149 of total 279) .... done (Time = 0.00s, Memory = -6.0K)
    Checking Rule W216 (Rule 150 of total 279) .... done (Time = 0.00s, Memory = 0.0K)
    Checking Rule W218 (Rule 151 of total 279) .... done (Time = 0.00s, Memory = 0.0K)
    Checking Rule W224 (Rule 152 of total 279) .... done (Time = 0.00s, Memory = -1.6K)
    Checking Rule W263 (Rule 153 of total 279) .... done (Time = 0.00s, Memory = 0.0K)
    Checking Rule W289 (Rule 154 of total 279) .... done (Time = 0.00s, Memory = 0.0K)
    Checking Rule W337 (Rule 155 of total 279) .... done (Time = 0.00s, Memory = 0.0K)
    Checking Rule W352 (Rule 156 of total 279) .... done (Time = 0.00s, Memory = 0.0K)
    Checking Rule W362 (Rule 157 of total 279) .... done (Time = 0.00s, Memory = 0.0K)
    Checking Rule W415a (Rule 158 of total 279) .... done (Time = 0.00s, Memory = 0.0K)
    Checking Rule W486 (Rule 159 of total 279) .... done (Time = 0.00s, Memory = 32.0K)
    Checking Rule W499 (Rule 160 of total 279) .... done (Time = 0.00s, Memory = -28.3K)
    Checking Rule W502 (Rule 161 of total 279) .... done (Time = 0.00s, Memory = 0.0K)
    Checking Rule W116 (Rule 162 of total 279) .... done (Time = 0.00s, Memory = 0.0K)
    Checking Rule W122 (Rule 163 of total 279) .... done (Time = 0.00s, Memory = 0.6K)
    Checking Rule W123 (Rule 164 of total 279) .... done (Time = 0.00s, Memory = 0.9K)
    Checking Rule W71 (Rule 165 of total 279) .... done (Time = 0.00s, Memory = 0.8K)
    Checking Rule W240 (Rule 166 of total 279) .... done (Time = 0.00s, Memory = 0.0K)
    Checking Rule W240 (Rule 167 of total 279) .... done (Time = 0.00s, Memory = 0.0K)
    Checking Rule W287a (Rule 168 of total 279) .... done (Time = 0.00s, Memory = -1.6K)
    Checking Rule W293 (Rule 169 of total 279) .... done (Time = 0.00s, Memory = 0.0K)
    Checking Rule W398 (Rule 170 of total 279) .... done (Time = 0.00s, Memory = -5.6K)
    Checking Rule W424 (Rule 171 of total 279) .... done (Time = 0.00s, Memory = 0.0K)
    Checking Rule W467 (Rule 172 of total 279) .... done (Time = 0.00s, Memory = 0.0K)
    Checking Rule W505 (Rule 173 of total 279) .... done (Time = 0.00s, Memory = 0.0K)
    Checking Rule W505 (Rule 174 of total 279) .... done (Time = 0.00s, Memory = 0.0K)
    Checking Rule W528 (Rule 175 of total 279) .... done (Time = 0.00s, Memory = -0.3K)
    Checking Rule W528 (Rule 176 of total 279) .... done (Time = 0.00s, Memory = 645.8K)
    Checking Rule Prereqs_Usage (Rule 177 of total 279) .... done (Time = 0.00s, Memory = 12.7K)
    Checking Rule Postreqs_CheckFuncTask (Rule 178 of total 279) .... done (Time = 0.00s, Memory = 4.0K)
    Checking Rule Prereqs_ConstantInput-ML (Rule 179 of total 279) .... done (Time = 0.00s, Memory = 0.0K)
    Checking Rule Prereqs_ConstantInput-ML (Rule 180 of total 279) .... done (Time = 0.00s, Memory = 0.4K)
    Checking Rule ReportPortInfo-ML (Rule 181 of total 279) .... done (Time = 0.00s, Memory = 1.5K)
    Checking Rule NoAssignX-ML (Rule 182 of total 279) .... done (Time = 0.00s, Memory = -1.8K)
    Checking Rule ParamWidthMismatch-ML (Rule 183 of total 279) .... done (Time = 0.00s, Memory = -6.0K)
    Checking Rule Postreqs_Usage_ML (Rule 184 of total 279) .... done (Time = 0.00s, Memory = 0.0K)
    Checking Rule NoXInCase-ML (Rule 185 of total 279) .... done (Time = 0.00s, Memory = 0.0K)
Checking ELABDU Rules for designUnit MUX
    Checking Rule syncRstReq (Rule 127 of total 279) .... done (Time = 0.00s, Memory = 0.0K)
    Checking Rule syncRstReq (Rule 128 of total 279) .... done (Time = 0.00s, Memory = 0.0K)
    Checking Rule AcOvlRtl (Rule 129 of total 279) .... done (Time = 0.00s, Memory = 0.0K)
    Checking Rule AcOvlRtl (Rule 130 of total 279) .... done (Time = 0.00s, Memory = 0.0K)
    Checking Rule Prereqs_STARC-2.3.6.1 (Rule 131 of total 279) .... done (Time = 0.00s, Memory = 0.0K)
    Checking Rule GenTopLevelBlocksForAutoSoc (Rule 132 of total 279) .... done (Time = 0.00s, Memory = 0.0K)
    Checking Rule STARC05-2.1.5.3 (Rule 133 of total 279) .... done (Time = 0.00s, Memory = 0.0K)
    Checking Rule STARC05-2.2.3.3 (Rule 134 of total 279) .... done (Time = 0.00s, Memory = 6.8K)
    Checking Rule STARC05-2.3.1.6 (Rule 135 of total 279) .... done (Time = 0.00s, Memory = -8.0K)
    Checking Rule STARC05-2.10.2.3 (Rule 136 of total 279) .... done (Time = 0.00s, Memory = 0.0K)
    Checking Rule STARC05-2.10.3.2a (Rule 137 of total 279) .... done (Time = 0.01s, Memory = 0.0K)
    Checking Rule STARC05-2.11.3.1 (Rule 138 of total 279) .... done (Time = 0.00s, Memory = -5.0K)
    Checking Rule STARC05-2.1.3.1 (Rule 139 of total 279) .... done (Time = 0.00s, Memory = 0.0K)
    Checking Rule STARC05-2.10.1.4b (Rule 140 of total 279) .... done (Time = 0.00s, Memory = 0.0K)
    Checking Rule W110 (Rule 141 of total 279) .... done (Time = 0.00s, Memory = -0.2K)
    Checking Rule W122 (Rule 142 of total 279) .... done (Time = 0.00s, Memory = 0.0K)
    Checking Rule W496a (Rule 143 of total 279) .... done (Time = 0.00s, Memory = 0.0K)
    Checking Rule W19 (Rule 144 of total 279) .... done (Time = 0.00s, Memory = 0.0K)
    Checking Rule W66 (Rule 145 of total 279) .... done (Time = 0.00s, Memory = 0.0K)
    Checking Rule W116 (Rule 146 of total 279) .... done (Time = 0.00s, Memory = 0.0K)
    Checking Rule W123 (Rule 147 of total 279) .... done (Time = 0.00s, Memory = 16.0K)
    Checking Rule W156 (Rule 148 of total 279) .... done (Time = 0.00s, Memory = 0.0K)
    Checking Rule W215 (Rule 149 of total 279) .... done (Time = 0.00s, Memory = 0.0K)
    Checking Rule W216 (Rule 150 of total 279) .... done (Time = 0.00s, Memory = 4.0K)
    Checking Rule W218 (Rule 151 of total 279) .... done (Time = 0.00s, Memory = -8.2K)
    Checking Rule W224 (Rule 152 of total 279) .... done (Time = 0.00s, Memory = 0.0K)
    Checking Rule W263 (Rule 153 of total 279) .... done (Time = 0.00s, Memory = 0.0K)
    Checking Rule W289 (Rule 154 of total 279) .... done (Time = 0.00s, Memory = 0.0K)
    Checking Rule W337 (Rule 155 of total 279) .... done (Time = 0.00s, Memory = -0.2K)
    Checking Rule W352 (Rule 156 of total 279) .... done (Time = 0.00s, Memory = 0.0K)
    Checking Rule W362 (Rule 157 of total 279) .... done (Time = 0.00s, Memory = 0.0K)
    Checking Rule W415a (Rule 158 of total 279) .... done (Time = 0.00s, Memory = 0.5K)
    Checking Rule W486 (Rule 159 of total 279) .... done (Time = 0.00s, Memory = 0.0K)
    Checking Rule W499 (Rule 160 of total 279) .... done (Time = 0.00s, Memory = 0.0K)
    Checking Rule W502 (Rule 161 of total 279) .... done (Time = 0.00s, Memory = 0.8K)
    Checking Rule W116 (Rule 162 of total 279) .... done (Time = 0.00s, Memory = 0.0K)
    Checking Rule W122 (Rule 163 of total 279) .... done (Time = 0.00s, Memory = 0.6K)
    Checking Rule W123 (Rule 164 of total 279) .... done (Time = 0.00s, Memory = 0.9K)
    Checking Rule W71 (Rule 165 of total 279) .... done (Time = 0.00s, Memory = 0.0K)
    Checking Rule W240 (Rule 166 of total 279) .... done (Time = 0.00s, Memory = 0.0K)
    Checking Rule W240 (Rule 167 of total 279) .... done (Time = 0.00s, Memory = 0.0K)
    Checking Rule W287a (Rule 168 of total 279) .... done (Time = 0.00s, Memory = 4.0K)
    Checking Rule W293 (Rule 169 of total 279) .... done (Time = 0.00s, Memory = 0.0K)
    Checking Rule W398 (Rule 170 of total 279) .... done (Time = 0.00s, Memory = 0.0K)
    Checking Rule W424 (Rule 171 of total 279) .... done (Time = 0.00s, Memory = 3.1K)
    Checking Rule W467 (Rule 172 of total 279) .... done (Time = 0.00s, Memory = -7.4K)
    Checking Rule W505 (Rule 173 of total 279) .... done (Time = 0.00s, Memory = 0.0K)
    Checking Rule W505 (Rule 174 of total 279) .... done (Time = 0.00s, Memory = 0.0K)
    Checking Rule W528 (Rule 175 of total 279) .... done (Time = 0.00s, Memory = -0.6K)
    Checking Rule W528 (Rule 176 of total 279) .... done (Time = 0.00s, Memory = 645.8K)
    Checking Rule Prereqs_Usage (Rule 177 of total 279) .... done (Time = 0.00s, Memory = -16.8K)
    Checking Rule Postreqs_CheckFuncTask (Rule 178 of total 279) .... done (Time = 0.00s, Memory = 0.0K)
    Checking Rule Prereqs_ConstantInput-ML (Rule 179 of total 279) .... done (Time = 0.00s, Memory = 0.6K)
    Checking Rule Prereqs_ConstantInput-ML (Rule 180 of total 279) .... done (Time = 0.00s, Memory = 0.4K)
    Checking Rule ReportPortInfo-ML (Rule 181 of total 279) .... done (Time = 0.00s, Memory = 4.7K)
    Checking Rule NoAssignX-ML (Rule 182 of total 279) .... done (Time = 0.00s, Memory = 0.0K)
    Checking Rule ParamWidthMismatch-ML (Rule 183 of total 279) .... done (Time = 0.00s, Memory = 0.0K)
    Checking Rule Postreqs_Usage_ML (Rule 184 of total 279) .... done (Time = 0.00s, Memory = 0.0K)
    Checking Rule NoXInCase-ML (Rule 185 of total 279) .... done (Time = 0.00s, Memory = 0.0K)
Checking ELABDU Rules for designUnit Parity_Calc
    Checking Rule syncRstReq (Rule 127 of total 279) .... done (Time = 0.00s, Memory = 0.0K)
    Checking Rule syncRstReq (Rule 128 of total 279) .... done (Time = 0.00s, Memory = 0.0K)
    Checking Rule AcOvlRtl (Rule 129 of total 279) .... done (Time = 0.00s, Memory = 24.0K)
    Checking Rule AcOvlRtl (Rule 130 of total 279) .... done (Time = 0.00s, Memory = 0.0K)
    Checking Rule Prereqs_STARC-2.3.6.1 (Rule 131 of total 279) .... done (Time = 0.00s, Memory = 0.0K)
    Checking Rule GenTopLevelBlocksForAutoSoc (Rule 132 of total 279) .... done (Time = 0.00s, Memory = 0.0K)
    Checking Rule STARC05-2.1.5.3 (Rule 133 of total 279) .... done (Time = 0.00s, Memory = -36.0K)
    Checking Rule STARC05-2.2.3.3 (Rule 134 of total 279) .... done (Time = 0.00s, Memory = 0.0K)
    Checking Rule STARC05-2.3.1.6 (Rule 135 of total 279) .... done (Time = 0.00s, Memory = -8.0K)
    Checking Rule STARC05-2.10.2.3 (Rule 136 of total 279) .... done (Time = 0.00s, Memory = 64.0K)
    Checking Rule STARC05-2.10.3.2a (Rule 137 of total 279) .... done (Time = 0.00s, Memory = 0.2K)
    Checking Rule STARC05-2.11.3.1 (Rule 138 of total 279) .... done (Time = 0.00s, Memory = 0.0K)
    Checking Rule STARC05-2.1.3.1 (Rule 139 of total 279) .... done (Time = 0.00s, Memory = 6.0K)
    Checking Rule STARC05-2.10.1.4b (Rule 140 of total 279) .... done (Time = 0.00s, Memory = 0.0K)
    Checking Rule W110 (Rule 141 of total 279) .... done (Time = 0.00s, Memory = 0.0K)
    Checking Rule W122 (Rule 142 of total 279) .... done (Time = 0.00s, Memory = -0.2K)
    Checking Rule W496a (Rule 143 of total 279) .... done (Time = 0.00s, Memory = 0.0K)
    Checking Rule W19 (Rule 144 of total 279) .... done (Time = 0.00s, Memory = 0.0K)
    Checking Rule W66 (Rule 145 of total 279) .... done (Time = 0.00s, Memory = 0.0K)
    Checking Rule W116 (Rule 146 of total 279) .... done (Time = 0.00s, Memory = -0.7K)
    Checking Rule W123 (Rule 147 of total 279) .... done (Time = 0.00s, Memory = 40.0K)
    Checking Rule W156 (Rule 148 of total 279) .... done (Time = 0.00s, Memory = 0.0K)
    Checking Rule W215 (Rule 149 of total 279) .... done (Time = 0.00s, Memory = 0.0K)
    Checking Rule W216 (Rule 150 of total 279) .... done (Time = 0.00s, Memory = 12.0K)
    Checking Rule W218 (Rule 151 of total 279) .... done (Time = 0.00s, Memory = -40.4K)
    Checking Rule W224 (Rule 152 of total 279) .... done (Time = 0.00s, Memory = 0.0K)
    Checking Rule W263 (Rule 153 of total 279) .... done (Time = 0.00s, Memory = 0.0K)
    Checking Rule W289 (Rule 154 of total 279) .... done (Time = 0.00s, Memory = -0.7K)
    Checking Rule W337 (Rule 155 of total 279) .... done (Time = 0.00s, Memory = -0.3K)
    Checking Rule W352 (Rule 156 of total 279) .... done (Time = 0.00s, Memory = 0.0K)
    Checking Rule W362 (Rule 157 of total 279) .... done (Time = 0.00s, Memory = 0.0K)
    Checking Rule W415a (Rule 158 of total 279) .... done (Time = 0.00s, Memory = 1.0K)
    Checking Rule W486 (Rule 159 of total 279) .... done (Time = 0.00s, Memory = 0.0K)
    Checking Rule W499 (Rule 160 of total 279) .... done (Time = 0.00s, Memory = -0.5K)
    Checking Rule W502 (Rule 161 of total 279) .... done (Time = 0.00s, Memory = -0.9K)
    Checking Rule W116 (Rule 162 of total 279) .... done (Time = 0.00s, Memory = 0.0K)
    Checking Rule W122 (Rule 163 of total 279) .... done (Time = 0.00s, Memory = 0.6K)
    Checking Rule W123 (Rule 164 of total 279) .... done (Time = 0.00s, Memory = 0.9K)
    Checking Rule W71 (Rule 165 of total 279) .... done (Time = 0.00s, Memory = 0.0K)
    Checking Rule W240 (Rule 166 of total 279) .... done (Time = 0.00s, Memory = 24.0K)
    Checking Rule W240 (Rule 167 of total 279) .... done (Time = 0.00s, Memory = 0.0K)
    Checking Rule W287a (Rule 168 of total 279) .... done (Time = 0.00s, Memory = 4.0K)
    Checking Rule W293 (Rule 169 of total 279) .... done (Time = 0.00s, Memory = 0.0K)
    Checking Rule W398 (Rule 170 of total 279) .... done (Time = 0.00s, Memory = 0.0K)
    Checking Rule W424 (Rule 171 of total 279) .... done (Time = 0.00s, Memory = 10.8K)
    Checking Rule W467 (Rule 172 of total 279) .... done (Time = 0.00s, Memory = 32.0K)
    Checking Rule W505 (Rule 173 of total 279) .... done (Time = 0.00s, Memory = -10.1K)
    Checking Rule W505 (Rule 174 of total 279) .... done (Time = 0.00s, Memory = 0.0K)
    Checking Rule W528 (Rule 175 of total 279) .... done (Time = 0.00s, Memory = 0.8K)
    Checking Rule W528 (Rule 176 of total 279) .... done (Time = 0.00s, Memory = 645.8K)
    Checking Rule Prereqs_Usage (Rule 177 of total 279) .... done (Time = 0.00s, Memory = -16.0K)
    Checking Rule Postreqs_CheckFuncTask (Rule 178 of total 279) .... done (Time = 0.00s, Memory = 32.0K)
    Checking Rule Prereqs_ConstantInput-ML (Rule 179 of total 279) .... done (Time = 0.00s, Memory = -3.5K)
    Checking Rule Prereqs_ConstantInput-ML (Rule 180 of total 279) .... done (Time = 0.00s, Memory = 0.4K)
    Checking Rule ReportPortInfo-ML (Rule 181 of total 279) .... done (Time = 0.00s, Memory = -11.1K)
    Checking Rule NoAssignX-ML (Rule 182 of total 279) .... done (Time = 0.00s, Memory = 0.0K)
    Checking Rule ParamWidthMismatch-ML (Rule 183 of total 279) .... done (Time = 0.00s, Memory = -0.7K)
    Checking Rule Postreqs_Usage_ML (Rule 184 of total 279) .... done (Time = 0.00s, Memory = 0.0K)
    Checking Rule NoXInCase-ML (Rule 185 of total 279) .... done (Time = 0.00s, Memory = 0.0K)
Checking ELABDU Rules for designUnit Serializer
    Checking Rule syncRstReq (Rule 127 of total 279) .... done (Time = 0.00s, Memory = 0.0K)
    Checking Rule syncRstReq (Rule 128 of total 279) .... done (Time = 0.00s, Memory = 0.0K)
    Checking Rule AcOvlRtl (Rule 129 of total 279) .... done (Time = 0.00s, Memory = 0.0K)
    Checking Rule AcOvlRtl (Rule 130 of total 279) .... done (Time = 0.00s, Memory = 0.0K)
    Checking Rule Prereqs_STARC-2.3.6.1 (Rule 131 of total 279) .... done (Time = 0.00s, Memory = 0.0K)
    Checking Rule GenTopLevelBlocksForAutoSoc (Rule 132 of total 279) .... done (Time = 0.00s, Memory = 0.0K)
    Checking Rule STARC05-2.1.5.3 (Rule 133 of total 279) .... done (Time = 0.00s, Memory = 0.5K)
    Checking Rule STARC05-2.2.3.3 (Rule 134 of total 279) .... done (Time = 0.00s, Memory = 0.0K)
    Checking Rule STARC05-2.3.1.6 (Rule 135 of total 279) .... done (Time = 0.00s, Memory = 128.0K)
    Checking Rule STARC05-2.10.2.3 (Rule 136 of total 279) .... done (Time = 0.00s, Memory = 4.7K)
    Checking Rule STARC05-2.10.3.2a (Rule 137 of total 279) .... done (Time = 0.00s, Memory = 0.0K)
    Checking Rule STARC05-2.11.3.1 (Rule 138 of total 279) .... done (Time = 0.00s, Memory = 0.3K)
    Checking Rule STARC05-2.1.3.1 (Rule 139 of total 279) .... done (Time = 0.00s, Memory = 6.0K)
    Checking Rule STARC05-2.10.1.4b (Rule 140 of total 279) .... done (Time = 0.00s, Memory = 0.0K)
    Checking Rule W110 (Rule 141 of total 279) .... done (Time = 0.00s, Memory = 0.0K)
    Checking Rule W122 (Rule 142 of total 279) .... done (Time = 0.00s, Memory = 1.4K)
    Checking Rule W496a (Rule 143 of total 279) .... done (Time = 0.00s, Memory = 0.0K)
    Checking Rule W19 (Rule 144 of total 279) .... done (Time = 0.00s, Memory = 1.6K)
    Checking Rule W66 (Rule 145 of total 279) .... done (Time = 0.00s, Memory = 0.1K)
    Checking Rule W116 (Rule 146 of total 279) .... done (Time = 0.00s, Memory = 16.1K)
    Checking Rule W123 (Rule 147 of total 279) .... done (Time = 0.00s, Memory = 16.0K)
    Checking Rule W156 (Rule 148 of total 279) .... done (Time = 0.00s, Memory = -28.0K)
    Checking Rule W215 (Rule 149 of total 279) .... done (Time = 0.00s, Memory = 0.0K)
    Checking Rule W216 (Rule 150 of total 279) .... done (Time = 0.00s, Memory = 0.0K)
    Checking Rule W218 (Rule 151 of total 279) .... done (Time = 0.00s, Memory = 0.0K)
    Checking Rule W224 (Rule 152 of total 279) .... done (Time = 0.00s, Memory = 0.0K)
    Checking Rule W263 (Rule 153 of total 279) .... done (Time = 0.00s, Memory = 0.0K)
    Checking Rule W289 (Rule 154 of total 279) .... done (Time = 0.00s, Memory = 0.0K)
    Checking Rule W337 (Rule 155 of total 279) .... done (Time = 0.00s, Memory = 0.0K)
    Checking Rule W352 (Rule 156 of total 279) .... done (Time = 0.00s, Memory = 0.0K)
    Checking Rule W362 (Rule 157 of total 279) .... done (Time = 0.00s, Memory = 0.3K)
    Checking Rule W415a (Rule 158 of total 279) .... done (Time = 0.00s, Memory = 0.9K)
    Checking Rule W486 (Rule 159 of total 279) .... done (Time = 0.00s, Memory = 24.0K)
    Checking Rule W499 (Rule 160 of total 279) .... done (Time = 0.00s, Memory = 0.0K)
    Checking Rule W502 (Rule 161 of total 279) .... done (Time = 0.00s, Memory = 1.8K)
    Checking Rule W116 (Rule 162 of total 279) .... done (Time = 0.00s, Memory = 0.0K)
    Checking Rule W122 (Rule 163 of total 279) .... done (Time = 0.00s, Memory = 0.6K)
    Checking Rule W123 (Rule 164 of total 279) .... done (Time = 0.00s, Memory = 0.9K)
    Checking Rule W71 (Rule 165 of total 279) .... done (Time = 0.00s, Memory = 0.0K)
    Checking Rule W240 (Rule 166 of total 279) .... done (Time = 0.00s, Memory = 0.0K)
    Checking Rule W240 (Rule 167 of total 279) .... done (Time = 0.00s, Memory = 0.0K)
    Checking Rule W287a (Rule 168 of total 279) .... done (Time = 0.00s, Memory = 256.0K)
    Checking Rule W293 (Rule 169 of total 279) .... done (Time = 0.00s, Memory = -128.0K)
    Checking Rule W398 (Rule 170 of total 279) .... done (Time = 0.00s, Memory = 0.0K)
    Checking Rule W424 (Rule 171 of total 279) .... done (Time = 0.00s, Memory = 0.0K)
    Checking Rule W467 (Rule 172 of total 279) .... done (Time = 0.00s, Memory = 0.0K)
    Checking Rule W505 (Rule 173 of total 279) .... done (Time = 0.00s, Memory = 0.9K)
    Checking Rule W505 (Rule 174 of total 279) .... done (Time = 0.00s, Memory = 0.0K)
    Checking Rule W528 (Rule 175 of total 279) .... done (Time = 0.00s, Memory = 0.0K)
    Checking Rule W528 (Rule 176 of total 279) .... done (Time = 0.00s, Memory = 645.8K)
    Checking Rule Prereqs_Usage (Rule 177 of total 279) .... done (Time = 0.00s, Memory = -16.0K)
    Checking Rule Postreqs_CheckFuncTask (Rule 178 of total 279) .... done (Time = 0.00s, Memory = 0.0K)
    Checking Rule Prereqs_ConstantInput-ML (Rule 179 of total 279) .... done (Time = 0.00s, Memory = 4.0K)
    Checking Rule Prereqs_ConstantInput-ML (Rule 180 of total 279) .... done (Time = 0.00s, Memory = 0.4K)
    Checking Rule ReportPortInfo-ML (Rule 181 of total 279) .... done (Time = 0.00s, Memory = 0.0K)
    Checking Rule NoAssignX-ML (Rule 182 of total 279) .... done (Time = 0.00s, Memory = 24.0K)
    Checking Rule ParamWidthMismatch-ML (Rule 183 of total 279) .... done (Time = 0.00s, Memory = 0.0K)
    Checking Rule Postreqs_Usage_ML (Rule 184 of total 279) .... done (Time = 0.00s, Memory = 3.1K)
    Checking Rule NoXInCase-ML (Rule 185 of total 279) .... done (Time = 0.00s, Memory = 0.0K)
Checking ELABDU Rules for designUnit FSM_TX
    Checking Rule syncRstReq (Rule 127 of total 279) .... done (Time = 0.00s, Memory = 0.0K)
    Checking Rule syncRstReq (Rule 128 of total 279) .... done (Time = 0.00s, Memory = 0.0K)
    Checking Rule AcOvlRtl (Rule 129 of total 279) .... done (Time = 0.00s, Memory = 0.0K)
    Checking Rule AcOvlRtl (Rule 130 of total 279) .... done (Time = 0.00s, Memory = 0.0K)
    Checking Rule Prereqs_STARC-2.3.6.1 (Rule 131 of total 279) .... done (Time = 0.00s, Memory = 0.0K)
    Checking Rule GenTopLevelBlocksForAutoSoc (Rule 132 of total 279) .... done (Time = 0.00s, Memory = 0.0K)
    Checking Rule STARC05-2.1.5.3 (Rule 133 of total 279) .... done (Time = 0.00s, Memory = 3.7K)
    Checking Rule STARC05-2.2.3.3 (Rule 134 of total 279) .... done (Time = 0.00s, Memory = 32.0K)
    Checking Rule STARC05-2.3.1.6 (Rule 135 of total 279) .... done (Time = 0.00s, Memory = 0.0K)
    Checking Rule STARC05-2.10.2.3 (Rule 136 of total 279) .... done (Time = 0.00s, Memory = 8.0K)
    Checking Rule STARC05-2.10.3.2a (Rule 137 of total 279) .... done (Time = 0.00s, Memory = 0.0K)
    Checking Rule STARC05-2.11.3.1 (Rule 138 of total 279) .... done (Time = 0.00s, Memory = -0.5K)
    Checking Rule STARC05-2.1.3.1 (Rule 139 of total 279) .... done (Time = 0.00s, Memory = 0.0K)
    Checking Rule STARC05-2.10.1.4b (Rule 140 of total 279) .... done (Time = 0.00s, Memory = 0.0K)
    Checking Rule W110 (Rule 141 of total 279) .... done (Time = 0.00s, Memory = 0.0K)
    Checking Rule W122 (Rule 142 of total 279) .... done (Time = 0.00s, Memory = 8.0K)
    Checking Rule W496a (Rule 143 of total 279) .... done (Time = 0.00s, Memory = -24.8K)
    Checking Rule W19 (Rule 144 of total 279) .... done (Time = 0.00s, Memory = -32.0K)
    Checking Rule W66 (Rule 145 of total 279) .... done (Time = 0.00s, Memory = -0.2K)
    Checking Rule W116 (Rule 146 of total 279) .... done (Time = 0.00s, Memory = 0.0K)
    Checking Rule W123 (Rule 147 of total 279) .... done (Time = 0.00s, Memory = 16.1K)
    Checking Rule W156 (Rule 148 of total 279) .... done (Time = 0.00s, Memory = 0.0K)
    Checking Rule W215 (Rule 149 of total 279) .... done (Time = 0.00s, Memory = 0.0K)
    Checking Rule W216 (Rule 150 of total 279) .... done (Time = 0.00s, Memory = 0.0K)
    Checking Rule W218 (Rule 151 of total 279) .... done (Time = 0.00s, Memory = 0.0K)
    Checking Rule W224 (Rule 152 of total 279) .... done (Time = 0.00s, Memory = 0.0K)
    Checking Rule W263 (Rule 153 of total 279) .... done (Time = 0.00s, Memory = -1.3K)
    Checking Rule W289 (Rule 154 of total 279) .... done (Time = 0.00s, Memory = 0.0K)
    Checking Rule W337 (Rule 155 of total 279) .... done (Time = 0.00s, Memory = 24.0K)
    Checking Rule W352 (Rule 156 of total 279) .... done (Time = 0.00s, Memory = 0.0K)
    Checking Rule W362 (Rule 157 of total 279) .... done (Time = 0.00s, Memory = 0.1K)
    Checking Rule W415a (Rule 158 of total 279) .... done (Time = 0.00s, Memory = -8.2K)
    Checking Rule W486 (Rule 159 of total 279) .... done (Time = 0.00s, Memory = 0.0K)
    Checking Rule W499 (Rule 160 of total 279) .... done (Time = 0.00s, Memory = 0.0K)
    Checking Rule W502 (Rule 161 of total 279) .... done (Time = 0.00s, Memory = 0.9K)
    Checking Rule W116 (Rule 162 of total 279) .... done (Time = 0.00s, Memory = 0.0K)
    Checking Rule W122 (Rule 163 of total 279) .... done (Time = 0.00s, Memory = 0.6K)
    Checking Rule W123 (Rule 164 of total 279) .... done (Time = 0.00s, Memory = 0.9K)
    Checking Rule W71 (Rule 165 of total 279) .... done (Time = 0.00s, Memory = 0.1K)
    Checking Rule W240 (Rule 166 of total 279) .... done (Time = 0.00s, Memory = 0.0K)
    Checking Rule W240 (Rule 167 of total 279) .... done (Time = 0.00s, Memory = 0.0K)
    Checking Rule W287a (Rule 168 of total 279) .... done (Time = 0.00s, Memory = 0.0K)
    Checking Rule W293 (Rule 169 of total 279) .... done (Time = 0.00s, Memory = 0.0K)
    Checking Rule W398 (Rule 170 of total 279) .... done (Time = 0.00s, Memory = 0.0K)
    Checking Rule W424 (Rule 171 of total 279) .... done (Time = 0.00s, Memory = 0.0K)
    Checking Rule W467 (Rule 172 of total 279) .... done (Time = 0.00s, Memory = -26.1K)
    Checking Rule W505 (Rule 173 of total 279) .... done (Time = 0.00s, Memory = 4.9K)
    Checking Rule W505 (Rule 174 of total 279) .... done (Time = 0.00s, Memory = 0.0K)
    Checking Rule W528 (Rule 175 of total 279) .... done (Time = 0.00s, Memory = 0.0K)
    Checking Rule W528 (Rule 176 of total 279) .... done (Time = 0.00s, Memory = 645.8K)
    Checking Rule Prereqs_Usage (Rule 177 of total 279) .... done (Time = 0.00s, Memory = -16.0K)
    Checking Rule Postreqs_CheckFuncTask (Rule 178 of total 279) .... done (Time = 0.00s, Memory = 0.0K)
    Checking Rule Prereqs_ConstantInput-ML (Rule 179 of total 279) .... done (Time = 0.00s, Memory = 0.0K)
    Checking Rule Prereqs_ConstantInput-ML (Rule 180 of total 279) .... done (Time = 0.00s, Memory = 0.4K)
    Checking Rule ReportPortInfo-ML (Rule 181 of total 279) .... done (Time = 0.00s, Memory = 0.0K)
    Checking Rule NoAssignX-ML (Rule 182 of total 279) .... done (Time = 0.00s, Memory = 0.0K)
    Checking Rule ParamWidthMismatch-ML (Rule 183 of total 279) .... done (Time = 0.00s, Memory = 0.0K)
    Checking Rule Postreqs_Usage_ML (Rule 184 of total 279) .... done (Time = 0.00s, Memory = 0.0K)
    Checking Rule NoXInCase-ML (Rule 185 of total 279) .... done (Time = 0.00s, Memory = 0.0K)
Checking ELABDU Rules for designUnit UART_RX
    Checking Rule syncRstReq (Rule 127 of total 279) .... done (Time = 0.00s, Memory = 0.0K)
    Checking Rule syncRstReq (Rule 128 of total 279) .... done (Time = 0.00s, Memory = 0.0K)
    Checking Rule AcOvlRtl (Rule 129 of total 279) .... done (Time = 0.00s, Memory = 0.0K)
    Checking Rule AcOvlRtl (Rule 130 of total 279) .... done (Time = 0.00s, Memory = 0.0K)
    Checking Rule Prereqs_STARC-2.3.6.1 (Rule 131 of total 279) .... done (Time = 0.00s, Memory = 32.0K)
    Checking Rule GenTopLevelBlocksForAutoSoc (Rule 132 of total 279) .... done (Time = 0.00s, Memory = 3.5K)
    Checking Rule STARC05-2.1.5.3 (Rule 133 of total 279) .... done (Time = 0.00s, Memory = -3.0K)
    Checking Rule STARC05-2.2.3.3 (Rule 134 of total 279) .... done (Time = 0.00s, Memory = 0.0K)
    Checking Rule STARC05-2.3.1.6 (Rule 135 of total 279) .... done (Time = 0.00s, Memory = 0.0K)
    Checking Rule STARC05-2.10.2.3 (Rule 136 of total 279) .... done (Time = 0.00s, Memory = -40.0K)
    Checking Rule STARC05-2.10.3.2a (Rule 137 of total 279) .... done (Time = 0.00s, Memory = 0.0K)
    Checking Rule STARC05-2.11.3.1 (Rule 138 of total 279) .... done (Time = 0.00s, Memory = 0.0K)
    Checking Rule STARC05-2.1.3.1 (Rule 139 of total 279) .... done (Time = 0.00s, Memory = 0.0K)
    Checking Rule STARC05-2.10.1.4b (Rule 140 of total 279) .... done (Time = 0.00s, Memory = 0.0K)
    Checking Rule W110 (Rule 141 of total 279) .... done (Time = 0.00s, Memory = -0.1K)
    Checking Rule W122 (Rule 142 of total 279) .... done (Time = 0.00s, Memory = 36.7K)
    Checking Rule W496a (Rule 143 of total 279) .... done (Time = 0.00s, Memory = -14.0K)
    Checking Rule W19 (Rule 144 of total 279) .... done (Time = 0.00s, Memory = 4.0K)
    Checking Rule W66 (Rule 145 of total 279) .... done (Time = 0.00s, Memory = 0.0K)
    Checking Rule W116 (Rule 146 of total 279) .... done (Time = 0.00s, Memory = 0.3K)
    Checking Rule W123 (Rule 147 of total 279) .... done (Time = 0.00s, Memory = 17.3K)
    Checking Rule W156 (Rule 148 of total 279) .... done (Time = 0.00s, Memory = -1.0K)
    Checking Rule W215 (Rule 149 of total 279) .... done (Time = 0.00s, Memory = 0.0K)
    Checking Rule W216 (Rule 150 of total 279) .... done (Time = 0.00s, Memory = -0.9K)
    Checking Rule W218 (Rule 151 of total 279) .... done (Time = 0.00s, Memory = 0.0K)
    Checking Rule W224 (Rule 152 of total 279) .... done (Time = 0.00s, Memory = -43.8K)
    Checking Rule W263 (Rule 153 of total 279) .... done (Time = 0.00s, Memory = 0.0K)
    Checking Rule W289 (Rule 154 of total 279) .... done (Time = 0.00s, Memory = -4.1K)
    Checking Rule W337 (Rule 155 of total 279) .... done (Time = 0.00s, Memory = 0.0K)
    Checking Rule W352 (Rule 156 of total 279) .... done (Time = 0.00s, Memory = -32.0K)
    Checking Rule W362 (Rule 157 of total 279) .... done (Time = 0.00s, Memory = -0.6K)
    Checking Rule W415a (Rule 158 of total 279) .... done (Time = 0.00s, Memory = 0.0K)
    Checking Rule W486 (Rule 159 of total 279) .... done (Time = 0.00s, Memory = 0.0K)
    Checking Rule W499 (Rule 160 of total 279) .... done (Time = 0.00s, Memory = 0.5K)
    Checking Rule W502 (Rule 161 of total 279) .... done (Time = 0.00s, Memory = 0.0K)
    Checking Rule W116 (Rule 162 of total 279) .... done (Time = 0.00s, Memory = 0.0K)
    Checking Rule W122 (Rule 163 of total 279) .... done (Time = 0.00s, Memory = 0.6K)
    Checking Rule W123 (Rule 164 of total 279) .... done (Time = 0.00s, Memory = 0.9K)
    Checking Rule W71 (Rule 165 of total 279) .... done (Time = 0.00s, Memory = 0.0K)
    Checking Rule W240 (Rule 166 of total 279) .... done (Time = 0.00s, Memory = 0.0K)
    Checking Rule W240 (Rule 167 of total 279) .... done (Time = 0.00s, Memory = 0.0K)
    Checking Rule W287a (Rule 168 of total 279) .... done (Time = 0.00s, Memory = 2.0K)
    Checking Rule W293 (Rule 169 of total 279) .... done (Time = 0.00s, Memory = 0.0K)
    Checking Rule W398 (Rule 170 of total 279) .... done (Time = 0.00s, Memory = 4.0K)
    Checking Rule W424 (Rule 171 of total 279) .... done (Time = 0.00s, Memory = 0.0K)
    Checking Rule W467 (Rule 172 of total 279) .... done (Time = 0.00s, Memory = 0.0K)
    Checking Rule W505 (Rule 173 of total 279) .... done (Time = 0.00s, Memory = 0.0K)
    Checking Rule W505 (Rule 174 of total 279) .... done (Time = 0.00s, Memory = 0.0K)
    Checking Rule W528 (Rule 175 of total 279) .... done (Time = 0.00s, Memory = 0.0K)
    Checking Rule W528 (Rule 176 of total 279) .... done (Time = 0.00s, Memory = 645.8K)
    Checking Rule Prereqs_Usage (Rule 177 of total 279) .... done (Time = 0.00s, Memory = -16.0K)
    Checking Rule Postreqs_CheckFuncTask (Rule 178 of total 279) .... done (Time = 0.00s, Memory = 0.0K)
    Checking Rule Prereqs_ConstantInput-ML (Rule 179 of total 279) .... done (Time = 0.00s, Memory = 0.0K)
    Checking Rule Prereqs_ConstantInput-ML (Rule 180 of total 279) .... done (Time = 0.00s, Memory = 0.4K)
    Checking Rule ReportPortInfo-ML (Rule 181 of total 279) .... done (Time = 0.00s, Memory = 0.0K)
    Checking Rule NoAssignX-ML (Rule 182 of total 279) .... done (Time = 0.00s, Memory = 4.0K)
    Checking Rule ParamWidthMismatch-ML (Rule 183 of total 279) .... done (Time = 0.00s, Memory = 24.0K)
    Checking Rule Postreqs_Usage_ML (Rule 184 of total 279) .... done (Time = 0.00s, Memory = 0.0K)
    Checking Rule NoXInCase-ML (Rule 185 of total 279) .... done (Time = 0.00s, Memory = 0.0K)
Checking ELABDU Rules for designUnit parity_checker
    Checking Rule syncRstReq (Rule 127 of total 279) .... done (Time = 0.00s, Memory = 0.0K)
    Checking Rule syncRstReq (Rule 128 of total 279) .... done (Time = 0.00s, Memory = 0.0K)
    Checking Rule AcOvlRtl (Rule 129 of total 279) .... done (Time = 0.00s, Memory = 0.0K)
    Checking Rule AcOvlRtl (Rule 130 of total 279) .... done (Time = 0.00s, Memory = 0.0K)
    Checking Rule Prereqs_STARC-2.3.6.1 (Rule 131 of total 279) .... done (Time = 0.00s, Memory = 0.0K)
    Checking Rule GenTopLevelBlocksForAutoSoc (Rule 132 of total 279) .... done (Time = 0.00s, Memory = 0.0K)
    Checking Rule STARC05-2.1.5.3 (Rule 133 of total 279) .... done (Time = 0.00s, Memory = 0.0K)
    Checking Rule STARC05-2.2.3.3 (Rule 134 of total 279) .... done (Time = 0.00s, Memory = 11.8K)
    Checking Rule STARC05-2.3.1.6 (Rule 135 of total 279) .... done (Time = 0.00s, Memory = 0.0K)
    Checking Rule STARC05-2.10.2.3 (Rule 136 of total 279) .... done (Time = 0.00s, Memory = -0.9K)
    Checking Rule STARC05-2.10.3.2a (Rule 137 of total 279) .... done (Time = 0.00s, Memory = 8.5K)
    Checking Rule STARC05-2.11.3.1 (Rule 138 of total 279) .... done (Time = 0.00s, Memory = -24.0K)
    Checking Rule STARC05-2.1.3.1 (Rule 139 of total 279) .... done (Time = 0.00s, Memory = -41.9K)
    Checking Rule STARC05-2.10.1.4b (Rule 140 of total 279) .... done (Time = 0.00s, Memory = 0.0K)
    Checking Rule W110 (Rule 141 of total 279) .... done (Time = 0.00s, Memory = 15.5K)
    Checking Rule W122 (Rule 142 of total 279) .... done (Time = 0.00s, Memory = 0.2K)
    Checking Rule W496a (Rule 143 of total 279) .... done (Time = 0.00s, Memory = 0.0K)
    Checking Rule W19 (Rule 144 of total 279) .... done (Time = 0.00s, Memory = 0.0K)
    Checking Rule W66 (Rule 145 of total 279) .... done (Time = 0.00s, Memory = 1.6K)
    Checking Rule W116 (Rule 146 of total 279) .... done (Time = 0.00s, Memory = 4.7K)
    Checking Rule W123 (Rule 147 of total 279) .... done (Time = 0.00s, Memory = 16.0K)
    Checking Rule W156 (Rule 148 of total 279) .... done (Time = 0.00s, Memory = 0.0K)
    Checking Rule W215 (Rule 149 of total 279) .... done (Time = 0.00s, Memory = 24.0K)
    Checking Rule W216 (Rule 150 of total 279) .... done (Time = 0.00s, Memory = 8.0K)
    Checking Rule W218 (Rule 151 of total 279) .... done (Time = 0.00s, Memory = 6.0K)
    Checking Rule W224 (Rule 152 of total 279) .... done (Time = 0.00s, Memory = 0.0K)
    Checking Rule W263 (Rule 153 of total 279) .... done (Time = 0.00s, Memory = 0.0K)
    Checking Rule W289 (Rule 154 of total 279) .... done (Time = 0.00s, Memory = 0.0K)
    Checking Rule W337 (Rule 155 of total 279) .... done (Time = 0.00s, Memory = 0.0K)
    Checking Rule W352 (Rule 156 of total 279) .... done (Time = 0.00s, Memory = 32.0K)
    Checking Rule W362 (Rule 157 of total 279) .... done (Time = 0.00s, Memory = -50.0K)
    Checking Rule W415a (Rule 158 of total 279) .... done (Time = 0.00s, Memory = -0.1K)
    Checking Rule W486 (Rule 159 of total 279) .... done (Time = 0.00s, Memory = 0.0K)
    Checking Rule W499 (Rule 160 of total 279) .... done (Time = 0.00s, Memory = 0.0K)
    Checking Rule W502 (Rule 161 of total 279) .... done (Time = 0.00s, Memory = 0.0K)
    Checking Rule W116 (Rule 162 of total 279) .... done (Time = 0.00s, Memory = 0.0K)
    Checking Rule W122 (Rule 163 of total 279) .... done (Time = 0.00s, Memory = 0.6K)
    Checking Rule W123 (Rule 164 of total 279) .... done (Time = 0.00s, Memory = 0.9K)
    Checking Rule W71 (Rule 165 of total 279) .... done (Time = 0.00s, Memory = 0.0K)
    Checking Rule W240 (Rule 166 of total 279) .... done (Time = 0.00s, Memory = -1.6K)
    Checking Rule W240 (Rule 167 of total 279) .... done (Time = 0.00s, Memory = 0.0K)
    Checking Rule W287a (Rule 168 of total 279) .... done (Time = 0.00s, Memory = 2.6K)
    Checking Rule W293 (Rule 169 of total 279) .... done (Time = 0.00s, Memory = 0.0K)
    Checking Rule W398 (Rule 170 of total 279) .... done (Time = 0.00s, Memory = 0.0K)
    Checking Rule W424 (Rule 171 of total 279) .... done (Time = 0.00s, Memory = -24.0K)
    Checking Rule W467 (Rule 172 of total 279) .... done (Time = 0.00s, Memory = 11.8K)
    Checking Rule W505 (Rule 173 of total 279) .... done (Time = 0.00s, Memory = 0.0K)
    Checking Rule W505 (Rule 174 of total 279) .... done (Time = 0.00s, Memory = 0.0K)
    Checking Rule W528 (Rule 175 of total 279) .... done (Time = 0.00s, Memory = -2.0K)
    Checking Rule W528 (Rule 176 of total 279) .... done (Time = 0.00s, Memory = 645.8K)
    Checking Rule Prereqs_Usage (Rule 177 of total 279) .... done (Time = 0.00s, Memory = -111.0K)
    Checking Rule Postreqs_CheckFuncTask (Rule 178 of total 279) .... done (Time = 0.00s, Memory = 0.0K)
    Checking Rule Prereqs_ConstantInput-ML (Rule 179 of total 279) .... done (Time = 0.00s, Memory = 0.0K)
    Checking Rule Prereqs_ConstantInput-ML (Rule 180 of total 279) .... done (Time = 0.00s, Memory = 0.4K)
    Checking Rule ReportPortInfo-ML (Rule 181 of total 279) .... done (Time = 0.00s, Memory = 0.0K)
    Checking Rule NoAssignX-ML (Rule 182 of total 279) .... done (Time = 0.00s, Memory = 0.0K)
    Checking Rule ParamWidthMismatch-ML (Rule 183 of total 279) .... done (Time = 0.00s, Memory = 0.0K)
    Checking Rule Postreqs_Usage_ML (Rule 184 of total 279) .... done (Time = 0.00s, Memory = 0.0K)
    Checking Rule NoXInCase-ML (Rule 185 of total 279) .... done (Time = 0.00s, Memory = 0.0K)
Checking ELABDU Rules for designUnit strt_checker
    Checking Rule syncRstReq (Rule 127 of total 279) .... done (Time = 0.00s, Memory = 0.0K)
    Checking Rule syncRstReq (Rule 128 of total 279) .... done (Time = 0.00s, Memory = 0.0K)
    Checking Rule AcOvlRtl (Rule 129 of total 279) .... done (Time = 0.00s, Memory = -0.7K)
    Checking Rule AcOvlRtl (Rule 130 of total 279) .... done (Time = 0.00s, Memory = 0.0K)
    Checking Rule Prereqs_STARC-2.3.6.1 (Rule 131 of total 279) .... done (Time = 0.00s, Memory = 0.0K)
    Checking Rule GenTopLevelBlocksForAutoSoc (Rule 132 of total 279) .... done (Time = 0.00s, Memory = 0.0K)
    Checking Rule STARC05-2.1.5.3 (Rule 133 of total 279) .... done (Time = 0.00s, Memory = 0.0K)
    Checking Rule STARC05-2.2.3.3 (Rule 134 of total 279) .... done (Time = 0.00s, Memory = -99.0K)
    Checking Rule STARC05-2.3.1.6 (Rule 135 of total 279) .... done (Time = 0.00s, Memory = 0.0K)
    Checking Rule STARC05-2.10.2.3 (Rule 136 of total 279) .... done (Time = 0.00s, Memory = 0.0K)
    Checking Rule STARC05-2.10.3.2a (Rule 137 of total 279) .... done (Time = 0.00s, Memory = 4.0K)
    Checking Rule STARC05-2.11.3.1 (Rule 138 of total 279) .... done (Time = 0.00s, Memory = 8.0K)
    Checking Rule STARC05-2.1.3.1 (Rule 139 of total 279) .... done (Time = 0.00s, Memory = -8.0K)
    Checking Rule STARC05-2.10.1.4b (Rule 140 of total 279) .... done (Time = 0.00s, Memory = -32.0K)
    Checking Rule W110 (Rule 141 of total 279) .... done (Time = 0.00s, Memory = 0.0K)
    Checking Rule W122 (Rule 142 of total 279) .... done (Time = 0.00s, Memory = 0.0K)
    Checking Rule W496a (Rule 143 of total 279) .... done (Time = 0.00s, Memory = 4.7K)
    Checking Rule W19 (Rule 144 of total 279) .... done (Time = 0.00s, Memory = -32.0K)
    Checking Rule W66 (Rule 145 of total 279) .... done (Time = 0.00s, Memory = 0.0K)
    Checking Rule W116 (Rule 146 of total 279) .... done (Time = 0.00s, Memory = -0.2K)
    Checking Rule W123 (Rule 147 of total 279) .... done (Time = 0.00s, Memory = 16.0K)
    Checking Rule W156 (Rule 148 of total 279) .... done (Time = 0.00s, Memory = 0.0K)
    Checking Rule W215 (Rule 149 of total 279) .... done (Time = 0.00s, Memory = 0.0K)
    Checking Rule W216 (Rule 150 of total 279) .... done (Time = 0.00s, Memory = 0.0K)
    Checking Rule W218 (Rule 151 of total 279) .... done (Time = 0.00s, Memory = 0.0K)
    Checking Rule W224 (Rule 152 of total 279) .... done (Time = 0.00s, Memory = 0.0K)
    Checking Rule W263 (Rule 153 of total 279) .... done (Time = 0.00s, Memory = 0.0K)
    Checking Rule W289 (Rule 154 of total 279) .... done (Time = 0.00s, Memory = 0.0K)
    Checking Rule W337 (Rule 155 of total 279) .... done (Time = 0.00s, Memory = -0.5K)
    Checking Rule W352 (Rule 156 of total 279) .... done (Time = 0.00s, Memory = 0.0K)
    Checking Rule W362 (Rule 157 of total 279) .... done (Time = 0.00s, Memory = 0.0K)
    Checking Rule W415a (Rule 158 of total 279) .... done (Time = 0.00s, Memory = 0.0K)
    Checking Rule W486 (Rule 159 of total 279) .... done (Time = 0.00s, Memory = 4.0K)
    Checking Rule W499 (Rule 160 of total 279) .... done (Time = 0.00s, Memory = -24.0K)
    Checking Rule W502 (Rule 161 of total 279) .... done (Time = 0.00s, Memory = 0.0K)
    Checking Rule W116 (Rule 162 of total 279) .... done (Time = 0.00s, Memory = 0.0K)
    Checking Rule W122 (Rule 163 of total 279) .... done (Time = 0.00s, Memory = 0.6K)
    Checking Rule W123 (Rule 164 of total 279) .... done (Time = 0.00s, Memory = 0.9K)
    Checking Rule W71 (Rule 165 of total 279) .... done (Time = 0.00s, Memory = -32.0K)
    Checking Rule W240 (Rule 166 of total 279) .... done (Time = 0.00s, Memory = 0.0K)
    Checking Rule W240 (Rule 167 of total 279) .... done (Time = 0.00s, Memory = 0.0K)
    Checking Rule W287a (Rule 168 of total 279) .... done (Time = 0.00s, Memory = 0.8K)
    Checking Rule W293 (Rule 169 of total 279) .... done (Time = 0.00s, Memory = 0.0K)
    Checking Rule W398 (Rule 170 of total 279) .... done (Time = 0.00s, Memory = 0.0K)
    Checking Rule W424 (Rule 171 of total 279) .... done (Time = 0.00s, Memory = 0.0K)
    Checking Rule W467 (Rule 172 of total 279) .... done (Time = 0.00s, Memory = 0.0K)
    Checking Rule W505 (Rule 173 of total 279) .... done (Time = 0.00s, Memory = 11.8K)
    Checking Rule W505 (Rule 174 of total 279) .... done (Time = 0.00s, Memory = 0.0K)
    Checking Rule W528 (Rule 175 of total 279) .... done (Time = 0.00s, Memory = -12.0K)
    Checking Rule W528 (Rule 176 of total 279) .... done (Time = 0.00s, Memory = 645.8K)
    Checking Rule Prereqs_Usage (Rule 177 of total 279) .... done (Time = 0.00s, Memory = -15.4K)
    Checking Rule Postreqs_CheckFuncTask (Rule 178 of total 279) .... done (Time = 0.00s, Memory = -0.9K)
    Checking Rule Prereqs_ConstantInput-ML (Rule 179 of total 279) .... done (Time = 0.00s, Memory = 0.0K)
    Checking Rule Prereqs_ConstantInput-ML (Rule 180 of total 279) .... done (Time = 0.00s, Memory = 0.4K)
    Checking Rule ReportPortInfo-ML (Rule 181 of total 279) .... done (Time = 0.00s, Memory = 3.5K)
    Checking Rule NoAssignX-ML (Rule 182 of total 279) .... done (Time = 0.00s, Memory = 8.0K)
    Checking Rule ParamWidthMismatch-ML (Rule 183 of total 279) .... done (Time = 0.00s, Memory = 0.0K)
    Checking Rule Postreqs_Usage_ML (Rule 184 of total 279) .... done (Time = 0.00s, Memory = 0.0K)
    Checking Rule NoXInCase-ML (Rule 185 of total 279) .... done (Time = 0.00s, Memory = 0.0K)
Checking ELABDU Rules for designUnit stop_checker
    Checking Rule syncRstReq (Rule 127 of total 279) .... done (Time = 0.00s, Memory = 0.0K)
    Checking Rule syncRstReq (Rule 128 of total 279) .... done (Time = 0.00s, Memory = 0.0K)
    Checking Rule AcOvlRtl (Rule 129 of total 279) .... done (Time = 0.00s, Memory = 0.0K)
    Checking Rule AcOvlRtl (Rule 130 of total 279) .... done (Time = 0.00s, Memory = 0.0K)
    Checking Rule Prereqs_STARC-2.3.6.1 (Rule 131 of total 279) .... done (Time = 0.00s, Memory = 0.0K)
    Checking Rule GenTopLevelBlocksForAutoSoc (Rule 132 of total 279) .... done (Time = 0.00s, Memory = 0.0K)
    Checking Rule STARC05-2.1.5.3 (Rule 133 of total 279) .... done (Time = 0.00s, Memory = 0.0K)
    Checking Rule STARC05-2.2.3.3 (Rule 134 of total 279) .... done (Time = 0.00s, Memory = 4.0K)
    Checking Rule STARC05-2.3.1.6 (Rule 135 of total 279) .... done (Time = 0.00s, Memory = 0.0K)
    Checking Rule STARC05-2.10.2.3 (Rule 136 of total 279) .... done (Time = 0.00s, Memory = 0.0K)
    Checking Rule STARC05-2.10.3.2a (Rule 137 of total 279) .... done (Time = 0.00s, Memory = -0.7K)
    Checking Rule STARC05-2.11.3.1 (Rule 138 of total 279) .... done (Time = 0.00s, Memory = -0.2K)
    Checking Rule STARC05-2.1.3.1 (Rule 139 of total 279) .... done (Time = 0.00s, Memory = 42.6K)
    Checking Rule STARC05-2.10.1.4b (Rule 140 of total 279) .... done (Time = 0.00s, Memory = 0.4K)
    Checking Rule W110 (Rule 141 of total 279) .... done (Time = 0.00s, Memory = -8.0K)
    Checking Rule W122 (Rule 142 of total 279) .... done (Time = 0.00s, Memory = 11.0K)
    Checking Rule W496a (Rule 143 of total 279) .... done (Time = 0.00s, Memory = 0.0K)
    Checking Rule W19 (Rule 144 of total 279) .... done (Time = 0.00s, Memory = -0.6K)
    Checking Rule W66 (Rule 145 of total 279) .... done (Time = 0.00s, Memory = 0.0K)
    Checking Rule W116 (Rule 146 of total 279) .... done (Time = 0.00s, Memory = 0.0K)
    Checking Rule W123 (Rule 147 of total 279) .... done (Time = 0.00s, Memory = 15.8K)
    Checking Rule W156 (Rule 148 of total 279) .... done (Time = 0.00s, Memory = 1.6K)
    Checking Rule W215 (Rule 149 of total 279) .... done (Time = 0.00s, Memory = 4.7K)
    Checking Rule W216 (Rule 150 of total 279) .... done (Time = 0.00s, Memory = 0.0K)
    Checking Rule W218 (Rule 151 of total 279) .... done (Time = 0.00s, Memory = 0.0K)
    Checking Rule W224 (Rule 152 of total 279) .... done (Time = 0.00s, Memory = 0.0K)
    Checking Rule W263 (Rule 153 of total 279) .... done (Time = 0.00s, Memory = -20.0K)
    Checking Rule W289 (Rule 154 of total 279) .... done (Time = 0.00s, Memory = -1.0K)
    Checking Rule W337 (Rule 155 of total 279) .... done (Time = 0.00s, Memory = 0.0K)
    Checking Rule W352 (Rule 156 of total 279) .... done (Time = 0.00s, Memory = 0.0K)
    Checking Rule W362 (Rule 157 of total 279) .... done (Time = 0.00s, Memory = 0.0K)
    Checking Rule W415a (Rule 158 of total 279) .... done (Time = 0.00s, Memory = -0.7K)
    Checking Rule W486 (Rule 159 of total 279) .... done (Time = 0.00s, Memory = 0.0K)
    Checking Rule W499 (Rule 160 of total 279) .... done (Time = 0.00s, Memory = 0.0K)
    Checking Rule W502 (Rule 161 of total 279) .... done (Time = 0.00s, Memory = 0.0K)
    Checking Rule W116 (Rule 162 of total 279) .... done (Time = 0.00s, Memory = 0.0K)
    Checking Rule W122 (Rule 163 of total 279) .... done (Time = 0.00s, Memory = 0.6K)
    Checking Rule W123 (Rule 164 of total 279) .... done (Time = 0.00s, Memory = 0.9K)
    Checking Rule W71 (Rule 165 of total 279) .... done (Time = 0.00s, Memory = 0.0K)
    Checking Rule W240 (Rule 166 of total 279) .... done (Time = 0.00s, Memory = 0.0K)
    Checking Rule W240 (Rule 167 of total 279) .... done (Time = 0.00s, Memory = 0.0K)
    Checking Rule W287a (Rule 168 of total 279) .... done (Time = 0.00s, Memory = 28.0K)
    Checking Rule W293 (Rule 169 of total 279) .... done (Time = 0.00s, Memory = 0.0K)
    Checking Rule W398 (Rule 170 of total 279) .... done (Time = 0.00s, Memory = 0.0K)
    Checking Rule W424 (Rule 171 of total 279) .... done (Time = 0.00s, Memory = -24.0K)
    Checking Rule W467 (Rule 172 of total 279) .... done (Time = 0.00s, Memory = -1.0K)
    Checking Rule W505 (Rule 173 of total 279) .... done (Time = 0.00s, Memory = 0.0K)
    Checking Rule W505 (Rule 174 of total 279) .... done (Time = 0.00s, Memory = 0.0K)
    Checking Rule W528 (Rule 175 of total 279) .... done (Time = 0.00s, Memory = 0.3K)
    Checking Rule W528 (Rule 176 of total 279) .... done (Time = 0.00s, Memory = 645.8K)
    Checking Rule Prereqs_Usage (Rule 177 of total 279) .... done (Time = 0.00s, Memory = -16.5K)
    Checking Rule Postreqs_CheckFuncTask (Rule 178 of total 279) .... done (Time = 0.00s, Memory = 0.0K)
    Checking Rule Prereqs_ConstantInput-ML (Rule 179 of total 279) .... done (Time = 0.00s, Memory = 0.0K)
    Checking Rule Prereqs_ConstantInput-ML (Rule 180 of total 279) .... done (Time = 0.00s, Memory = 0.4K)
    Checking Rule ReportPortInfo-ML (Rule 181 of total 279) .... done (Time = 0.00s, Memory = 0.0K)
    Checking Rule NoAssignX-ML (Rule 182 of total 279) .... done (Time = 0.00s, Memory = 0.0K)
    Checking Rule ParamWidthMismatch-ML (Rule 183 of total 279) .... done (Time = 0.00s, Memory = 0.0K)
    Checking Rule Postreqs_Usage_ML (Rule 184 of total 279) .... done (Time = 0.00s, Memory = 0.0K)
    Checking Rule NoXInCase-ML (Rule 185 of total 279) .... done (Time = 0.00s, Memory = 0.0K)
Checking ELABDU Rules for designUnit data_sampling
    Checking Rule syncRstReq (Rule 127 of total 279) .... done (Time = 0.00s, Memory = 0.0K)
    Checking Rule syncRstReq (Rule 128 of total 279) .... done (Time = 0.00s, Memory = 0.0K)
    Checking Rule AcOvlRtl (Rule 129 of total 279) .... done (Time = 0.00s, Memory = 0.0K)
    Checking Rule AcOvlRtl (Rule 130 of total 279) .... done (Time = 0.00s, Memory = 0.0K)
    Checking Rule Prereqs_STARC-2.3.6.1 (Rule 131 of total 279) .... done (Time = 0.00s, Memory = 0.0K)
    Checking Rule GenTopLevelBlocksForAutoSoc (Rule 132 of total 279) .... done (Time = 0.00s, Memory = 0.0K)
    Checking Rule STARC05-2.1.5.3 (Rule 133 of total 279) .... done (Time = 0.00s, Memory = 0.0K)
    Checking Rule STARC05-2.2.3.3 (Rule 134 of total 279) .... done (Time = 0.00s, Memory = 0.0K)
    Checking Rule STARC05-2.3.1.6 (Rule 135 of total 279) .... done (Time = 0.00s, Memory = 0.0K)
    Checking Rule STARC05-2.10.2.3 (Rule 136 of total 279) .... done (Time = 0.00s, Memory = 0.0K)
    Checking Rule STARC05-2.10.3.2a (Rule 137 of total 279) .... done (Time = 0.00s, Memory = 0.0K)
    Checking Rule STARC05-2.11.3.1 (Rule 138 of total 279) .... done (Time = 0.00s, Memory = 0.0K)
    Checking Rule STARC05-2.1.3.1 (Rule 139 of total 279) .... done (Time = 0.00s, Memory = 0.0K)
    Checking Rule STARC05-2.10.1.4b (Rule 140 of total 279) .... done (Time = 0.00s, Memory = 0.0K)
    Checking Rule W110 (Rule 141 of total 279) .... done (Time = 0.00s, Memory = 0.0K)
    Checking Rule W122 (Rule 142 of total 279) .... done (Time = 0.00s, Memory = 8.0K)
    Checking Rule W496a (Rule 143 of total 279) .... done (Time = 0.00s, Memory = 0.0K)
    Checking Rule W19 (Rule 144 of total 279) .... done (Time = 0.00s, Memory = -8.0K)
    Checking Rule W66 (Rule 145 of total 279) .... done (Time = 0.00s, Memory = 0.0K)
    Checking Rule W116 (Rule 146 of total 279) .... done (Time = 0.00s, Memory = -8.0K)
    Checking Rule W123 (Rule 147 of total 279) .... done (Time = 0.00s, Memory = 16.0K)
    Checking Rule W156 (Rule 148 of total 279) .... done (Time = 0.00s, Memory = 0.0K)
    Checking Rule W215 (Rule 149 of total 279) .... done (Time = 0.00s, Memory = -0.8K)
    Checking Rule W216 (Rule 150 of total 279) .... done (Time = 0.00s, Memory = 0.0K)
    Checking Rule W218 (Rule 151 of total 279) .... done (Time = 0.00s, Memory = 0.0K)
    Checking Rule W224 (Rule 152 of total 279) .... done (Time = 0.00s, Memory = 0.0K)
    Checking Rule W263 (Rule 153 of total 279) .... done (Time = 0.00s, Memory = 4.7K)
    Checking Rule W289 (Rule 154 of total 279) .... done (Time = 0.00s, Memory = 0.0K)
    Checking Rule W337 (Rule 155 of total 279) .... done (Time = 0.00s, Memory = -0.4K)
    Checking Rule W352 (Rule 156 of total 279) .... done (Time = 0.00s, Memory = 0.0K)
    Checking Rule W362 (Rule 157 of total 279) .... done (Time = 0.00s, Memory = 0.0K)
    Checking Rule W415a (Rule 158 of total 279) .... done (Time = 0.00s, Memory = -6.0K)
    Checking Rule W486 (Rule 159 of total 279) .... done (Time = 0.00s, Memory = 4.0K)
    Checking Rule W499 (Rule 160 of total 279) .... done (Time = 0.00s, Memory = 0.8K)
    Checking Rule W502 (Rule 161 of total 279) .... done (Time = 0.00s, Memory = -32.0K)
    Checking Rule W116 (Rule 162 of total 279) .... done (Time = 0.00s, Memory = 0.0K)
    Checking Rule W122 (Rule 163 of total 279) .... done (Time = 0.00s, Memory = 0.6K)
    Checking Rule W123 (Rule 164 of total 279) .... done (Time = 0.00s, Memory = 0.9K)
    Checking Rule W71 (Rule 165 of total 279) .... done (Time = 0.00s, Memory = 0.0K)
    Checking Rule W240 (Rule 166 of total 279) .... done (Time = 0.00s, Memory = 0.0K)
    Checking Rule W240 (Rule 167 of total 279) .... done (Time = 0.00s, Memory = 0.0K)
    Checking Rule W287a (Rule 168 of total 279) .... done (Time = 0.00s, Memory = -0.8K)
    Checking Rule W293 (Rule 169 of total 279) .... done (Time = 0.00s, Memory = 0.0K)
    Checking Rule W398 (Rule 170 of total 279) .... done (Time = 0.00s, Memory = -3.0K)
    Checking Rule W424 (Rule 171 of total 279) .... done (Time = 0.00s, Memory = 11.6K)
    Checking Rule W467 (Rule 172 of total 279) .... done (Time = 0.00s, Memory = 0.4K)
    Checking Rule W505 (Rule 173 of total 279) .... done (Time = 0.00s, Memory = 0.4K)
    Checking Rule W505 (Rule 174 of total 279) .... done (Time = 0.00s, Memory = 0.0K)
    Checking Rule W528 (Rule 175 of total 279) .... done (Time = 0.00s, Memory = 0.0K)
    Checking Rule W528 (Rule 176 of total 279) .... done (Time = 0.00s, Memory = 645.8K)
    Checking Rule Prereqs_Usage (Rule 177 of total 279) .... done (Time = 0.00s, Memory = -16.0K)
    Checking Rule Postreqs_CheckFuncTask (Rule 178 of total 279) .... done (Time = 0.00s, Memory = 0.0K)
    Checking Rule Prereqs_ConstantInput-ML (Rule 179 of total 279) .... done (Time = 0.00s, Memory = 0.0K)
    Checking Rule Prereqs_ConstantInput-ML (Rule 180 of total 279) .... done (Time = 0.00s, Memory = 0.4K)
    Checking Rule ReportPortInfo-ML (Rule 181 of total 279) .... done (Time = 0.00s, Memory = 4.0K)
    Checking Rule NoAssignX-ML (Rule 182 of total 279) .... done (Time = 0.00s, Memory = 24.0K)
    Checking Rule ParamWidthMismatch-ML (Rule 183 of total 279) .... done (Time = 0.00s, Memory = 0.0K)
    Checking Rule Postreqs_Usage_ML (Rule 184 of total 279) .... done (Time = 0.00s, Memory = 0.0K)
    Checking Rule NoXInCase-ML (Rule 185 of total 279) .... done (Time = 0.00s, Memory = 0.0K)
Checking ELABDU Rules for designUnit deserializer
    Checking Rule syncRstReq (Rule 127 of total 279) .... done (Time = 0.00s, Memory = 0.0K)
    Checking Rule syncRstReq (Rule 128 of total 279) .... done (Time = 0.00s, Memory = 0.0K)
    Checking Rule AcOvlRtl (Rule 129 of total 279) .... done (Time = 0.00s, Memory = 0.0K)
    Checking Rule AcOvlRtl (Rule 130 of total 279) .... done (Time = 0.00s, Memory = 0.0K)
    Checking Rule Prereqs_STARC-2.3.6.1 (Rule 131 of total 279) .... done (Time = 0.00s, Memory = 8.0K)
    Checking Rule GenTopLevelBlocksForAutoSoc (Rule 132 of total 279) .... done (Time = 0.00s, Memory = -24.0K)
    Checking Rule STARC05-2.1.5.3 (Rule 133 of total 279) .... done (Time = 0.00s, Memory = -0.2K)
    Checking Rule STARC05-2.2.3.3 (Rule 134 of total 279) .... done (Time = 0.00s, Memory = -0.0K)
    Checking Rule STARC05-2.3.1.6 (Rule 135 of total 279) .... done (Time = 0.00s, Memory = 0.0K)
    Checking Rule STARC05-2.10.2.3 (Rule 136 of total 279) .... done (Time = 0.00s, Memory = 0.0K)
    Checking Rule STARC05-2.10.3.2a (Rule 137 of total 279) .... done (Time = 0.00s, Memory = 0.0K)
    Checking Rule STARC05-2.11.3.1 (Rule 138 of total 279) .... done (Time = 0.00s, Memory = -0.3K)
    Checking Rule STARC05-2.1.3.1 (Rule 139 of total 279) .... done (Time = 0.00s, Memory = 35.0K)
    Checking Rule STARC05-2.10.1.4b (Rule 140 of total 279) .... done (Time = 0.00s, Memory = 0.0K)
    Checking Rule W110 (Rule 141 of total 279) .... done (Time = 0.00s, Memory = -8.0K)
    Checking Rule W122 (Rule 142 of total 279) .... done (Time = 0.00s, Memory = 11.5K)
    Checking Rule W496a (Rule 143 of total 279) .... done (Time = 0.00s, Memory = -0.8K)
    Checking Rule W19 (Rule 144 of total 279) .... done (Time = 0.00s, Memory = 0.0K)
    Checking Rule W66 (Rule 145 of total 279) .... done (Time = 0.00s, Memory = -1.5K)
    Checking Rule W116 (Rule 146 of total 279) .... done (Time = 0.00s, Memory = 0.0K)
    Checking Rule W123 (Rule 147 of total 279) .... done (Time = 0.00s, Memory = 16.0K)
    Checking Rule W156 (Rule 148 of total 279) .... done (Time = 0.00s, Memory = 1.6K)
    Checking Rule W215 (Rule 149 of total 279) .... done (Time = 0.00s, Memory = 4.7K)
    Checking Rule W216 (Rule 150 of total 279) .... done (Time = 0.00s, Memory = 0.0K)
    Checking Rule W218 (Rule 151 of total 279) .... done (Time = 0.00s, Memory = 0.0K)
    Checking Rule W224 (Rule 152 of total 279) .... done (Time = 0.00s, Memory = 0.0K)
    Checking Rule W263 (Rule 153 of total 279) .... done (Time = 0.00s, Memory = 0.0K)
    Checking Rule W289 (Rule 154 of total 279) .... done (Time = 0.00s, Memory = 0.0K)
    Checking Rule W337 (Rule 155 of total 279) .... done (Time = 0.00s, Memory = 4.0K)
    Checking Rule W352 (Rule 156 of total 279) .... done (Time = 0.00s, Memory = 0.0K)
    Checking Rule W362 (Rule 157 of total 279) .... done (Time = 0.00s, Memory = 0.0K)
    Checking Rule W415a (Rule 158 of total 279) .... done (Time = 0.00s, Memory = -24.0K)
    Checking Rule W486 (Rule 159 of total 279) .... done (Time = 0.00s, Memory = 0.0K)
    Checking Rule W499 (Rule 160 of total 279) .... done (Time = 0.00s, Memory = 0.0K)
    Checking Rule W502 (Rule 161 of total 279) .... done (Time = 0.00s, Memory = 0.0K)
    Checking Rule W116 (Rule 162 of total 279) .... done (Time = 0.00s, Memory = 0.0K)
    Checking Rule W122 (Rule 163 of total 279) .... done (Time = 0.00s, Memory = 0.6K)
    Checking Rule W123 (Rule 164 of total 279) .... done (Time = 0.00s, Memory = 0.9K)
    Checking Rule W71 (Rule 165 of total 279) .... done (Time = 0.00s, Memory = 0.0K)
    Checking Rule W240 (Rule 166 of total 279) .... done (Time = 0.00s, Memory = 0.0K)
    Checking Rule W240 (Rule 167 of total 279) .... done (Time = 0.00s, Memory = 0.0K)
    Checking Rule W287a (Rule 168 of total 279) .... done (Time = 0.00s, Memory = 0.0K)
    Checking Rule W293 (Rule 169 of total 279) .... done (Time = 0.00s, Memory = 0.0K)
    Checking Rule W398 (Rule 170 of total 279) .... done (Time = 0.00s, Memory = 0.0K)
    Checking Rule W424 (Rule 171 of total 279) .... done (Time = 0.00s, Memory = 0.0K)
    Checking Rule W467 (Rule 172 of total 279) .... done (Time = 0.00s, Memory = 0.0K)
    Checking Rule W505 (Rule 173 of total 279) .... done (Time = 0.00s, Memory = 0.0K)
    Checking Rule W505 (Rule 174 of total 279) .... done (Time = 0.00s, Memory = 0.0K)
    Checking Rule W528 (Rule 175 of total 279) .... done (Time = 0.00s, Memory = 0.0K)
    Checking Rule W528 (Rule 176 of total 279) .... done (Time = 0.00s, Memory = 645.8K)
    Checking Rule Prereqs_Usage (Rule 177 of total 279) .... done (Time = 0.00s, Memory = -16.0K)
    Checking Rule Postreqs_CheckFuncTask (Rule 178 of total 279) .... done (Time = 0.00s, Memory = 0.0K)
    Checking Rule Prereqs_ConstantInput-ML (Rule 179 of total 279) .... done (Time = 0.00s, Memory = 0.0K)
    Checking Rule Prereqs_ConstantInput-ML (Rule 180 of total 279) .... done (Time = 0.00s, Memory = 0.4K)
    Checking Rule ReportPortInfo-ML (Rule 181 of total 279) .... done (Time = 0.00s, Memory = 0.0K)
    Checking Rule NoAssignX-ML (Rule 182 of total 279) .... done (Time = 0.00s, Memory = -2.0K)
    Checking Rule ParamWidthMismatch-ML (Rule 183 of total 279) .... done (Time = 0.00s, Memory = 0.0K)
    Checking Rule Postreqs_Usage_ML (Rule 184 of total 279) .... done (Time = 0.00s, Memory = 0.0K)
    Checking Rule NoXInCase-ML (Rule 185 of total 279) .... done (Time = 0.00s, Memory = 0.0K)
Checking ELABDU Rules for designUnit edge_bit_counter
    Checking Rule syncRstReq (Rule 127 of total 279) .... done (Time = 0.00s, Memory = 0.0K)
    Checking Rule syncRstReq (Rule 128 of total 279) .... done (Time = 0.00s, Memory = 0.0K)
    Checking Rule AcOvlRtl (Rule 129 of total 279) .... done (Time = 0.00s, Memory = 0.0K)
    Checking Rule AcOvlRtl (Rule 130 of total 279) .... done (Time = 0.00s, Memory = 0.0K)
    Checking Rule Prereqs_STARC-2.3.6.1 (Rule 131 of total 279) .... done (Time = 0.00s, Memory = 0.0K)
    Checking Rule GenTopLevelBlocksForAutoSoc (Rule 132 of total 279) .... done (Time = 0.00s, Memory = 0.0K)
    Checking Rule STARC05-2.1.5.3 (Rule 133 of total 279) .... done (Time = 0.00s, Memory = 0.0K)
    Checking Rule STARC05-2.2.3.3 (Rule 134 of total 279) .... done (Time = 0.00s, Memory = -1.5K)
    Checking Rule STARC05-2.3.1.6 (Rule 135 of total 279) .... done (Time = 0.00s, Memory = 24.0K)
    Checking Rule STARC05-2.10.2.3 (Rule 136 of total 279) .... done (Time = 0.00s, Memory = 0.0K)
    Checking Rule STARC05-2.10.3.2a (Rule 137 of total 279) .... done (Time = 0.00s, Memory = -4.0K)
    Checking Rule STARC05-2.11.3.1 (Rule 138 of total 279) .... done (Time = 0.00s, Memory = -24.0K)
    Checking Rule STARC05-2.1.3.1 (Rule 139 of total 279) .... done (Time = 0.00s, Memory = 0.0K)
    Checking Rule STARC05-2.10.1.4b (Rule 140 of total 279) .... done (Time = 0.00s, Memory = 32.0K)
    Checking Rule W110 (Rule 141 of total 279) .... done (Time = 0.00s, Memory = 0.0K)
    Checking Rule W122 (Rule 142 of total 279) .... done (Time = 0.00s, Memory = -32.0K)
    Checking Rule W496a (Rule 143 of total 279) .... done (Time = 0.00s, Memory = 0.0K)
    Checking Rule W19 (Rule 144 of total 279) .... done (Time = 0.00s, Memory = -0.7K)
    Checking Rule W66 (Rule 145 of total 279) .... done (Time = 0.00s, Memory = 0.0K)
    Checking Rule W116 (Rule 146 of total 279) .... done (Time = 0.00s, Memory = 0.0K)
    Checking Rule W123 (Rule 147 of total 279) .... done (Time = 0.00s, Memory = 16.0K)
    Checking Rule W156 (Rule 148 of total 279) .... done (Time = 0.00s, Memory = 0.0K)
    Checking Rule W215 (Rule 149 of total 279) .... done (Time = 0.00s, Memory = 0.0K)
    Checking Rule W216 (Rule 150 of total 279) .... done (Time = 0.00s, Memory = 0.0K)
    Checking Rule W218 (Rule 151 of total 279) .... done (Time = 0.00s, Memory = -1.4K)
    Checking Rule W224 (Rule 152 of total 279) .... done (Time = 0.00s, Memory = 0.0K)
    Checking Rule W263 (Rule 153 of total 279) .... done (Time = 0.00s, Memory = 24.0K)
    Checking Rule W289 (Rule 154 of total 279) .... done (Time = 0.00s, Memory = 4.7K)
    Checking Rule W337 (Rule 155 of total 279) .... done (Time = 0.00s, Memory = 0.0K)
    Checking Rule W352 (Rule 156 of total 279) .... done (Time = 0.00s, Memory = 0.0K)
    Checking Rule W362 (Rule 157 of total 279) .... done (Time = 0.00s, Memory = 0.0K)
    Checking Rule W415a (Rule 158 of total 279) .... done (Time = 0.00s, Memory = 0.0K)
    Checking Rule W486 (Rule 159 of total 279) .... done (Time = 0.00s, Memory = 0.0K)
    Checking Rule W499 (Rule 160 of total 279) .... done (Time = 0.01s, Memory = -1.5K)
    Checking Rule W502 (Rule 161 of total 279) .... done (Time = 0.00s, Memory = 0.0K)
    Checking Rule W116 (Rule 162 of total 279) .... done (Time = 0.00s, Memory = 0.0K)
    Checking Rule W122 (Rule 163 of total 279) .... done (Time = 0.00s, Memory = 0.6K)
    Checking Rule W123 (Rule 164 of total 279) .... done (Time = 0.00s, Memory = 0.9K)
    Checking Rule W71 (Rule 165 of total 279) .... done (Time = 0.00s, Memory = -0.0K)
    Checking Rule W240 (Rule 166 of total 279) .... done (Time = 0.00s, Memory = -0.3K)
    Checking Rule W240 (Rule 167 of total 279) .... done (Time = 0.00s, Memory = 0.0K)
    Checking Rule W287a (Rule 168 of total 279) .... done (Time = 0.00s, Memory = -2.1K)
    Checking Rule W293 (Rule 169 of total 279) .... done (Time = 0.00s, Memory = 0.0K)
    Checking Rule W398 (Rule 170 of total 279) .... done (Time = 0.00s, Memory = 2.2K)
    Checking Rule W424 (Rule 171 of total 279) .... done (Time = 0.00s, Memory = -4.0K)
    Checking Rule W467 (Rule 172 of total 279) .... done (Time = 0.00s, Memory = 0.0K)
    Checking Rule W505 (Rule 173 of total 279) .... done (Time = 0.00s, Memory = -0.5K)
    Checking Rule W505 (Rule 174 of total 279) .... done (Time = 0.00s, Memory = 0.0K)
    Checking Rule W528 (Rule 175 of total 279) .... done (Time = 0.00s, Memory = -24.0K)
    Checking Rule W528 (Rule 176 of total 279) .... done (Time = 0.00s, Memory = 645.8K)
    Checking Rule Prereqs_Usage (Rule 177 of total 279) .... done (Time = 0.00s, Memory = -16.0K)
    Checking Rule Postreqs_CheckFuncTask (Rule 178 of total 279) .... done (Time = 0.00s, Memory = 0.0K)
    Checking Rule Prereqs_ConstantInput-ML (Rule 179 of total 279) .... done (Time = 0.00s, Memory = 8.0K)
    Checking Rule Prereqs_ConstantInput-ML (Rule 180 of total 279) .... done (Time = 0.00s, Memory = 0.4K)
    Checking Rule ReportPortInfo-ML (Rule 181 of total 279) .... done (Time = 0.00s, Memory = 0.8K)
    Checking Rule NoAssignX-ML (Rule 182 of total 279) .... done (Time = 0.00s, Memory = -0.0K)
    Checking Rule ParamWidthMismatch-ML (Rule 183 of total 279) .... done (Time = 0.00s, Memory = -32.9K)
    Checking Rule Postreqs_Usage_ML (Rule 184 of total 279) .... done (Time = 0.00s, Memory = -8.0K)
    Checking Rule NoXInCase-ML (Rule 185 of total 279) .... done (Time = 0.00s, Memory = 0.0K)
Checking ELABDU Rules for designUnit FSM_RX
    Checking Rule syncRstReq (Rule 127 of total 279) .... done (Time = 0.00s, Memory = 0.0K)
    Checking Rule syncRstReq (Rule 128 of total 279) .... done (Time = 0.00s, Memory = 0.0K)
    Checking Rule AcOvlRtl (Rule 129 of total 279) .... done (Time = 0.00s, Memory = 0.0K)
    Checking Rule AcOvlRtl (Rule 130 of total 279) .... done (Time = 0.00s, Memory = 0.0K)
    Checking Rule Prereqs_STARC-2.3.6.1 (Rule 131 of total 279) .... done (Time = 0.00s, Memory = 24.0K)
    Checking Rule GenTopLevelBlocksForAutoSoc (Rule 132 of total 279) .... done (Time = 0.00s, Memory = 0.0K)
    Checking Rule STARC05-2.1.5.3 (Rule 133 of total 279) .... done (Time = 0.00s, Memory = -8.0K)
    Checking Rule STARC05-2.2.3.3 (Rule 134 of total 279) .... done (Time = 0.00s, Memory = 503.7K)
    Checking Rule STARC05-2.3.1.6 (Rule 135 of total 279) .... done (Time = 0.00s, Memory = 0.0K)
    Checking Rule STARC05-2.10.2.3 (Rule 136 of total 279) .... done (Time = 0.00s, Memory = -0.2K)
    Checking Rule STARC05-2.10.3.2a (Rule 137 of total 279) .... done (Time = 0.00s, Memory = 0.5K)
    Checking Rule STARC05-2.11.3.1 (Rule 138 of total 279) .... done (Time = 0.00s, Memory = -3.6K)
    Checking Rule STARC05-2.1.3.1 (Rule 139 of total 279) .... done (Time = 0.00s, Memory = 10.2K)
    Checking Rule STARC05-2.10.1.4b (Rule 140 of total 279) .... done (Time = 0.00s, Memory = -2.0K)
    Checking Rule W110 (Rule 141 of total 279) .... done (Time = 0.00s, Memory = 24.0K)
    Checking Rule W122 (Rule 142 of total 279) .... done (Time = 0.00s, Memory = 6.0K)
    Checking Rule W496a (Rule 143 of total 279) .... done (Time = 0.00s, Memory = -32.0K)
    Checking Rule W19 (Rule 144 of total 279) .... done (Time = 0.00s, Memory = 0.2K)
    Checking Rule W66 (Rule 145 of total 279) .... done (Time = 0.00s, Memory = 0.0K)
    Checking Rule W116 (Rule 146 of total 279) .... done (Time = 0.00s, Memory = 0.0K)
    Checking Rule W123 (Rule 147 of total 279) .... done (Time = 0.00s, Memory = 17.8K)
    Checking Rule W156 (Rule 148 of total 279) .... done (Time = 0.00s, Memory = 0.0K)
    Checking Rule W215 (Rule 149 of total 279) .... done (Time = 0.00s, Memory = 0.0K)
    Checking Rule W216 (Rule 150 of total 279) .... done (Time = 0.00s, Memory = 0.0K)
    Checking Rule W218 (Rule 151 of total 279) .... done (Time = 0.00s, Memory = 1.6K)
    Checking Rule W224 (Rule 152 of total 279) .... done (Time = 0.00s, Memory = 0.0K)
    Checking Rule W263 (Rule 153 of total 279) .... done (Time = 0.00s, Memory = 32.0K)
    Checking Rule W289 (Rule 154 of total 279) .... done (Time = 0.00s, Memory = 128.5K)
    Checking Rule W337 (Rule 155 of total 279) .... done (Time = 0.00s, Memory = 0.0K)
    Checking Rule W352 (Rule 156 of total 279) .... done (Time = 0.00s, Memory = 3.1K)
    Checking Rule W362 (Rule 157 of total 279) .... done (Time = 0.00s, Memory = 0.2K)
    Checking Rule W415a (Rule 158 of total 279) .... done (Time = 0.00s, Memory = 0.8K)
    Checking Rule W486 (Rule 159 of total 279) .... done (Time = 0.00s, Memory = 0.0K)
    Checking Rule W499 (Rule 160 of total 279) .... done (Time = 0.00s, Memory = 0.0K)
    Checking Rule W502 (Rule 161 of total 279) .... done (Time = 0.00s, Memory = -0.6K)
    Checking Rule W116 (Rule 162 of total 279) .... done (Time = 0.00s, Memory = 0.0K)
    Checking Rule W122 (Rule 163 of total 279) .... done (Time = 0.00s, Memory = 0.6K)
    Checking Rule W123 (Rule 164 of total 279) .... done (Time = 0.00s, Memory = 0.9K)
    Checking Rule W71 (Rule 165 of total 279) .... done (Time = 0.00s, Memory = 24.2K)
    Checking Rule W240 (Rule 166 of total 279) .... done (Time = 0.00s, Memory = -24.0K)
    Checking Rule W240 (Rule 167 of total 279) .... done (Time = 0.00s, Memory = 0.0K)
    Checking Rule W287a (Rule 168 of total 279) .... done (Time = 0.00s, Memory = 4.3K)
    Checking Rule W293 (Rule 169 of total 279) .... done (Time = 0.00s, Memory = 0.0K)
    Checking Rule W398 (Rule 170 of total 279) .... done (Time = 0.00s, Memory = 0.0K)
    Checking Rule W424 (Rule 171 of total 279) .... done (Time = 0.00s, Memory = 0.0K)
    Checking Rule W467 (Rule 172 of total 279) .... done (Time = 0.00s, Memory = -28.9K)
    Checking Rule W505 (Rule 173 of total 279) .... done (Time = 0.00s, Memory = -18.8K)
    Checking Rule W505 (Rule 174 of total 279) .... done (Time = 0.00s, Memory = 0.0K)
    Checking Rule W528 (Rule 175 of total 279) .... done (Time = 0.00s, Memory = 0.0K)
    Checking Rule W528 (Rule 176 of total 279) .... done (Time = 0.00s, Memory = 645.8K)
    Checking Rule Prereqs_Usage (Rule 177 of total 279) .... done (Time = 0.00s, Memory = -16.0K)
    Checking Rule Postreqs_CheckFuncTask (Rule 178 of total 279) .... done (Time = 0.00s, Memory = 0.0K)
    Checking Rule Prereqs_ConstantInput-ML (Rule 179 of total 279) .... done (Time = 0.00s, Memory = 0.0K)
    Checking Rule Prereqs_ConstantInput-ML (Rule 180 of total 279) .... done (Time = 0.00s, Memory = 0.4K)
    Checking Rule ReportPortInfo-ML (Rule 181 of total 279) .... done (Time = 0.00s, Memory = 0.0K)
    Checking Rule NoAssignX-ML (Rule 182 of total 279) .... done (Time = 0.00s, Memory = 0.0K)
    Checking Rule ParamWidthMismatch-ML (Rule 183 of total 279) .... done (Time = 0.00s, Memory = 0.0K)
    Checking Rule Postreqs_Usage_ML (Rule 184 of total 279) .... done (Time = 0.00s, Memory = -0.7K)
    Checking Rule NoXInCase-ML (Rule 185 of total 279) .... done (Time = 0.00s, Memory = 0.0K)
Checking ELABDU Rules for designUnit DATA_SYNC
    Checking Rule syncRstReq (Rule 127 of total 279) .... done (Time = 0.00s, Memory = 0.0K)
    Checking Rule syncRstReq (Rule 128 of total 279) .... done (Time = 0.00s, Memory = 0.0K)
    Checking Rule AcOvlRtl (Rule 129 of total 279) .... done (Time = 0.00s, Memory = 0.0K)
    Checking Rule AcOvlRtl (Rule 130 of total 279) .... done (Time = 0.00s, Memory = 0.0K)
    Checking Rule Prereqs_STARC-2.3.6.1 (Rule 131 of total 279) .... done (Time = 0.00s, Memory = 0.0K)
    Checking Rule GenTopLevelBlocksForAutoSoc (Rule 132 of total 279) .... done (Time = 0.00s, Memory = 0.0K)
    Checking Rule STARC05-2.1.5.3 (Rule 133 of total 279) .... done (Time = 0.00s, Memory = 0.0K)
    Checking Rule STARC05-2.2.3.3 (Rule 134 of total 279) .... done (Time = 0.00s, Memory = 0.0K)
    Checking Rule STARC05-2.3.1.6 (Rule 135 of total 279) .... done (Time = 0.00s, Memory = 0.0K)
    Checking Rule STARC05-2.10.2.3 (Rule 136 of total 279) .... done (Time = 0.00s, Memory = 0.0K)
    Checking Rule STARC05-2.10.3.2a (Rule 137 of total 279) .... done (Time = 0.00s, Memory = 4.0K)
    Checking Rule STARC05-2.11.3.1 (Rule 138 of total 279) .... done (Time = 0.00s, Memory = -0.1K)
    Checking Rule STARC05-2.1.3.1 (Rule 139 of total 279) .... done (Time = 0.00s, Memory = -24.0K)
    Checking Rule STARC05-2.10.1.4b (Rule 140 of total 279) .... done (Time = 0.00s, Memory = 19.8K)
    Checking Rule W110 (Rule 141 of total 279) .... done (Time = 0.00s, Memory = -0.7K)
    Checking Rule W122 (Rule 142 of total 279) .... done (Time = 0.00s, Memory = -0.6K)
    Checking Rule W496a (Rule 143 of total 279) .... done (Time = 0.00s, Memory = 0.0K)
    Checking Rule W19 (Rule 144 of total 279) .... done (Time = 0.00s, Memory = 0.0K)
    Checking Rule W66 (Rule 145 of total 279) .... done (Time = 0.00s, Memory = 0.0K)
    Checking Rule W116 (Rule 146 of total 279) .... done (Time = 0.00s, Memory = 0.0K)
    Checking Rule W123 (Rule 147 of total 279) .... done (Time = 0.00s, Memory = 16.0K)
    Checking Rule W156 (Rule 148 of total 279) .... done (Time = 0.00s, Memory = -0.5K)
    Checking Rule W215 (Rule 149 of total 279) .... done (Time = 0.00s, Memory = 8.0K)
    Checking Rule W216 (Rule 150 of total 279) .... done (Time = 0.00s, Memory = 0.0K)
    Checking Rule W218 (Rule 151 of total 279) .... done (Time = 0.00s, Memory = 0.0K)
    Checking Rule W224 (Rule 152 of total 279) .... done (Time = 0.00s, Memory = 0.0K)
    Checking Rule W263 (Rule 153 of total 279) .... done (Time = 0.00s, Memory = 0.0K)
    Checking Rule W289 (Rule 154 of total 279) .... done (Time = 0.00s, Memory = 31.1K)
    Checking Rule W337 (Rule 155 of total 279) .... done (Time = 0.00s, Memory = 30.0K)
    Checking Rule W352 (Rule 156 of total 279) .... done (Time = 0.00s, Memory = 0.0K)
    Checking Rule W362 (Rule 157 of total 279) .... done (Time = 0.00s, Memory = 0.0K)
    Checking Rule W415a (Rule 158 of total 279) .... done (Time = 0.00s, Memory = -6.0K)
    Checking Rule W486 (Rule 159 of total 279) .... done (Time = 0.00s, Memory = 0.0K)
    Checking Rule W499 (Rule 160 of total 279) .... done (Time = 0.00s, Memory = 0.0K)
    Checking Rule W502 (Rule 161 of total 279) .... done (Time = 0.00s, Memory = 4.7K)
    Checking Rule W116 (Rule 162 of total 279) .... done (Time = 0.00s, Memory = 0.0K)
    Checking Rule W122 (Rule 163 of total 279) .... done (Time = 0.00s, Memory = 0.6K)
    Checking Rule W123 (Rule 164 of total 279) .... done (Time = 0.00s, Memory = 0.9K)
    Checking Rule W71 (Rule 165 of total 279) .... done (Time = 0.00s, Memory = 0.0K)
    Checking Rule W240 (Rule 166 of total 279) .... done (Time = 0.00s, Memory = 0.0K)
    Checking Rule W240 (Rule 167 of total 279) .... done (Time = 0.00s, Memory = 0.0K)
    Checking Rule W287a (Rule 168 of total 279) .... done (Time = 0.00s, Memory = 0.0K)
    Checking Rule W293 (Rule 169 of total 279) .... done (Time = 0.00s, Memory = -3.0K)
    Checking Rule W398 (Rule 170 of total 279) .... done (Time = 0.00s, Memory = 4.0K)
    Checking Rule W424 (Rule 171 of total 279) .... done (Time = 0.00s, Memory = 24.0K)
    Checking Rule W467 (Rule 172 of total 279) .... done (Time = 0.00s, Memory = 0.0K)
    Checking Rule W505 (Rule 173 of total 279) .... done (Time = 0.00s, Memory = 0.0K)
    Checking Rule W505 (Rule 174 of total 279) .... done (Time = 0.00s, Memory = 0.0K)
    Checking Rule W528 (Rule 175 of total 279) .... done (Time = 0.00s, Memory = 0.0K)
    Checking Rule W528 (Rule 176 of total 279) .... done (Time = 0.00s, Memory = 645.8K)
    Checking Rule Prereqs_Usage (Rule 177 of total 279) .... done (Time = 0.00s, Memory = -4.5K)
    Checking Rule Postreqs_CheckFuncTask (Rule 178 of total 279) .... done (Time = 0.00s, Memory = 3.6K)
    Checking Rule Prereqs_ConstantInput-ML (Rule 179 of total 279) .... done (Time = 0.00s, Memory = -1.2K)
    Checking Rule Prereqs_ConstantInput-ML (Rule 180 of total 279) .... done (Time = 0.00s, Memory = 0.4K)
    Checking Rule ReportPortInfo-ML (Rule 181 of total 279) .... done (Time = 0.00s, Memory = 0.0K)
    Checking Rule NoAssignX-ML (Rule 182 of total 279) .... done (Time = 0.00s, Memory = 0.0K)
    Checking Rule ParamWidthMismatch-ML (Rule 183 of total 279) .... done (Time = 0.00s, Memory = 0.0K)
    Checking Rule Postreqs_Usage_ML (Rule 184 of total 279) .... done (Time = 0.00s, Memory = 0.0K)
    Checking Rule NoXInCase-ML (Rule 185 of total 279) .... done (Time = 0.00s, Memory = 0.0K)
Checking ELABDU Rules for designUnit SYS_CTRL
    Checking Rule syncRstReq (Rule 127 of total 279) .... done (Time = 0.00s, Memory = -2.6K)
    Checking Rule syncRstReq (Rule 128 of total 279) .... done (Time = 0.00s, Memory = 0.0K)
    Checking Rule AcOvlRtl (Rule 129 of total 279) .... done (Time = 0.00s, Memory = 12.0K)
    Checking Rule AcOvlRtl (Rule 130 of total 279) .... done (Time = 0.00s, Memory = 0.0K)
    Checking Rule Prereqs_STARC-2.3.6.1 (Rule 131 of total 279) .... done (Time = 0.00s, Memory = 0.0K)
    Checking Rule GenTopLevelBlocksForAutoSoc (Rule 132 of total 279) .... done (Time = 0.00s, Memory = 0.0K)
    Checking Rule STARC05-2.1.5.3 (Rule 133 of total 279) .... done (Time = 0.00s, Memory = 0.0K)
    Checking Rule STARC05-2.2.3.3 (Rule 134 of total 279) .... done (Time = 0.00s, Memory = -2.6K)
    Checking Rule STARC05-2.3.1.6 (Rule 135 of total 279) .... done (Time = 0.00s, Memory = 0.0K)
    Checking Rule STARC05-2.10.2.3 (Rule 136 of total 279) .... done (Time = 0.00s, Memory = 0.0K)
    Checking Rule STARC05-2.10.3.2a (Rule 137 of total 279) .... done (Time = 0.00s, Memory = -2.0K)
    Checking Rule STARC05-2.11.3.1 (Rule 138 of total 279) .... done (Time = 0.00s, Memory = 27.2K)
    Checking Rule STARC05-2.1.3.1 (Rule 139 of total 279) .... done (Time = 0.00s, Memory = -27.9K)
    Checking Rule STARC05-2.10.1.4b (Rule 140 of total 279) .... done (Time = 0.00s, Memory = 0.0K)
    Checking Rule W110 (Rule 141 of total 279) .... done (Time = 0.00s, Memory = 0.0K)
    Checking Rule W122 (Rule 142 of total 279) .... done (Time = 0.00s, Memory = -29.7K)
    Checking Rule W496a (Rule 143 of total 279) .... done (Time = 0.00s, Memory = -2.0K)
    Checking Rule W19 (Rule 144 of total 279) .... done (Time = 0.00s, Memory = 0.1K)
    Checking Rule W66 (Rule 145 of total 279) .... done (Time = 0.00s, Memory = 0.0K)
    Checking Rule W116 (Rule 146 of total 279) .... done (Time = 0.00s, Memory = 0.0K)
    Checking Rule W123 (Rule 147 of total 279) .... done (Time = 0.00s, Memory = 18.6K)
    Checking Rule W156 (Rule 148 of total 279) .... done (Time = 0.00s, Memory = -0.8K)
    Checking Rule W215 (Rule 149 of total 279) .... done (Time = 0.00s, Memory = 32.0K)
    Checking Rule W216 (Rule 150 of total 279) .... done (Time = 0.00s, Memory = 0.0K)
    Checking Rule W218 (Rule 151 of total 279) .... done (Time = 0.00s, Memory = -30.0K)
    Checking Rule W224 (Rule 152 of total 279) .... done (Time = 0.00s, Memory = 0.0K)
    Checking Rule W263 (Rule 153 of total 279) .... done (Time = 0.00s, Memory = 0.0K)
    Checking Rule W289 (Rule 154 of total 279) .... done (Time = 0.00s, Memory = 3.1K)
    Checking Rule W337 (Rule 155 of total 279) .... done (Time = 0.00s, Memory = 0.0K)
    Checking Rule W352 (Rule 156 of total 279) .... done (Time = 0.00s, Memory = -2.0K)
    Checking Rule W362 (Rule 157 of total 279) .... done (Time = 0.00s, Memory = 0.2K)
    Checking Rule W415a (Rule 158 of total 279) .... done (Time = 0.00s, Memory = 5.1K)
    Checking Rule W486 (Rule 159 of total 279) .... done (Time = 0.00s, Memory = 0.0K)
    Checking Rule W499 (Rule 160 of total 279) .... done (Time = 0.00s, Memory = 65.6K)
    Checking Rule W502 (Rule 161 of total 279) .... done (Time = 0.00s, Memory = 1.1K)
    Checking Rule W116 (Rule 162 of total 279) .... done (Time = 0.00s, Memory = 0.0K)
    Checking Rule W122 (Rule 163 of total 279) .... done (Time = 0.00s, Memory = 0.6K)
    Checking Rule W123 (Rule 164 of total 279) .... done (Time = 0.00s, Memory = 0.9K)
    Checking Rule W71 (Rule 165 of total 279) .... done (Time = 0.00s, Memory = -0.7K)
    Checking Rule W240 (Rule 166 of total 279) .... done (Time = 0.00s, Memory = -20.0K)
    Checking Rule W240 (Rule 167 of total 279) .... done (Time = 0.00s, Memory = 0.0K)
    Checking Rule W287a (Rule 168 of total 279) .... done (Time = 0.00s, Memory = 35.9K)
    Checking Rule W293 (Rule 169 of total 279) .... done (Time = 0.00s, Memory = -0.7K)
    Checking Rule W398 (Rule 170 of total 279) .... done (Time = 0.00s, Memory = -0.2K)
    Checking Rule W424 (Rule 171 of total 279) .... done (Time = 0.00s, Memory = 0.0K)
    Checking Rule W467 (Rule 172 of total 279) .... done (Time = 0.00s, Memory = 1.2K)
    Checking Rule W505 (Rule 173 of total 279) .... done (Time = 0.00s, Memory = 3.1K)
    Checking Rule W505 (Rule 174 of total 279) .... done (Time = 0.00s, Memory = 0.0K)
    Checking Rule W528 (Rule 175 of total 279) .... done (Time = 0.00s, Memory = 0.0K)
    Checking Rule W528 (Rule 176 of total 279) .... done (Time = 0.00s, Memory = 645.8K)
    Checking Rule Prereqs_Usage (Rule 177 of total 279) .... done (Time = 0.00s, Memory = -16.0K)
    Checking Rule Postreqs_CheckFuncTask (Rule 178 of total 279) .... done (Time = 0.00s, Memory = 0.0K)
    Checking Rule Prereqs_ConstantInput-ML (Rule 179 of total 279) .... done (Time = 0.00s, Memory = 0.0K)
    Checking Rule Prereqs_ConstantInput-ML (Rule 180 of total 279) .... done (Time = 0.00s, Memory = 0.4K)
    Checking Rule ReportPortInfo-ML (Rule 181 of total 279) .... done (Time = 0.00s, Memory = -20.0K)
    Checking Rule NoAssignX-ML (Rule 182 of total 279) .... done (Time = 0.00s, Memory = 0.0K)
    Checking Rule ParamWidthMismatch-ML (Rule 183 of total 279) .... done (Time = 0.00s, Memory = 8.0K)
    Checking Rule Postreqs_Usage_ML (Rule 184 of total 279) .... done (Time = 0.00s, Memory = -5.2K)
    Checking Rule NoXInCase-ML (Rule 185 of total 279) .... done (Time = 0.00s, Memory = 0.0K)
Checking ELABDU Rules for designUnit regfile
    Checking Rule syncRstReq (Rule 127 of total 279) .... done (Time = 0.00s, Memory = 0.0K)
    Checking Rule syncRstReq (Rule 128 of total 279) .... done (Time = 0.00s, Memory = 0.0K)
    Checking Rule AcOvlRtl (Rule 129 of total 279) .... done (Time = 0.00s, Memory = -1.1K)
    Checking Rule AcOvlRtl (Rule 130 of total 279) .... done (Time = 0.00s, Memory = 0.0K)
    Checking Rule Prereqs_STARC-2.3.6.1 (Rule 131 of total 279) .... done (Time = 0.00s, Memory = 24.0K)
    Checking Rule GenTopLevelBlocksForAutoSoc (Rule 132 of total 279) .... done (Time = 0.00s, Memory = 0.0K)
    Checking Rule STARC05-2.1.5.3 (Rule 133 of total 279) .... done (Time = 0.00s, Memory = 8.0K)
    Checking Rule STARC05-2.2.3.3 (Rule 134 of total 279) .... done (Time = 0.00s, Memory = -0.2K)
    Checking Rule STARC05-2.3.1.6 (Rule 135 of total 279) .... done (Time = 0.00s, Memory = 0.0K)
    Checking Rule STARC05-2.10.2.3 (Rule 136 of total 279) .... done (Time = 0.00s, Memory = 0.0K)
    Checking Rule STARC05-2.10.3.2a (Rule 137 of total 279) .... done (Time = 0.00s, Memory = 0.1K)
    Checking Rule STARC05-2.11.3.1 (Rule 138 of total 279) .... done (Time = 0.00s, Memory = 0.0K)
    Checking Rule STARC05-2.1.3.1 (Rule 139 of total 279) .... done (Time = 0.00s, Memory = 9.1K)
    Checking Rule STARC05-2.10.1.4b (Rule 140 of total 279) .... done (Time = 0.00s, Memory = 0.0K)
    Checking Rule W110 (Rule 141 of total 279) .... done (Time = 0.00s, Memory = 8.0K)
    Checking Rule W122 (Rule 142 of total 279) .... done (Time = 0.00s, Memory = -7.0K)
    Checking Rule W496a (Rule 143 of total 279) .... done (Time = 0.00s, Memory = 8.0K)
    Checking Rule W19 (Rule 144 of total 279) .... done (Time = 0.00s, Memory = 0.0K)
    Checking Rule W66 (Rule 145 of total 279) .... done (Time = 0.00s, Memory = 0.0K)
    Checking Rule W116 (Rule 146 of total 279) .... done (Time = 0.00s, Memory = 8.0K)
    Checking Rule W123 (Rule 147 of total 279) .... done (Time = 0.00s, Memory = 16.0K)
    Checking Rule W156 (Rule 148 of total 279) .... done (Time = 0.00s, Memory = 0.0K)
    Checking Rule W215 (Rule 149 of total 279) .... done (Time = 0.00s, Memory = 0.0K)
    Checking Rule W216 (Rule 150 of total 279) .... done (Time = 0.00s, Memory = 0.0K)
    Checking Rule W218 (Rule 151 of total 279) .... done (Time = 0.00s, Memory = 0.0K)
    Checking Rule W224 (Rule 152 of total 279) .... done (Time = 0.00s, Memory = 0.0K)
    Checking Rule W263 (Rule 153 of total 279) .... done (Time = 0.00s, Memory = 0.0K)
    Checking Rule W289 (Rule 154 of total 279) .... done (Time = 0.00s, Memory = 0.0K)
    Checking Rule W337 (Rule 155 of total 279) .... done (Time = 0.00s, Memory = 0.0K)
    Checking Rule W352 (Rule 156 of total 279) .... done (Time = 0.00s, Memory = 0.0K)
    Checking Rule W362 (Rule 157 of total 279) .... done (Time = 0.00s, Memory = 0.0K)
    Checking Rule W415a (Rule 158 of total 279) .... done (Time = 0.00s, Memory = -8.0K)
    Checking Rule W486 (Rule 159 of total 279) .... done (Time = 0.00s, Memory = 4.0K)
    Checking Rule W499 (Rule 160 of total 279) .... done (Time = 0.00s, Memory = -43.2K)
    Checking Rule W502 (Rule 161 of total 279) .... done (Time = 0.00s, Memory = 4.7K)
    Checking Rule W116 (Rule 162 of total 279) .... done (Time = 0.00s, Memory = 0.0K)
    Checking Rule W122 (Rule 163 of total 279) .... done (Time = 0.00s, Memory = 0.6K)
    Checking Rule W123 (Rule 164 of total 279) .... done (Time = 0.00s, Memory = 0.9K)
    Checking Rule W71 (Rule 165 of total 279) .... done (Time = 0.00s, Memory = 0.0K)
    Checking Rule W240 (Rule 166 of total 279) .... done (Time = 0.00s, Memory = -0.7K)
    Checking Rule W240 (Rule 167 of total 279) .... done (Time = 0.00s, Memory = 0.0K)
    Checking Rule W287a (Rule 168 of total 279) .... done (Time = 0.00s, Memory = 0.0K)
    Checking Rule W293 (Rule 169 of total 279) .... done (Time = 0.00s, Memory = 0.0K)
    Checking Rule W398 (Rule 170 of total 279) .... done (Time = 0.00s, Memory = 0.0K)
    Checking Rule W424 (Rule 171 of total 279) .... done (Time = 0.00s, Memory = 0.0K)
    Checking Rule W467 (Rule 172 of total 279) .... done (Time = 0.00s, Memory = -0.2K)
    Checking Rule W505 (Rule 173 of total 279) .... done (Time = 0.00s, Memory = 4.0K)
    Checking Rule W505 (Rule 174 of total 279) .... done (Time = 0.00s, Memory = 0.0K)
    Checking Rule W528 (Rule 175 of total 279) .... done (Time = 0.00s, Memory = 0.0K)
    Checking Rule W528 (Rule 176 of total 279) .... done (Time = 0.00s, Memory = 645.8K)
    Checking Rule Prereqs_Usage (Rule 177 of total 279) .... done (Time = 0.00s, Memory = -16.0K)
    Checking Rule Postreqs_CheckFuncTask (Rule 178 of total 279) .... done (Time = 0.00s, Memory = 0.0K)
    Checking Rule Prereqs_ConstantInput-ML (Rule 179 of total 279) .... done (Time = 0.00s, Memory = 0.0K)
    Checking Rule Prereqs_ConstantInput-ML (Rule 180 of total 279) .... done (Time = 0.00s, Memory = 0.4K)
    Checking Rule ReportPortInfo-ML (Rule 181 of total 279) .... done (Time = 0.00s, Memory = 0.0K)
    Checking Rule NoAssignX-ML (Rule 182 of total 279) .... done (Time = 0.00s, Memory = -39.0K)
    Checking Rule ParamWidthMismatch-ML (Rule 183 of total 279) .... done (Time = 0.00s, Memory = 0.0K)
    Checking Rule Postreqs_Usage_ML (Rule 184 of total 279) .... done (Time = 0.00s, Memory = 0.0K)
    Checking Rule NoXInCase-ML (Rule 185 of total 279) .... done (Time = 0.00s, Memory = 0.0K)
Checking ELABDU Rules for designUnit CLK_GATE
    Checking Rule syncRstReq (Rule 127 of total 279) .... done (Time = 0.00s, Memory = 0.0K)
    Checking Rule syncRstReq (Rule 128 of total 279) .... done (Time = 0.00s, Memory = 0.0K)
    Checking Rule AcOvlRtl (Rule 129 of total 279) .... done (Time = 0.00s, Memory = 0.0K)
    Checking Rule AcOvlRtl (Rule 130 of total 279) .... done (Time = 0.00s, Memory = 0.0K)
    Checking Rule Prereqs_STARC-2.3.6.1 (Rule 131 of total 279) .... done (Time = 0.00s, Memory = 0.0K)
    Checking Rule GenTopLevelBlocksForAutoSoc (Rule 132 of total 279) .... done (Time = 0.00s, Memory = 0.0K)
    Checking Rule STARC05-2.1.5.3 (Rule 133 of total 279) .... done (Time = 0.00s, Memory = 23.8K)
    Checking Rule STARC05-2.2.3.3 (Rule 134 of total 279) .... done (Time = 0.00s, Memory = 0.0K)
    Checking Rule STARC05-2.3.1.6 (Rule 135 of total 279) .... done (Time = 0.00s, Memory = -8.0K)
    Checking Rule STARC05-2.10.2.3 (Rule 136 of total 279) .... done (Time = 0.00s, Memory = -32.0K)
    Checking Rule STARC05-2.10.3.2a (Rule 137 of total 279) .... done (Time = 0.00s, Memory = 19.5K)
    Checking Rule STARC05-2.11.3.1 (Rule 138 of total 279) .... done (Time = 0.00s, Memory = -22.1K)
    Checking Rule STARC05-2.1.3.1 (Rule 139 of total 279) .... done (Time = 0.00s, Memory = 0.0K)
    Checking Rule STARC05-2.10.1.4b (Rule 140 of total 279) .... done (Time = 0.00s, Memory = 0.0K)
    Checking Rule W110 (Rule 141 of total 279) .... done (Time = 0.00s, Memory = -10.5K)
    Checking Rule W122 (Rule 142 of total 279) .... done (Time = 0.00s, Memory = -32.0K)
    Checking Rule W496a (Rule 143 of total 279) .... done (Time = 0.00s, Memory = 0.0K)
    Checking Rule W19 (Rule 144 of total 279) .... done (Time = 0.00s, Memory = 0.0K)
    Checking Rule W66 (Rule 145 of total 279) .... done (Time = 0.00s, Memory = 0.0K)
    Checking Rule W116 (Rule 146 of total 279) .... done (Time = 0.00s, Memory = -0.7K)
    Checking Rule W123 (Rule 147 of total 279) .... done (Time = 0.00s, Memory = 16.0K)
    Checking Rule W156 (Rule 148 of total 279) .... done (Time = 0.00s, Memory = 0.0K)
    Checking Rule W215 (Rule 149 of total 279) .... done (Time = 0.00s, Memory = 0.0K)
    Checking Rule W216 (Rule 150 of total 279) .... done (Time = 0.00s, Memory = 0.0K)
    Checking Rule W218 (Rule 151 of total 279) .... done (Time = 0.00s, Memory = 0.0K)
    Checking Rule W224 (Rule 152 of total 279) .... done (Time = 0.00s, Memory = 0.0K)
    Checking Rule W263 (Rule 153 of total 279) .... done (Time = 0.00s, Memory = 0.0K)
    Checking Rule W289 (Rule 154 of total 279) .... done (Time = 0.00s, Memory = 0.0K)
    Checking Rule W337 (Rule 155 of total 279) .... done (Time = 0.00s, Memory = -8.0K)
    Checking Rule W352 (Rule 156 of total 279) .... done (Time = 0.00s, Memory = 0.0K)
    Checking Rule W362 (Rule 157 of total 279) .... done (Time = 0.00s, Memory = 0.0K)
    Checking Rule W415a (Rule 158 of total 279) .... done (Time = 0.00s, Memory = 0.0K)
    Checking Rule W486 (Rule 159 of total 279) .... done (Time = 0.00s, Memory = 1.6K)
    Checking Rule W499 (Rule 160 of total 279) .... done (Time = 0.00s, Memory = 4.7K)
    Checking Rule W502 (Rule 161 of total 279) .... done (Time = 0.00s, Memory = -1.4K)
    Checking Rule W116 (Rule 162 of total 279) .... done (Time = 0.00s, Memory = 0.0K)
    Checking Rule W122 (Rule 163 of total 279) .... done (Time = 0.00s, Memory = 0.6K)
    Checking Rule W123 (Rule 164 of total 279) .... done (Time = 0.00s, Memory = 0.9K)
    Checking Rule W71 (Rule 165 of total 279) .... done (Time = 0.00s, Memory = 32.8K)
    Checking Rule W240 (Rule 166 of total 279) .... done (Time = 0.00s, Memory = 0.0K)
    Checking Rule W240 (Rule 167 of total 279) .... done (Time = 0.00s, Memory = 0.0K)
    Checking Rule W287a (Rule 168 of total 279) .... done (Time = 0.00s, Memory = -32.0K)
    Checking Rule W293 (Rule 169 of total 279) .... done (Time = 0.00s, Memory = 0.0K)
    Checking Rule W398 (Rule 170 of total 279) .... done (Time = 0.00s, Memory = 0.0K)
    Checking Rule W424 (Rule 171 of total 279) .... done (Time = 0.00s, Memory = 0.0K)
    Checking Rule W467 (Rule 172 of total 279) .... done (Time = 0.00s, Memory = 0.0K)
    Checking Rule W505 (Rule 173 of total 279) .... done (Time = 0.00s, Memory = 0.0K)
    Checking Rule W505 (Rule 174 of total 279) .... done (Time = 0.00s, Memory = 0.0K)
    Checking Rule W528 (Rule 175 of total 279) .... done (Time = 0.00s, Memory = 0.0K)
    Checking Rule W528 (Rule 176 of total 279) .... done (Time = 0.00s, Memory = 645.8K)
    Checking Rule Prereqs_Usage (Rule 177 of total 279) .... done (Time = 0.00s, Memory = -16.0K)
    Checking Rule Postreqs_CheckFuncTask (Rule 178 of total 279) .... done (Time = 0.00s, Memory = 0.0K)
    Checking Rule Prereqs_ConstantInput-ML (Rule 179 of total 279) .... done (Time = 0.00s, Memory = 0.0K)
    Checking Rule Prereqs_ConstantInput-ML (Rule 180 of total 279) .... done (Time = 0.00s, Memory = 0.4K)
    Checking Rule ReportPortInfo-ML (Rule 181 of total 279) .... done (Time = 0.00s, Memory = 4.0K)
    Checking Rule NoAssignX-ML (Rule 182 of total 279) .... done (Time = 0.00s, Memory = -0.2K)
    Checking Rule ParamWidthMismatch-ML (Rule 183 of total 279) .... done (Time = 0.00s, Memory = -25.0K)
    Checking Rule Postreqs_Usage_ML (Rule 184 of total 279) .... done (Time = 0.00s, Memory = 0.0K)
    Checking Rule NoXInCase-ML (Rule 185 of total 279) .... done (Time = 0.00s, Memory = 0.0K)
Checking ELABDU Rules for designUnit ALU
    Checking Rule syncRstReq (Rule 127 of total 279) .... done (Time = 0.00s, Memory = -0.5K)
    Checking Rule syncRstReq (Rule 128 of total 279) .... done (Time = 0.00s, Memory = 0.0K)
    Checking Rule AcOvlRtl (Rule 129 of total 279) .... done (Time = 0.00s, Memory = 0.0K)
    Checking Rule AcOvlRtl (Rule 130 of total 279) .... done (Time = 0.00s, Memory = 0.0K)
    Checking Rule Prereqs_STARC-2.3.6.1 (Rule 131 of total 279) .... done (Time = 0.00s, Memory = 0.0K)
    Checking Rule GenTopLevelBlocksForAutoSoc (Rule 132 of total 279) .... done (Time = 0.00s, Memory = 0.0K)
    Checking Rule STARC05-2.1.5.3 (Rule 133 of total 279) .... done (Time = 0.00s, Memory = 0.0K)
    Checking Rule STARC05-2.2.3.3 (Rule 134 of total 279) .... done (Time = 0.00s, Memory = 0.0K)
    Checking Rule STARC05-2.3.1.6 (Rule 135 of total 279) .... done (Time = 0.00s, Memory = 0.0K)
    Checking Rule STARC05-2.10.2.3 (Rule 136 of total 279) .... done (Time = 0.00s, Memory = 0.0K)
    Checking Rule STARC05-2.10.3.2a (Rule 137 of total 279) .... done (Time = 0.00s, Memory = 4.0K)
    Checking Rule STARC05-2.11.3.1 (Rule 138 of total 279) .... done (Time = 0.00s, Memory = 10.0K)
    Checking Rule STARC05-2.1.3.1 (Rule 139 of total 279) .... done (Time = 0.00s, Memory = 0.0K)
    Checking Rule STARC05-2.10.1.4b (Rule 140 of total 279) .... done (Time = 0.00s, Memory = 0.0K)
    Checking Rule W110 (Rule 141 of total 279) .... done (Time = 0.00s, Memory = -29.0K)
    Checking Rule W122 (Rule 142 of total 279) .... done (Time = 0.00s, Memory = 0.0K)
    Checking Rule W496a (Rule 143 of total 279) .... done (Time = 0.00s, Memory = 0.0K)
    Checking Rule W19 (Rule 144 of total 279) .... done (Time = 0.00s, Memory = 0.0K)
    Checking Rule W66 (Rule 145 of total 279) .... done (Time = 0.00s, Memory = 0.0K)
    Checking Rule W116 (Rule 146 of total 279) .... done (Time = 0.00s, Memory = -3.0K)
    Checking Rule W123 (Rule 147 of total 279) .... done (Time = 0.00s, Memory = 13.7K)
    Checking Rule W156 (Rule 148 of total 279) .... done (Time = 0.00s, Memory = 32.0K)
    Checking Rule W215 (Rule 149 of total 279) .... done (Time = 0.00s, Memory = 0.0K)
    Checking Rule W216 (Rule 150 of total 279) .... done (Time = 0.00s, Memory = -0.7K)
    Checking Rule W218 (Rule 151 of total 279) .... done (Time = 0.00s, Memory = -8.0K)
    Checking Rule W224 (Rule 152 of total 279) .... done (Time = 0.00s, Memory = 33.8K)
    Checking Rule W263 (Rule 153 of total 279) .... done (Time = 0.00s, Memory = -1.1K)
    Checking Rule W289 (Rule 154 of total 279) .... done (Time = 0.00s, Memory = 0.0K)
    Checking Rule W337 (Rule 155 of total 279) .... done (Time = 0.00s, Memory = -128.0K)
    Checking Rule W352 (Rule 156 of total 279) .... done (Time = 0.00s, Memory = 0.0K)
    Checking Rule W362 (Rule 157 of total 279) .... done (Time = 0.00s, Memory = -10.6K)
    Checking Rule W415a (Rule 158 of total 279) .... done (Time = 0.00s, Memory = 3.2K)
    Checking Rule W486 (Rule 159 of total 279) .... done (Time = 0.00s, Memory = 0.0K)
    Checking Rule W499 (Rule 160 of total 279) .... done (Time = 0.00s, Memory = 4.7K)
    Checking Rule W502 (Rule 161 of total 279) .... done (Time = 0.00s, Memory = 0.4K)
    Checking Rule W116 (Rule 162 of total 279) .... done (Time = 0.00s, Memory = 0.0K)
    Checking Rule W122 (Rule 163 of total 279) .... done (Time = 0.00s, Memory = 0.6K)
    Checking Rule W123 (Rule 164 of total 279) .... done (Time = 0.00s, Memory = 0.9K)
    Checking Rule W71 (Rule 165 of total 279) .... done (Time = 0.00s, Memory = 0.0K)
    Checking Rule W240 (Rule 166 of total 279) .... done (Time = 0.00s, Memory = 0.0K)
    Checking Rule W240 (Rule 167 of total 279) .... done (Time = 0.00s, Memory = 0.0K)
    Checking Rule W287a (Rule 168 of total 279) .... done (Time = 0.00s, Memory = 0.0K)
    Checking Rule W293 (Rule 169 of total 279) .... done (Time = 0.00s, Memory = 4.0K)
    Checking Rule W398 (Rule 170 of total 279) .... done (Time = 0.00s, Memory = 0.8K)
    Checking Rule W424 (Rule 171 of total 279) .... done (Time = 0.00s, Memory = 0.0K)
    Checking Rule W467 (Rule 172 of total 279) .... done (Time = 0.00s, Memory = 1.0K)
    Checking Rule W505 (Rule 173 of total 279) .... done (Time = 0.00s, Memory = 0.4K)
    Checking Rule W505 (Rule 174 of total 279) .... done (Time = 0.00s, Memory = 0.0K)
    Checking Rule W528 (Rule 175 of total 279) .... done (Time = 0.00s, Memory = 0.0K)
    Checking Rule W528 (Rule 176 of total 279) .... done (Time = 0.00s, Memory = 645.8K)
    Checking Rule Prereqs_Usage (Rule 177 of total 279) .... done (Time = 0.00s, Memory = -16.0K)
    Checking Rule Postreqs_CheckFuncTask (Rule 178 of total 279) .... done (Time = 0.00s, Memory = 0.0K)
    Checking Rule Prereqs_ConstantInput-ML (Rule 179 of total 279) .... done (Time = 0.00s, Memory = 0.0K)
    Checking Rule Prereqs_ConstantInput-ML (Rule 180 of total 279) .... done (Time = 0.00s, Memory = 0.4K)
    Checking Rule ReportPortInfo-ML (Rule 181 of total 279) .... done (Time = 0.00s, Memory = 0.0K)
    Checking Rule NoAssignX-ML (Rule 182 of total 279) .... done (Time = 0.00s, Memory = 0.0K)
    Checking Rule ParamWidthMismatch-ML (Rule 183 of total 279) .... done (Time = 0.00s, Memory = 4.0K)
    Checking Rule Postreqs_Usage_ML (Rule 184 of total 279) .... done (Time = 0.00s, Memory = 0.0K)
    Checking Rule NoXInCase-ML (Rule 185 of total 279) .... done (Time = 0.00s, Memory = 0.0K)
Checking ELABDU Rules for designUnit ASYNC_FIFO
    Checking Rule syncRstReq (Rule 127 of total 279) .... done (Time = 0.00s, Memory = 0.0K)
    Checking Rule syncRstReq (Rule 128 of total 279) .... done (Time = 0.00s, Memory = 0.0K)
    Checking Rule AcOvlRtl (Rule 129 of total 279) .... done (Time = 0.00s, Memory = 0.0K)
    Checking Rule AcOvlRtl (Rule 130 of total 279) .... done (Time = 0.00s, Memory = 0.0K)
    Checking Rule Prereqs_STARC-2.3.6.1 (Rule 131 of total 279) .... done (Time = 0.00s, Memory = 0.0K)
    Checking Rule GenTopLevelBlocksForAutoSoc (Rule 132 of total 279) .... done (Time = 0.00s, Memory = 0.0K)
    Checking Rule STARC05-2.1.5.3 (Rule 133 of total 279) .... done (Time = 0.00s, Memory = 0.0K)
    Checking Rule STARC05-2.2.3.3 (Rule 134 of total 279) .... done (Time = 0.00s, Memory = 0.0K)
    Checking Rule STARC05-2.3.1.6 (Rule 135 of total 279) .... done (Time = 0.00s, Memory = 0.0K)
    Checking Rule STARC05-2.10.2.3 (Rule 136 of total 279) .... done (Time = 0.00s, Memory = 0.0K)
    Checking Rule STARC05-2.10.3.2a (Rule 137 of total 279) .... done (Time = 0.00s, Memory = 4.0K)
    Checking Rule STARC05-2.11.3.1 (Rule 138 of total 279) .... done (Time = 0.00s, Memory = -8.0K)
    Checking Rule STARC05-2.1.3.1 (Rule 139 of total 279) .... done (Time = 0.00s, Memory = -14.0K)
    Checking Rule STARC05-2.10.1.4b (Rule 140 of total 279) .... done (Time = 0.00s, Memory = -32.0K)
    Checking Rule W110 (Rule 141 of total 279) .... done (Time = 0.00s, Memory = 0.0K)
    Checking Rule W122 (Rule 142 of total 279) .... done (Time = 0.00s, Memory = 0.0K)
    Checking Rule W496a (Rule 143 of total 279) .... done (Time = 0.00s, Memory = 31.7K)
    Checking Rule W19 (Rule 144 of total 279) .... done (Time = 0.00s, Memory = 0.0K)
    Checking Rule W66 (Rule 145 of total 279) .... done (Time = 0.00s, Memory = 0.0K)
    Checking Rule W116 (Rule 146 of total 279) .... done (Time = 0.00s, Memory = 0.0K)
    Checking Rule W123 (Rule 147 of total 279) .... done (Time = 0.00s, Memory = 16.6K)
    Checking Rule W156 (Rule 148 of total 279) .... done (Time = 0.00s, Memory = 0.0K)
    Checking Rule W215 (Rule 149 of total 279) .... done (Time = 0.00s, Memory = 0.0K)
    Checking Rule W216 (Rule 150 of total 279) .... done (Time = 0.00s, Memory = 3.1K)
    Checking Rule W218 (Rule 151 of total 279) .... done (Time = 0.00s, Memory = 0.0K)
    Checking Rule W224 (Rule 152 of total 279) .... done (Time = 0.00s, Memory = 0.0K)
    Checking Rule W263 (Rule 153 of total 279) .... done (Time = 0.00s, Memory = 0.0K)
    Checking Rule W289 (Rule 154 of total 279) .... done (Time = 0.00s, Memory = 0.0K)
    Checking Rule W337 (Rule 155 of total 279) .... done (Time = 0.00s, Memory = 0.0K)
    Checking Rule W352 (Rule 156 of total 279) .... done (Time = 0.00s, Memory = 1.6K)
    Checking Rule W362 (Rule 157 of total 279) .... done (Time = 0.00s, Memory = 5.0K)
    Checking Rule W415a (Rule 158 of total 279) .... done (Time = 0.00s, Memory = 0.0K)
    Checking Rule W486 (Rule 159 of total 279) .... done (Time = 0.00s, Memory = 4.0K)
    Checking Rule W499 (Rule 160 of total 279) .... done (Time = 0.00s, Memory = -8.2K)
    Checking Rule W502 (Rule 161 of total 279) .... done (Time = 0.00s, Memory = 0.0K)
    Checking Rule W116 (Rule 162 of total 279) .... done (Time = 0.00s, Memory = 0.0K)
    Checking Rule W122 (Rule 163 of total 279) .... done (Time = 0.00s, Memory = 0.6K)
    Checking Rule W123 (Rule 164 of total 279) .... done (Time = 0.00s, Memory = 0.9K)
    Checking Rule W71 (Rule 165 of total 279) .... done (Time = 0.00s, Memory = 0.0K)
    Checking Rule W240 (Rule 166 of total 279) .... done (Time = 0.00s, Memory = -1.8K)
    Checking Rule W240 (Rule 167 of total 279) .... done (Time = 0.00s, Memory = 0.0K)
    Checking Rule W287a (Rule 168 of total 279) .... done (Time = 0.00s, Memory = 0.0K)
    Checking Rule W293 (Rule 169 of total 279) .... done (Time = 0.00s, Memory = 0.0K)
    Checking Rule W398 (Rule 170 of total 279) .... done (Time = 0.00s, Memory = 0.0K)
    Checking Rule W424 (Rule 171 of total 279) .... done (Time = 0.00s, Memory = 0.0K)
    Checking Rule W467 (Rule 172 of total 279) .... done (Time = 0.00s, Memory = 0.0K)
    Checking Rule W505 (Rule 173 of total 279) .... done (Time = 0.00s, Memory = 3.9K)
    Checking Rule W505 (Rule 174 of total 279) .... done (Time = 0.00s, Memory = 0.0K)
    Checking Rule W528 (Rule 175 of total 279) .... done (Time = 0.00s, Memory = 0.0K)
    Checking Rule W528 (Rule 176 of total 279) .... done (Time = 0.00s, Memory = 645.8K)
    Checking Rule Prereqs_Usage (Rule 177 of total 279) .... done (Time = 0.00s, Memory = -16.0K)
    Checking Rule Postreqs_CheckFuncTask (Rule 178 of total 279) .... done (Time = 0.00s, Memory = 0.0K)
    Checking Rule Prereqs_ConstantInput-ML (Rule 179 of total 279) .... done (Time = 0.00s, Memory = 0.0K)
    Checking Rule Prereqs_ConstantInput-ML (Rule 180 of total 279) .... done (Time = 0.00s, Memory = 0.4K)
    Checking Rule ReportPortInfo-ML (Rule 181 of total 279) .... done (Time = 0.00s, Memory = 0.0K)
    Checking Rule NoAssignX-ML (Rule 182 of total 279) .... done (Time = 0.00s, Memory = 0.0K)
    Checking Rule ParamWidthMismatch-ML (Rule 183 of total 279) .... done (Time = 0.00s, Memory = 4.0K)
    Checking Rule Postreqs_Usage_ML (Rule 184 of total 279) .... done (Time = 0.00s, Memory = 0.0K)
    Checking Rule NoXInCase-ML (Rule 185 of total 279) .... done (Time = 0.00s, Memory = 0.0K)
Checking ELABDU Rules for designUnit FIFO_RD
    Checking Rule syncRstReq (Rule 127 of total 279) .... done (Time = 0.00s, Memory = 8.0K)
    Checking Rule syncRstReq (Rule 128 of total 279) .... done (Time = 0.00s, Memory = 0.0K)
    Checking Rule AcOvlRtl (Rule 129 of total 279) .... done (Time = 0.00s, Memory = 0.0K)
    Checking Rule AcOvlRtl (Rule 130 of total 279) .... done (Time = 0.00s, Memory = 0.0K)
    Checking Rule Prereqs_STARC-2.3.6.1 (Rule 131 of total 279) .... done (Time = 0.00s, Memory = 0.0K)
    Checking Rule GenTopLevelBlocksForAutoSoc (Rule 132 of total 279) .... done (Time = 0.00s, Memory = 0.0K)
    Checking Rule STARC05-2.1.5.3 (Rule 133 of total 279) .... done (Time = 0.00s, Memory = 0.0K)
    Checking Rule STARC05-2.2.3.3 (Rule 134 of total 279) .... done (Time = 0.00s, Memory = 0.0K)
    Checking Rule STARC05-2.3.1.6 (Rule 135 of total 279) .... done (Time = 0.00s, Memory = 0.0K)
    Checking Rule STARC05-2.10.2.3 (Rule 136 of total 279) .... done (Time = 0.00s, Memory = 0.0K)
    Checking Rule STARC05-2.10.3.2a (Rule 137 of total 279) .... done (Time = 0.00s, Memory = 0.3K)
    Checking Rule STARC05-2.11.3.1 (Rule 138 of total 279) .... done (Time = 0.00s, Memory = 1.0K)
    Checking Rule STARC05-2.1.3.1 (Rule 139 of total 279) .... done (Time = 0.00s, Memory = 6.0K)
    Checking Rule STARC05-2.10.1.4b (Rule 140 of total 279) .... done (Time = 0.00s, Memory = -1.3K)
    Checking Rule W110 (Rule 141 of total 279) .... done (Time = 0.00s, Memory = 0.0K)
    Checking Rule W122 (Rule 142 of total 279) .... done (Time = 0.00s, Memory = -7.9K)
    Checking Rule W496a (Rule 143 of total 279) .... done (Time = 0.00s, Memory = 0.0K)
    Checking Rule W19 (Rule 144 of total 279) .... done (Time = 0.00s, Memory = -4.0K)
    Checking Rule W66 (Rule 145 of total 279) .... done (Time = 0.00s, Memory = -32.0K)
    Checking Rule W116 (Rule 146 of total 279) .... done (Time = 0.00s, Memory = 0.1K)
    Checking Rule W123 (Rule 147 of total 279) .... done (Time = 0.00s, Memory = 16.0K)
    Checking Rule W156 (Rule 148 of total 279) .... done (Time = 0.00s, Memory = 0.0K)
    Checking Rule W215 (Rule 149 of total 279) .... done (Time = 0.00s, Memory = 0.0K)
    Checking Rule W216 (Rule 150 of total 279) .... done (Time = 0.00s, Memory = 0.0K)
    Checking Rule W218 (Rule 151 of total 279) .... done (Time = 0.00s, Memory = 2.0K)
    Checking Rule W224 (Rule 152 of total 279) .... done (Time = 0.00s, Memory = 0.0K)
    Checking Rule W263 (Rule 153 of total 279) .... done (Time = 0.00s, Memory = -0.0K)
    Checking Rule W289 (Rule 154 of total 279) .... done (Time = 0.00s, Memory = 0.0K)
    Checking Rule W337 (Rule 155 of total 279) .... done (Time = 0.00s, Memory = 0.0K)
    Checking Rule W352 (Rule 156 of total 279) .... done (Time = 0.00s, Memory = 0.0K)
    Checking Rule W362 (Rule 157 of total 279) .... done (Time = 0.00s, Memory = -12.1K)
    Checking Rule W415a (Rule 158 of total 279) .... done (Time = 0.00s, Memory = 34.2K)
    Checking Rule W486 (Rule 159 of total 279) .... done (Time = 0.00s, Memory = -4.2K)
    Checking Rule W499 (Rule 160 of total 279) .... done (Time = 0.00s, Memory = -0.9K)
    Checking Rule W502 (Rule 161 of total 279) .... done (Time = 0.00s, Memory = -0.7K)
    Checking Rule W116 (Rule 162 of total 279) .... done (Time = 0.00s, Memory = 0.0K)
    Checking Rule W122 (Rule 163 of total 279) .... done (Time = 0.00s, Memory = 0.6K)
    Checking Rule W123 (Rule 164 of total 279) .... done (Time = 0.00s, Memory = 0.9K)
    Checking Rule W71 (Rule 165 of total 279) .... done (Time = 0.00s, Memory = 0.0K)
    Checking Rule W240 (Rule 166 of total 279) .... done (Time = 0.00s, Memory = 0.0K)
    Checking Rule W240 (Rule 167 of total 279) .... done (Time = 0.00s, Memory = 0.0K)
    Checking Rule W287a (Rule 168 of total 279) .... done (Time = 0.00s, Memory = 0.0K)
    Checking Rule W293 (Rule 169 of total 279) .... done (Time = 0.00s, Memory = 0.0K)
    Checking Rule W398 (Rule 170 of total 279) .... done (Time = 0.00s, Memory = 0.0K)
    Checking Rule W424 (Rule 171 of total 279) .... done (Time = 0.00s, Memory = 0.0K)
    Checking Rule W467 (Rule 172 of total 279) .... done (Time = 0.00s, Memory = 0.0K)
    Checking Rule W505 (Rule 173 of total 279) .... done (Time = 0.00s, Memory = 0.1K)
    Checking Rule W505 (Rule 174 of total 279) .... done (Time = 0.00s, Memory = 0.0K)
    Checking Rule W528 (Rule 175 of total 279) .... done (Time = 0.00s, Memory = 0.0K)
    Checking Rule W528 (Rule 176 of total 279) .... done (Time = 0.00s, Memory = 645.8K)
    Checking Rule Prereqs_Usage (Rule 177 of total 279) .... done (Time = 0.00s, Memory = -16.0K)
    Checking Rule Postreqs_CheckFuncTask (Rule 178 of total 279) .... done (Time = 0.00s, Memory = 0.0K)
    Checking Rule Prereqs_ConstantInput-ML (Rule 179 of total 279) .... done (Time = 0.00s, Memory = 0.0K)
    Checking Rule Prereqs_ConstantInput-ML (Rule 180 of total 279) .... done (Time = 0.00s, Memory = 0.4K)
    Checking Rule ReportPortInfo-ML (Rule 181 of total 279) .... done (Time = 0.00s, Memory = 4.0K)
    Checking Rule NoAssignX-ML (Rule 182 of total 279) .... done (Time = 0.00s, Memory = 0.0K)
    Checking Rule ParamWidthMismatch-ML (Rule 183 of total 279) .... done (Time = 0.00s, Memory = 0.0K)
    Checking Rule Postreqs_Usage_ML (Rule 184 of total 279) .... done (Time = 0.00s, Memory = 24.0K)
    Checking Rule NoXInCase-ML (Rule 185 of total 279) .... done (Time = 0.00s, Memory = 0.0K)
Checking ELABDU Rules for designUnit FIFO_WR
    Checking Rule syncRstReq (Rule 127 of total 279) .... done (Time = 0.00s, Memory = 0.0K)
    Checking Rule syncRstReq (Rule 128 of total 279) .... done (Time = 0.00s, Memory = 0.0K)
    Checking Rule AcOvlRtl (Rule 129 of total 279) .... done (Time = 0.00s, Memory = 0.0K)
    Checking Rule AcOvlRtl (Rule 130 of total 279) .... done (Time = 0.00s, Memory = 0.0K)
    Checking Rule Prereqs_STARC-2.3.6.1 (Rule 131 of total 279) .... done (Time = 0.00s, Memory = 0.0K)
    Checking Rule GenTopLevelBlocksForAutoSoc (Rule 132 of total 279) .... done (Time = 0.00s, Memory = 0.0K)
    Checking Rule STARC05-2.1.5.3 (Rule 133 of total 279) .... done (Time = 0.00s, Memory = 0.0K)
    Checking Rule STARC05-2.2.3.3 (Rule 134 of total 279) .... done (Time = 0.00s, Memory = 0.0K)
    Checking Rule STARC05-2.3.1.6 (Rule 135 of total 279) .... done (Time = 0.00s, Memory = 0.0K)
    Checking Rule STARC05-2.10.2.3 (Rule 136 of total 279) .... done (Time = 0.00s, Memory = 24.0K)
    Checking Rule STARC05-2.10.3.2a (Rule 137 of total 279) .... done (Time = 0.00s, Memory = 4.2K)
    Checking Rule STARC05-2.11.3.1 (Rule 138 of total 279) .... done (Time = 0.00s, Memory = 0.0K)
    Checking Rule STARC05-2.1.3.1 (Rule 139 of total 279) .... done (Time = 0.00s, Memory = -24.0K)
    Checking Rule STARC05-2.10.1.4b (Rule 140 of total 279) .... done (Time = 0.00s, Memory = -0.6K)
    Checking Rule W110 (Rule 141 of total 279) .... done (Time = 0.00s, Memory = 0.0K)
    Checking Rule W122 (Rule 142 of total 279) .... done (Time = 0.00s, Memory = 11.8K)
    Checking Rule W496a (Rule 143 of total 279) .... done (Time = 0.00s, Memory = 0.0K)
    Checking Rule W19 (Rule 144 of total 279) .... done (Time = 0.00s, Memory = 0.0K)
    Checking Rule W66 (Rule 145 of total 279) .... done (Time = 0.00s, Memory = -1.2K)
    Checking Rule W116 (Rule 146 of total 279) .... done (Time = 0.00s, Memory = -32.0K)
    Checking Rule W123 (Rule 147 of total 279) .... done (Time = 0.00s, Memory = 47.6K)
    Checking Rule W156 (Rule 148 of total 279) .... done (Time = 0.00s, Memory = 0.0K)
    Checking Rule W215 (Rule 149 of total 279) .... done (Time = 0.00s, Memory = 0.0K)
    Checking Rule W216 (Rule 150 of total 279) .... done (Time = 0.00s, Memory = -32.0K)
    Checking Rule W218 (Rule 151 of total 279) .... done (Time = 0.00s, Memory = 0.0K)
    Checking Rule W224 (Rule 152 of total 279) .... done (Time = 0.00s, Memory = 0.0K)
    Checking Rule W263 (Rule 153 of total 279) .... done (Time = 0.00s, Memory = -0.8K)
    Checking Rule W289 (Rule 154 of total 279) .... done (Time = 0.00s, Memory = 3.1K)
    Checking Rule W337 (Rule 155 of total 279) .... done (Time = 0.00s, Memory = 0.0K)
    Checking Rule W352 (Rule 156 of total 279) .... done (Time = 0.00s, Memory = 0.0K)
    Checking Rule W362 (Rule 157 of total 279) .... done (Time = 0.00s, Memory = 0.0K)
    Checking Rule W415a (Rule 158 of total 279) .... done (Time = 0.00s, Memory = 0.0K)
    Checking Rule W486 (Rule 159 of total 279) .... done (Time = 0.00s, Memory = 0.0K)
    Checking Rule W499 (Rule 160 of total 279) .... done (Time = 0.00s, Memory = 0.8K)
    Checking Rule W502 (Rule 161 of total 279) .... done (Time = 0.00s, Memory = 1.6K)
    Checking Rule W116 (Rule 162 of total 279) .... done (Time = 0.00s, Memory = 0.0K)
    Checking Rule W122 (Rule 163 of total 279) .... done (Time = 0.00s, Memory = 0.6K)
    Checking Rule W123 (Rule 164 of total 279) .... done (Time = 0.00s, Memory = 0.9K)
    Checking Rule W71 (Rule 165 of total 279) .... done (Time = 0.00s, Memory = 0.0K)
    Checking Rule W240 (Rule 166 of total 279) .... done (Time = 0.00s, Memory = 0.0K)
    Checking Rule W240 (Rule 167 of total 279) .... done (Time = 0.00s, Memory = 0.0K)
    Checking Rule W287a (Rule 168 of total 279) .... done (Time = 0.00s, Memory = 0.0K)
    Checking Rule W293 (Rule 169 of total 279) .... done (Time = 0.00s, Memory = 4.0K)
    Checking Rule W398 (Rule 170 of total 279) .... done (Time = 0.00s, Memory = 0.0K)
    Checking Rule W424 (Rule 171 of total 279) .... done (Time = 0.00s, Memory = 21.0K)
    Checking Rule W467 (Rule 172 of total 279) .... done (Time = 0.00s, Memory = 0.0K)
    Checking Rule W505 (Rule 173 of total 279) .... done (Time = 0.00s, Memory = 0.0K)
    Checking Rule W505 (Rule 174 of total 279) .... done (Time = 0.00s, Memory = 0.0K)
    Checking Rule W528 (Rule 175 of total 279) .... done (Time = 0.00s, Memory = 0.0K)
    Checking Rule W528 (Rule 176 of total 279) .... done (Time = 0.00s, Memory = 645.8K)
    Checking Rule Prereqs_Usage (Rule 177 of total 279) .... done (Time = 0.00s, Memory = -12.2K)
    Checking Rule Postreqs_CheckFuncTask (Rule 178 of total 279) .... done (Time = 0.00s, Memory = 0.0K)
    Checking Rule Prereqs_ConstantInput-ML (Rule 179 of total 279) .... done (Time = 0.00s, Memory = -0.4K)
    Checking Rule Prereqs_ConstantInput-ML (Rule 180 of total 279) .... done (Time = 0.00s, Memory = 0.4K)
    Checking Rule ReportPortInfo-ML (Rule 181 of total 279) .... done (Time = 0.00s, Memory = 0.9K)
    Checking Rule NoAssignX-ML (Rule 182 of total 279) .... done (Time = 0.00s, Memory = -0.7K)
    Checking Rule ParamWidthMismatch-ML (Rule 183 of total 279) .... done (Time = 0.00s, Memory = -1.1K)
    Checking Rule Postreqs_Usage_ML (Rule 184 of total 279) .... done (Time = 0.00s, Memory = 0.0K)
    Checking Rule NoXInCase-ML (Rule 185 of total 279) .... done (Time = 0.00s, Memory = 0.0K)
Checking ELABDU Rules for designUnit FIFO_MEM_CNTRL
    Checking Rule syncRstReq (Rule 127 of total 279) .... done (Time = 0.00s, Memory = 0.0K)
    Checking Rule syncRstReq (Rule 128 of total 279) .... done (Time = 0.00s, Memory = 0.0K)
    Checking Rule AcOvlRtl (Rule 129 of total 279) .... done (Time = 0.00s, Memory = 0.0K)
    Checking Rule AcOvlRtl (Rule 130 of total 279) .... done (Time = 0.00s, Memory = 0.0K)
    Checking Rule Prereqs_STARC-2.3.6.1 (Rule 131 of total 279) .... done (Time = 0.00s, Memory = 0.0K)
    Checking Rule GenTopLevelBlocksForAutoSoc (Rule 132 of total 279) .... done (Time = 0.00s, Memory = 0.0K)
    Checking Rule STARC05-2.1.5.3 (Rule 133 of total 279) .... done (Time = 0.00s, Memory = 8.0K)
    Checking Rule STARC05-2.2.3.3 (Rule 134 of total 279) .... done (Time = 0.00s, Memory = -7.8K)
    Checking Rule STARC05-2.3.1.6 (Rule 135 of total 279) .... done (Time = 0.00s, Memory = -24.0K)
    Checking Rule STARC05-2.10.2.3 (Rule 136 of total 279) .... done (Time = 0.00s, Memory = 0.0K)
    Checking Rule STARC05-2.10.3.2a (Rule 137 of total 279) .... done (Time = 0.00s, Memory = -1.5K)
    Checking Rule STARC05-2.11.3.1 (Rule 138 of total 279) .... done (Time = 0.00s, Memory = 0.0K)
    Checking Rule STARC05-2.1.3.1 (Rule 139 of total 279) .... done (Time = 0.00s, Memory = 0.0K)
    Checking Rule STARC05-2.10.1.4b (Rule 140 of total 279) .... done (Time = 0.00s, Memory = -2.3K)
    Checking Rule W110 (Rule 141 of total 279) .... done (Time = 0.00s, Memory = 0.0K)
    Checking Rule W122 (Rule 142 of total 279) .... done (Time = 0.00s, Memory = 0.0K)
    Checking Rule W496a (Rule 143 of total 279) .... done (Time = 0.00s, Memory = -0.3K)
    Checking Rule W19 (Rule 144 of total 279) .... done (Time = 0.00s, Memory = 0.0K)
    Checking Rule W66 (Rule 145 of total 279) .... done (Time = 0.00s, Memory = 0.0K)
    Checking Rule W116 (Rule 146 of total 279) .... done (Time = 0.00s, Memory = 0.0K)
    Checking Rule W123 (Rule 147 of total 279) .... done (Time = 0.00s, Memory = 15.5K)
    Checking Rule W156 (Rule 148 of total 279) .... done (Time = 0.00s, Memory = 0.0K)
    Checking Rule W215 (Rule 149 of total 279) .... done (Time = 0.00s, Memory = 0.0K)
    Checking Rule W216 (Rule 150 of total 279) .... done (Time = 0.00s, Memory = 24.0K)
    Checking Rule W218 (Rule 151 of total 279) .... done (Time = 0.00s, Memory = 0.0K)
    Checking Rule W224 (Rule 152 of total 279) .... done (Time = 0.00s, Memory = 0.0K)
    Checking Rule W263 (Rule 153 of total 279) .... done (Time = 0.00s, Memory = 4.0K)
    Checking Rule W289 (Rule 154 of total 279) .... done (Time = 0.00s, Memory = -32.0K)
    Checking Rule W337 (Rule 155 of total 279) .... done (Time = 0.00s, Memory = 0.0K)
    Checking Rule W352 (Rule 156 of total 279) .... done (Time = 0.00s, Memory = 0.0K)
    Checking Rule W362 (Rule 157 of total 279) .... done (Time = 0.00s, Memory = -1.3K)
    Checking Rule W415a (Rule 158 of total 279) .... done (Time = 0.00s, Memory = 0.0K)
    Checking Rule W486 (Rule 159 of total 279) .... done (Time = 0.00s, Memory = 23.6K)
    Checking Rule W499 (Rule 160 of total 279) .... done (Time = 0.00s, Memory = -0.6K)
    Checking Rule W502 (Rule 161 of total 279) .... done (Time = 0.00s, Memory = 0.0K)
    Checking Rule W116 (Rule 162 of total 279) .... done (Time = 0.00s, Memory = 0.0K)
    Checking Rule W122 (Rule 163 of total 279) .... done (Time = 0.00s, Memory = 0.6K)
    Checking Rule W123 (Rule 164 of total 279) .... done (Time = 0.00s, Memory = 0.9K)
    Checking Rule W71 (Rule 165 of total 279) .... done (Time = 0.00s, Memory = 0.0K)
    Checking Rule W240 (Rule 166 of total 279) .... done (Time = 0.00s, Memory = 0.0K)
    Checking Rule W240 (Rule 167 of total 279) .... done (Time = 0.00s, Memory = 0.0K)
    Checking Rule W287a (Rule 168 of total 279) .... done (Time = 0.00s, Memory = 0.0K)
    Checking Rule W293 (Rule 169 of total 279) .... done (Time = 0.00s, Memory = 4.0K)
    Checking Rule W398 (Rule 170 of total 279) .... done (Time = 0.00s, Memory = 0.0K)
    Checking Rule W424 (Rule 171 of total 279) .... done (Time = 0.00s, Memory = 0.0K)
    Checking Rule W467 (Rule 172 of total 279) .... done (Time = 0.00s, Memory = 0.0K)
    Checking Rule W505 (Rule 173 of total 279) .... done (Time = 0.00s, Memory = -24.0K)
    Checking Rule W505 (Rule 174 of total 279) .... done (Time = 0.00s, Memory = 0.0K)
    Checking Rule W528 (Rule 175 of total 279) .... done (Time = 0.00s, Memory = 0.0K)
    Checking Rule W528 (Rule 176 of total 279) .... done (Time = 0.00s, Memory = 645.8K)
    Checking Rule Prereqs_Usage (Rule 177 of total 279) .... done (Time = 0.00s, Memory = -16.7K)
    Checking Rule Postreqs_CheckFuncTask (Rule 178 of total 279) .... done (Time = 0.00s, Memory = -0.2K)
    Checking Rule Prereqs_ConstantInput-ML (Rule 179 of total 279) .... done (Time = 0.00s, Memory = 8.0K)
    Checking Rule Prereqs_ConstantInput-ML (Rule 180 of total 279) .... done (Time = 0.00s, Memory = 0.4K)
    Checking Rule ReportPortInfo-ML (Rule 181 of total 279) .... done (Time = 0.00s, Memory = 3.5K)
    Checking Rule NoAssignX-ML (Rule 182 of total 279) .... done (Time = 0.00s, Memory = -9.3K)
    Checking Rule ParamWidthMismatch-ML (Rule 183 of total 279) .... done (Time = 0.00s, Memory = -1.3K)
    Checking Rule Postreqs_Usage_ML (Rule 184 of total 279) .... done (Time = 0.00s, Memory = 32.0K)
    Checking Rule NoXInCase-ML (Rule 185 of total 279) .... done (Time = 0.00s, Memory = 0.0K)
Checking ELABDU Rules for designUnit DF_SYNC
    Checking Rule syncRstReq (Rule 127 of total 279) .... done (Time = 0.00s, Memory = 0.0K)
    Checking Rule syncRstReq (Rule 128 of total 279) .... done (Time = 0.00s, Memory = 0.0K)
    Checking Rule AcOvlRtl (Rule 129 of total 279) .... done (Time = 0.00s, Memory = 8.2K)
    Checking Rule AcOvlRtl (Rule 130 of total 279) .... done (Time = 0.00s, Memory = 0.0K)
    Checking Rule Prereqs_STARC-2.3.6.1 (Rule 131 of total 279) .... done (Time = 0.00s, Memory = 0.0K)
    Checking Rule GenTopLevelBlocksForAutoSoc (Rule 132 of total 279) .... done (Time = 0.00s, Memory = 0.0K)
    Checking Rule STARC05-2.1.5.3 (Rule 133 of total 279) .... done (Time = 0.00s, Memory = 8.0K)
    Checking Rule STARC05-2.2.3.3 (Rule 134 of total 279) .... done (Time = 0.00s, Memory = 1.8K)
    Checking Rule STARC05-2.3.1.6 (Rule 135 of total 279) .... done (Time = 0.00s, Memory = 0.0K)
    Checking Rule STARC05-2.10.2.3 (Rule 136 of total 279) .... done (Time = 0.00s, Memory = 0.0K)
    Checking Rule STARC05-2.10.3.2a (Rule 137 of total 279) .... done (Time = 0.00s, Memory = 0.0K)
    Checking Rule STARC05-2.11.3.1 (Rule 138 of total 279) .... done (Time = 0.00s, Memory = 0.0K)
    Checking Rule STARC05-2.1.3.1 (Rule 139 of total 279) .... done (Time = 0.00s, Memory = 0.0K)
    Checking Rule STARC05-2.10.1.4b (Rule 140 of total 279) .... done (Time = 0.00s, Memory = 0.0K)
    Checking Rule W110 (Rule 141 of total 279) .... done (Time = 0.00s, Memory = 0.0K)
    Checking Rule W122 (Rule 142 of total 279) .... done (Time = 0.00s, Memory = 0.0K)
    Checking Rule W496a (Rule 143 of total 279) .... done (Time = 0.00s, Memory = 0.0K)
    Checking Rule W19 (Rule 144 of total 279) .... done (Time = 0.00s, Memory = 24.0K)
    Checking Rule W66 (Rule 145 of total 279) .... done (Time = 0.00s, Memory = 0.0K)
    Checking Rule W116 (Rule 146 of total 279) .... done (Time = 0.00s, Memory = 4.0K)
    Checking Rule W123 (Rule 147 of total 279) .... done (Time = 0.00s, Memory = -16.0K)
    Checking Rule W156 (Rule 148 of total 279) .... done (Time = 0.00s, Memory = 1.1K)
    Checking Rule W215 (Rule 149 of total 279) .... done (Time = 0.00s, Memory = 0.0K)
    Checking Rule W216 (Rule 150 of total 279) .... done (Time = 0.00s, Memory = -32.0K)
    Checking Rule W218 (Rule 151 of total 279) .... done (Time = 0.00s, Memory = -1.7K)
    Checking Rule W224 (Rule 152 of total 279) .... done (Time = 0.00s, Memory = 0.0K)
    Checking Rule W263 (Rule 153 of total 279) .... done (Time = 0.00s, Memory = 0.0K)
    Checking Rule W289 (Rule 154 of total 279) .... done (Time = 0.00s, Memory = 1.6K)
    Checking Rule W337 (Rule 155 of total 279) .... done (Time = 0.00s, Memory = 4.7K)
    Checking Rule W352 (Rule 156 of total 279) .... done (Time = 0.00s, Memory = 0.0K)
    Checking Rule W362 (Rule 157 of total 279) .... done (Time = 0.00s, Memory = 0.0K)
    Checking Rule W415a (Rule 158 of total 279) .... done (Time = 0.00s, Memory = 0.0K)
    Checking Rule W486 (Rule 159 of total 279) .... done (Time = 0.00s, Memory = 0.0K)
    Checking Rule W499 (Rule 160 of total 279) .... done (Time = 0.00s, Memory = 0.0K)
    Checking Rule W502 (Rule 161 of total 279) .... done (Time = 0.00s, Memory = 0.0K)
    Checking Rule W116 (Rule 162 of total 279) .... done (Time = 0.00s, Memory = 0.0K)
    Checking Rule W122 (Rule 163 of total 279) .... done (Time = 0.00s, Memory = 0.6K)
    Checking Rule W123 (Rule 164 of total 279) .... done (Time = 0.00s, Memory = 0.9K)
    Checking Rule W71 (Rule 165 of total 279) .... done (Time = 0.00s, Memory = -0.1K)
    Checking Rule W240 (Rule 166 of total 279) .... done (Time = 0.00s, Memory = 0.0K)
    Checking Rule W240 (Rule 167 of total 279) .... done (Time = 0.00s, Memory = 0.0K)
    Checking Rule W287a (Rule 168 of total 279) .... done (Time = 0.00s, Memory = 0.0K)
    Checking Rule W293 (Rule 169 of total 279) .... done (Time = 0.00s, Memory = 0.0K)
    Checking Rule W398 (Rule 170 of total 279) .... done (Time = 0.00s, Memory = 0.0K)
    Checking Rule W424 (Rule 171 of total 279) .... done (Time = 0.00s, Memory = 0.0K)
    Checking Rule W467 (Rule 172 of total 279) .... done (Time = 0.00s, Memory = -1.6K)
    Checking Rule W505 (Rule 173 of total 279) .... done (Time = 0.00s, Memory = 6.8K)
    Checking Rule W505 (Rule 174 of total 279) .... done (Time = 0.00s, Memory = 0.0K)
    Checking Rule W528 (Rule 175 of total 279) .... done (Time = 0.00s, Memory = 0.0K)
    Checking Rule W528 (Rule 176 of total 279) .... done (Time = 0.00s, Memory = 645.8K)
    Checking Rule Prereqs_Usage (Rule 177 of total 279) .... done (Time = 0.00s, Memory = -16.0K)
    Checking Rule Postreqs_CheckFuncTask (Rule 178 of total 279) .... done (Time = 0.00s, Memory = 0.0K)
    Checking Rule Prereqs_ConstantInput-ML (Rule 179 of total 279) .... done (Time = 0.00s, Memory = 0.0K)
    Checking Rule Prereqs_ConstantInput-ML (Rule 180 of total 279) .... done (Time = 0.00s, Memory = 0.4K)
    Checking Rule ReportPortInfo-ML (Rule 181 of total 279) .... done (Time = 0.00s, Memory = 0.0K)
    Checking Rule NoAssignX-ML (Rule 182 of total 279) .... done (Time = 0.00s, Memory = 0.0K)
    Checking Rule ParamWidthMismatch-ML (Rule 183 of total 279) .... done (Time = 0.00s, Memory = 0.0K)
    Checking Rule Postreqs_Usage_ML (Rule 184 of total 279) .... done (Time = 0.00s, Memory = 0.0K)
    Checking Rule NoXInCase-ML (Rule 185 of total 279) .... done (Time = 0.00s, Memory = 0.0K)
Checking ELABDU Rules for designUnit Pulse_Gen
    Checking Rule syncRstReq (Rule 127 of total 279) .... done (Time = 0.00s, Memory = 0.0K)
    Checking Rule syncRstReq (Rule 128 of total 279) .... done (Time = 0.00s, Memory = 0.0K)
    Checking Rule AcOvlRtl (Rule 129 of total 279) .... done (Time = 0.00s, Memory = 0.0K)
    Checking Rule AcOvlRtl (Rule 130 of total 279) .... done (Time = 0.00s, Memory = 0.0K)
    Checking Rule Prereqs_STARC-2.3.6.1 (Rule 131 of total 279) .... done (Time = 0.00s, Memory = 0.0K)
    Checking Rule GenTopLevelBlocksForAutoSoc (Rule 132 of total 279) .... done (Time = 0.00s, Memory = 0.0K)
    Checking Rule STARC05-2.1.5.3 (Rule 133 of total 279) .... done (Time = 0.00s, Memory = 0.0K)
    Checking Rule STARC05-2.2.3.3 (Rule 134 of total 279) .... done (Time = 0.00s, Memory = -16.3K)
    Checking Rule STARC05-2.3.1.6 (Rule 135 of total 279) .... done (Time = 0.00s, Memory = 0.0K)
    Checking Rule STARC05-2.10.2.3 (Rule 136 of total 279) .... done (Time = 0.00s, Memory = 0.0K)
    Checking Rule STARC05-2.10.3.2a (Rule 137 of total 279) .... done (Time = 0.00s, Memory = 4.0K)
    Checking Rule STARC05-2.11.3.1 (Rule 138 of total 279) .... done (Time = 0.00s, Memory = -0.3K)
    Checking Rule STARC05-2.1.3.1 (Rule 139 of total 279) .... done (Time = 0.00s, Memory = 8.0K)
    Checking Rule STARC05-2.10.1.4b (Rule 140 of total 279) .... done (Time = 0.00s, Memory = 0.0K)
    Checking Rule W110 (Rule 141 of total 279) .... done (Time = 0.00s, Memory = 0.0K)
    Checking Rule W122 (Rule 142 of total 279) .... done (Time = 0.00s, Memory = 0.0K)
    Checking Rule W496a (Rule 143 of total 279) .... done (Time = 0.00s, Memory = 8.0K)
    Checking Rule W19 (Rule 144 of total 279) .... done (Time = 0.00s, Memory = 0.0K)
    Checking Rule W66 (Rule 145 of total 279) .... done (Time = 0.00s, Memory = -0.9K)
    Checking Rule W116 (Rule 146 of total 279) .... done (Time = 0.00s, Memory = 0.0K)
    Checking Rule W123 (Rule 147 of total 279) .... done (Time = 0.00s, Memory = 15.2K)
    Checking Rule W156 (Rule 148 of total 279) .... done (Time = 0.00s, Memory = 0.0K)
    Checking Rule W215 (Rule 149 of total 279) .... done (Time = 0.00s, Memory = 0.0K)
    Checking Rule W216 (Rule 150 of total 279) .... done (Time = 0.00s, Memory = 0.0K)
    Checking Rule W218 (Rule 151 of total 279) .... done (Time = 0.00s, Memory = 0.0K)
    Checking Rule W224 (Rule 152 of total 279) .... done (Time = 0.00s, Memory = 0.0K)
    Checking Rule W263 (Rule 153 of total 279) .... done (Time = 0.00s, Memory = 0.0K)
    Checking Rule W289 (Rule 154 of total 279) .... done (Time = 0.00s, Memory = 0.0K)
    Checking Rule W337 (Rule 155 of total 279) .... done (Time = 0.00s, Memory = 0.0K)
    Checking Rule W352 (Rule 156 of total 279) .... done (Time = 0.00s, Memory = 4.7K)
    Checking Rule W362 (Rule 157 of total 279) .... done (Time = 0.00s, Memory = 32.0K)
    Checking Rule W415a (Rule 158 of total 279) .... done (Time = 0.00s, Memory = 0.0K)
    Checking Rule W486 (Rule 159 of total 279) .... done (Time = 0.00s, Memory = -20.0K)
    Checking Rule W499 (Rule 160 of total 279) .... done (Time = 0.00s, Memory = 11.8K)
    Checking Rule W502 (Rule 161 of total 279) .... done (Time = 0.00s, Memory = 0.0K)
    Checking Rule W116 (Rule 162 of total 279) .... done (Time = 0.00s, Memory = 0.0K)
    Checking Rule W122 (Rule 163 of total 279) .... done (Time = 0.00s, Memory = 0.6K)
    Checking Rule W123 (Rule 164 of total 279) .... done (Time = 0.00s, Memory = 0.9K)
    Checking Rule W71 (Rule 165 of total 279) .... done (Time = 0.00s, Memory = -0.2K)
    Checking Rule W240 (Rule 166 of total 279) .... done (Time = 0.00s, Memory = 24.0K)
    Checking Rule W240 (Rule 167 of total 279) .... done (Time = 0.00s, Memory = 0.0K)
    Checking Rule W287a (Rule 168 of total 279) .... done (Time = 0.00s, Memory = 0.0K)
    Checking Rule W293 (Rule 169 of total 279) .... done (Time = 0.00s, Memory = 0.0K)
    Checking Rule W398 (Rule 170 of total 279) .... done (Time = 0.00s, Memory = 0.0K)
    Checking Rule W424 (Rule 171 of total 279) .... done (Time = 0.00s, Memory = 0.0K)
    Checking Rule W467 (Rule 172 of total 279) .... done (Time = 0.00s, Memory = -1.3K)
    Checking Rule W505 (Rule 173 of total 279) .... done (Time = 0.00s, Memory = 0.0K)
    Checking Rule W505 (Rule 174 of total 279) .... done (Time = 0.00s, Memory = 0.0K)
    Checking Rule W528 (Rule 175 of total 279) .... done (Time = 0.00s, Memory = 0.0K)
    Checking Rule W528 (Rule 176 of total 279) .... done (Time = 0.00s, Memory = 645.8K)
    Checking Rule Prereqs_Usage (Rule 177 of total 279) .... done (Time = 0.00s, Memory = -16.0K)
    Checking Rule Postreqs_CheckFuncTask (Rule 178 of total 279) .... done (Time = 0.00s, Memory = 0.0K)
    Checking Rule Prereqs_ConstantInput-ML (Rule 179 of total 279) .... done (Time = 0.00s, Memory = 0.0K)
    Checking Rule Prereqs_ConstantInput-ML (Rule 180 of total 279) .... done (Time = 0.00s, Memory = 0.4K)
    Checking Rule ReportPortInfo-ML (Rule 181 of total 279) .... done (Time = 0.00s, Memory = 4.0K)
    Checking Rule NoAssignX-ML (Rule 182 of total 279) .... done (Time = 0.00s, Memory = 0.0K)
    Checking Rule ParamWidthMismatch-ML (Rule 183 of total 279) .... done (Time = 0.00s, Memory = 0.0K)
    Checking Rule Postreqs_Usage_ML (Rule 184 of total 279) .... done (Time = 0.00s, Memory = 0.0K)
    Checking Rule NoXInCase-ML (Rule 185 of total 279) .... done (Time = 0.00s, Memory = 0.0K)
Checking Rule SGDC_meta_design_hier01 (Rule 186 of total 279) .... done (Time = 0.00s, Memory = 0.2K)
 Synthesizing Library Cells specified through SgLib  ......
 Synthesis of Library Cells specified through SgLib completed 
 Synthesizing module: Pulse_Gen (elaborated name: Pulse_Gen) ... (Module 1 of total 29)  done 
 Synthesizing module: DF_SYNC (elaborated name: DF_SYNC) ... (Module 2 of total 29)  done 
 Synthesizing module: FIFO_MEM_CNTRL (elaborated name: FIFO_MEM_CNTRL) ... (Module 3 of total 29)  done 
 Synthesizing module: FIFO_WR (elaborated name: FIFO_WR) ... (Module 4 of total 29)  done 
 Synthesizing module: FIFO_RD (elaborated name: FIFO_RD) ... (Module 5 of total 29)  done 
 Synthesizing module: ASYNC_FIFO (elaborated name: ASYNC_FIFO) ... (Module 6 of total 29)  done 
 Synthesizing module: ALU (elaborated name: ALU) ... (Module 7 of total 29)  done 
 Synthesizing module: CLK_GATE (elaborated name: CLK_GATE) ... (Module 8 of total 29)  done 
 Synthesizing module: regfile (elaborated name: regfile) ... (Module 9 of total 29)  done 
 Synthesizing module: SYS_CTRL (elaborated name: SYS_CTRL) ... (Module 10 of total 29)  done 
 Synthesizing module: DATA_SYNC (elaborated name: DATA_SYNC) ... (Module 11 of total 29)  done 
 Synthesizing module: FSM_RX (elaborated name: FSM_RX) ... (Module 12 of total 29)  done 
 Synthesizing module: edge_bit_counter (elaborated name: edge_bit_counter) ... (Module 13 of total 29)  done 
 Synthesizing module: deserializer (elaborated name: deserializer) ... (Module 14 of total 29)  done 
 Synthesizing module: data_sampling (elaborated name: data_sampling) ... (Module 15 of total 29)  done 
 Synthesizing module: stop_checker (elaborated name: stop_checker) ... (Module 16 of total 29)  done 
 Synthesizing module: strt_checker (elaborated name: strt_checker) ... (Module 17 of total 29)  done 
 Synthesizing module: parity_checker (elaborated name: parity_checker) ... (Module 18 of total 29)  done 
 Synthesizing module: UART_RX (elaborated name: UART_RX) ... (Module 19 of total 29)  done 
 Synthesizing module: FSM_TX (elaborated name: FSM_TX) ... (Module 20 of total 29)  done 
 Synthesizing module: Serializer (elaborated name: Serializer) ... (Module 21 of total 29)  done 
 Synthesizing module: Parity_Calc (elaborated name: Parity_Calc) ... (Module 22 of total 29)  done 
 Synthesizing module: MUX (elaborated name: MUX) ... (Module 23 of total 29)  done 
 Synthesizing module: UART_TX (elaborated name: UART_TX) ... (Module 24 of total 29)  done 
 Synthesizing module: UART (elaborated name: UART) ... (Module 25 of total 29)  done 
 Synthesizing module: RST_SYNC (elaborated name: RST_SYNC) ... (Module 26 of total 29)  done 
 Synthesizing module: CLK_DIV (elaborated name: CLK_DIV) ... (Module 27 of total 29)  done 
 Synthesizing module: prescale_mux (elaborated name: prescale_mux) ... (Module 28 of total 29)  done 
 Synthesizing module: SYSTEM_TOP (elaborated name: SYSTEM_TOP) ... (Module 29 of total 29)  done 
 Synthesis completed.
Checking Rule InferBlackBox (Rule 187 of total 279) .... done (Time = 0.00s, Memory = -4.9K)

INFO [234]    Saving design database in directory './spyglass-1/.SG_SaveRestoreDB/autogenerated__default_snapshot' ...
              done

Checking Rule SGDC_waive37 (Rule 188 of total 279) .... done (Time = 0.00s, Memory = 33.2K)
Checking Rule SGDC_waive24 (Rule 189 of total 279) .... done (Time = 0.00s, Memory = 0.0K)
Checking Rule SGDC_waive25 (Rule 190 of total 279) .... done (Time = 0.00s, Memory = 4.0K)
Checking Rule SGDC_waive31 (Rule 191 of total 279) .... done (Time = 0.00s, Memory = 0.0K)
Checking Rule SGDC_waive35 (Rule 192 of total 279) .... done (Time = 0.00s, Memory = 15.0K)
Checking Rule ReportSglibSummary (Rule 193 of total 279) .... done (Time = 0.00s, Memory = 0.0K)
Checking Rule Txv_SvaSetup01 for module Pulse_Gen (Rule 194 of total 279) .... done (Time = 0.00s, Memory = 0.0K)
Checking Rule PESVASETUP01 for module Pulse_Gen (Rule 195 of total 279) .... done (Time = 0.00s, Memory = 0.0K)
Checking Rule _cdc_save_license01 for module Pulse_Gen (Rule 196 of total 279) .... done (Time = 0.00s, Memory = 0.0K)
Checking Rule Reset_check05 for module Pulse_Gen (Rule 197 of total 279) .... done (Time = 0.00s, Memory = 0.0K)
Checking Rule _syncResetStyleRTL for module Pulse_Gen (Rule 198 of total 279) .... done (Time = 0.00s, Memory = 0.0K)
Checking Rule _meta_delay01 for module Pulse_Gen (Rule 199 of total 279) .... done (Time = 0.00s, Memory = 0.0K)
Checking Rule Ac_svasetup01 for module Pulse_Gen (Rule 200 of total 279) .... done (Time = 0.00s, Memory = 0.0K)
Checking Rule LogNMuxPrereq for module Pulse_Gen (Rule 201 of total 279) .... done (Time = 0.00s, Memory = 0.0K)
Checking Rule STARC-1.3.2.2_prereq for module Pulse_Gen (Rule 202 of total 279) .... done (Time = 0.00s, Memory = 0.0K)
Checking Rule W336 for module Pulse_Gen (Rule 203 of total 279) .... done (Time = 0.00s, Memory = 0.0K)
Checking Rule W414 for module Pulse_Gen (Rule 204 of total 279) .... done (Time = 0.00s, Memory = 0.0K)
Checking Rule W450L for module Pulse_Gen (Rule 205 of total 279) .... done (Time = 0.00s, Memory = 0.0K)
Checking Rule HangingNetPreReq-ML for module Pulse_Gen (Rule 206 of total 279) .... done (Time = 0.00s, Memory = 0.0K)
Checking Rule RegInputOutput-ML for module Pulse_Gen (Rule 207 of total 279) .... done (Time = 0.00s, Memory = 0.0K)
Checking Rule STARC05-2.5.1.7 for module Pulse_Gen (Rule 208 of total 279) .... done (Time = 0.00s, Memory = 0.0K)
Checking Rule STARC05-2.5.1.9 for module Pulse_Gen (Rule 209 of total 279) .... done (Time = 0.00s, Memory = 0.0K)
Checking Rule Txv_SvaSetup01 for module DF_SYNC (Rule 194 of total 279) .... done (Time = 0.00s, Memory = 0.0K)
Checking Rule PESVASETUP01 for module DF_SYNC (Rule 195 of total 279) .... done (Time = 0.00s, Memory = 0.0K)
Checking Rule _cdc_save_license01 for module DF_SYNC (Rule 196 of total 279) .... done (Time = 0.00s, Memory = 0.0K)
Checking Rule Reset_check05 for module DF_SYNC (Rule 197 of total 279) .... done (Time = 0.00s, Memory = 0.0K)
Checking Rule _syncResetStyleRTL for module DF_SYNC (Rule 198 of total 279) .... done (Time = 0.00s, Memory = 0.0K)
Checking Rule _meta_delay01 for module DF_SYNC (Rule 199 of total 279) .... done (Time = 0.00s, Memory = 0.0K)
Checking Rule Ac_svasetup01 for module DF_SYNC (Rule 200 of total 279) .... done (Time = 0.00s, Memory = 0.0K)
Checking Rule LogNMuxPrereq for module DF_SYNC (Rule 201 of total 279) .... done (Time = 0.00s, Memory = 0.0K)
Checking Rule STARC-1.3.2.2_prereq for module DF_SYNC (Rule 202 of total 279) .... done (Time = 0.00s, Memory = 0.0K)
Checking Rule W336 for module DF_SYNC (Rule 203 of total 279) .... done (Time = 0.00s, Memory = 0.0K)
Checking Rule W414 for module DF_SYNC (Rule 204 of total 279) .... done (Time = 0.00s, Memory = 0.0K)
Checking Rule W450L for module DF_SYNC (Rule 205 of total 279) .... done (Time = 0.00s, Memory = 0.0K)
Checking Rule HangingNetPreReq-ML for module DF_SYNC (Rule 206 of total 279) .... done (Time = 0.00s, Memory = 0.0K)
Checking Rule RegInputOutput-ML for module DF_SYNC (Rule 207 of total 279) .... done (Time = 0.00s, Memory = 0.0K)
Checking Rule STARC05-2.5.1.7 for module DF_SYNC (Rule 208 of total 279) .... done (Time = 0.00s, Memory = 0.0K)
Checking Rule STARC05-2.5.1.9 for module DF_SYNC (Rule 209 of total 279) .... done (Time = 0.00s, Memory = 0.0K)
Checking Rule Txv_SvaSetup01 for module FIFO_MEM_CNTRL (Rule 194 of total 279) .... done (Time = 0.00s, Memory = 0.0K)
Checking Rule PESVASETUP01 for module FIFO_MEM_CNTRL (Rule 195 of total 279) .... done (Time = 0.00s, Memory = 0.0K)
Checking Rule _cdc_save_license01 for module FIFO_MEM_CNTRL (Rule 196 of total 279) .... done (Time = 0.00s, Memory = 0.0K)
Checking Rule Reset_check05 for module FIFO_MEM_CNTRL (Rule 197 of total 279) .... done (Time = 0.00s, Memory = 0.0K)
Checking Rule _syncResetStyleRTL for module FIFO_MEM_CNTRL (Rule 198 of total 279) .... done (Time = 0.00s, Memory = 0.0K)
Checking Rule _meta_delay01 for module FIFO_MEM_CNTRL (Rule 199 of total 279) .... done (Time = 0.00s, Memory = 0.0K)
Checking Rule Ac_svasetup01 for module FIFO_MEM_CNTRL (Rule 200 of total 279) .... done (Time = 0.00s, Memory = 0.0K)
Checking Rule LogNMuxPrereq for module FIFO_MEM_CNTRL (Rule 201 of total 279) .... done (Time = 0.00s, Memory = 0.0K)
Checking Rule STARC-1.3.2.2_prereq for module FIFO_MEM_CNTRL (Rule 202 of total 279) .... done (Time = 0.00s, Memory = 0.0K)
Checking Rule W336 for module FIFO_MEM_CNTRL (Rule 203 of total 279) .... done (Time = 0.00s, Memory = 0.0K)
Checking Rule W414 for module FIFO_MEM_CNTRL (Rule 204 of total 279) .... done (Time = 0.00s, Memory = 0.0K)
Checking Rule W450L for module FIFO_MEM_CNTRL (Rule 205 of total 279) .... done (Time = 0.00s, Memory = 0.0K)
Checking Rule HangingNetPreReq-ML for module FIFO_MEM_CNTRL (Rule 206 of total 279) .... done (Time = 0.00s, Memory = 0.0K)
Checking Rule RegInputOutput-ML for module FIFO_MEM_CNTRL (Rule 207 of total 279) .... done (Time = 0.00s, Memory = 0.0K)
Checking Rule STARC05-2.5.1.7 for module FIFO_MEM_CNTRL (Rule 208 of total 279) .... done (Time = 0.00s, Memory = 0.0K)
Checking Rule STARC05-2.5.1.9 for module FIFO_MEM_CNTRL (Rule 209 of total 279) .... done (Time = 0.00s, Memory = 0.0K)
Checking Rule Txv_SvaSetup01 for module FIFO_WR (Rule 194 of total 279) .... done (Time = 0.00s, Memory = 0.0K)
Checking Rule PESVASETUP01 for module FIFO_WR (Rule 195 of total 279) .... done (Time = 0.00s, Memory = 0.0K)
Checking Rule _cdc_save_license01 for module FIFO_WR (Rule 196 of total 279) .... done (Time = 0.00s, Memory = 0.0K)
Checking Rule Reset_check05 for module FIFO_WR (Rule 197 of total 279) .... done (Time = 0.00s, Memory = 0.0K)
Checking Rule _syncResetStyleRTL for module FIFO_WR (Rule 198 of total 279) .... done (Time = 0.00s, Memory = 0.0K)
Checking Rule _meta_delay01 for module FIFO_WR (Rule 199 of total 279) .... done (Time = 0.00s, Memory = 0.0K)
Checking Rule Ac_svasetup01 for module FIFO_WR (Rule 200 of total 279) .... done (Time = 0.00s, Memory = 0.0K)
Checking Rule LogNMuxPrereq for module FIFO_WR (Rule 201 of total 279) .... done (Time = 0.00s, Memory = 0.0K)
Checking Rule STARC-1.3.2.2_prereq for module FIFO_WR (Rule 202 of total 279) .... done (Time = 0.00s, Memory = 0.0K)
Checking Rule W336 for module FIFO_WR (Rule 203 of total 279) .... done (Time = 0.00s, Memory = 0.0K)
Checking Rule W414 for module FIFO_WR (Rule 204 of total 279) .... done (Time = 0.00s, Memory = 0.0K)
Checking Rule W450L for module FIFO_WR (Rule 205 of total 279) .... done (Time = 0.00s, Memory = 0.0K)
Checking Rule HangingNetPreReq-ML for module FIFO_WR (Rule 206 of total 279) .... done (Time = 0.00s, Memory = 0.0K)
Checking Rule RegInputOutput-ML for module FIFO_WR (Rule 207 of total 279) .... done (Time = 0.00s, Memory = 0.0K)
Checking Rule STARC05-2.5.1.7 for module FIFO_WR (Rule 208 of total 279) .... done (Time = 0.00s, Memory = 0.0K)
Checking Rule STARC05-2.5.1.9 for module FIFO_WR (Rule 209 of total 279) .... done (Time = 0.00s, Memory = 0.0K)
Checking Rule Txv_SvaSetup01 for module FIFO_RD (Rule 194 of total 279) .... done (Time = 0.00s, Memory = 0.0K)
Checking Rule PESVASETUP01 for module FIFO_RD (Rule 195 of total 279) .... done (Time = 0.00s, Memory = 0.0K)
Checking Rule _cdc_save_license01 for module FIFO_RD (Rule 196 of total 279) .... done (Time = 0.00s, Memory = 0.0K)
Checking Rule Reset_check05 for module FIFO_RD (Rule 197 of total 279) .... done (Time = 0.00s, Memory = 0.0K)
Checking Rule _syncResetStyleRTL for module FIFO_RD (Rule 198 of total 279) .... done (Time = 0.00s, Memory = 0.0K)
Checking Rule _meta_delay01 for module FIFO_RD (Rule 199 of total 279) .... done (Time = 0.00s, Memory = 0.0K)
Checking Rule Ac_svasetup01 for module FIFO_RD (Rule 200 of total 279) .... done (Time = 0.00s, Memory = 0.0K)
Checking Rule LogNMuxPrereq for module FIFO_RD (Rule 201 of total 279) .... done (Time = 0.00s, Memory = 0.0K)
Checking Rule STARC-1.3.2.2_prereq for module FIFO_RD (Rule 202 of total 279) .... done (Time = 0.00s, Memory = 0.0K)
Checking Rule W336 for module FIFO_RD (Rule 203 of total 279) .... done (Time = 0.00s, Memory = 0.0K)
Checking Rule W414 for module FIFO_RD (Rule 204 of total 279) .... done (Time = 0.00s, Memory = 0.0K)
Checking Rule W450L for module FIFO_RD (Rule 205 of total 279) .... done (Time = 0.00s, Memory = 0.0K)
Checking Rule HangingNetPreReq-ML for module FIFO_RD (Rule 206 of total 279) .... done (Time = 0.00s, Memory = 0.0K)
Checking Rule RegInputOutput-ML for module FIFO_RD (Rule 207 of total 279) .... done (Time = 0.00s, Memory = 0.0K)
Checking Rule STARC05-2.5.1.7 for module FIFO_RD (Rule 208 of total 279) .... done (Time = 0.00s, Memory = 0.0K)
Checking Rule STARC05-2.5.1.9 for module FIFO_RD (Rule 209 of total 279) .... done (Time = 0.00s, Memory = 0.0K)
Checking Rule Txv_SvaSetup01 for module ASYNC_FIFO (Rule 194 of total 279) .... done (Time = 0.00s, Memory = 0.0K)
Checking Rule PESVASETUP01 for module ASYNC_FIFO (Rule 195 of total 279) .... done (Time = 0.00s, Memory = 0.0K)
Checking Rule _cdc_save_license01 for module ASYNC_FIFO (Rule 196 of total 279) .... done (Time = 0.00s, Memory = 0.0K)
Checking Rule Reset_check05 for module ASYNC_FIFO (Rule 197 of total 279) .... done (Time = 0.00s, Memory = 0.0K)
Checking Rule _syncResetStyleRTL for module ASYNC_FIFO (Rule 198 of total 279) .... done (Time = 0.00s, Memory = 0.0K)
Checking Rule _meta_delay01 for module ASYNC_FIFO (Rule 199 of total 279) .... done (Time = 0.00s, Memory = 0.0K)
Checking Rule Ac_svasetup01 for module ASYNC_FIFO (Rule 200 of total 279) .... done (Time = 0.00s, Memory = 0.0K)
Checking Rule LogNMuxPrereq for module ASYNC_FIFO (Rule 201 of total 279) .... done (Time = 0.00s, Memory = 0.0K)
Checking Rule STARC-1.3.2.2_prereq for module ASYNC_FIFO (Rule 202 of total 279) .... done (Time = 0.00s, Memory = 0.0K)
Checking Rule W336 for module ASYNC_FIFO (Rule 203 of total 279) .... done (Time = 0.00s, Memory = 0.0K)
Checking Rule W414 for module ASYNC_FIFO (Rule 204 of total 279) .... done (Time = 0.00s, Memory = 0.0K)
Checking Rule W450L for module ASYNC_FIFO (Rule 205 of total 279) .... done (Time = 0.00s, Memory = 0.0K)
Checking Rule HangingNetPreReq-ML for module ASYNC_FIFO (Rule 206 of total 279) .... done (Time = 0.00s, Memory = 0.0K)
Checking Rule RegInputOutput-ML for module ASYNC_FIFO (Rule 207 of total 279) .... done (Time = 0.00s, Memory = 0.0K)
Checking Rule STARC05-2.5.1.7 for module ASYNC_FIFO (Rule 208 of total 279) .... done (Time = 0.00s, Memory = 0.0K)
Checking Rule STARC05-2.5.1.9 for module ASYNC_FIFO (Rule 209 of total 279) .... done (Time = 0.00s, Memory = 0.0K)
Checking Rule Txv_SvaSetup01 for module ALU (Rule 194 of total 279) .... done (Time = 0.00s, Memory = 0.0K)
Checking Rule PESVASETUP01 for module ALU (Rule 195 of total 279) .... done (Time = 0.00s, Memory = 0.0K)
Checking Rule _cdc_save_license01 for module ALU (Rule 196 of total 279) .... done (Time = 0.00s, Memory = 0.0K)
Checking Rule Reset_check05 for module ALU (Rule 197 of total 279) .... done (Time = 0.00s, Memory = 0.0K)
Checking Rule _syncResetStyleRTL for module ALU (Rule 198 of total 279) .... done (Time = 0.00s, Memory = 0.0K)
Checking Rule _meta_delay01 for module ALU (Rule 199 of total 279) .... done (Time = 0.00s, Memory = 0.0K)
Checking Rule Ac_svasetup01 for module ALU (Rule 200 of total 279) .... done (Time = 0.00s, Memory = 0.0K)
Checking Rule LogNMuxPrereq for module ALU (Rule 201 of total 279) .... done (Time = 0.00s, Memory = 0.0K)
Checking Rule STARC-1.3.2.2_prereq for module ALU (Rule 202 of total 279) .... done (Time = 0.00s, Memory = 0.0K)
Checking Rule W336 for module ALU (Rule 203 of total 279) .... done (Time = 0.00s, Memory = 0.0K)
Checking Rule W414 for module ALU (Rule 204 of total 279) .... done (Time = 0.00s, Memory = 0.0K)
Checking Rule W450L for module ALU (Rule 205 of total 279) .... done (Time = 0.00s, Memory = 0.0K)
Checking Rule HangingNetPreReq-ML for module ALU (Rule 206 of total 279) .... done (Time = 0.00s, Memory = 0.0K)
Checking Rule RegInputOutput-ML for module ALU (Rule 207 of total 279) .... done (Time = 0.00s, Memory = 0.0K)
Checking Rule STARC05-2.5.1.7 for module ALU (Rule 208 of total 279) .... done (Time = 0.00s, Memory = 0.0K)
Checking Rule STARC05-2.5.1.9 for module ALU (Rule 209 of total 279) .... done (Time = 0.00s, Memory = 0.0K)
Checking Rule Txv_SvaSetup01 for module CLK_GATE (Rule 194 of total 279) .... done (Time = 0.00s, Memory = 0.0K)
Checking Rule PESVASETUP01 for module CLK_GATE (Rule 195 of total 279) .... done (Time = 0.00s, Memory = 0.0K)
Checking Rule _cdc_save_license01 for module CLK_GATE (Rule 196 of total 279) .... done (Time = 0.00s, Memory = 0.0K)
Checking Rule Reset_check05 for module CLK_GATE (Rule 197 of total 279) .... done (Time = 0.00s, Memory = 0.0K)
Checking Rule _syncResetStyleRTL for module CLK_GATE (Rule 198 of total 279) .... done (Time = 0.00s, Memory = 0.0K)
Checking Rule _meta_delay01 for module CLK_GATE (Rule 199 of total 279) .... done (Time = 0.00s, Memory = 0.0K)
Checking Rule Ac_svasetup01 for module CLK_GATE (Rule 200 of total 279) .... done (Time = 0.00s, Memory = 0.0K)
Checking Rule LogNMuxPrereq for module CLK_GATE (Rule 201 of total 279) .... done (Time = 0.00s, Memory = 0.0K)
Checking Rule STARC-1.3.2.2_prereq for module CLK_GATE (Rule 202 of total 279) .... done (Time = 0.00s, Memory = 0.0K)
Checking Rule W336 for module CLK_GATE (Rule 203 of total 279) .... done (Time = 0.00s, Memory = 0.0K)
Checking Rule W414 for module CLK_GATE (Rule 204 of total 279) .... done (Time = 0.00s, Memory = 0.0K)
Checking Rule W450L for module CLK_GATE (Rule 205 of total 279) .... done (Time = 0.00s, Memory = 0.0K)
Checking Rule HangingNetPreReq-ML for module CLK_GATE (Rule 206 of total 279) .... done (Time = 0.00s, Memory = 0.0K)
Checking Rule RegInputOutput-ML for module CLK_GATE (Rule 207 of total 279) .... done (Time = 0.00s, Memory = 0.0K)
Checking Rule STARC05-2.5.1.7 for module CLK_GATE (Rule 208 of total 279) .... done (Time = 0.00s, Memory = 0.0K)
Checking Rule STARC05-2.5.1.9 for module CLK_GATE (Rule 209 of total 279) .... done (Time = 0.00s, Memory = 0.0K)
Checking Rule Txv_SvaSetup01 for module regfile (Rule 194 of total 279) .... done (Time = 0.00s, Memory = 0.0K)
Checking Rule PESVASETUP01 for module regfile (Rule 195 of total 279) .... done (Time = 0.00s, Memory = 0.0K)
Checking Rule _cdc_save_license01 for module regfile (Rule 196 of total 279) .... done (Time = 0.00s, Memory = 0.0K)
Checking Rule Reset_check05 for module regfile (Rule 197 of total 279) .... done (Time = 0.00s, Memory = 0.0K)
Checking Rule _syncResetStyleRTL for module regfile (Rule 198 of total 279) .... done (Time = 0.00s, Memory = 0.0K)
Checking Rule _meta_delay01 for module regfile (Rule 199 of total 279) .... done (Time = 0.00s, Memory = 0.0K)
Checking Rule Ac_svasetup01 for module regfile (Rule 200 of total 279) .... done (Time = 0.00s, Memory = 0.0K)
Checking Rule LogNMuxPrereq for module regfile (Rule 201 of total 279) .... done (Time = 0.00s, Memory = 0.0K)
Checking Rule STARC-1.3.2.2_prereq for module regfile (Rule 202 of total 279) .... done (Time = 0.00s, Memory = 0.0K)
Checking Rule W336 for module regfile (Rule 203 of total 279) .... done (Time = 0.00s, Memory = 0.0K)
Checking Rule W414 for module regfile (Rule 204 of total 279) .... done (Time = 0.00s, Memory = 0.0K)
Checking Rule W450L for module regfile (Rule 205 of total 279) .... done (Time = 0.00s, Memory = 0.0K)
Checking Rule HangingNetPreReq-ML for module regfile (Rule 206 of total 279) .... done (Time = 0.00s, Memory = 0.0K)
Checking Rule RegInputOutput-ML for module regfile (Rule 207 of total 279) .... done (Time = 0.00s, Memory = 0.0K)
Checking Rule STARC05-2.5.1.7 for module regfile (Rule 208 of total 279) .... done (Time = 0.00s, Memory = 0.0K)
Checking Rule STARC05-2.5.1.9 for module regfile (Rule 209 of total 279) .... done (Time = 0.00s, Memory = 0.0K)
Checking Rule Txv_SvaSetup01 for module SYS_CTRL (Rule 194 of total 279) .... done (Time = 0.00s, Memory = 0.0K)
Checking Rule PESVASETUP01 for module SYS_CTRL (Rule 195 of total 279) .... done (Time = 0.00s, Memory = 0.0K)
Checking Rule _cdc_save_license01 for module SYS_CTRL (Rule 196 of total 279) .... done (Time = 0.00s, Memory = 0.0K)
Checking Rule Reset_check05 for module SYS_CTRL (Rule 197 of total 279) .... done (Time = 0.00s, Memory = 0.0K)
Checking Rule _syncResetStyleRTL for module SYS_CTRL (Rule 198 of total 279) .... done (Time = 0.00s, Memory = 0.0K)
Checking Rule _meta_delay01 for module SYS_CTRL (Rule 199 of total 279) .... done (Time = 0.00s, Memory = 0.0K)
Checking Rule Ac_svasetup01 for module SYS_CTRL (Rule 200 of total 279) .... done (Time = 0.00s, Memory = 0.0K)
Checking Rule LogNMuxPrereq for module SYS_CTRL (Rule 201 of total 279) .... done (Time = 0.00s, Memory = 0.0K)
Checking Rule STARC-1.3.2.2_prereq for module SYS_CTRL (Rule 202 of total 279) .... done (Time = 0.00s, Memory = 0.0K)
Checking Rule W336 for module SYS_CTRL (Rule 203 of total 279) .... done (Time = 0.00s, Memory = 0.0K)
Checking Rule W414 for module SYS_CTRL (Rule 204 of total 279) .... done (Time = 0.00s, Memory = 0.0K)
Checking Rule W450L for module SYS_CTRL (Rule 205 of total 279) .... done (Time = 0.00s, Memory = 0.0K)
Checking Rule HangingNetPreReq-ML for module SYS_CTRL (Rule 206 of total 279) .... done (Time = 0.00s, Memory = 0.0K)
Checking Rule RegInputOutput-ML for module SYS_CTRL (Rule 207 of total 279) .... done (Time = 0.00s, Memory = 0.0K)
Checking Rule STARC05-2.5.1.7 for module SYS_CTRL (Rule 208 of total 279) .... done (Time = 0.00s, Memory = 0.0K)
Checking Rule STARC05-2.5.1.9 for module SYS_CTRL (Rule 209 of total 279) .... done (Time = 0.00s, Memory = 0.0K)
Checking Rule Txv_SvaSetup01 for module DATA_SYNC (Rule 194 of total 279) .... done (Time = 0.00s, Memory = 0.0K)
Checking Rule PESVASETUP01 for module DATA_SYNC (Rule 195 of total 279) .... done (Time = 0.00s, Memory = 0.0K)
Checking Rule _cdc_save_license01 for module DATA_SYNC (Rule 196 of total 279) .... done (Time = 0.00s, Memory = 0.0K)
Checking Rule Reset_check05 for module DATA_SYNC (Rule 197 of total 279) .... done (Time = 0.00s, Memory = 0.0K)
Checking Rule _syncResetStyleRTL for module DATA_SYNC (Rule 198 of total 279) .... done (Time = 0.00s, Memory = 0.0K)
Checking Rule _meta_delay01 for module DATA_SYNC (Rule 199 of total 279) .... done (Time = 0.00s, Memory = 0.0K)
Checking Rule Ac_svasetup01 for module DATA_SYNC (Rule 200 of total 279) .... done (Time = 0.00s, Memory = 0.0K)
Checking Rule LogNMuxPrereq for module DATA_SYNC (Rule 201 of total 279) .... done (Time = 0.00s, Memory = 0.0K)
Checking Rule STARC-1.3.2.2_prereq for module DATA_SYNC (Rule 202 of total 279) .... done (Time = 0.00s, Memory = 0.0K)
Checking Rule W336 for module DATA_SYNC (Rule 203 of total 279) .... done (Time = 0.00s, Memory = 0.0K)
Checking Rule W414 for module DATA_SYNC (Rule 204 of total 279) .... done (Time = 0.00s, Memory = 0.0K)
Checking Rule W450L for module DATA_SYNC (Rule 205 of total 279) .... done (Time = 0.00s, Memory = 0.0K)
Checking Rule HangingNetPreReq-ML for module DATA_SYNC (Rule 206 of total 279) .... done (Time = 0.00s, Memory = 0.0K)
Checking Rule RegInputOutput-ML for module DATA_SYNC (Rule 207 of total 279) .... done (Time = 0.00s, Memory = 0.0K)
Checking Rule STARC05-2.5.1.7 for module DATA_SYNC (Rule 208 of total 279) .... done (Time = 0.00s, Memory = 0.0K)
Checking Rule STARC05-2.5.1.9 for module DATA_SYNC (Rule 209 of total 279) .... done (Time = 0.00s, Memory = 0.0K)
Checking Rule Txv_SvaSetup01 for module FSM_RX (Rule 194 of total 279) .... done (Time = 0.00s, Memory = 0.0K)
Checking Rule PESVASETUP01 for module FSM_RX (Rule 195 of total 279) .... done (Time = 0.00s, Memory = 0.0K)
Checking Rule _cdc_save_license01 for module FSM_RX (Rule 196 of total 279) .... done (Time = 0.00s, Memory = 0.0K)
Checking Rule Reset_check05 for module FSM_RX (Rule 197 of total 279) .... done (Time = 0.00s, Memory = 0.0K)
Checking Rule _syncResetStyleRTL for module FSM_RX (Rule 198 of total 279) .... done (Time = 0.00s, Memory = 0.0K)
Checking Rule _meta_delay01 for module FSM_RX (Rule 199 of total 279) .... done (Time = 0.00s, Memory = 0.0K)
Checking Rule Ac_svasetup01 for module FSM_RX (Rule 200 of total 279) .... done (Time = 0.00s, Memory = 0.0K)
Checking Rule LogNMuxPrereq for module FSM_RX (Rule 201 of total 279) .... done (Time = 0.00s, Memory = 0.0K)
Checking Rule STARC-1.3.2.2_prereq for module FSM_RX (Rule 202 of total 279) .... done (Time = 0.00s, Memory = 0.0K)
Checking Rule W336 for module FSM_RX (Rule 203 of total 279) .... done (Time = 0.00s, Memory = 0.0K)
Checking Rule W414 for module FSM_RX (Rule 204 of total 279) .... done (Time = 0.00s, Memory = 0.0K)
Checking Rule W450L for module FSM_RX (Rule 205 of total 279) .... done (Time = 0.00s, Memory = 0.0K)
Checking Rule HangingNetPreReq-ML for module FSM_RX (Rule 206 of total 279) .... done (Time = 0.00s, Memory = 0.0K)
Checking Rule RegInputOutput-ML for module FSM_RX (Rule 207 of total 279) .... done (Time = 0.00s, Memory = 0.0K)
Checking Rule STARC05-2.5.1.7 for module FSM_RX (Rule 208 of total 279) .... done (Time = 0.00s, Memory = 0.0K)
Checking Rule STARC05-2.5.1.9 for module FSM_RX (Rule 209 of total 279) .... done (Time = 0.00s, Memory = 0.0K)
Checking Rule Txv_SvaSetup01 for module edge_bit_counter (Rule 194 of total 279) .... done (Time = 0.00s, Memory = 0.0K)
Checking Rule PESVASETUP01 for module edge_bit_counter (Rule 195 of total 279) .... done (Time = 0.00s, Memory = 0.0K)
Checking Rule _cdc_save_license01 for module edge_bit_counter (Rule 196 of total 279) .... done (Time = 0.00s, Memory = 0.0K)
Checking Rule Reset_check05 for module edge_bit_counter (Rule 197 of total 279) .... done (Time = 0.00s, Memory = 0.0K)
Checking Rule _syncResetStyleRTL for module edge_bit_counter (Rule 198 of total 279) .... done (Time = 0.00s, Memory = 0.0K)
Checking Rule _meta_delay01 for module edge_bit_counter (Rule 199 of total 279) .... done (Time = 0.00s, Memory = 0.0K)
Checking Rule Ac_svasetup01 for module edge_bit_counter (Rule 200 of total 279) .... done (Time = 0.00s, Memory = 0.0K)
Checking Rule LogNMuxPrereq for module edge_bit_counter (Rule 201 of total 279) .... done (Time = 0.00s, Memory = 0.0K)
Checking Rule STARC-1.3.2.2_prereq for module edge_bit_counter (Rule 202 of total 279) .... done (Time = 0.00s, Memory = 0.0K)
Checking Rule W336 for module edge_bit_counter (Rule 203 of total 279) .... done (Time = 0.00s, Memory = 0.0K)
Checking Rule W414 for module edge_bit_counter (Rule 204 of total 279) .... done (Time = 0.00s, Memory = 0.0K)
Checking Rule W450L for module edge_bit_counter (Rule 205 of total 279) .... done (Time = 0.00s, Memory = 0.0K)
Checking Rule HangingNetPreReq-ML for module edge_bit_counter (Rule 206 of total 279) .... done (Time = 0.00s, Memory = 0.0K)
Checking Rule RegInputOutput-ML for module edge_bit_counter (Rule 207 of total 279) .... done (Time = 0.00s, Memory = 0.0K)
Checking Rule STARC05-2.5.1.7 for module edge_bit_counter (Rule 208 of total 279) .... done (Time = 0.00s, Memory = 0.0K)
Checking Rule STARC05-2.5.1.9 for module edge_bit_counter (Rule 209 of total 279) .... done (Time = 0.00s, Memory = 0.0K)
Checking Rule Txv_SvaSetup01 for module deserializer (Rule 194 of total 279) .... done (Time = 0.00s, Memory = 0.0K)
Checking Rule PESVASETUP01 for module deserializer (Rule 195 of total 279) .... done (Time = 0.00s, Memory = 0.0K)
Checking Rule _cdc_save_license01 for module deserializer (Rule 196 of total 279) .... done (Time = 0.00s, Memory = 0.0K)
Checking Rule Reset_check05 for module deserializer (Rule 197 of total 279) .... done (Time = 0.00s, Memory = 0.0K)
Checking Rule _syncResetStyleRTL for module deserializer (Rule 198 of total 279) .... done (Time = 0.00s, Memory = 0.0K)
Checking Rule _meta_delay01 for module deserializer (Rule 199 of total 279) .... done (Time = 0.00s, Memory = 0.0K)
Checking Rule Ac_svasetup01 for module deserializer (Rule 200 of total 279) .... done (Time = 0.00s, Memory = 0.0K)
Checking Rule LogNMuxPrereq for module deserializer (Rule 201 of total 279) .... done (Time = 0.00s, Memory = 0.0K)
Checking Rule STARC-1.3.2.2_prereq for module deserializer (Rule 202 of total 279) .... done (Time = 0.00s, Memory = 0.0K)
Checking Rule W336 for module deserializer (Rule 203 of total 279) .... done (Time = 0.00s, Memory = 0.0K)
Checking Rule W414 for module deserializer (Rule 204 of total 279) .... done (Time = 0.00s, Memory = 0.0K)
Checking Rule W450L for module deserializer (Rule 205 of total 279) .... done (Time = 0.00s, Memory = 0.0K)
Checking Rule HangingNetPreReq-ML for module deserializer (Rule 206 of total 279) .... done (Time = 0.00s, Memory = 0.0K)
Checking Rule RegInputOutput-ML for module deserializer (Rule 207 of total 279) .... done (Time = 0.00s, Memory = 0.0K)
Checking Rule STARC05-2.5.1.7 for module deserializer (Rule 208 of total 279) .... done (Time = 0.00s, Memory = 0.0K)
Checking Rule STARC05-2.5.1.9 for module deserializer (Rule 209 of total 279) .... done (Time = 0.00s, Memory = 0.0K)
Checking Rule Txv_SvaSetup01 for module data_sampling (Rule 194 of total 279) .... done (Time = 0.00s, Memory = 0.0K)
Checking Rule PESVASETUP01 for module data_sampling (Rule 195 of total 279) .... done (Time = 0.00s, Memory = 0.0K)
Checking Rule _cdc_save_license01 for module data_sampling (Rule 196 of total 279) .... done (Time = 0.00s, Memory = 0.0K)
Checking Rule Reset_check05 for module data_sampling (Rule 197 of total 279) .... done (Time = 0.00s, Memory = 0.0K)
Checking Rule _syncResetStyleRTL for module data_sampling (Rule 198 of total 279) .... done (Time = 0.00s, Memory = 0.0K)
Checking Rule _meta_delay01 for module data_sampling (Rule 199 of total 279) .... done (Time = 0.00s, Memory = 0.0K)
Checking Rule Ac_svasetup01 for module data_sampling (Rule 200 of total 279) .... done (Time = 0.00s, Memory = 0.0K)
Checking Rule LogNMuxPrereq for module data_sampling (Rule 201 of total 279) .... done (Time = 0.00s, Memory = 0.0K)
Checking Rule STARC-1.3.2.2_prereq for module data_sampling (Rule 202 of total 279) .... done (Time = 0.00s, Memory = 0.0K)
Checking Rule W336 for module data_sampling (Rule 203 of total 279) .... done (Time = 0.00s, Memory = 0.0K)
Checking Rule W414 for module data_sampling (Rule 204 of total 279) .... done (Time = 0.00s, Memory = 0.0K)
Checking Rule W450L for module data_sampling (Rule 205 of total 279) .... done (Time = 0.00s, Memory = 0.0K)
Checking Rule HangingNetPreReq-ML for module data_sampling (Rule 206 of total 279) .... done (Time = 0.00s, Memory = 0.0K)
Checking Rule RegInputOutput-ML for module data_sampling (Rule 207 of total 279) .... done (Time = 0.00s, Memory = 0.0K)
Checking Rule STARC05-2.5.1.7 for module data_sampling (Rule 208 of total 279) .... done (Time = 0.00s, Memory = 0.0K)
Checking Rule STARC05-2.5.1.9 for module data_sampling (Rule 209 of total 279) .... done (Time = 0.00s, Memory = 0.0K)
Checking Rule Txv_SvaSetup01 for module stop_checker (Rule 194 of total 279) .... done (Time = 0.00s, Memory = 0.0K)
Checking Rule PESVASETUP01 for module stop_checker (Rule 195 of total 279) .... done (Time = 0.00s, Memory = 0.0K)
Checking Rule _cdc_save_license01 for module stop_checker (Rule 196 of total 279) .... done (Time = 0.00s, Memory = 0.0K)
Checking Rule Reset_check05 for module stop_checker (Rule 197 of total 279) .... done (Time = 0.00s, Memory = 0.0K)
Checking Rule _syncResetStyleRTL for module stop_checker (Rule 198 of total 279) .... done (Time = 0.00s, Memory = 0.0K)
Checking Rule _meta_delay01 for module stop_checker (Rule 199 of total 279) .... done (Time = 0.00s, Memory = 0.0K)
Checking Rule Ac_svasetup01 for module stop_checker (Rule 200 of total 279) .... done (Time = 0.00s, Memory = 0.0K)
Checking Rule LogNMuxPrereq for module stop_checker (Rule 201 of total 279) .... done (Time = 0.00s, Memory = 0.0K)
Checking Rule STARC-1.3.2.2_prereq for module stop_checker (Rule 202 of total 279) .... done (Time = 0.00s, Memory = 0.0K)
Checking Rule W336 for module stop_checker (Rule 203 of total 279) .... done (Time = 0.00s, Memory = 0.0K)
Checking Rule W414 for module stop_checker (Rule 204 of total 279) .... done (Time = 0.00s, Memory = 0.0K)
Checking Rule W450L for module stop_checker (Rule 205 of total 279) .... done (Time = 0.00s, Memory = 0.0K)
Checking Rule HangingNetPreReq-ML for module stop_checker (Rule 206 of total 279) .... done (Time = 0.00s, Memory = 0.0K)
Checking Rule RegInputOutput-ML for module stop_checker (Rule 207 of total 279) .... done (Time = 0.00s, Memory = 0.0K)
Checking Rule STARC05-2.5.1.7 for module stop_checker (Rule 208 of total 279) .... done (Time = 0.00s, Memory = 0.0K)
Checking Rule STARC05-2.5.1.9 for module stop_checker (Rule 209 of total 279) .... done (Time = 0.00s, Memory = 0.0K)
Checking Rule Txv_SvaSetup01 for module strt_checker (Rule 194 of total 279) .... done (Time = 0.00s, Memory = 0.0K)
Checking Rule PESVASETUP01 for module strt_checker (Rule 195 of total 279) .... done (Time = 0.00s, Memory = 0.0K)
Checking Rule _cdc_save_license01 for module strt_checker (Rule 196 of total 279) .... done (Time = 0.00s, Memory = 0.0K)
Checking Rule Reset_check05 for module strt_checker (Rule 197 of total 279) .... done (Time = 0.00s, Memory = 0.0K)
Checking Rule _syncResetStyleRTL for module strt_checker (Rule 198 of total 279) .... done (Time = 0.00s, Memory = 0.0K)
Checking Rule _meta_delay01 for module strt_checker (Rule 199 of total 279) .... done (Time = 0.00s, Memory = 0.0K)
Checking Rule Ac_svasetup01 for module strt_checker (Rule 200 of total 279) .... done (Time = 0.00s, Memory = 0.0K)
Checking Rule LogNMuxPrereq for module strt_checker (Rule 201 of total 279) .... done (Time = 0.00s, Memory = 0.0K)
Checking Rule STARC-1.3.2.2_prereq for module strt_checker (Rule 202 of total 279) .... done (Time = 0.00s, Memory = 0.0K)
Checking Rule W336 for module strt_checker (Rule 203 of total 279) .... done (Time = 0.00s, Memory = 0.0K)
Checking Rule W414 for module strt_checker (Rule 204 of total 279) .... done (Time = 0.00s, Memory = 0.0K)
Checking Rule W450L for module strt_checker (Rule 205 of total 279) .... done (Time = 0.00s, Memory = 0.0K)
Checking Rule HangingNetPreReq-ML for module strt_checker (Rule 206 of total 279) .... done (Time = 0.00s, Memory = 0.0K)
Checking Rule RegInputOutput-ML for module strt_checker (Rule 207 of total 279) .... done (Time = 0.00s, Memory = 0.0K)
Checking Rule STARC05-2.5.1.7 for module strt_checker (Rule 208 of total 279) .... done (Time = 0.00s, Memory = 0.0K)
Checking Rule STARC05-2.5.1.9 for module strt_checker (Rule 209 of total 279) .... done (Time = 0.00s, Memory = 0.0K)
Checking Rule Txv_SvaSetup01 for module parity_checker (Rule 194 of total 279) .... done (Time = 0.00s, Memory = 0.0K)
Checking Rule PESVASETUP01 for module parity_checker (Rule 195 of total 279) .... done (Time = 0.00s, Memory = 0.0K)
Checking Rule _cdc_save_license01 for module parity_checker (Rule 196 of total 279) .... done (Time = 0.00s, Memory = 0.0K)
Checking Rule Reset_check05 for module parity_checker (Rule 197 of total 279) .... done (Time = 0.00s, Memory = 0.0K)
Checking Rule _syncResetStyleRTL for module parity_checker (Rule 198 of total 279) .... done (Time = 0.00s, Memory = 0.0K)
Checking Rule _meta_delay01 for module parity_checker (Rule 199 of total 279) .... done (Time = 0.00s, Memory = 0.0K)
Checking Rule Ac_svasetup01 for module parity_checker (Rule 200 of total 279) .... done (Time = 0.00s, Memory = 0.0K)
Checking Rule LogNMuxPrereq for module parity_checker (Rule 201 of total 279) .... done (Time = 0.00s, Memory = 0.0K)
Checking Rule STARC-1.3.2.2_prereq for module parity_checker (Rule 202 of total 279) .... done (Time = 0.00s, Memory = 0.0K)
Checking Rule W336 for module parity_checker (Rule 203 of total 279) .... done (Time = 0.00s, Memory = 0.0K)
Checking Rule W414 for module parity_checker (Rule 204 of total 279) .... done (Time = 0.00s, Memory = 0.0K)
Checking Rule W450L for module parity_checker (Rule 205 of total 279) .... done (Time = 0.00s, Memory = 0.0K)
Checking Rule HangingNetPreReq-ML for module parity_checker (Rule 206 of total 279) .... done (Time = 0.00s, Memory = 0.0K)
Checking Rule RegInputOutput-ML for module parity_checker (Rule 207 of total 279) .... done (Time = 0.00s, Memory = 0.0K)
Checking Rule STARC05-2.5.1.7 for module parity_checker (Rule 208 of total 279) .... done (Time = 0.00s, Memory = 0.0K)
Checking Rule STARC05-2.5.1.9 for module parity_checker (Rule 209 of total 279) .... done (Time = 0.00s, Memory = 0.0K)
Checking Rule Txv_SvaSetup01 for module UART_RX (Rule 194 of total 279) .... done (Time = 0.00s, Memory = 0.0K)
Checking Rule PESVASETUP01 for module UART_RX (Rule 195 of total 279) .... done (Time = 0.00s, Memory = 0.0K)
Checking Rule _cdc_save_license01 for module UART_RX (Rule 196 of total 279) .... done (Time = 0.00s, Memory = 0.0K)
Checking Rule Reset_check05 for module UART_RX (Rule 197 of total 279) .... done (Time = 0.00s, Memory = 0.0K)
Checking Rule _syncResetStyleRTL for module UART_RX (Rule 198 of total 279) .... done (Time = 0.00s, Memory = 0.0K)
Checking Rule _meta_delay01 for module UART_RX (Rule 199 of total 279) .... done (Time = 0.00s, Memory = 0.0K)
Checking Rule Ac_svasetup01 for module UART_RX (Rule 200 of total 279) .... done (Time = 0.00s, Memory = 0.0K)
Checking Rule LogNMuxPrereq for module UART_RX (Rule 201 of total 279) .... done (Time = 0.00s, Memory = 0.0K)
Checking Rule STARC-1.3.2.2_prereq for module UART_RX (Rule 202 of total 279) .... done (Time = 0.00s, Memory = 0.0K)
Checking Rule W336 for module UART_RX (Rule 203 of total 279) .... done (Time = 0.00s, Memory = 0.0K)
Checking Rule W414 for module UART_RX (Rule 204 of total 279) .... done (Time = 0.00s, Memory = 0.0K)
Checking Rule W450L for module UART_RX (Rule 205 of total 279) .... done (Time = 0.00s, Memory = 0.0K)
Checking Rule HangingNetPreReq-ML for module UART_RX (Rule 206 of total 279) .... done (Time = 0.00s, Memory = 0.0K)
Checking Rule RegInputOutput-ML for module UART_RX (Rule 207 of total 279) .... done (Time = 0.00s, Memory = 0.0K)
Checking Rule STARC05-2.5.1.7 for module UART_RX (Rule 208 of total 279) .... done (Time = 0.00s, Memory = 0.0K)
Checking Rule STARC05-2.5.1.9 for module UART_RX (Rule 209 of total 279) .... done (Time = 0.00s, Memory = 0.0K)
Checking Rule Txv_SvaSetup01 for module FSM_TX (Rule 194 of total 279) .... done (Time = 0.00s, Memory = 0.0K)
Checking Rule PESVASETUP01 for module FSM_TX (Rule 195 of total 279) .... done (Time = 0.00s, Memory = 0.0K)
Checking Rule _cdc_save_license01 for module FSM_TX (Rule 196 of total 279) .... done (Time = 0.00s, Memory = 0.0K)
Checking Rule Reset_check05 for module FSM_TX (Rule 197 of total 279) .... done (Time = 0.00s, Memory = 0.0K)
Checking Rule _syncResetStyleRTL for module FSM_TX (Rule 198 of total 279) .... done (Time = 0.00s, Memory = 0.0K)
Checking Rule _meta_delay01 for module FSM_TX (Rule 199 of total 279) .... done (Time = 0.00s, Memory = 0.0K)
Checking Rule Ac_svasetup01 for module FSM_TX (Rule 200 of total 279) .... done (Time = 0.00s, Memory = 0.0K)
Checking Rule LogNMuxPrereq for module FSM_TX (Rule 201 of total 279) .... done (Time = 0.00s, Memory = 0.0K)
Checking Rule STARC-1.3.2.2_prereq for module FSM_TX (Rule 202 of total 279) .... done (Time = 0.00s, Memory = 0.0K)
Checking Rule W336 for module FSM_TX (Rule 203 of total 279) .... done (Time = 0.00s, Memory = 0.0K)
Checking Rule W414 for module FSM_TX (Rule 204 of total 279) .... done (Time = 0.00s, Memory = 0.0K)
Checking Rule W450L for module FSM_TX (Rule 205 of total 279) .... done (Time = 0.00s, Memory = 0.0K)
Checking Rule HangingNetPreReq-ML for module FSM_TX (Rule 206 of total 279) .... done (Time = 0.00s, Memory = 0.0K)
Checking Rule RegInputOutput-ML for module FSM_TX (Rule 207 of total 279) .... done (Time = 0.00s, Memory = 0.0K)
Checking Rule STARC05-2.5.1.7 for module FSM_TX (Rule 208 of total 279) .... done (Time = 0.00s, Memory = 0.0K)
Checking Rule STARC05-2.5.1.9 for module FSM_TX (Rule 209 of total 279) .... done (Time = 0.00s, Memory = 0.0K)
Checking Rule Txv_SvaSetup01 for module Serializer (Rule 194 of total 279) .... done (Time = 0.00s, Memory = 0.0K)
Checking Rule PESVASETUP01 for module Serializer (Rule 195 of total 279) .... done (Time = 0.00s, Memory = 0.0K)
Checking Rule _cdc_save_license01 for module Serializer (Rule 196 of total 279) .... done (Time = 0.00s, Memory = 0.0K)
Checking Rule Reset_check05 for module Serializer (Rule 197 of total 279) .... done (Time = 0.00s, Memory = 0.0K)
Checking Rule _syncResetStyleRTL for module Serializer (Rule 198 of total 279) .... done (Time = 0.00s, Memory = 0.0K)
Checking Rule _meta_delay01 for module Serializer (Rule 199 of total 279) .... done (Time = 0.00s, Memory = 0.0K)
Checking Rule Ac_svasetup01 for module Serializer (Rule 200 of total 279) .... done (Time = 0.00s, Memory = 0.0K)
Checking Rule LogNMuxPrereq for module Serializer (Rule 201 of total 279) .... done (Time = 0.00s, Memory = 0.0K)
Checking Rule STARC-1.3.2.2_prereq for module Serializer (Rule 202 of total 279) .... done (Time = 0.00s, Memory = 0.0K)
Checking Rule W336 for module Serializer (Rule 203 of total 279) .... done (Time = 0.00s, Memory = 0.0K)
Checking Rule W414 for module Serializer (Rule 204 of total 279) .... done (Time = 0.00s, Memory = 0.0K)
Checking Rule W450L for module Serializer (Rule 205 of total 279) .... done (Time = 0.00s, Memory = 0.0K)
Checking Rule HangingNetPreReq-ML for module Serializer (Rule 206 of total 279) .... done (Time = 0.00s, Memory = 0.0K)
Checking Rule RegInputOutput-ML for module Serializer (Rule 207 of total 279) .... done (Time = 0.00s, Memory = 0.0K)
Checking Rule STARC05-2.5.1.7 for module Serializer (Rule 208 of total 279) .... done (Time = 0.00s, Memory = 0.0K)
Checking Rule STARC05-2.5.1.9 for module Serializer (Rule 209 of total 279) .... done (Time = 0.00s, Memory = 0.0K)
Checking Rule Txv_SvaSetup01 for module Parity_Calc (Rule 194 of total 279) .... done (Time = 0.00s, Memory = 0.0K)
Checking Rule PESVASETUP01 for module Parity_Calc (Rule 195 of total 279) .... done (Time = 0.00s, Memory = 0.0K)
Checking Rule _cdc_save_license01 for module Parity_Calc (Rule 196 of total 279) .... done (Time = 0.00s, Memory = 0.0K)
Checking Rule Reset_check05 for module Parity_Calc (Rule 197 of total 279) .... done (Time = 0.00s, Memory = 0.0K)
Checking Rule _syncResetStyleRTL for module Parity_Calc (Rule 198 of total 279) .... done (Time = 0.00s, Memory = 0.0K)
Checking Rule _meta_delay01 for module Parity_Calc (Rule 199 of total 279) .... done (Time = 0.00s, Memory = 0.0K)
Checking Rule Ac_svasetup01 for module Parity_Calc (Rule 200 of total 279) .... done (Time = 0.00s, Memory = 0.0K)
Checking Rule LogNMuxPrereq for module Parity_Calc (Rule 201 of total 279) .... done (Time = 0.00s, Memory = 0.0K)
Checking Rule STARC-1.3.2.2_prereq for module Parity_Calc (Rule 202 of total 279) .... done (Time = 0.00s, Memory = 0.0K)
Checking Rule W336 for module Parity_Calc (Rule 203 of total 279) .... done (Time = 0.00s, Memory = 0.0K)
Checking Rule W414 for module Parity_Calc (Rule 204 of total 279) .... done (Time = 0.00s, Memory = 0.0K)
Checking Rule W450L for module Parity_Calc (Rule 205 of total 279) .... done (Time = 0.00s, Memory = 0.0K)
Checking Rule HangingNetPreReq-ML for module Parity_Calc (Rule 206 of total 279) .... done (Time = 0.00s, Memory = 0.0K)
Checking Rule RegInputOutput-ML for module Parity_Calc (Rule 207 of total 279) .... done (Time = 0.00s, Memory = 0.0K)
Checking Rule STARC05-2.5.1.7 for module Parity_Calc (Rule 208 of total 279) .... done (Time = 0.00s, Memory = 0.0K)
Checking Rule STARC05-2.5.1.9 for module Parity_Calc (Rule 209 of total 279) .... done (Time = 0.00s, Memory = 0.0K)
Checking Rule Txv_SvaSetup01 for module MUX (Rule 194 of total 279) .... done (Time = 0.00s, Memory = 0.0K)
Checking Rule PESVASETUP01 for module MUX (Rule 195 of total 279) .... done (Time = 0.00s, Memory = 0.0K)
Checking Rule _cdc_save_license01 for module MUX (Rule 196 of total 279) .... done (Time = 0.00s, Memory = 0.0K)
Checking Rule Reset_check05 for module MUX (Rule 197 of total 279) .... done (Time = 0.00s, Memory = 0.0K)
Checking Rule _syncResetStyleRTL for module MUX (Rule 198 of total 279) .... done (Time = 0.00s, Memory = 0.0K)
Checking Rule _meta_delay01 for module MUX (Rule 199 of total 279) .... done (Time = 0.00s, Memory = 0.0K)
Checking Rule Ac_svasetup01 for module MUX (Rule 200 of total 279) .... done (Time = 0.00s, Memory = 0.0K)
Checking Rule LogNMuxPrereq for module MUX (Rule 201 of total 279) .... done (Time = 0.00s, Memory = 0.0K)
Checking Rule STARC-1.3.2.2_prereq for module MUX (Rule 202 of total 279) .... done (Time = 0.00s, Memory = 0.0K)
Checking Rule W336 for module MUX (Rule 203 of total 279) .... done (Time = 0.00s, Memory = 0.0K)
Checking Rule W414 for module MUX (Rule 204 of total 279) .... done (Time = 0.00s, Memory = 0.0K)
Checking Rule W450L for module MUX (Rule 205 of total 279) .... done (Time = 0.00s, Memory = 0.0K)
Checking Rule HangingNetPreReq-ML for module MUX (Rule 206 of total 279) .... done (Time = 0.00s, Memory = 0.0K)
Checking Rule RegInputOutput-ML for module MUX (Rule 207 of total 279) .... done (Time = 0.00s, Memory = 0.0K)
Checking Rule STARC05-2.5.1.7 for module MUX (Rule 208 of total 279) .... done (Time = 0.00s, Memory = 0.0K)
Checking Rule STARC05-2.5.1.9 for module MUX (Rule 209 of total 279) .... done (Time = 0.00s, Memory = 0.0K)
Checking Rule Txv_SvaSetup01 for module UART_TX (Rule 194 of total 279) .... done (Time = 0.00s, Memory = 0.0K)
Checking Rule PESVASETUP01 for module UART_TX (Rule 195 of total 279) .... done (Time = 0.00s, Memory = 0.0K)
Checking Rule _cdc_save_license01 for module UART_TX (Rule 196 of total 279) .... done (Time = 0.00s, Memory = 0.0K)
Checking Rule Reset_check05 for module UART_TX (Rule 197 of total 279) .... done (Time = 0.00s, Memory = 0.0K)
Checking Rule _syncResetStyleRTL for module UART_TX (Rule 198 of total 279) .... done (Time = 0.00s, Memory = 0.0K)
Checking Rule _meta_delay01 for module UART_TX (Rule 199 of total 279) .... done (Time = 0.00s, Memory = 0.0K)
Checking Rule Ac_svasetup01 for module UART_TX (Rule 200 of total 279) .... done (Time = 0.00s, Memory = 0.0K)
Checking Rule LogNMuxPrereq for module UART_TX (Rule 201 of total 279) .... done (Time = 0.00s, Memory = 0.0K)
Checking Rule STARC-1.3.2.2_prereq for module UART_TX (Rule 202 of total 279) .... done (Time = 0.00s, Memory = 0.0K)
Checking Rule W336 for module UART_TX (Rule 203 of total 279) .... done (Time = 0.00s, Memory = 0.0K)
Checking Rule W414 for module UART_TX (Rule 204 of total 279) .... done (Time = 0.00s, Memory = 0.0K)
Checking Rule W450L for module UART_TX (Rule 205 of total 279) .... done (Time = 0.00s, Memory = 0.0K)
Checking Rule HangingNetPreReq-ML for module UART_TX (Rule 206 of total 279) .... done (Time = 0.00s, Memory = 0.0K)
Checking Rule RegInputOutput-ML for module UART_TX (Rule 207 of total 279) .... done (Time = 0.00s, Memory = 0.0K)
Checking Rule STARC05-2.5.1.7 for module UART_TX (Rule 208 of total 279) .... done (Time = 0.00s, Memory = 0.0K)
Checking Rule STARC05-2.5.1.9 for module UART_TX (Rule 209 of total 279) .... done (Time = 0.00s, Memory = 0.0K)
Checking Rule Txv_SvaSetup01 for module UART (Rule 194 of total 279) .... done (Time = 0.00s, Memory = 0.0K)
Checking Rule PESVASETUP01 for module UART (Rule 195 of total 279) .... done (Time = 0.00s, Memory = 0.0K)
Checking Rule _cdc_save_license01 for module UART (Rule 196 of total 279) .... done (Time = 0.00s, Memory = 0.0K)
Checking Rule Reset_check05 for module UART (Rule 197 of total 279) .... done (Time = 0.00s, Memory = 0.0K)
Checking Rule _syncResetStyleRTL for module UART (Rule 198 of total 279) .... done (Time = 0.00s, Memory = 0.0K)
Checking Rule _meta_delay01 for module UART (Rule 199 of total 279) .... done (Time = 0.00s, Memory = 0.0K)
Checking Rule Ac_svasetup01 for module UART (Rule 200 of total 279) .... done (Time = 0.00s, Memory = 0.0K)
Checking Rule LogNMuxPrereq for module UART (Rule 201 of total 279) .... done (Time = 0.00s, Memory = 0.0K)
Checking Rule STARC-1.3.2.2_prereq for module UART (Rule 202 of total 279) .... done (Time = 0.00s, Memory = 0.0K)
Checking Rule W336 for module UART (Rule 203 of total 279) .... done (Time = 0.00s, Memory = 0.0K)
Checking Rule W414 for module UART (Rule 204 of total 279) .... done (Time = 0.00s, Memory = 0.0K)
Checking Rule W450L for module UART (Rule 205 of total 279) .... done (Time = 0.00s, Memory = 0.0K)
Checking Rule HangingNetPreReq-ML for module UART (Rule 206 of total 279) .... done (Time = 0.00s, Memory = 0.0K)
Checking Rule RegInputOutput-ML for module UART (Rule 207 of total 279) .... done (Time = 0.00s, Memory = 0.0K)
Checking Rule STARC05-2.5.1.7 for module UART (Rule 208 of total 279) .... done (Time = 0.00s, Memory = 0.0K)
Checking Rule STARC05-2.5.1.9 for module UART (Rule 209 of total 279) .... done (Time = 0.00s, Memory = 0.0K)
Checking Rule Txv_SvaSetup01 for module RST_SYNC (Rule 194 of total 279) .... done (Time = 0.00s, Memory = 0.0K)
Checking Rule PESVASETUP01 for module RST_SYNC (Rule 195 of total 279) .... done (Time = 0.00s, Memory = 0.0K)
Checking Rule _cdc_save_license01 for module RST_SYNC (Rule 196 of total 279) .... done (Time = 0.00s, Memory = 0.0K)
Checking Rule Reset_check05 for module RST_SYNC (Rule 197 of total 279) .... done (Time = 0.00s, Memory = 0.0K)
Checking Rule _syncResetStyleRTL for module RST_SYNC (Rule 198 of total 279) .... done (Time = 0.00s, Memory = 0.0K)
Checking Rule _meta_delay01 for module RST_SYNC (Rule 199 of total 279) .... done (Time = 0.00s, Memory = 0.0K)
Checking Rule Ac_svasetup01 for module RST_SYNC (Rule 200 of total 279) .... done (Time = 0.00s, Memory = 0.0K)
Checking Rule LogNMuxPrereq for module RST_SYNC (Rule 201 of total 279) .... done (Time = 0.00s, Memory = 0.0K)
Checking Rule STARC-1.3.2.2_prereq for module RST_SYNC (Rule 202 of total 279) .... done (Time = 0.00s, Memory = 0.0K)
Checking Rule W336 for module RST_SYNC (Rule 203 of total 279) .... done (Time = 0.00s, Memory = 0.0K)
Checking Rule W414 for module RST_SYNC (Rule 204 of total 279) .... done (Time = 0.00s, Memory = 0.0K)
Checking Rule W450L for module RST_SYNC (Rule 205 of total 279) .... done (Time = 0.00s, Memory = 0.0K)
Checking Rule HangingNetPreReq-ML for module RST_SYNC (Rule 206 of total 279) .... done (Time = 0.00s, Memory = 0.0K)
Checking Rule RegInputOutput-ML for module RST_SYNC (Rule 207 of total 279) .... done (Time = 0.00s, Memory = 0.0K)
Checking Rule STARC05-2.5.1.7 for module RST_SYNC (Rule 208 of total 279) .... done (Time = 0.00s, Memory = 0.0K)
Checking Rule STARC05-2.5.1.9 for module RST_SYNC (Rule 209 of total 279) .... done (Time = 0.00s, Memory = 0.0K)
Checking Rule Txv_SvaSetup01 for module CLK_DIV (Rule 194 of total 279) .... done (Time = 0.00s, Memory = 0.0K)
Checking Rule PESVASETUP01 for module CLK_DIV (Rule 195 of total 279) .... done (Time = 0.00s, Memory = 0.0K)
Checking Rule _cdc_save_license01 for module CLK_DIV (Rule 196 of total 279) .... done (Time = 0.00s, Memory = 0.0K)
Checking Rule Reset_check05 for module CLK_DIV (Rule 197 of total 279) .... done (Time = 0.00s, Memory = 0.0K)
Checking Rule _syncResetStyleRTL for module CLK_DIV (Rule 198 of total 279) .... done (Time = 0.00s, Memory = 0.0K)
Checking Rule _meta_delay01 for module CLK_DIV (Rule 199 of total 279) .... done (Time = 0.00s, Memory = 0.0K)
Checking Rule Ac_svasetup01 for module CLK_DIV (Rule 200 of total 279) .... done (Time = 0.00s, Memory = 0.0K)
Checking Rule LogNMuxPrereq for module CLK_DIV (Rule 201 of total 279) .... done (Time = 0.00s, Memory = 0.0K)
Checking Rule STARC-1.3.2.2_prereq for module CLK_DIV (Rule 202 of total 279) .... done (Time = 0.00s, Memory = 0.0K)
Checking Rule W336 for module CLK_DIV (Rule 203 of total 279) .... done (Time = 0.00s, Memory = 0.0K)
Checking Rule W414 for module CLK_DIV (Rule 204 of total 279) .... done (Time = 0.00s, Memory = 0.0K)
Checking Rule W450L for module CLK_DIV (Rule 205 of total 279) .... done (Time = 0.00s, Memory = 0.0K)
Checking Rule HangingNetPreReq-ML for module CLK_DIV (Rule 206 of total 279) .... done (Time = 0.00s, Memory = 0.0K)
Checking Rule RegInputOutput-ML for module CLK_DIV (Rule 207 of total 279) .... done (Time = 0.00s, Memory = 0.0K)
Checking Rule STARC05-2.5.1.7 for module CLK_DIV (Rule 208 of total 279) .... done (Time = 0.00s, Memory = 0.0K)
Checking Rule STARC05-2.5.1.9 for module CLK_DIV (Rule 209 of total 279) .... done (Time = 0.00s, Memory = 0.0K)
Checking Rule Txv_SvaSetup01 for module prescale_mux (Rule 194 of total 279) .... done (Time = 0.00s, Memory = 0.0K)
Checking Rule PESVASETUP01 for module prescale_mux (Rule 195 of total 279) .... done (Time = 0.00s, Memory = 0.0K)
Checking Rule _cdc_save_license01 for module prescale_mux (Rule 196 of total 279) .... done (Time = 0.00s, Memory = 0.0K)
Checking Rule Reset_check05 for module prescale_mux (Rule 197 of total 279) .... done (Time = 0.00s, Memory = 0.0K)
Checking Rule _syncResetStyleRTL for module prescale_mux (Rule 198 of total 279) .... done (Time = 0.00s, Memory = 0.0K)
Checking Rule _meta_delay01 for module prescale_mux (Rule 199 of total 279) .... done (Time = 0.00s, Memory = 0.0K)
Checking Rule Ac_svasetup01 for module prescale_mux (Rule 200 of total 279) .... done (Time = 0.00s, Memory = 0.0K)
Checking Rule LogNMuxPrereq for module prescale_mux (Rule 201 of total 279) .... done (Time = 0.00s, Memory = 0.0K)
Checking Rule STARC-1.3.2.2_prereq for module prescale_mux (Rule 202 of total 279) .... done (Time = 0.00s, Memory = 0.0K)
Checking Rule W336 for module prescale_mux (Rule 203 of total 279) .... done (Time = 0.00s, Memory = 0.0K)
Checking Rule W414 for module prescale_mux (Rule 204 of total 279) .... done (Time = 0.00s, Memory = 0.0K)
Checking Rule W450L for module prescale_mux (Rule 205 of total 279) .... done (Time = 0.00s, Memory = 0.0K)
Checking Rule HangingNetPreReq-ML for module prescale_mux (Rule 206 of total 279) .... done (Time = 0.00s, Memory = 0.0K)
Checking Rule RegInputOutput-ML for module prescale_mux (Rule 207 of total 279) .... done (Time = 0.00s, Memory = 0.0K)
Checking Rule STARC05-2.5.1.7 for module prescale_mux (Rule 208 of total 279) .... done (Time = 0.00s, Memory = 0.0K)
Checking Rule STARC05-2.5.1.9 for module prescale_mux (Rule 209 of total 279) .... done (Time = 0.00s, Memory = 0.0K)
Checking Rule Txv_SvaSetup01 for module SYSTEM_TOP (Rule 194 of total 279) .... done (Time = 0.00s, Memory = 0.0K)
Checking Rule PESVASETUP01 for module SYSTEM_TOP (Rule 195 of total 279) .... done (Time = 0.00s, Memory = 0.0K)
Checking Rule _cdc_save_license01 for module SYSTEM_TOP (Rule 196 of total 279) .... done (Time = 0.00s, Memory = 0.0K)
Checking Rule Reset_check05 for module SYSTEM_TOP (Rule 197 of total 279) .... done (Time = 0.00s, Memory = 0.0K)
Checking Rule _syncResetStyleRTL for module SYSTEM_TOP (Rule 198 of total 279) .... done (Time = 0.00s, Memory = 0.0K)
Checking Rule _meta_delay01 for module SYSTEM_TOP (Rule 199 of total 279) .... done (Time = 0.00s, Memory = 0.0K)
Checking Rule Ac_svasetup01 for module SYSTEM_TOP (Rule 200 of total 279) .... done (Time = 0.00s, Memory = 0.0K)
Checking Rule LogNMuxPrereq for module SYSTEM_TOP (Rule 201 of total 279) .... done (Time = 0.00s, Memory = 0.0K)
Checking Rule STARC-1.3.2.2_prereq for module SYSTEM_TOP (Rule 202 of total 279) .... done (Time = 0.00s, Memory = 0.0K)
Checking Rule W336 for module SYSTEM_TOP (Rule 203 of total 279) .... done (Time = 0.00s, Memory = 0.0K)
Checking Rule W414 for module SYSTEM_TOP (Rule 204 of total 279) .... done (Time = 0.00s, Memory = 0.0K)
Checking Rule W450L for module SYSTEM_TOP (Rule 205 of total 279) .... done (Time = 0.00s, Memory = 0.0K)
Checking Rule HangingNetPreReq-ML for module SYSTEM_TOP (Rule 206 of total 279) .... done (Time = 0.00s, Memory = 0.0K)
Checking Rule RegInputOutput-ML for module SYSTEM_TOP (Rule 207 of total 279) .... done (Time = 0.00s, Memory = 0.0K)
Checking Rule STARC05-2.5.1.7 for module SYSTEM_TOP (Rule 208 of total 279) .... done (Time = 0.00s, Memory = 0.0K)
Checking Rule STARC05-2.5.1.9 for module SYSTEM_TOP (Rule 209 of total 279) .... done (Time = 0.00s, Memory = 0.0K)
Performing semantic checks on SGDC contents
Checking Rule SGDC_testmode03 (Rule 75 of total 279) .... done (Time = 0.00s, Memory = -4.0K)
Checking Rule checkSGDC_01 (Rule 210 of total 279) .... done (Time = 0.00s, Memory = 0.0K)
Checking Rule checkSGDC_03 (Rule 211 of total 279) .... done (Time = 0.00s, Memory = 0.0K)
Checking Rule checkSGDC_08 (Rule 212 of total 279) .... done (Time = 0.00s, Memory = -32.0K)
Checking Rule SGDC_memorywritepin04 (Rule 213 of total 279) .... done (Time = 0.00s, Memory = 2.5K)
Checking Rule SGDC_reset02 (Rule 214 of total 279) .... done (Time = 0.00s, Memory = 2.5K)
Checking Rule SGDC_reset03 (Rule 215 of total 279) .... done (Time = 0.00s, Memory = 2.5K)
Checking Rule SGDC_waive23 (Rule 216 of total 279) .... done (Time = 0.00s, Memory = -32.0K)
Checking Rule SGDC_waive26 (Rule 217 of total 279) .... done (Time = 0.00s, Memory = 0.3K)
Checking Rule SGDC_waive27 (Rule 218 of total 279) .... done (Time = 0.00s, Memory = 0.0K)
Checking Rule SGDC_waive29 (Rule 219 of total 279) .... done (Time = 0.00s, Memory = 0.0K)
Checking Rule SGDC_libgroup03 (Rule 220 of total 279) .... done (Time = 0.00s, Memory = 0.0K)
Checking Rule SGDC_ungroup02 (Rule 221 of total 279) .... done (Time = 0.00s, Memory = 0.0K)
Checking Rule _abstractPortSGDC (Rule 222 of total 279) .... done (Time = 0.00s, Memory = 0.0K)
Checking Rule SGDC_abstract_port03 (Rule 223 of total 279) .... done (Time = 0.00s, Memory = 0.0K)
Checking Rule SGDC_abstract_port04 (Rule 224 of total 279) .... done (Time = 0.00s, Memory = 0.0K)
Checking Rule SGDC_abstract_port05 (Rule 225 of total 279) .... done (Time = 0.00s, Memory = 5.6K)
Checking Rule SGDC_abstract_port07 (Rule 226 of total 279) .... done (Time = 0.00s, Memory = 32.0K)
Checking Rule SGDC_abstract_port08 (Rule 227 of total 279) .... done (Time = 0.00s, Memory = 0.0K)
Checking Rule SGDC_abstract_port10 (Rule 228 of total 279) .... done (Time = 0.00s, Memory = -1.5K)
Checking Rule SGDC_abstract_port11 (Rule 229 of total 279) .... done (Time = 0.00s, Memory = 0.0K)
Checking Rule SGDC_abstract_port12 (Rule 230 of total 279) .... done (Time = 0.00s, Memory = 0.0K)
Checking Rule SGDC_abstract_port13 (Rule 231 of total 279) .... done (Time = 0.00s, Memory = 8.0K)
Checking Rule ReportUngroup (Rule 232 of total 279) .... done (Time = 0.00s, Memory = 0.0K)
Checking Rule LINT_portReten (Rule 233 of total 279) .... done (Time = 0.00s, Memory = 0.0K)
Checking Rule SGDC_abstract_port21 (Rule 234 of total 279) .... done (Time = 0.00s, Memory = 0.0K)
Checking Rule InferLatch (Rule 235 of total 279) .... done (Time = 0.00s, Memory = 28.0K)
Checking Rule UndrivenInTerm-ML (Rule 236 of total 279) .... done (Time = 0.01s, Memory = -43.2K)
 Flattening SYSTEM_TOP (.lib instances separately flattened) ....
 Flattening completed
Checking Rule SGDC_set_case_analysis_LC (Rule 237 of total 279) .... done (Time = 0.00s, Memory = 0.0K)
Checking Rule BufClock (Rule 238 of total 279) .... done (Time = 0.01s, Memory = 1007.3K)
Checking Rule CombLoop (Rule 239 of total 279) .... done (Time = 0.00s, Memory = 511.6K)
Checking Rule STARC05-2.5.1.2 (Rule 240 of total 279) .... done (Time = 0.00s, Memory = 0.0K)
Checking Rule STARC05-1.3.1.3 (Rule 241 of total 279) .... done (Time = 0.00s, Memory = 31.6K)
Checking Rule STARC05-1.4.3.4 (Rule 242 of total 279) .... done (Time = 0.05s, Memory = -43.2K)
Checking Rule FlopClockConstant (Rule 243 of total 279) .... done (Time = 0.00s, Memory = 12.6K)
Checking Rule FlopSRConst (Rule 244 of total 279) .... done (Time = 0.00s, Memory = -0.6K)
Checking Rule FlopEConst (Rule 245 of total 279) .... done (Time = 0.00s, Memory = -7.3K)
Checking Rule checkPinConnectedToSupply (Rule 246 of total 279) .... done (Time = 0.00s, Memory = 16.2K)
Checking Rule W392 (Rule 247 of total 279) .... done (Time = 0.00s, Memory = 641.7K)
Checking Rule W415 (Rule 248 of total 279) .... done (Time = 0.00s, Memory = -31.6K)
Checking Rule LatchFeedback (Rule 249 of total 279) .... done (Time = 0.00s, Memory = 18.7K)
Checking Rule STARC05-2.4.1.5 (Rule 250 of total 279) .... done (Time = 0.00s, Memory = 0.0K)
Checking Rule STARC05-1.2.1.2 (Rule 251 of total 279) .... done (Time = 0.00s, Memory = 8.0K)
Checking Rule AnalyzeBBox (Rule 252 of total 279) .... done (Time = 0.00s, Memory = 7.9K)
Checking Rule ReportCheckDataSummary (Rule 72 of total 279) .... done (Time = 0.00s, Memory = 0.0K)

Generating data for Console...

SpyGlass Rule Checking Complete.

Generating moresimple report from './spyglass-1/lint/lint_rtl/spyglass.vdb' to './spyglass-1/lint/lint_rtl/spyglass_reports/moresimple.rpt' ....

Generating runsummary report from './spyglass-1/lint/lint_rtl/spyglass.vdb' ....

Generating no_msg_reporting_rules report from './spyglass-1/lint/lint_rtl/spyglass.vdb' to './spyglass-1/lint/lint_rtl/spyglass_reports/no_msg_reporting_rules.rpt' ....

Policy specific data (reports) are present in the directory './spyglass-1/lint/lint_rtl/spyglass_reports'.

SpyGlass critical reports for the current run are present in directory './spyglass-1/consolidated_reports/lint_lint_rtl/'.

---------------------------------------------------------------------------------------------
Results Summary:
---------------------------------------------------------------------------------------------
   Goal Run           :      lint/lint_rtl
   Command-line read  :      0 error,      0 warning,      0 information message 
   Design Read        :      0 error,      0 warning,      2 information messages
      Found 1 top module:
         SYSTEM_TOP   (file: /home/ICer/IC/Projects/System/rtl/SYSTEM_TOP.v)

   Blackbox Resolution:      0 error,      0 warning,      0 information message 
   SGDC Checks        :      0 error,      0 warning,      0 information message 
   Policy starc2005   :      0 error,      7 warnings,     0 information message 
   -------------------------------------------------------------------------------------
   Total              :      0 error,      7 warnings,     2 information messages

  Total Number of Generated Messages     :         9 (0 error, 7 warnings, 2 Infos)
  Number of Reported Messages            :         9 (0 error, 7 warnings, 2 Infos)

---------------------------------------------------------------------------------------------


run_goal: info: updating spyglass.log with goal summary
---------------------------------------------------------------------------------------------------
Results Summary:
---------------------------------------------------------------------------------------------------
   Goal Run           :      lint/lint_rtl
   Top Module         :      SYSTEM_TOP
---------------------------------------------------------------------------------------------------
   Reports Directory: 
   /home/ICer/IC/Projects/System/lint/spyglass-1/consolidated_reports/lint_lint_rtl/ 

   SpyGlass LogFile: 
    /home/ICer/IC/Projects/System/lint/spyglass-1/lint/lint_rtl/spyglass.log 

   Standard Reports: 
     moresimple.rpt          no_msg_reporting_rules.rpt       

   HTML report:
    /home/ICer/IC/Projects/System/lint/spyglass-1/html_reports/goals_summary.html
  

   Technology Reports:  
     <Not Available>
   
   
---------------------------------------------------------------------------------------------------
   Goal Violation Summary:
       Waived   Messages:                      0 Errors,      0 Warnings,      0 Infos
       Reported Messages:         0 Fatals,    0 Errors,      7 Warnings,      2 Infos
---------------------------------------------------------------------------------------------------
   
---------------------------------------------------------------------------------------------------
 
run_goal: info: spyglass.log successfully updated with goal summary
0 {Rule-checking completed with warnings}
INFO:    SpyGlass will run goal(s) 'lint/lint_rtl'.


 Auto-compiling gates libraries

        "../std_cells/scmetro_tsmc_cl013g_rvt_ff_1p32v_m40c.lib"
        "../std_cells/scmetro_tsmc_cl013g_rvt_ss_1p08v_125c.lib"
        "../std_cells/scmetro_tsmc_cl013g_rvt_tt_1p2v_25c.lib"
    to
        "./spyglass-1/spyglass_cache/autogenerated_sglib/aggregate.sglib" ...already compiled

 Using this already compiled sglib for the current run ...

RULE-CHECKING IN MIXED MODE
Loading spyglass (SpyGlass_vL-2016.06) ... (picked from /home/synopsys/SpyGlass-L2016.06/SPYGLASS_HOME/policies/spyglass)
Loading openmore (SpyGlass_vL-2016.06) ... (picked from /home/synopsys/SpyGlass-L2016.06/SPYGLASS_HOME/policies/openmore)
Loading starc (SpyGlass_vL-2016.06) ... (picked from /home/synopsys/SpyGlass-L2016.06/SPYGLASS_HOME/policies/starc)
Loading starc2005 (SpyGlass_vL-2016.06) ... (picked from /home/synopsys/SpyGlass-L2016.06/SPYGLASS_HOME/policies/starc2005)
Loading erc (SpyGlass_vL-2016.06) ... (picked from /home/synopsys/SpyGlass-L2016.06/SPYGLASS_HOME/policies/erc)
Loading simulation (SpyGlass_vL-2016.06) ... (picked from /home/synopsys/SpyGlass-L2016.06/SPYGLASS_HOME/policies/simulation)
Loading lint (SpyGlass_vL-2016.06) ... (picked from /home/synopsys/SpyGlass-L2016.06/SPYGLASS_HOME/policies/lint)
Loading latch (SpyGlass_vL-2016.06) ... (picked from /home/synopsys/SpyGlass-L2016.06/SPYGLASS_HOME/policies/latch)
Loading morelint (SpyGlass_vL-2016.06) ... (picked from /home/synopsys/SpyGlass-L2016.06/SPYGLASS_HOME/policies/morelint)
Loading timing (SpyGlass_vL-2016.06) ... (picked from /home/synopsys/SpyGlass-L2016.06/SPYGLASS_HOME/policies/timing)
Loading starc2002 (SpyGlass_vL-2016.06) ... (picked from /home/synopsys/SpyGlass-L2016.06/SPYGLASS_HOME/policies/starc2002)

INFO [326]    SpyGlass Design Database './spyglass-1/.SG_SaveRestoreDB' can not be restored because:
              Following design files/directories have been modified since design save
    /home/ICer/IC/Projects/System/rtl/regfile.v

              Saving Database again
Loading Audits (SpyGlass_vL-2016.06) ... (picked from /home/synopsys/SpyGlass-L2016.06/SPYGLASS_HOME/policies/Audits)
Loading area (SpyGlass_vL-2016.06) ... (picked from /home/synopsys/SpyGlass-L2016.06/SPYGLASS_HOME/policies/area)
Loading miscellaneous (SpyGlass_vL-2016.06) ... (picked from /home/synopsys/SpyGlass-L2016.06/SPYGLASS_HOME/policies/miscellaneous)
Loading starcad-21 (SpyGlass_vL-2016.06) ... (picked from /home/synopsys/SpyGlass-L2016.06/SPYGLASS_HOME/policies/starcad-21)
Loading txv (SpyGlass_vL-2016.06) ... (picked from /home/synopsys/SpyGlass-L2016.06/SPYGLASS_HOME/policies/txv)

TXV_INFO Parameter txv_extract_domain will be renamed to txv_domain_mode in future!

Loading power_est (SpyGlass_vL-2016.06) ... (picked from /home/synopsys/SpyGlass-L2016.06/SPYGLASS_HOME/policies/power_est)
Loading lowpower (SpyGlass_vL-2016.06) ... (picked from /home/synopsys/SpyGlass-L2016.06/SPYGLASS_HOME/policies/lowpower)
Loading dft_dsm (SpyGlass_vL-2016.06) ... (picked from /home/synopsys/SpyGlass-L2016.06/SPYGLASS_HOME/policies/dft_dsm)
Loading dft (SpyGlass_vL-2016.06) ... (picked from /home/synopsys/SpyGlass-L2016.06/SPYGLASS_HOME/policies/dft)
Loading constraints (SpyGlass_vL-2016.06) ... (picked from /home/synopsys/SpyGlass-L2016.06/SPYGLASS_HOME/policies/constraints)
Loading const_intern1 (SpyGlass_vL-2016.06) ... (picked from /home/synopsys/SpyGlass-L2016.06/SPYGLASS_HOME/policies/constraints)
Loading clock-reset (SpyGlass_vL-2016.06) ... (picked from /home/synopsys/SpyGlass-L2016.06/SPYGLASS_HOME/policies/clock)
Reading specified sglib files(s) ....
   Processing library: 'scmetro_tsmc_cl013g_rvt_ff_1p32v_m40c' .... done
   Processing library: 'scmetro_tsmc_cl013g_rvt_ss_1p08v_125c' .... done
   Processing library: 'scmetro_tsmc_cl013g_rvt_tt_1p2v_25c' .... done
Checking Rule AutoGenerateSglib (Rule 1 of total 279) .... done (Time = 0.00s, Memory = 32.0K)

INFO [76]    Using `./spyglass-1/WORK/64' as the Work Directory for 64bit precompiled dump.
Checking Rule SGDC_power_est29 (Rule 2 of total 279) .... done (Time = 0.00s, Memory = 9.9K)
Checking Rule PECHECK04 (Rule 3 of total 279) .... done (Time = 0.02s, Memory = 34.5K)
Checking Rule PECHECK18 (Rule 4 of total 279) .... done (Time = 0.00s, Memory = 0.0K)
Checking Rule PEMVDD01 (Rule 5 of total 279) .... done (Time = 0.00s, Memory = 0.0K)
Checking Rule PrecompileLibCheck01 (Rule 6 of total 279) .... done (Time = 0.00s, Memory = -9.0K)
Checking Rule PrecompileLibCheck02 (Rule 7 of total 279) .... done (Time = 0.00s, Memory = 0.0K)
Checking Rule PrecompileLibCheck03 (Rule 8 of total 279) .... done (Time = 0.00s, Memory = 0.0K)
Checking Rule PrecompileLibCheck04 (Rule 9 of total 279) .... done (Time = 0.00s, Memory = 0.0K)
Checking Rule ReportSglibVersionSummary (Rule 10 of total 279) .... done (Time = 0.00s, Memory = 0.0K)
Checking Rule SGDC_assume_path01 (Rule 11 of total 279) .... done (Time = 0.00s, Memory = 4.7K)
Checking Rule SGDC_sdcschema02 (Rule 12 of total 279) .... done (Time = 0.00s, Memory = 0.0K)
Checking Rule SGDC_clock05 (Rule 13 of total 279) .... done (Time = 0.00s, Memory = 0.0K)
Checking Rule SGDC_clock09 (Rule 14 of total 279) .... done (Time = 0.00s, Memory = 0.0K)
Checking Rule SGDC_force_ta05 (Rule 15 of total 279) .... done (Time = 0.00s, Memory = -0.1K)
Checking Rule SGDC_require_path03 (Rule 16 of total 279) .... done (Time = 0.00s, Memory = 2.5K)
Checking Rule SGDC_require_value03 (Rule 17 of total 279) .... done (Time = 0.00s, Memory = 2.5K)
Checking Rule SGDC_voltagedomain05 (Rule 18 of total 279) .... done (Time = 0.00s, Memory = 5.0K)
Checking Rule SGDC_voltagedomain06 (Rule 19 of total 279) .... done (Time = 0.00s, Memory = 6.5K)
Checking Rule SGDC_voltagedomain07 (Rule 20 of total 279) .... done (Time = 0.00s, Memory = 2.5K)
Checking Rule SGDC_powerdomainoutputs02 (Rule 21 of total 279) .... done (Time = 0.00s, Memory = 6.5K)
Checking Rule SGDC_supply01 (Rule 22 of total 279) .... done (Time = 0.00s, Memory = 2.5K)
Checking Rule SGDC_waive01 (Rule 23 of total 279) .... done (Time = 0.00s, Memory = 8.0K)
Checking Rule SGDC_waive02 (Rule 24 of total 279) .... done (Time = 0.00s, Memory = 0.0K)
Checking Rule SGDC_waive03 (Rule 25 of total 279) .... done (Time = 0.00s, Memory = 0.0K)
Checking Rule SGDC_waive04 (Rule 26 of total 279) .... done (Time = 0.00s, Memory = 0.2K)
Checking Rule SGDC_waive05 (Rule 27 of total 279) .... done (Time = 0.00s, Memory = 0.0K)
Checking Rule SGDC_waive06 (Rule 28 of total 279) .... done (Time = 0.00s, Memory = 0.9K)
Checking Rule SGDC_waive07 (Rule 29 of total 279) .... done (Time = 0.00s, Memory = 0.0K)
Checking Rule SGDC_waive08 (Rule 30 of total 279) .... done (Time = 0.00s, Memory = 0.0K)
Checking Rule SGDC_waive09 (Rule 31 of total 279) .... done (Time = 0.00s, Memory = 0.0K)
Checking Rule SGDC_waive10 (Rule 32 of total 279) .... done (Time = 0.00s, Memory = 11.8K)
Checking Rule SGDC_waive11 (Rule 33 of total 279) .... done (Time = 0.00s, Memory = 0.0K)
Checking Rule SGDC_waive12 (Rule 34 of total 279) .... done (Time = 0.00s, Memory = -21.0K)
Checking Rule SGDC_waive13 (Rule 35 of total 279) .... done (Time = 0.00s, Memory = 0.0K)
Checking Rule SGDC_waive21 (Rule 36 of total 279) .... done (Time = 0.00s, Memory = 0.0K)
Checking Rule SGDC_waive22 (Rule 37 of total 279) .... done (Time = 0.00s, Memory = 0.0K)
Checking Rule SGDC_waive30 (Rule 38 of total 279) .... done (Time = 0.00s, Memory = 0.0K)
Checking Rule SGDC_waive32 (Rule 39 of total 279) .... done (Time = 0.00s, Memory = -32.6K)
Checking Rule SGDC_waive33 (Rule 40 of total 279) .... done (Time = 0.00s, Memory = 0.0K)
Checking Rule SGDC_waive36 (Rule 41 of total 279) .... done (Time = 0.00s, Memory = 0.0K)
Checking Rule SGDC_waive38 (Rule 42 of total 279) .... done (Time = 0.00s, Memory = 32.0K)
Checking Rule SGDC_fifo01 (Rule 43 of total 279) .... done (Time = 0.00s, Memory = 3.4K)
Checking Rule SGDC_libgroup01 (Rule 44 of total 279) .... done (Time = 0.00s, Memory = -32.0K)
Checking Rule SGDC_libgroup02 (Rule 45 of total 279) .... done (Time = 0.00s, Memory = 0.0K)
Checking Rule SGDC_libgroup04 (Rule 46 of total 279) .... done (Time = 0.00s, Memory = -2.5K)
Checking Rule SGDC_power_data01 (Rule 47 of total 279) .... done (Time = 0.00s, Memory = 34.5K)
Checking Rule SGDC_ungroup01 (Rule 48 of total 279) .... done (Time = 0.00s, Memory = 2.5K)
Checking Rule SGDC_abstract_port06 (Rule 49 of total 279) .... done (Time = 0.00s, Memory = 6.5K)
Checking Rule SGDC_abstract_port14 (Rule 50 of total 279) .... done (Time = 0.00s, Memory = 1.0K)
Checking Rule SGDC_abstract_port15 (Rule 51 of total 279) .... done (Time = 0.00s, Memory = 10.5K)
Checking Rule SGDC_abstract_port18 (Rule 52 of total 279) .... done (Time = 0.00s, Memory = 2.5K)
Checking Rule sdc_init_rule (Rule 53 of total 279) .... done (Time = 0.00s, Memory = 0.6K)
Checking Rule CMD_ignorelibs01 (Rule 54 of total 279) .... done (Time = 0.00s, Memory = 0.0K)
Checking Rule ReportRuleNotRun (Rule 55 of total 279) .... done (Time = 0.01s, Memory = -25.3K)
Checking Rule STARC05-2.3.1.2c (Rule 56 of total 279) .... done (Time = 0.00s, Memory = 0.0K)
Checking Rule W442a (Rule 57 of total 279) .... done (Time = 0.00s, Memory = 0.0K)
Checking Rule W442b (Rule 58 of total 279) .... done (Time = 0.00s, Memory = 0.0K)
Checking Rule W442c (Rule 59 of total 279) .... done (Time = 0.00s, Memory = 0.0K)
Checking Rule W442f (Rule 60 of total 279) .... done (Time = 0.00s, Memory = 0.0K)
Checking Rule mixedsenselist (Rule 61 of total 279) .... done (Time = 0.00s, Memory = -0.5K)
Checking Rule badimplicitSM1 (Rule 62 of total 279) .... done (Time = 0.00s, Memory = 0.0K)
Checking Rule badimplicitSM2 (Rule 63 of total 279) .... done (Time = 0.00s, Memory = 0.0K)
Checking Rule badimplicitSM4 (Rule 64 of total 279) .... done (Time = 0.00s, Memory = 0.0K)
Checking Rule bothedges (Rule 65 of total 279) .... done (Time = 0.00s, Memory = 0.0K)
Checking Rule BlockHeader (Rule 66 of total 279) .... done (Time = 0.00s, Memory = 0.0K)
Checking Rule W421 (Rule 67 of total 279) .... done (Time = 0.00s, Memory = 0.0K)
Checking Rule STARC05-2.1.6.5 (Rule 68 of total 279) .... done (Time = 0.00s, Memory = 0.0K)
Checking Rule ReportStopSummary (Rule 69 of total 279) .... done (Time = 0.00s, Memory = 6.2K)
Checking Rule ReportIgnoreSummary (Rule 70 of total 279) .... done (Time = 0.00s, Memory = 0.0K)
 Analyzing source file "/home/ICer/IC/Projects/System/rtl/ALU.v" ....
 Analyzing source file "/home/ICer/IC/Projects/System/rtl/ASYNC_FIFO.v" ....
 Analyzing source file "/home/ICer/IC/Projects/System/rtl/Clk_Div.v" ....
 Analyzing source file "/home/ICer/IC/Projects/System/rtl/CLK_GATE.v" ....
 Analyzing source file "/home/ICer/IC/Projects/System/rtl/data_sampling.v" ....
 Analyzing source file "/home/ICer/IC/Projects/System/rtl/DATA_SYNC.v" ....
 Analyzing source file "/home/ICer/IC/Projects/System/rtl/deserializer.v" ....
 Analyzing source file "/home/ICer/IC/Projects/System/rtl/DF_SYNC.v" ....
 Analyzing source file "/home/ICer/IC/Projects/System/rtl/edge_bit_counter.v" ....
 Analyzing source file "/home/ICer/IC/Projects/System/rtl/FIFO_MEM_CNTRL.v" ....
 Analyzing source file "/home/ICer/IC/Projects/System/rtl/FIFO_RD.v" ....
 Analyzing source file "/home/ICer/IC/Projects/System/rtl/FIFO_WR.v" ....
 Analyzing source file "/home/ICer/IC/Projects/System/rtl/FSM_RX.v" ....
 Analyzing source file "/home/ICer/IC/Projects/System/rtl/FSM_TX.sv" ....
 Analyzing source file "/home/ICer/IC/Projects/System/rtl/MUX.v" ....
 Analyzing source file "/home/ICer/IC/Projects/System/rtl/Parity_Calc.v" ....
 Analyzing source file "/home/ICer/IC/Projects/System/rtl/parity_checker.v" ....
 Analyzing source file "/home/ICer/IC/Projects/System/rtl/prescale_mux.v" ....
 Analyzing source file "/home/ICer/IC/Projects/System/rtl/Pulse_Gen.v" ....
 Analyzing source file "/home/ICer/IC/Projects/System/rtl/regfile.v" ....
 Analyzing source file "/home/ICer/IC/Projects/System/rtl/RST_SYNC.v" ....
 Analyzing source file "/home/ICer/IC/Projects/System/rtl/Serializer.v" ....
 Analyzing source file "/home/ICer/IC/Projects/System/rtl/stop_checker.v" ....
 Analyzing source file "/home/ICer/IC/Projects/System/rtl/strt_checker.v" ....
 Analyzing source file "/home/ICer/IC/Projects/System/rtl/SYS_CTRL.v" ....
 Analyzing source file "/home/ICer/IC/Projects/System/rtl/SYSTEM_TOP.v" ....
 Analyzing source file "/home/ICer/IC/Projects/System/rtl/UART.v" ....
 Analyzing source file "/home/ICer/IC/Projects/System/rtl/UART_RX.v" ....
 Analyzing source file "/home/ICer/IC/Projects/System/rtl/UART_TX.v" ....
 Elaborating Top Verilog Design Unit 'SYSTEM_TOP' .....
 done
Checking Rule ElabSummary (Rule 71 of total 279) .... done (Time = 0.00s, Memory = 3.5K)
Checking Rule ReportCheckDataSummary (Rule 72 of total 279) .... done (Time = 0.00s, Memory = -0.1K)
Checking Rule IgnoredLibCells (Rule 73 of total 279) .... done (Time = 0.04s, Memory = -0.0K)
 Reading waiver file "./spyglass-1/lint/lint_rtl/spyglass_spysch/constraint/spg_autogenerated_waivers.sgdc" ...
 Generating SGDC file "./spyglass-1/lint/lint_rtl/spyglass_spysch/constraint/pragma2Constraint.sgdc" from pragmas in HDL source files ....
 Generating WAIVER file "./spyglass-1/lint/lint_rtl/spyglass_spysch/waiver/pragma2Waiver.swl" from pragmas in HDL source files ....
Checking Rule DetectTopDesignUnits (Rule 74 of total 279)
 Detected 1 top level design units:
     SYSTEM_TOP
 .... done (Time = 0.00s, Memory = 0.6K)
Performing semantic checks on SGDC contents
Checking Rule SGDC_testmode03 (Rule 75 of total 279) .... done (Time = 0.00s, Memory = 0.0K)
Checking Rule PECHECK09 (Rule 76 of total 279) .... done (Time = 0.01s, Memory = 5.2K)
Checking Rule Ac_multitop01 (Rule 77 of total 279) .... done (Time = 0.00s, Memory = 0.0K)
Checking Rule ReportObsoletePragmas (Rule 78 of total 279) .... done (Time = 0.00s, Memory = 0.0K)
Checking Rule GenerateConfMap (Rule 79 of total 279) .... done (Time = 0.00s, Memory = 2.0K)
Checking Rule HdlLibDuCheck (Rule 80 of total 279) .... done (Time = 0.00s, Memory = 0.0K)
Checking Rule RtlDesignInfo (Rule 81 of total 279) .... done (Time = 0.00s, Memory = 3.3K)
Checking Rule sim_race02 (Rule 82 of total 279) .... done (Time = 0.00s, Memory = 0.3K)
Checking Rule W339a (Rule 83 of total 279) .... done (Time = 0.00s, Memory = -32.0K)
Checking Rule W416 (Rule 84 of total 279) .... done (Time = 0.00s, Memory = 0.0K)
Checking Rule mixedsenselist (Rule 85 of total 279) .... done (Time = 0.00s, Memory = 0.0K)
Checking Rule W110a (Rule 86 of total 279) .... done (Time = 0.00s, Memory = 0.0K)
Checking Rule Pragma_setupa (Rule 87 of total 279) .... done (Time = 0.01s, Memory = 4.7K)
Checking Rule _deltaDelay (Rule 88 of total 279) .... done (Time = 0.00s, Memory = 1.9K)
Checking Rule _deltaDelay (Rule 89 of total 279) .... done (Time = 0.00s, Memory = 0.0K)
Checking Rule preReq_ConsCase2 (Rule 90 of total 279) .... done (Time = 0.00s, Memory = 0.0K)
Checking Rule preReq_ConsCase (Rule 91 of total 279) .... done (Time = 0.00s, Memory = 0.0K)
Checking Rule STARC05-AlwaysParamSetup (Rule 92 of total 279) .... done (Time = 0.00s, Memory = 0.0K)
Checking Rule STARC05-ProcessParamSetup (Rule 93 of total 279) .... done (Time = 0.00s, Memory = 0.0K)
Checking Rule Latch_VePreReqRule (Rule 94 of total 279) .... done (Time = 0.00s, Memory = 11.4K)
Checking Rule CheckCelldefine (Rule 95 of total 279) .... done (Time = 0.00s, Memory = 0.0K)
Checking Rule Prereqs_RegOutputs (Rule 96 of total 279) .... done (Time = 0.00s, Memory = 0.0K)
Checking Rule STARC05-2.1.4.5 (Rule 97 of total 279) .... done (Time = 0.00s, Memory = -23.0K)
Checking Rule STARC05-2.3.1.5b (Rule 98 of total 279) .... done (Time = 0.00s, Memory = -1.4K)
Checking Rule STARC05-2.3.3.1 (Rule 99 of total 279) .... done (Time = 0.00s, Memory = 2.3K)
Checking Rule STARC05-2.3.3.1 (Rule 100 of total 279) .... done (Time = 0.00s, Memory = 0.0K)
Checking Rule STARC05-2.11.3.1 (Rule 101 of total 279) .... done (Time = 0.00s, Memory = 0.0K)
Checking Rule Prereqs_STARC05-1.6.2.1 (Rule 102 of total 279) .... done (Time = 0.00s, Memory = 0.0K)
Checking Rule Prereqs_STARC-1.6.2.1 (Rule 103 of total 279) .... done (Time = 0.00s, Memory = 0.0K)
Checking Rule STARC05-2.10.1.4a (Rule 104 of total 279) .... done (Time = 0.00s, Memory = 1.1K)
Checking Rule W496b (Rule 105 of total 279) .... done (Time = 0.00s, Memory = 20.2K)
Checking Rule W317 (Rule 106 of total 279) .... done (Time = 0.00s, Memory = -8.0K)
Checking Rule W422 (Rule 107 of total 279) .... done (Time = 0.00s, Memory = -22.7K)
Checking Rule W426 (Rule 108 of total 279) .... done (Time = 0.00s, Memory = -32.5K)
Checking Rule W480 (Rule 109 of total 279) .... done (Time = 0.00s, Memory = -0.6K)
Checking Rule W481a (Rule 110 of total 279) .... done (Time = 0.00s, Memory = 0.0K)
Checking Rule W481b (Rule 111 of total 279) .... done (Time = 0.00s, Memory = 0.0K)
Checking Rule W422 (Rule 112 of total 279) .... done (Time = 0.00s, Memory = 0.0K)
Checking Rule W156 (Rule 113 of total 279) .... done (Time = 0.00s, Memory = 0.0K)
Checking Rule W292 (Rule 114 of total 279) .... done (Time = 0.00s, Memory = 0.0K)
Checking Rule W71 (Rule 115 of total 279) .... done (Time = 0.00s, Memory = 0.0K)
Checking Rule W287b (Rule 116 of total 279) .... done (Time = 0.00s, Memory = 917.3K)
Checking Rule W293 (Rule 117 of total 279) .... done (Time = 0.00s, Memory = 0.0K)
Checking Rule W398 (Rule 118 of total 279) .... done (Time = 0.00s, Memory = 0.0K)
Checking Rule W421 (Rule 119 of total 279) .... done (Time = 0.00s, Memory = -0.3K)
Checking Rule W424 (Rule 120 of total 279) .... done (Time = 0.00s, Memory = 0.0K)
Checking Rule W467 (Rule 121 of total 279) .... done (Time = 0.00s, Memory = 0.0K)
Checking Rule Prereqs_RegInputOutputs (Rule 122 of total 279) .... done (Time = 0.00s, Memory = 0.0K)
Checking Rule PragmaComments-ML (Rule 123 of total 279) .... done (Time = 0.01s, Memory = 75.8K)
Checking Rule PragmaComments-ML (Rule 124 of total 279) .... done (Time = 0.00s, Memory = 0.0K)
Checking Rule CheckDelayTimescale-ML (Rule 125 of total 279) .... done (Time = 0.00s, Memory = -17.2K)
Checking Rule Prereqs_InclFileSetup-ML (Rule 126 of total 279) .... done (Time = 0.00s, Memory = 0.0K)
Checking ELABDU Rules for designUnit SYSTEM_TOP
    Checking Rule syncRstReq (Rule 127 of total 279) .... done (Time = 0.00s, Memory = 0.0K)
    Checking Rule syncRstReq (Rule 128 of total 279) .... done (Time = 0.00s, Memory = 0.0K)
    Checking Rule AcOvlRtl (Rule 129 of total 279) .... done (Time = 0.00s, Memory = 0.5K)
    Checking Rule AcOvlRtl (Rule 130 of total 279) .... done (Time = 0.00s, Memory = 0.0K)
    Checking Rule Prereqs_STARC-2.3.6.1 (Rule 131 of total 279) .... done (Time = 0.00s, Memory = 0.0K)
    Checking Rule GenTopLevelBlocksForAutoSoc (Rule 132 of total 279) .... done (Time = 0.00s, Memory = 1.3K)
    Checking Rule STARC05-2.1.5.3 (Rule 133 of total 279) .... done (Time = 0.00s, Memory = 0.0K)
    Checking Rule STARC05-2.2.3.3 (Rule 134 of total 279) .... done (Time = 0.00s, Memory = 0.0K)
    Checking Rule STARC05-2.3.1.6 (Rule 135 of total 279) .... done (Time = 0.00s, Memory = 0.0K)
    Checking Rule STARC05-2.10.2.3 (Rule 136 of total 279) .... done (Time = 0.00s, Memory = 32.4K)
    Checking Rule STARC05-2.10.3.2a (Rule 137 of total 279) .... done (Time = 0.00s, Memory = -24.3K)
    Checking Rule STARC05-2.11.3.1 (Rule 138 of total 279) .... done (Time = 0.00s, Memory = -0.9K)
    Checking Rule STARC05-2.1.3.1 (Rule 139 of total 279) .... done (Time = 0.01s, Memory = 2.9K)
    Checking Rule STARC05-2.10.1.4b (Rule 140 of total 279) .... done (Time = 0.00s, Memory = -0.2K)
    Checking Rule W110 (Rule 141 of total 279) .... done (Time = 0.00s, Memory = 0.0K)
    Checking Rule W122 (Rule 142 of total 279) .... done (Time = 0.00s, Memory = 4.1K)
    Checking Rule W496a (Rule 143 of total 279) .... done (Time = 0.00s, Memory = 4.7K)
    Checking Rule W19 (Rule 144 of total 279) .... done (Time = 0.00s, Memory = -28.8K)
    Checking Rule W66 (Rule 145 of total 279) .... done (Time = 0.00s, Memory = 0.0K)
    Checking Rule W116 (Rule 146 of total 279) .... done (Time = 0.00s, Memory = 0.0K)
    Checking Rule W123 (Rule 147 of total 279) .... done (Time = 0.00s, Memory = 21.9K)
    Checking Rule W156 (Rule 148 of total 279) .... done (Time = 0.00s, Memory = 0.0K)
    Checking Rule W215 (Rule 149 of total 279) .... done (Time = 0.00s, Memory = -25.8K)
    Checking Rule W216 (Rule 150 of total 279) .... done (Time = 0.00s, Memory = -6.0K)
    Checking Rule W218 (Rule 151 of total 279) .... done (Time = 0.00s, Memory = 3.9K)
    Checking Rule W224 (Rule 152 of total 279) .... done (Time = 0.00s, Memory = 0.0K)
    Checking Rule W263 (Rule 153 of total 279) .... done (Time = 0.01s, Memory = 0.0K)
    Checking Rule W289 (Rule 154 of total 279) .... done (Time = 0.00s, Memory = -0.3K)
    Checking Rule W337 (Rule 155 of total 279) .... done (Time = 0.00s, Memory = 0.0K)
    Checking Rule W352 (Rule 156 of total 279) .... done (Time = 0.00s, Memory = 0.0K)
    Checking Rule W362 (Rule 157 of total 279) .... done (Time = 0.00s, Memory = 0.4K)
    Checking Rule W415a (Rule 158 of total 279) .... done (Time = 0.00s, Memory = 24.0K)
    Checking Rule W486 (Rule 159 of total 279) .... done (Time = 0.00s, Memory = 0.0K)
    Checking Rule W499 (Rule 160 of total 279) .... done (Time = 0.00s, Memory = 0.0K)
    Checking Rule W502 (Rule 161 of total 279) .... done (Time = 0.00s, Memory = -0.8K)
    Checking Rule W116 (Rule 162 of total 279) .... done (Time = 0.00s, Memory = 0.0K)
    Checking Rule W122 (Rule 163 of total 279) .... done (Time = 0.00s, Memory = 0.6K)
    Checking Rule W123 (Rule 164 of total 279) .... done (Time = 0.00s, Memory = 0.9K)
    Checking Rule W71 (Rule 165 of total 279) .... done (Time = 0.00s, Memory = -0.2K)
    Checking Rule W240 (Rule 166 of total 279) .... done (Time = 0.00s, Memory = 0.0K)
    Checking Rule W240 (Rule 167 of total 279) .... done (Time = 0.00s, Memory = 0.0K)
    Checking Rule W287a (Rule 168 of total 279) .... done (Time = 0.00s, Memory = 3.3K)
    Checking Rule W293 (Rule 169 of total 279) .... done (Time = 0.00s, Memory = 0.0K)
    Checking Rule W398 (Rule 170 of total 279) .... done (Time = 0.00s, Memory = 0.0K)
    Checking Rule W424 (Rule 171 of total 279) .... done (Time = 0.00s, Memory = 0.0K)
    Checking Rule W467 (Rule 172 of total 279) .... done (Time = 0.00s, Memory = 2.5K)
    Checking Rule W505 (Rule 173 of total 279) .... done (Time = 0.00s, Memory = 0.0K)
    Checking Rule W505 (Rule 174 of total 279) .... done (Time = 0.00s, Memory = 0.0K)
    Checking Rule W528 (Rule 175 of total 279) .... done (Time = 0.01s, Memory = 0.0K)
    Checking Rule W528 (Rule 176 of total 279) .... done (Time = 0.00s, Memory = 645.8K)
    Checking Rule Prereqs_Usage (Rule 177 of total 279) .... done (Time = 0.00s, Memory = -14.5K)
    Checking Rule Postreqs_CheckFuncTask (Rule 178 of total 279) .... done (Time = 0.00s, Memory = 13.8K)
    Checking Rule Prereqs_ConstantInput-ML (Rule 179 of total 279) .... done (Time = 0.00s, Memory = -32.0K)
    Checking Rule Prereqs_ConstantInput-ML (Rule 180 of total 279) .... done (Time = 0.00s, Memory = 0.0K)
    Checking Rule ReportPortInfo-ML (Rule 181 of total 279) .... done (Time = 0.00s, Memory = 0.5K)
    Checking Rule NoAssignX-ML (Rule 182 of total 279) .... done (Time = 0.00s, Memory = -21.0K)
    Checking Rule ParamWidthMismatch-ML (Rule 183 of total 279) .... done (Time = 0.00s, Memory = 0.0K)
    Checking Rule Postreqs_Usage_ML (Rule 184 of total 279) .... done (Time = 0.00s, Memory = 0.0K)
    Checking Rule NoXInCase-ML (Rule 185 of total 279) .... done (Time = 0.00s, Memory = 0.0K)
Checking ELABDU Rules for designUnit prescale_mux
    Checking Rule syncRstReq (Rule 127 of total 279) .... done (Time = 0.00s, Memory = 0.0K)
    Checking Rule syncRstReq (Rule 128 of total 279) .... done (Time = 0.00s, Memory = 0.0K)
    Checking Rule AcOvlRtl (Rule 129 of total 279) .... done (Time = 0.00s, Memory = 8.2K)
    Checking Rule AcOvlRtl (Rule 130 of total 279) .... done (Time = 0.00s, Memory = 0.0K)
    Checking Rule Prereqs_STARC-2.3.6.1 (Rule 131 of total 279) .... done (Time = 0.00s, Memory = 9.6K)
    Checking Rule GenTopLevelBlocksForAutoSoc (Rule 132 of total 279) .... done (Time = 0.00s, Memory = 0.0K)
    Checking Rule STARC05-2.1.5.3 (Rule 133 of total 279) .... done (Time = 0.00s, Memory = -1.5K)
    Checking Rule STARC05-2.2.3.3 (Rule 134 of total 279) .... done (Time = 0.00s, Memory = 36.0K)
    Checking Rule STARC05-2.3.1.6 (Rule 135 of total 279) .... done (Time = 0.00s, Memory = 0.0K)
    Checking Rule STARC05-2.10.2.3 (Rule 136 of total 279) .... done (Time = 0.00s, Memory = -8.0K)
    Checking Rule STARC05-2.10.3.2a (Rule 137 of total 279) .... done (Time = 0.00s, Memory = 0.0K)
    Checking Rule STARC05-2.11.3.1 (Rule 138 of total 279) .... done (Time = 0.00s, Memory = 4.9K)
    Checking Rule STARC05-2.1.3.1 (Rule 139 of total 279) .... done (Time = 0.00s, Memory = 0.0K)
    Checking Rule STARC05-2.10.1.4b (Rule 140 of total 279) .... done (Time = 0.00s, Memory = 0.0K)
    Checking Rule W110 (Rule 141 of total 279) .... done (Time = 0.00s, Memory = 0.5K)
    Checking Rule W122 (Rule 142 of total 279) .... done (Time = 0.00s, Memory = 5.6K)
    Checking Rule W496a (Rule 143 of total 279) .... done (Time = 0.00s, Memory = 0.0K)
    Checking Rule W19 (Rule 144 of total 279) .... done (Time = 0.00s, Memory = 0.0K)
    Checking Rule W66 (Rule 145 of total 279) .... done (Time = 0.00s, Memory = 0.0K)
    Checking Rule W116 (Rule 146 of total 279) .... done (Time = 0.00s, Memory = 0.0K)
    Checking Rule W123 (Rule 147 of total 279) .... done (Time = 0.00s, Memory = 13.0K)
    Checking Rule W156 (Rule 148 of total 279) .... done (Time = 0.00s, Memory = 24.0K)
    Checking Rule W215 (Rule 149 of total 279) .... done (Time = 0.00s, Memory = 0.0K)
    Checking Rule W216 (Rule 150 of total 279) .... done (Time = 0.00s, Memory = 0.0K)
    Checking Rule W218 (Rule 151 of total 279) .... done (Time = 0.00s, Memory = -26.0K)
    Checking Rule W224 (Rule 152 of total 279) .... done (Time = 0.00s, Memory = -0.5K)
    Checking Rule W263 (Rule 153 of total 279) .... done (Time = 0.00s, Memory = 0.0K)
    Checking Rule W289 (Rule 154 of total 279) .... done (Time = 0.00s, Memory = 0.0K)
    Checking Rule W337 (Rule 155 of total 279) .... done (Time = 0.00s, Memory = 0.0K)
    Checking Rule W352 (Rule 156 of total 279) .... done (Time = 0.00s, Memory = 0.0K)
    Checking Rule W362 (Rule 157 of total 279) .... done (Time = 0.00s, Memory = 0.0K)
    Checking Rule W415a (Rule 158 of total 279) .... done (Time = 0.00s, Memory = 0.0K)
    Checking Rule W486 (Rule 159 of total 279) .... done (Time = 0.00s, Memory = 0.0K)
    Checking Rule W499 (Rule 160 of total 279) .... done (Time = 0.01s, Memory = 0.0K)
    Checking Rule W502 (Rule 161 of total 279) .... done (Time = 0.00s, Memory = -23.2K)
    Checking Rule W116 (Rule 162 of total 279) .... done (Time = 0.00s, Memory = 0.0K)
    Checking Rule W122 (Rule 163 of total 279) .... done (Time = 0.00s, Memory = 0.6K)
    Checking Rule W123 (Rule 164 of total 279) .... done (Time = 0.00s, Memory = 0.9K)
    Checking Rule W71 (Rule 165 of total 279) .... done (Time = 0.00s, Memory = 0.0K)
    Checking Rule W240 (Rule 166 of total 279) .... done (Time = 0.00s, Memory = 0.0K)
    Checking Rule W240 (Rule 167 of total 279) .... done (Time = 0.00s, Memory = 0.0K)
    Checking Rule W287a (Rule 168 of total 279) .... done (Time = 0.00s, Memory = -0.7K)
    Checking Rule W293 (Rule 169 of total 279) .... done (Time = 0.00s, Memory = 0.0K)
    Checking Rule W398 (Rule 170 of total 279) .... done (Time = 0.00s, Memory = 0.0K)
    Checking Rule W424 (Rule 171 of total 279) .... done (Time = 0.00s, Memory = -1.1K)
    Checking Rule W467 (Rule 172 of total 279) .... done (Time = 0.00s, Memory = 0.0K)
    Checking Rule W505 (Rule 173 of total 279) .... done (Time = 0.00s, Memory = 4.0K)
    Checking Rule W505 (Rule 174 of total 279) .... done (Time = 0.00s, Memory = 0.0K)
    Checking Rule W528 (Rule 175 of total 279) .... done (Time = 0.00s, Memory = 0.0K)
    Checking Rule W528 (Rule 176 of total 279) .... done (Time = 0.00s, Memory = 645.8K)
    Checking Rule Prereqs_Usage (Rule 177 of total 279) .... done (Time = 0.00s, Memory = -16.0K)
    Checking Rule Postreqs_CheckFuncTask (Rule 178 of total 279) .... done (Time = 0.00s, Memory = -32.0K)
    Checking Rule Prereqs_ConstantInput-ML (Rule 179 of total 279) .... done (Time = 0.00s, Memory = 0.0K)
    Checking Rule Prereqs_ConstantInput-ML (Rule 180 of total 279) .... done (Time = 0.00s, Memory = 0.0K)
    Checking Rule ReportPortInfo-ML (Rule 181 of total 279) .... done (Time = 0.00s, Memory = 0.0K)
    Checking Rule NoAssignX-ML (Rule 182 of total 279) .... done (Time = 0.00s, Memory = 0.0K)
    Checking Rule ParamWidthMismatch-ML (Rule 183 of total 279) .... done (Time = 0.00s, Memory = 0.0K)
    Checking Rule Postreqs_Usage_ML (Rule 184 of total 279) .... done (Time = 0.00s, Memory = 0.0K)
    Checking Rule NoXInCase-ML (Rule 185 of total 279) .... done (Time = 0.00s, Memory = 0.0K)
Checking ELABDU Rules for designUnit CLK_DIV
    Checking Rule syncRstReq (Rule 127 of total 279) .... done (Time = 0.00s, Memory = 0.0K)
    Checking Rule syncRstReq (Rule 128 of total 279) .... done (Time = 0.00s, Memory = 0.0K)
    Checking Rule AcOvlRtl (Rule 129 of total 279) .... done (Time = 0.00s, Memory = 0.0K)
    Checking Rule AcOvlRtl (Rule 130 of total 279) .... done (Time = 0.00s, Memory = 0.0K)
    Checking Rule Prereqs_STARC-2.3.6.1 (Rule 131 of total 279) .... done (Time = 0.00s, Memory = 0.0K)
    Checking Rule GenTopLevelBlocksForAutoSoc (Rule 132 of total 279) .... done (Time = 0.00s, Memory = 39.5K)
    Checking Rule STARC05-2.1.5.3 (Rule 133 of total 279) .... done (Time = 0.00s, Memory = 0.0K)
    Checking Rule STARC05-2.2.3.3 (Rule 134 of total 279) .... done (Time = 0.00s, Memory = -2.0K)
    Checking Rule STARC05-2.3.1.6 (Rule 135 of total 279) .... done (Time = 0.00s, Memory = 0.0K)
    Checking Rule STARC05-2.10.2.3 (Rule 136 of total 279) .... done (Time = 0.00s, Memory = 0.0K)
    Checking Rule STARC05-2.10.3.2a (Rule 137 of total 279) .... done (Time = 0.00s, Memory = 0.0K)
    Checking Rule STARC05-2.11.3.1 (Rule 138 of total 279) .... done (Time = 0.00s, Memory = 3.1K)
    Checking Rule STARC05-2.1.3.1 (Rule 139 of total 279) .... done (Time = 0.00s, Memory = 21.0K)
    Checking Rule STARC05-2.10.1.4b (Rule 140 of total 279) .... done (Time = 0.00s, Memory = 0.0K)
    Checking Rule W110 (Rule 141 of total 279) .... done (Time = 0.00s, Memory = -8.0K)
    Checking Rule W122 (Rule 142 of total 279) .... done (Time = 0.00s, Memory = 0.0K)
    Checking Rule W496a (Rule 143 of total 279) .... done (Time = 0.00s, Memory = 0.0K)
    Checking Rule W19 (Rule 144 of total 279) .... done (Time = 0.00s, Memory = 1.6K)
    Checking Rule W66 (Rule 145 of total 279) .... done (Time = 0.00s, Memory = 4.0K)
    Checking Rule W116 (Rule 146 of total 279) .... done (Time = 0.00s, Memory = -32.0K)
    Checking Rule W123 (Rule 147 of total 279) .... done (Time = 0.00s, Memory = 16.0K)
    Checking Rule W156 (Rule 148 of total 279) .... done (Time = 0.00s, Memory = 32.0K)
    Checking Rule W215 (Rule 149 of total 279) .... done (Time = 0.00s, Memory = -4.0K)
    Checking Rule W216 (Rule 150 of total 279) .... done (Time = 0.00s, Memory = 0.0K)
    Checking Rule W218 (Rule 151 of total 279) .... done (Time = 0.00s, Memory = 0.0K)
    Checking Rule W224 (Rule 152 of total 279) .... done (Time = 0.00s, Memory = 0.0K)
    Checking Rule W263 (Rule 153 of total 279) .... done (Time = 0.00s, Memory = 0.0K)
    Checking Rule W289 (Rule 154 of total 279) .... done (Time = 0.00s, Memory = 0.0K)
    Checking Rule W337 (Rule 155 of total 279) .... done (Time = 0.00s, Memory = 0.0K)
    Checking Rule W352 (Rule 156 of total 279) .... done (Time = 0.00s, Memory = 0.0K)
    Checking Rule W362 (Rule 157 of total 279) .... done (Time = 0.00s, Memory = 0.9K)
    Checking Rule W415a (Rule 158 of total 279) .... done (Time = 0.00s, Memory = -1.0K)
    Checking Rule W486 (Rule 159 of total 279) .... done (Time = 0.00s, Memory = 0.0K)
    Checking Rule W499 (Rule 160 of total 279) .... done (Time = 0.00s, Memory = 23.6K)
    Checking Rule W502 (Rule 161 of total 279) .... done (Time = 0.00s, Memory = 0.0K)
    Checking Rule W116 (Rule 162 of total 279) .... done (Time = 0.00s, Memory = 0.0K)
    Checking Rule W122 (Rule 163 of total 279) .... done (Time = 0.00s, Memory = 0.6K)
    Checking Rule W123 (Rule 164 of total 279) .... done (Time = 0.00s, Memory = 0.9K)
    Checking Rule W71 (Rule 165 of total 279) .... done (Time = 0.00s, Memory = 6.8K)
    Checking Rule W240 (Rule 166 of total 279) .... done (Time = 0.00s, Memory = 0.0K)
    Checking Rule W240 (Rule 167 of total 279) .... done (Time = 0.00s, Memory = 0.0K)
    Checking Rule W287a (Rule 168 of total 279) .... done (Time = 0.00s, Memory = -2.9K)
    Checking Rule W293 (Rule 169 of total 279) .... done (Time = 0.00s, Memory = 0.0K)
    Checking Rule W398 (Rule 170 of total 279) .... done (Time = 0.00s, Memory = 5.8K)
    Checking Rule W424 (Rule 171 of total 279) .... done (Time = 0.00s, Memory = -0.2K)
    Checking Rule W467 (Rule 172 of total 279) .... done (Time = 0.00s, Memory = 11.6K)
    Checking Rule W505 (Rule 173 of total 279) .... done (Time = 0.00s, Memory = -0.7K)
    Checking Rule W505 (Rule 174 of total 279) .... done (Time = 0.00s, Memory = 0.0K)
    Checking Rule W528 (Rule 175 of total 279) .... done (Time = 0.00s, Memory = 0.4K)
    Checking Rule W528 (Rule 176 of total 279) .... done (Time = 0.00s, Memory = 645.8K)
    Checking Rule Prereqs_Usage (Rule 177 of total 279) .... done (Time = 0.00s, Memory = -16.0K)
    Checking Rule Postreqs_CheckFuncTask (Rule 178 of total 279) .... done (Time = 0.00s, Memory = 0.0K)
    Checking Rule Prereqs_ConstantInput-ML (Rule 179 of total 279) .... done (Time = 0.00s, Memory = 0.0K)
    Checking Rule Prereqs_ConstantInput-ML (Rule 180 of total 279) .... done (Time = 0.00s, Memory = 0.0K)
    Checking Rule ReportPortInfo-ML (Rule 181 of total 279) .... done (Time = 0.00s, Memory = -1.5K)
    Checking Rule NoAssignX-ML (Rule 182 of total 279) .... done (Time = 0.00s, Memory = 0.0K)
    Checking Rule ParamWidthMismatch-ML (Rule 183 of total 279) .... done (Time = 0.00s, Memory = 0.0K)
    Checking Rule Postreqs_Usage_ML (Rule 184 of total 279) .... done (Time = 0.00s, Memory = 0.0K)
    Checking Rule NoXInCase-ML (Rule 185 of total 279) .... done (Time = 0.00s, Memory = 0.0K)
Checking ELABDU Rules for designUnit RST_SYNC
    Checking Rule syncRstReq (Rule 127 of total 279) .... done (Time = 0.00s, Memory = 0.0K)
    Checking Rule syncRstReq (Rule 128 of total 279) .... done (Time = 0.00s, Memory = 0.0K)
    Checking Rule AcOvlRtl (Rule 129 of total 279) .... done (Time = 0.00s, Memory = 0.0K)
    Checking Rule AcOvlRtl (Rule 130 of total 279) .... done (Time = 0.00s, Memory = 0.0K)
    Checking Rule Prereqs_STARC-2.3.6.1 (Rule 131 of total 279) .... done (Time = 0.00s, Memory = 0.0K)
    Checking Rule GenTopLevelBlocksForAutoSoc (Rule 132 of total 279) .... done (Time = 0.00s, Memory = -4.0K)
    Checking Rule STARC05-2.1.5.3 (Rule 133 of total 279) .... done (Time = 0.00s, Memory = 32.0K)
    Checking Rule STARC05-2.2.3.3 (Rule 134 of total 279) .... done (Time = 0.00s, Memory = 0.0K)
    Checking Rule STARC05-2.3.1.6 (Rule 135 of total 279) .... done (Time = 0.00s, Memory = -0.5K)
    Checking Rule STARC05-2.10.2.3 (Rule 136 of total 279) .... done (Time = 0.00s, Memory = 8.0K)
    Checking Rule STARC05-2.10.3.2a (Rule 137 of total 279) .... done (Time = 0.00s, Memory = 8.0K)
    Checking Rule STARC05-2.11.3.1 (Rule 138 of total 279) .... done (Time = 0.00s, Memory = -36.0K)
    Checking Rule STARC05-2.1.3.1 (Rule 139 of total 279) .... done (Time = 0.00s, Memory = 0.0K)
    Checking Rule STARC05-2.10.1.4b (Rule 140 of total 279) .... done (Time = 0.00s, Memory = -1.0K)
    Checking Rule W110 (Rule 141 of total 279) .... done (Time = 0.00s, Memory = 0.0K)
    Checking Rule W122 (Rule 142 of total 279) .... done (Time = 0.00s, Memory = -8.4K)
    Checking Rule W496a (Rule 143 of total 279) .... done (Time = 0.00s, Memory = 0.0K)
    Checking Rule W19 (Rule 144 of total 279) .... done (Time = 0.00s, Memory = 0.0K)
    Checking Rule W66 (Rule 145 of total 279) .... done (Time = 0.00s, Memory = 0.0K)
    Checking Rule W116 (Rule 146 of total 279) .... done (Time = 0.00s, Memory = 4.7K)
    Checking Rule W123 (Rule 147 of total 279) .... done (Time = 0.00s, Memory = 16.0K)
    Checking Rule W156 (Rule 148 of total 279) .... done (Time = 0.00s, Memory = 0.0K)
    Checking Rule W215 (Rule 149 of total 279) .... done (Time = 0.00s, Memory = 0.0K)
    Checking Rule W216 (Rule 150 of total 279) .... done (Time = 0.00s, Memory = 0.0K)
    Checking Rule W218 (Rule 151 of total 279) .... done (Time = 0.00s, Memory = 0.0K)
    Checking Rule W224 (Rule 152 of total 279) .... done (Time = 0.00s, Memory = 0.0K)
    Checking Rule W263 (Rule 153 of total 279) .... done (Time = 0.00s, Memory = 0.0K)
    Checking Rule W289 (Rule 154 of total 279) .... done (Time = 0.00s, Memory = 0.0K)
    Checking Rule W337 (Rule 155 of total 279) .... done (Time = 0.00s, Memory = 0.0K)
    Checking Rule W352 (Rule 156 of total 279) .... done (Time = 0.00s, Memory = 0.0K)
    Checking Rule W362 (Rule 157 of total 279) .... done (Time = 0.00s, Memory = -24.0K)
    Checking Rule W415a (Rule 158 of total 279) .... done (Time = 0.00s, Memory = 0.0K)
    Checking Rule W486 (Rule 159 of total 279) .... done (Time = 0.00s, Memory = 0.0K)
    Checking Rule W499 (Rule 160 of total 279) .... done (Time = 0.00s, Memory = 0.0K)
    Checking Rule W502 (Rule 161 of total 279) .... done (Time = 0.00s, Memory = 0.0K)
    Checking Rule W116 (Rule 162 of total 279) .... done (Time = 0.00s, Memory = 0.0K)
    Checking Rule W122 (Rule 163 of total 279) .... done (Time = 0.00s, Memory = 0.6K)
    Checking Rule W123 (Rule 164 of total 279) .... done (Time = 0.00s, Memory = 0.9K)
    Checking Rule W71 (Rule 165 of total 279) .... done (Time = 0.00s, Memory = 0.0K)
    Checking Rule W240 (Rule 166 of total 279) .... done (Time = 0.00s, Memory = 0.0K)
    Checking Rule W240 (Rule 167 of total 279) .... done (Time = 0.00s, Memory = 0.0K)
    Checking Rule W287a (Rule 168 of total 279) .... done (Time = 0.00s, Memory = 0.0K)
    Checking Rule W293 (Rule 169 of total 279) .... done (Time = 0.00s, Memory = 0.0K)
    Checking Rule W398 (Rule 170 of total 279) .... done (Time = 0.00s, Memory = 0.0K)
    Checking Rule W424 (Rule 171 of total 279) .... done (Time = 0.00s, Memory = 0.0K)
    Checking Rule W467 (Rule 172 of total 279) .... done (Time = 0.00s, Memory = 0.0K)
    Checking Rule W505 (Rule 173 of total 279) .... done (Time = 0.00s, Memory = 0.0K)
    Checking Rule W505 (Rule 174 of total 279) .... done (Time = 0.00s, Memory = 0.0K)
    Checking Rule W528 (Rule 175 of total 279) .... done (Time = 0.00s, Memory = 0.0K)
    Checking Rule W528 (Rule 176 of total 279) .... done (Time = 0.00s, Memory = 645.8K)
    Checking Rule Prereqs_Usage (Rule 177 of total 279) .... done (Time = 0.00s, Memory = -16.0K)
    Checking Rule Postreqs_CheckFuncTask (Rule 178 of total 279) .... done (Time = 0.00s, Memory = 0.0K)
    Checking Rule Prereqs_ConstantInput-ML (Rule 179 of total 279) .... done (Time = 0.00s, Memory = 0.0K)
    Checking Rule Prereqs_ConstantInput-ML (Rule 180 of total 279) .... done (Time = 0.00s, Memory = 0.0K)
    Checking Rule ReportPortInfo-ML (Rule 181 of total 279) .... done (Time = 0.00s, Memory = 28.0K)
    Checking Rule NoAssignX-ML (Rule 182 of total 279) .... done (Time = 0.00s, Memory = 0.0K)
    Checking Rule ParamWidthMismatch-ML (Rule 183 of total 279) .... done (Time = 0.00s, Memory = -32.0K)
    Checking Rule Postreqs_Usage_ML (Rule 184 of total 279) .... done (Time = 0.00s, Memory = -26.0K)
    Checking Rule NoXInCase-ML (Rule 185 of total 279) .... done (Time = 0.00s, Memory = 0.0K)
Checking ELABDU Rules for designUnit UART
    Checking Rule syncRstReq (Rule 127 of total 279) .... done (Time = 0.00s, Memory = 0.0K)
    Checking Rule syncRstReq (Rule 128 of total 279) .... done (Time = 0.00s, Memory = 0.0K)
    Checking Rule AcOvlRtl (Rule 129 of total 279) .... done (Time = 0.00s, Memory = 0.0K)
    Checking Rule AcOvlRtl (Rule 130 of total 279) .... done (Time = 0.00s, Memory = 0.0K)
    Checking Rule Prereqs_STARC-2.3.6.1 (Rule 131 of total 279) .... done (Time = 0.00s, Memory = 0.0K)
    Checking Rule GenTopLevelBlocksForAutoSoc (Rule 132 of total 279) .... done (Time = 0.00s, Memory = 0.0K)
    Checking Rule STARC05-2.1.5.3 (Rule 133 of total 279) .... done (Time = 0.00s, Memory = 0.0K)
    Checking Rule STARC05-2.2.3.3 (Rule 134 of total 279) .... done (Time = 0.00s, Memory = 0.0K)
    Checking Rule STARC05-2.3.1.6 (Rule 135 of total 279) .... done (Time = 0.00s, Memory = 0.0K)
    Checking Rule STARC05-2.10.2.3 (Rule 136 of total 279) .... done (Time = 0.00s, Memory = 0.0K)
    Checking Rule STARC05-2.10.3.2a (Rule 137 of total 279) .... done (Time = 0.00s, Memory = -0.6K)
    Checking Rule STARC05-2.11.3.1 (Rule 138 of total 279) .... done (Time = 0.00s, Memory = -0.2K)
    Checking Rule STARC05-2.1.3.1 (Rule 139 of total 279) .... done (Time = 0.00s, Memory = 0.0K)
    Checking Rule STARC05-2.10.1.4b (Rule 140 of total 279) .... done (Time = 0.00s, Memory = -0.1K)
    Checking Rule W110 (Rule 141 of total 279) .... done (Time = 0.00s, Memory = -2.8K)
    Checking Rule W122 (Rule 142 of total 279) .... done (Time = 0.00s, Memory = 0.0K)
    Checking Rule W496a (Rule 143 of total 279) .... done (Time = 0.00s, Memory = -0.2K)
    Checking Rule W19 (Rule 144 of total 279) .... done (Time = 0.00s, Memory = -0.6K)
    Checking Rule W66 (Rule 145 of total 279) .... done (Time = 0.00s, Memory = 0.0K)
    Checking Rule W116 (Rule 146 of total 279) .... done (Time = 0.00s, Memory = 3.1K)
    Checking Rule W123 (Rule 147 of total 279) .... done (Time = 0.00s, Memory = 16.2K)
    Checking Rule W156 (Rule 148 of total 279) .... done (Time = 0.00s, Memory = 0.0K)
    Checking Rule W215 (Rule 149 of total 279) .... done (Time = 0.00s, Memory = -1.0K)
    Checking Rule W216 (Rule 150 of total 279) .... done (Time = 0.00s, Memory = -0.3K)
    Checking Rule W218 (Rule 151 of total 279) .... done (Time = 0.00s, Memory = 0.0K)
    Checking Rule W224 (Rule 152 of total 279) .... done (Time = 0.00s, Memory = 33.1K)
    Checking Rule W263 (Rule 153 of total 279) .... done (Time = 0.00s, Memory = 4.7K)
    Checking Rule W289 (Rule 154 of total 279) .... done (Time = 0.00s, Memory = -24.1K)
    Checking Rule W337 (Rule 155 of total 279) .... done (Time = 0.00s, Memory = 0.0K)
    Checking Rule W352 (Rule 156 of total 279) .... done (Time = 0.00s, Memory = 0.0K)
    Checking Rule W362 (Rule 157 of total 279) .... done (Time = 0.00s, Memory = -1.5K)
    Checking Rule W415a (Rule 158 of total 279) .... done (Time = 0.00s, Memory = -0.5K)
    Checking Rule W486 (Rule 159 of total 279) .... done (Time = 0.00s, Memory = -33.2K)
    Checking Rule W499 (Rule 160 of total 279) .... done (Time = 0.00s, Memory = 0.0K)
    Checking Rule W502 (Rule 161 of total 279) .... done (Time = 0.00s, Memory = 0.0K)
    Checking Rule W116 (Rule 162 of total 279) .... done (Time = 0.00s, Memory = 0.0K)
    Checking Rule W122 (Rule 163 of total 279) .... done (Time = 0.00s, Memory = 0.6K)
    Checking Rule W123 (Rule 164 of total 279) .... done (Time = 0.00s, Memory = 0.9K)
    Checking Rule W71 (Rule 165 of total 279) .... done (Time = 0.00s, Memory = 0.0K)
    Checking Rule W240 (Rule 166 of total 279) .... done (Time = 0.00s, Memory = 24.0K)
    Checking Rule W240 (Rule 167 of total 279) .... done (Time = 0.00s, Memory = 0.0K)
    Checking Rule W287a (Rule 168 of total 279) .... done (Time = 0.00s, Memory = 0.0K)
    Checking Rule W293 (Rule 169 of total 279) .... done (Time = 0.00s, Memory = -24.0K)
    Checking Rule W398 (Rule 170 of total 279) .... done (Time = 0.00s, Memory = 0.0K)
    Checking Rule W424 (Rule 171 of total 279) .... done (Time = 0.00s, Memory = -32.0K)
    Checking Rule W467 (Rule 172 of total 279) .... done (Time = 0.00s, Memory = 0.0K)
    Checking Rule W505 (Rule 173 of total 279) .... done (Time = 0.00s, Memory = 0.0K)
    Checking Rule W505 (Rule 174 of total 279) .... done (Time = 0.00s, Memory = 0.0K)
    Checking Rule W528 (Rule 175 of total 279) .... done (Time = 0.00s, Memory = 0.8K)
    Checking Rule W528 (Rule 176 of total 279) .... done (Time = 0.00s, Memory = 645.8K)
    Checking Rule Prereqs_Usage (Rule 177 of total 279) .... done (Time = 0.00s, Memory = -15.1K)
    Checking Rule Postreqs_CheckFuncTask (Rule 178 of total 279) .... done (Time = 0.00s, Memory = 0.0K)
    Checking Rule Prereqs_ConstantInput-ML (Rule 179 of total 279) .... done (Time = 0.00s, Memory = 0.0K)
    Checking Rule Prereqs_ConstantInput-ML (Rule 180 of total 279) .... done (Time = 0.00s, Memory = 0.0K)
    Checking Rule ReportPortInfo-ML (Rule 181 of total 279) .... done (Time = 0.00s, Memory = 0.0K)
    Checking Rule NoAssignX-ML (Rule 182 of total 279) .... done (Time = 0.00s, Memory = -8.0K)
    Checking Rule ParamWidthMismatch-ML (Rule 183 of total 279) .... done (Time = 0.00s, Memory = -8.0K)
    Checking Rule Postreqs_Usage_ML (Rule 184 of total 279) .... done (Time = 0.00s, Memory = 0.0K)
    Checking Rule NoXInCase-ML (Rule 185 of total 279) .... done (Time = 0.00s, Memory = 0.0K)
Checking ELABDU Rules for designUnit UART_TX
    Checking Rule syncRstReq (Rule 127 of total 279) .... done (Time = 0.00s, Memory = 0.0K)
    Checking Rule syncRstReq (Rule 128 of total 279) .... done (Time = 0.00s, Memory = 0.0K)
    Checking Rule AcOvlRtl (Rule 129 of total 279) .... done (Time = 0.00s, Memory = 0.0K)
    Checking Rule AcOvlRtl (Rule 130 of total 279) .... done (Time = 0.00s, Memory = 0.0K)
    Checking Rule Prereqs_STARC-2.3.6.1 (Rule 131 of total 279) .... done (Time = 0.00s, Memory = 0.0K)
    Checking Rule GenTopLevelBlocksForAutoSoc (Rule 132 of total 279) .... done (Time = 0.00s, Memory = 0.0K)
    Checking Rule STARC05-2.1.5.3 (Rule 133 of total 279) .... done (Time = 0.00s, Memory = 4.0K)
    Checking Rule STARC05-2.2.3.3 (Rule 134 of total 279) .... done (Time = 0.00s, Memory = -8.0K)
    Checking Rule STARC05-2.3.1.6 (Rule 135 of total 279) .... done (Time = 0.00s, Memory = -32.0K)
    Checking Rule STARC05-2.10.2.3 (Rule 136 of total 279) .... done (Time = 0.00s, Memory = -0.2K)
    Checking Rule STARC05-2.10.3.2a (Rule 137 of total 279) .... done (Time = 0.00s, Memory = 0.0K)
    Checking Rule STARC05-2.11.3.1 (Rule 138 of total 279) .... done (Time = 0.00s, Memory = -0.8K)
    Checking Rule STARC05-2.1.3.1 (Rule 139 of total 279) .... done (Time = 0.00s, Memory = -1.3K)
    Checking Rule STARC05-2.10.1.4b (Rule 140 of total 279) .... done (Time = 0.00s, Memory = 24.0K)
    Checking Rule W110 (Rule 141 of total 279) .... done (Time = 0.00s, Memory = 0.0K)
    Checking Rule W122 (Rule 142 of total 279) .... done (Time = 0.00s, Memory = 0.0K)
    Checking Rule W496a (Rule 143 of total 279) .... done (Time = 0.00s, Memory = 0.0K)
    Checking Rule W19 (Rule 144 of total 279) .... done (Time = 0.00s, Memory = 0.0K)
    Checking Rule W66 (Rule 145 of total 279) .... done (Time = 0.00s, Memory = 0.0K)
    Checking Rule W116 (Rule 146 of total 279) .... done (Time = 0.00s, Memory = 0.0K)
    Checking Rule W123 (Rule 147 of total 279) .... done (Time = 0.00s, Memory = 16.0K)
    Checking Rule W156 (Rule 148 of total 279) .... done (Time = 0.00s, Memory = 0.0K)
    Checking Rule W215 (Rule 149 of total 279) .... done (Time = 0.00s, Memory = -6.0K)
    Checking Rule W216 (Rule 150 of total 279) .... done (Time = 0.00s, Memory = 0.0K)
    Checking Rule W218 (Rule 151 of total 279) .... done (Time = 0.00s, Memory = 0.0K)
    Checking Rule W224 (Rule 152 of total 279) .... done (Time = 0.00s, Memory = 32.0K)
    Checking Rule W263 (Rule 153 of total 279) .... done (Time = 0.00s, Memory = 0.0K)
    Checking Rule W289 (Rule 154 of total 279) .... done (Time = 0.00s, Memory = -28.0K)
    Checking Rule W337 (Rule 155 of total 279) .... done (Time = 0.00s, Memory = -6.0K)
    Checking Rule W352 (Rule 156 of total 279) .... done (Time = 0.00s, Memory = 0.0K)
    Checking Rule W362 (Rule 157 of total 279) .... done (Time = 0.00s, Memory = 0.0K)
    Checking Rule W415a (Rule 158 of total 279) .... done (Time = 0.00s, Memory = 0.0K)
    Checking Rule W486 (Rule 159 of total 279) .... done (Time = 0.00s, Memory = 0.0K)
    Checking Rule W499 (Rule 160 of total 279) .... done (Time = 0.00s, Memory = 0.0K)
    Checking Rule W502 (Rule 161 of total 279) .... done (Time = 0.00s, Memory = 2.9K)
    Checking Rule W116 (Rule 162 of total 279) .... done (Time = 0.00s, Memory = 0.0K)
    Checking Rule W122 (Rule 163 of total 279) .... done (Time = 0.00s, Memory = 0.6K)
    Checking Rule W123 (Rule 164 of total 279) .... done (Time = 0.00s, Memory = 0.9K)
    Checking Rule W71 (Rule 165 of total 279) .... done (Time = 0.00s, Memory = 0.0K)
    Checking Rule W240 (Rule 166 of total 279) .... done (Time = 0.00s, Memory = 0.0K)
    Checking Rule W240 (Rule 167 of total 279) .... done (Time = 0.00s, Memory = 0.0K)
    Checking Rule W287a (Rule 168 of total 279) .... done (Time = 0.00s, Memory = 0.1K)
    Checking Rule W293 (Rule 169 of total 279) .... done (Time = 0.00s, Memory = 4.0K)
    Checking Rule W398 (Rule 170 of total 279) .... done (Time = 0.00s, Memory = 0.0K)
    Checking Rule W424 (Rule 171 of total 279) .... done (Time = 0.00s, Memory = 0.0K)
    Checking Rule W467 (Rule 172 of total 279) .... done (Time = 0.00s, Memory = -24.9K)
    Checking Rule W505 (Rule 173 of total 279) .... done (Time = 0.00s, Memory = 27.6K)
    Checking Rule W505 (Rule 174 of total 279) .... done (Time = 0.00s, Memory = 0.0K)
    Checking Rule W528 (Rule 175 of total 279) .... done (Time = 0.00s, Memory = -0.4K)
    Checking Rule W528 (Rule 176 of total 279) .... done (Time = 0.00s, Memory = 645.8K)
    Checking Rule Prereqs_Usage (Rule 177 of total 279) .... done (Time = 0.00s, Memory = -16.3K)
    Checking Rule Postreqs_CheckFuncTask (Rule 178 of total 279) .... done (Time = 0.00s, Memory = 0.0K)
    Checking Rule Prereqs_ConstantInput-ML (Rule 179 of total 279) .... done (Time = 0.00s, Memory = 0.0K)
    Checking Rule Prereqs_ConstantInput-ML (Rule 180 of total 279) .... done (Time = 0.00s, Memory = 0.0K)
    Checking Rule ReportPortInfo-ML (Rule 181 of total 279) .... done (Time = 0.00s, Memory = 32.0K)
    Checking Rule NoAssignX-ML (Rule 182 of total 279) .... done (Time = 0.00s, Memory = 0.0K)
    Checking Rule ParamWidthMismatch-ML (Rule 183 of total 279) .... done (Time = 0.00s, Memory = 0.0K)
    Checking Rule Postreqs_Usage_ML (Rule 184 of total 279) .... done (Time = 0.00s, Memory = 0.0K)
    Checking Rule NoXInCase-ML (Rule 185 of total 279) .... done (Time = 0.00s, Memory = 0.0K)
Checking ELABDU Rules for designUnit MUX
    Checking Rule syncRstReq (Rule 127 of total 279) .... done (Time = 0.00s, Memory = 0.0K)
    Checking Rule syncRstReq (Rule 128 of total 279) .... done (Time = 0.00s, Memory = 0.0K)
    Checking Rule AcOvlRtl (Rule 129 of total 279) .... done (Time = 0.00s, Memory = 24.0K)
    Checking Rule AcOvlRtl (Rule 130 of total 279) .... done (Time = 0.00s, Memory = 0.0K)
    Checking Rule Prereqs_STARC-2.3.6.1 (Rule 131 of total 279) .... done (Time = 0.00s, Memory = -8.0K)
    Checking Rule GenTopLevelBlocksForAutoSoc (Rule 132 of total 279) .... done (Time = 0.00s, Memory = 0.0K)
    Checking Rule STARC05-2.1.5.3 (Rule 133 of total 279) .... done (Time = 0.00s, Memory = -33.0K)
    Checking Rule STARC05-2.2.3.3 (Rule 134 of total 279) .... done (Time = 0.00s, Memory = 0.0K)
    Checking Rule STARC05-2.3.1.6 (Rule 135 of total 279) .... done (Time = 0.00s, Memory = -0.8K)
    Checking Rule STARC05-2.10.2.3 (Rule 136 of total 279) .... done (Time = 0.00s, Memory = 0.0K)
    Checking Rule STARC05-2.10.3.2a (Rule 137 of total 279) .... done (Time = 0.00s, Memory = 0.0K)
    Checking Rule STARC05-2.11.3.1 (Rule 138 of total 279) .... done (Time = 0.00s, Memory = 3.0K)
    Checking Rule STARC05-2.1.3.1 (Rule 139 of total 279) .... done (Time = 0.00s, Memory = 0.0K)
    Checking Rule STARC05-2.10.1.4b (Rule 140 of total 279) .... done (Time = 0.00s, Memory = 0.0K)
    Checking Rule W110 (Rule 141 of total 279) .... done (Time = 0.00s, Memory = -0.9K)
    Checking Rule W122 (Rule 142 of total 279) .... done (Time = 0.00s, Memory = -0.2K)
    Checking Rule W496a (Rule 143 of total 279) .... done (Time = 0.00s, Memory = -10.5K)
    Checking Rule W19 (Rule 144 of total 279) .... done (Time = 0.00s, Memory = 4.0K)
    Checking Rule W66 (Rule 145 of total 279) .... done (Time = 0.00s, Memory = 8.0K)
    Checking Rule W116 (Rule 146 of total 279) .... done (Time = 0.00s, Memory = 0.0K)
    Checking Rule W123 (Rule 147 of total 279) .... done (Time = 0.00s, Memory = -8.0K)
    Checking Rule W156 (Rule 148 of total 279) .... done (Time = 0.00s, Memory = 1.9K)
    Checking Rule W215 (Rule 149 of total 279) .... done (Time = 0.00s, Memory = 0.0K)
    Checking Rule W216 (Rule 150 of total 279) .... done (Time = 0.00s, Memory = 0.0K)
    Checking Rule W218 (Rule 151 of total 279) .... done (Time = 0.00s, Memory = 0.0K)
    Checking Rule W224 (Rule 152 of total 279) .... done (Time = 0.00s, Memory = -32.0K)
    Checking Rule W263 (Rule 153 of total 279) .... done (Time = 0.00s, Memory = -8.0K)
    Checking Rule W289 (Rule 154 of total 279) .... done (Time = 0.00s, Memory = 0.0K)
    Checking Rule W337 (Rule 155 of total 279) .... done (Time = 0.00s, Memory = 0.0K)
    Checking Rule W352 (Rule 156 of total 279) .... done (Time = 0.00s, Memory = 0.0K)
    Checking Rule W362 (Rule 157 of total 279) .... done (Time = 0.00s, Memory = 0.0K)
    Checking Rule W415a (Rule 158 of total 279) .... done (Time = 0.00s, Memory = 0.5K)
    Checking Rule W486 (Rule 159 of total 279) .... done (Time = 0.00s, Memory = 0.0K)
    Checking Rule W499 (Rule 160 of total 279) .... done (Time = 0.00s, Memory = 0.0K)
    Checking Rule W502 (Rule 161 of total 279) .... done (Time = 0.00s, Memory = 0.2K)
    Checking Rule W116 (Rule 162 of total 279) .... done (Time = 0.00s, Memory = 0.0K)
    Checking Rule W122 (Rule 163 of total 279) .... done (Time = 0.00s, Memory = 0.6K)
    Checking Rule W123 (Rule 164 of total 279) .... done (Time = 0.00s, Memory = 0.9K)
    Checking Rule W71 (Rule 165 of total 279) .... done (Time = 0.00s, Memory = 3.1K)
    Checking Rule W240 (Rule 166 of total 279) .... done (Time = 0.00s, Memory = 0.0K)
    Checking Rule W240 (Rule 167 of total 279) .... done (Time = 0.00s, Memory = 0.0K)
    Checking Rule W287a (Rule 168 of total 279) .... done (Time = 0.00s, Memory = 0.0K)
    Checking Rule W293 (Rule 169 of total 279) .... done (Time = 0.00s, Memory = 0.0K)
    Checking Rule W398 (Rule 170 of total 279) .... done (Time = 0.00s, Memory = 0.0K)
    Checking Rule W424 (Rule 171 of total 279) .... done (Time = 0.00s, Memory = 4.0K)
    Checking Rule W467 (Rule 172 of total 279) .... done (Time = 0.00s, Memory = 1.6K)
    Checking Rule W505 (Rule 173 of total 279) .... done (Time = 0.00s, Memory = 4.7K)
    Checking Rule W505 (Rule 174 of total 279) .... done (Time = 0.00s, Memory = 0.0K)
    Checking Rule W528 (Rule 175 of total 279) .... done (Time = 0.00s, Memory = 0.0K)
    Checking Rule W528 (Rule 176 of total 279) .... done (Time = 0.00s, Memory = 645.8K)
    Checking Rule Prereqs_Usage (Rule 177 of total 279) .... done (Time = 0.00s, Memory = -12.0K)
    Checking Rule Postreqs_CheckFuncTask (Rule 178 of total 279) .... done (Time = 0.00s, Memory = 0.0K)
    Checking Rule Prereqs_ConstantInput-ML (Rule 179 of total 279) .... done (Time = 0.00s, Memory = 32.0K)
    Checking Rule Prereqs_ConstantInput-ML (Rule 180 of total 279) .... done (Time = 0.00s, Memory = 0.0K)
    Checking Rule ReportPortInfo-ML (Rule 181 of total 279) .... done (Time = 0.00s, Memory = 0.0K)
    Checking Rule NoAssignX-ML (Rule 182 of total 279) .... done (Time = 0.00s, Memory = -2.9K)
    Checking Rule ParamWidthMismatch-ML (Rule 183 of total 279) .... done (Time = 0.00s, Memory = -16.0K)
    Checking Rule Postreqs_Usage_ML (Rule 184 of total 279) .... done (Time = 0.00s, Memory = 0.0K)
    Checking Rule NoXInCase-ML (Rule 185 of total 279) .... done (Time = 0.00s, Memory = 0.0K)
Checking ELABDU Rules for designUnit Parity_Calc
    Checking Rule syncRstReq (Rule 127 of total 279) .... done (Time = 0.00s, Memory = 0.0K)
    Checking Rule syncRstReq (Rule 128 of total 279) .... done (Time = 0.00s, Memory = 0.0K)
    Checking Rule AcOvlRtl (Rule 129 of total 279) .... done (Time = 0.00s, Memory = 0.0K)
    Checking Rule AcOvlRtl (Rule 130 of total 279) .... done (Time = 0.00s, Memory = 0.0K)
    Checking Rule Prereqs_STARC-2.3.6.1 (Rule 131 of total 279) .... done (Time = 0.00s, Memory = 0.0K)
    Checking Rule GenTopLevelBlocksForAutoSoc (Rule 132 of total 279) .... done (Time = 0.00s, Memory = 0.0K)
    Checking Rule STARC05-2.1.5.3 (Rule 133 of total 279) .... done (Time = 0.00s, Memory = 0.0K)
    Checking Rule STARC05-2.2.3.3 (Rule 134 of total 279) .... done (Time = 0.00s, Memory = 0.0K)
    Checking Rule STARC05-2.3.1.6 (Rule 135 of total 279) .... done (Time = 0.00s, Memory = 0.0K)
    Checking Rule STARC05-2.10.2.3 (Rule 136 of total 279) .... done (Time = 0.00s, Memory = -0.8K)
    Checking Rule STARC05-2.10.3.2a (Rule 137 of total 279) .... done (Time = 0.00s, Memory = -9.3K)
    Checking Rule STARC05-2.11.3.1 (Rule 138 of total 279) .... done (Time = 0.00s, Memory = -1.5K)
    Checking Rule STARC05-2.1.3.1 (Rule 139 of total 279) .... done (Time = 0.00s, Memory = 6.0K)
    Checking Rule STARC05-2.10.1.4b (Rule 140 of total 279) .... done (Time = 0.00s, Memory = 0.0K)
    Checking Rule W110 (Rule 141 of total 279) .... done (Time = 0.00s, Memory = 0.0K)
    Checking Rule W122 (Rule 142 of total 279) .... done (Time = 0.00s, Memory = -0.2K)
    Checking Rule W496a (Rule 143 of total 279) .... done (Time = 0.00s, Memory = 0.0K)
    Checking Rule W19 (Rule 144 of total 279) .... done (Time = 0.00s, Memory = 0.0K)
    Checking Rule W66 (Rule 145 of total 279) .... done (Time = 0.00s, Memory = 0.0K)
    Checking Rule W116 (Rule 146 of total 279) .... done (Time = 0.00s, Memory = -0.2K)
    Checking Rule W123 (Rule 147 of total 279) .... done (Time = 0.00s, Memory = 16.0K)
    Checking Rule W156 (Rule 148 of total 279) .... done (Time = 0.00s, Memory = 0.0K)
    Checking Rule W215 (Rule 149 of total 279) .... done (Time = 0.00s, Memory = 0.0K)
    Checking Rule W216 (Rule 150 of total 279) .... done (Time = 0.00s, Memory = -4.0K)
    Checking Rule W218 (Rule 151 of total 279) .... done (Time = 0.00s, Memory = -32.0K)
    Checking Rule W224 (Rule 152 of total 279) .... done (Time = 0.00s, Memory = 0.0K)
    Checking Rule W263 (Rule 153 of total 279) .... done (Time = 0.00s, Memory = -1.9K)
    Checking Rule W289 (Rule 154 of total 279) .... done (Time = 0.00s, Memory = -33.8K)
    Checking Rule W337 (Rule 155 of total 279) .... done (Time = 0.00s, Memory = 32.0K)
    Checking Rule W352 (Rule 156 of total 279) .... done (Time = 0.00s, Memory = 0.0K)
    Checking Rule W362 (Rule 157 of total 279) .... done (Time = 0.00s, Memory = 0.0K)
    Checking Rule W415a (Rule 158 of total 279) .... done (Time = 0.00s, Memory = 1.0K)
    Checking Rule W486 (Rule 159 of total 279) .... done (Time = 0.00s, Memory = 0.0K)
    Checking Rule W499 (Rule 160 of total 279) .... done (Time = 0.00s, Memory = 0.0K)
    Checking Rule W502 (Rule 161 of total 279) .... done (Time = 0.00s, Memory = 0.0K)
    Checking Rule W116 (Rule 162 of total 279) .... done (Time = 0.00s, Memory = 0.0K)
    Checking Rule W122 (Rule 163 of total 279) .... done (Time = 0.00s, Memory = 0.6K)
    Checking Rule W123 (Rule 164 of total 279) .... done (Time = 0.00s, Memory = 0.9K)
    Checking Rule W71 (Rule 165 of total 279) .... done (Time = 0.00s, Memory = 0.0K)
    Checking Rule W240 (Rule 166 of total 279) .... done (Time = 0.00s, Memory = 0.0K)
    Checking Rule W240 (Rule 167 of total 279) .... done (Time = 0.00s, Memory = 0.0K)
    Checking Rule W287a (Rule 168 of total 279) .... done (Time = 0.00s, Memory = 0.0K)
    Checking Rule W293 (Rule 169 of total 279) .... done (Time = 0.00s, Memory = 4.0K)
    Checking Rule W398 (Rule 170 of total 279) .... done (Time = 0.00s, Memory = 24.0K)
    Checking Rule W424 (Rule 171 of total 279) .... done (Time = 0.00s, Memory = 0.0K)
    Checking Rule W467 (Rule 172 of total 279) .... done (Time = 0.00s, Memory = -0.7K)
    Checking Rule W505 (Rule 173 of total 279) .... done (Time = 0.00s, Memory = 1.5K)
    Checking Rule W505 (Rule 174 of total 279) .... done (Time = 0.00s, Memory = 0.0K)
    Checking Rule W528 (Rule 175 of total 279) .... done (Time = 0.00s, Memory = -2.3K)
    Checking Rule W528 (Rule 176 of total 279) .... done (Time = 0.00s, Memory = 645.8K)
    Checking Rule Prereqs_Usage (Rule 177 of total 279) .... done (Time = 0.00s, Memory = -16.0K)
    Checking Rule Postreqs_CheckFuncTask (Rule 178 of total 279) .... done (Time = 0.00s, Memory = 0.0K)
    Checking Rule Prereqs_ConstantInput-ML (Rule 179 of total 279) .... done (Time = 0.00s, Memory = 0.0K)
    Checking Rule Prereqs_ConstantInput-ML (Rule 180 of total 279) .... done (Time = 0.00s, Memory = 0.0K)
    Checking Rule ReportPortInfo-ML (Rule 181 of total 279) .... done (Time = 0.00s, Memory = 0.0K)
    Checking Rule NoAssignX-ML (Rule 182 of total 279) .... done (Time = 0.00s, Memory = -8.0K)
    Checking Rule ParamWidthMismatch-ML (Rule 183 of total 279) .... done (Time = 0.00s, Memory = 0.0K)
    Checking Rule Postreqs_Usage_ML (Rule 184 of total 279) .... done (Time = 0.00s, Memory = 0.0K)
    Checking Rule NoXInCase-ML (Rule 185 of total 279) .... done (Time = 0.00s, Memory = 0.0K)
Checking ELABDU Rules for designUnit Serializer
    Checking Rule syncRstReq (Rule 127 of total 279) .... done (Time = 0.00s, Memory = 0.0K)
    Checking Rule syncRstReq (Rule 128 of total 279) .... done (Time = 0.00s, Memory = 0.0K)
    Checking Rule AcOvlRtl (Rule 129 of total 279) .... done (Time = 0.00s, Memory = 0.0K)
    Checking Rule AcOvlRtl (Rule 130 of total 279) .... done (Time = 0.00s, Memory = 0.0K)
    Checking Rule Prereqs_STARC-2.3.6.1 (Rule 131 of total 279) .... done (Time = 0.00s, Memory = 0.0K)
    Checking Rule GenTopLevelBlocksForAutoSoc (Rule 132 of total 279) .... done (Time = 0.00s, Memory = -0.8K)
    Checking Rule STARC05-2.1.5.3 (Rule 133 of total 279) .... done (Time = 0.00s, Memory = 32.0K)
    Checking Rule STARC05-2.2.3.3 (Rule 134 of total 279) .... done (Time = 0.00s, Memory = 0.0K)
    Checking Rule STARC05-2.3.1.6 (Rule 135 of total 279) .... done (Time = 0.00s, Memory = 0.0K)
    Checking Rule STARC05-2.10.2.3 (Rule 136 of total 279) .... done (Time = 0.00s, Memory = 0.0K)
    Checking Rule STARC05-2.10.3.2a (Rule 137 of total 279) .... done (Time = 0.00s, Memory = 0.0K)
    Checking Rule STARC05-2.11.3.1 (Rule 138 of total 279) .... done (Time = 0.00s, Memory = -24.8K)
    Checking Rule STARC05-2.1.3.1 (Rule 139 of total 279) .... done (Time = 0.00s, Memory = 6.0K)
    Checking Rule STARC05-2.10.1.4b (Rule 140 of total 279) .... done (Time = 0.00s, Memory = 0.0K)
    Checking Rule W110 (Rule 141 of total 279) .... done (Time = 0.00s, Memory = 0.0K)
    Checking Rule W122 (Rule 142 of total 279) .... done (Time = 0.00s, Memory = 1.4K)
    Checking Rule W496a (Rule 143 of total 279) .... done (Time = 0.00s, Memory = 0.0K)
    Checking Rule W19 (Rule 144 of total 279) .... done (Time = 0.00s, Memory = 0.0K)
    Checking Rule W66 (Rule 145 of total 279) .... done (Time = 0.00s, Memory = 0.1K)
    Checking Rule W116 (Rule 146 of total 279) .... done (Time = 0.00s, Memory = 0.0K)
    Checking Rule W123 (Rule 147 of total 279) .... done (Time = 0.00s, Memory = 16.0K)
    Checking Rule W156 (Rule 148 of total 279) .... done (Time = 0.00s, Memory = -1.0K)
    Checking Rule W215 (Rule 149 of total 279) .... done (Time = 0.00s, Memory = 24.0K)
    Checking Rule W216 (Rule 150 of total 279) .... done (Time = 0.00s, Memory = -4.0K)
    Checking Rule W218 (Rule 151 of total 279) .... done (Time = 0.00s, Memory = 0.0K)
    Checking Rule W224 (Rule 152 of total 279) .... done (Time = 0.00s, Memory = 0.0K)
    Checking Rule W263 (Rule 153 of total 279) .... done (Time = 0.00s, Memory = -8.0K)
    Checking Rule W289 (Rule 154 of total 279) .... done (Time = 0.00s, Memory = 0.0K)
    Checking Rule W337 (Rule 155 of total 279) .... done (Time = 0.00s, Memory = 11.8K)
    Checking Rule W352 (Rule 156 of total 279) .... done (Time = 0.00s, Memory = -32.0K)
    Checking Rule W362 (Rule 157 of total 279) .... done (Time = 0.00s, Memory = 8.2K)
    Checking Rule W415a (Rule 158 of total 279) .... done (Time = 0.00s, Memory = -31.0K)
    Checking Rule W486 (Rule 159 of total 279) .... done (Time = 0.00s, Memory = 0.0K)
    Checking Rule W499 (Rule 160 of total 279) .... done (Time = 0.00s, Memory = -0.7K)
    Checking Rule W502 (Rule 161 of total 279) .... done (Time = 0.00s, Memory = 0.0K)
    Checking Rule W116 (Rule 162 of total 279) .... done (Time = 0.00s, Memory = 0.0K)
    Checking Rule W122 (Rule 163 of total 279) .... done (Time = 0.00s, Memory = 0.6K)
    Checking Rule W123 (Rule 164 of total 279) .... done (Time = 0.00s, Memory = 0.9K)
    Checking Rule W71 (Rule 165 of total 279) .... done (Time = 0.00s, Memory = 0.0K)
    Checking Rule W240 (Rule 166 of total 279) .... done (Time = 0.00s, Memory = 0.0K)
    Checking Rule W240 (Rule 167 of total 279) .... done (Time = 0.00s, Memory = 0.0K)
    Checking Rule W287a (Rule 168 of total 279) .... done (Time = 0.00s, Memory = 0.0K)
    Checking Rule W293 (Rule 169 of total 279) .... done (Time = 0.00s, Memory = 0.0K)
    Checking Rule W398 (Rule 170 of total 279) .... done (Time = 0.00s, Memory = 0.0K)
    Checking Rule W424 (Rule 171 of total 279) .... done (Time = 0.00s, Memory = 0.0K)
    Checking Rule W467 (Rule 172 of total 279) .... done (Time = 0.00s, Memory = 27.9K)
    Checking Rule W505 (Rule 173 of total 279) .... done (Time = 0.00s, Memory = 0.9K)
    Checking Rule W505 (Rule 174 of total 279) .... done (Time = 0.00s, Memory = 0.0K)
    Checking Rule W528 (Rule 175 of total 279) .... done (Time = 0.00s, Memory = -20.9K)
    Checking Rule W528 (Rule 176 of total 279) .... done (Time = 0.00s, Memory = 645.8K)
    Checking Rule Prereqs_Usage (Rule 177 of total 279) .... done (Time = 0.00s, Memory = -16.0K)
    Checking Rule Postreqs_CheckFuncTask (Rule 178 of total 279) .... done (Time = 0.00s, Memory = 0.0K)
    Checking Rule Prereqs_ConstantInput-ML (Rule 179 of total 279) .... done (Time = 0.00s, Memory = 0.0K)
    Checking Rule Prereqs_ConstantInput-ML (Rule 180 of total 279) .... done (Time = 0.00s, Memory = 0.0K)
    Checking Rule ReportPortInfo-ML (Rule 181 of total 279) .... done (Time = 0.00s, Memory = 0.0K)
    Checking Rule NoAssignX-ML (Rule 182 of total 279) .... done (Time = 0.00s, Memory = 1.6K)
    Checking Rule ParamWidthMismatch-ML (Rule 183 of total 279) .... done (Time = 0.00s, Memory = 4.7K)
    Checking Rule Postreqs_Usage_ML (Rule 184 of total 279) .... done (Time = 0.00s, Memory = -8.0K)
    Checking Rule NoXInCase-ML (Rule 185 of total 279) .... done (Time = 0.00s, Memory = 0.0K)
Checking ELABDU Rules for designUnit FSM_TX
    Checking Rule syncRstReq (Rule 127 of total 279) .... done (Time = 0.00s, Memory = 0.0K)
    Checking Rule syncRstReq (Rule 128 of total 279) .... done (Time = 0.00s, Memory = 0.0K)
    Checking Rule AcOvlRtl (Rule 129 of total 279) .... done (Time = 0.00s, Memory = 0.0K)
    Checking Rule AcOvlRtl (Rule 130 of total 279) .... done (Time = 0.00s, Memory = 0.0K)
    Checking Rule Prereqs_STARC-2.3.6.1 (Rule 131 of total 279) .... done (Time = 0.00s, Memory = 8.0K)
    Checking Rule GenTopLevelBlocksForAutoSoc (Rule 132 of total 279) .... done (Time = 0.00s, Memory = 0.0K)
    Checking Rule STARC05-2.1.5.3 (Rule 133 of total 279) .... done (Time = 0.00s, Memory = 1.8K)
    Checking Rule STARC05-2.2.3.3 (Rule 134 of total 279) .... done (Time = 0.00s, Memory = -0.8K)
    Checking Rule STARC05-2.3.1.6 (Rule 135 of total 279) .... done (Time = 0.00s, Memory = 0.0K)
    Checking Rule STARC05-2.10.2.3 (Rule 136 of total 279) .... done (Time = 0.00s, Memory = 0.0K)
    Checking Rule STARC05-2.10.3.2a (Rule 137 of total 279) .... done (Time = 0.00s, Memory = 0.0K)
    Checking Rule STARC05-2.11.3.1 (Rule 138 of total 279) .... done (Time = 0.00s, Memory = 0.0K)
    Checking Rule STARC05-2.1.3.1 (Rule 139 of total 279) .... done (Time = 0.00s, Memory = 0.0K)
    Checking Rule STARC05-2.10.1.4b (Rule 140 of total 279) .... done (Time = 0.00s, Memory = 0.0K)
    Checking Rule W110 (Rule 141 of total 279) .... done (Time = 0.00s, Memory = 0.0K)
    Checking Rule W122 (Rule 142 of total 279) .... done (Time = 0.00s, Memory = 24.0K)
    Checking Rule W496a (Rule 143 of total 279) .... done (Time = 0.00s, Memory = 0.0K)
    Checking Rule W19 (Rule 144 of total 279) .... done (Time = 0.00s, Memory = 0.0K)
    Checking Rule W66 (Rule 145 of total 279) .... done (Time = 0.00s, Memory = 3.0K)
    Checking Rule W116 (Rule 146 of total 279) .... done (Time = 0.00s, Memory = 0.0K)
    Checking Rule W123 (Rule 147 of total 279) .... done (Time = 0.00s, Memory = 16.1K)
    Checking Rule W156 (Rule 148 of total 279) .... done (Time = 0.00s, Memory = 0.0K)
    Checking Rule W215 (Rule 149 of total 279) .... done (Time = 0.00s, Memory = 0.0K)
    Checking Rule W216 (Rule 150 of total 279) .... done (Time = 0.00s, Memory = 0.0K)
    Checking Rule W218 (Rule 151 of total 279) .... done (Time = 0.00s, Memory = 0.0K)
    Checking Rule W224 (Rule 152 of total 279) .... done (Time = 0.00s, Memory = 0.0K)
    Checking Rule W263 (Rule 153 of total 279) .... done (Time = 0.00s, Memory = 32.0K)
    Checking Rule W289 (Rule 154 of total 279) .... done (Time = 0.00s, Memory = -8.0K)
    Checking Rule W337 (Rule 155 of total 279) .... done (Time = 0.00s, Memory = 0.0K)
    Checking Rule W352 (Rule 156 of total 279) .... done (Time = 0.00s, Memory = -24.0K)
    Checking Rule W362 (Rule 157 of total 279) .... done (Time = 0.00s, Memory = 512.1K)
    Checking Rule W415a (Rule 158 of total 279) .... done (Time = 0.00s, Memory = -3.4K)
    Checking Rule W486 (Rule 159 of total 279) .... done (Time = 0.00s, Memory = 0.0K)
    Checking Rule W499 (Rule 160 of total 279) .... done (Time = 0.00s, Memory = 0.8K)
    Checking Rule W502 (Rule 161 of total 279) .... done (Time = 0.00s, Memory = -0.5K)
    Checking Rule W116 (Rule 162 of total 279) .... done (Time = 0.00s, Memory = 0.0K)
    Checking Rule W122 (Rule 163 of total 279) .... done (Time = 0.00s, Memory = 0.6K)
    Checking Rule W123 (Rule 164 of total 279) .... done (Time = 0.00s, Memory = 0.9K)
    Checking Rule W71 (Rule 165 of total 279) .... done (Time = 0.00s, Memory = -0.3K)
    Checking Rule W240 (Rule 166 of total 279) .... done (Time = 0.00s, Memory = 0.0K)
    Checking Rule W240 (Rule 167 of total 279) .... done (Time = 0.00s, Memory = 0.0K)
    Checking Rule W287a (Rule 168 of total 279) .... done (Time = 0.00s, Memory = 0.0K)
    Checking Rule W293 (Rule 169 of total 279) .... done (Time = 0.00s, Memory = 0.0K)
    Checking Rule W398 (Rule 170 of total 279) .... done (Time = 0.00s, Memory = 0.2K)
    Checking Rule W424 (Rule 171 of total 279) .... done (Time = 0.00s, Memory = 0.0K)
    Checking Rule W467 (Rule 172 of total 279) .... done (Time = 0.00s, Memory = 0.0K)
    Checking Rule W505 (Rule 173 of total 279) .... done (Time = 0.00s, Memory = 4.9K)
    Checking Rule W505 (Rule 174 of total 279) .... done (Time = 0.00s, Memory = 0.0K)
    Checking Rule W528 (Rule 175 of total 279) .... done (Time = 0.00s, Memory = 0.0K)
    Checking Rule W528 (Rule 176 of total 279) .... done (Time = 0.00s, Memory = 645.8K)
    Checking Rule Prereqs_Usage (Rule 177 of total 279) .... done (Time = 0.00s, Memory = -16.0K)
    Checking Rule Postreqs_CheckFuncTask (Rule 178 of total 279) .... done (Time = 0.00s, Memory = 0.0K)
    Checking Rule Prereqs_ConstantInput-ML (Rule 179 of total 279) .... done (Time = 0.00s, Memory = 0.0K)
    Checking Rule Prereqs_ConstantInput-ML (Rule 180 of total 279) .... done (Time = 0.00s, Memory = 0.0K)
    Checking Rule ReportPortInfo-ML (Rule 181 of total 279) .... done (Time = 0.00s, Memory = -24.0K)
    Checking Rule NoAssignX-ML (Rule 182 of total 279) .... done (Time = 0.00s, Memory = 32.0K)
    Checking Rule ParamWidthMismatch-ML (Rule 183 of total 279) .... done (Time = 0.00s, Memory = 0.0K)
    Checking Rule Postreqs_Usage_ML (Rule 184 of total 279) .... done (Time = 0.00s, Memory = -0.6K)
    Checking Rule NoXInCase-ML (Rule 185 of total 279) .... done (Time = 0.00s, Memory = 0.0K)
Checking ELABDU Rules for designUnit UART_RX
    Checking Rule syncRstReq (Rule 127 of total 279) .... done (Time = 0.00s, Memory = 0.0K)
    Checking Rule syncRstReq (Rule 128 of total 279) .... done (Time = 0.00s, Memory = 0.0K)
    Checking Rule AcOvlRtl (Rule 129 of total 279) .... done (Time = 0.00s, Memory = -5.2K)
    Checking Rule AcOvlRtl (Rule 130 of total 279) .... done (Time = 0.00s, Memory = 0.0K)
    Checking Rule Prereqs_STARC-2.3.6.1 (Rule 131 of total 279) .... done (Time = 0.00s, Memory = 0.0K)
    Checking Rule GenTopLevelBlocksForAutoSoc (Rule 132 of total 279) .... done (Time = 0.00s, Memory = 0.0K)
    Checking Rule STARC05-2.1.5.3 (Rule 133 of total 279) .... done (Time = 0.00s, Memory = 0.0K)
    Checking Rule STARC05-2.2.3.3 (Rule 134 of total 279) .... done (Time = 0.00s, Memory = 0.0K)
    Checking Rule STARC05-2.3.1.6 (Rule 135 of total 279) .... done (Time = 0.00s, Memory = -8.0K)
    Checking Rule STARC05-2.10.2.3 (Rule 136 of total 279) .... done (Time = 0.00s, Memory = 0.0K)
    Checking Rule STARC05-2.10.3.2a (Rule 137 of total 279) .... done (Time = 0.00s, Memory = 0.0K)
    Checking Rule STARC05-2.11.3.1 (Rule 138 of total 279) .... done (Time = 0.00s, Memory = 0.0K)
    Checking Rule STARC05-2.1.3.1 (Rule 139 of total 279) .... done (Time = 0.00s, Memory = -6.0K)
    Checking Rule STARC05-2.10.1.4b (Rule 140 of total 279) .... done (Time = 0.00s, Memory = -3.0K)
    Checking Rule W110 (Rule 141 of total 279) .... done (Time = 0.00s, Memory = -4.0K)
    Checking Rule W122 (Rule 142 of total 279) .... done (Time = 0.00s, Memory = -0.4K)
    Checking Rule W496a (Rule 143 of total 279) .... done (Time = 0.00s, Memory = -6.0K)
    Checking Rule W19 (Rule 144 of total 279) .... done (Time = 0.00s, Memory = 0.0K)
    Checking Rule W66 (Rule 145 of total 279) .... done (Time = 0.00s, Memory = 0.0K)
    Checking Rule W116 (Rule 146 of total 279) .... done (Time = 0.00s, Memory = 0.0K)
    Checking Rule W123 (Rule 147 of total 279) .... done (Time = 0.01s, Memory = 16.7K)
    Checking Rule W156 (Rule 148 of total 279) .... done (Time = 0.00s, Memory = -1.0K)
    Checking Rule W215 (Rule 149 of total 279) .... done (Time = 0.00s, Memory = 0.0K)
    Checking Rule W216 (Rule 150 of total 279) .... done (Time = 0.00s, Memory = -0.3K)
    Checking Rule W218 (Rule 151 of total 279) .... done (Time = 0.00s, Memory = -0.6K)
    Checking Rule W224 (Rule 152 of total 279) .... done (Time = 0.00s, Memory = 0.0K)
    Checking Rule W263 (Rule 153 of total 279) .... done (Time = 0.00s, Memory = 11.8K)
    Checking Rule W289 (Rule 154 of total 279) .... done (Time = 0.00s, Memory = -3.8K)
    Checking Rule W337 (Rule 155 of total 279) .... done (Time = 0.00s, Memory = 0.0K)
    Checking Rule W352 (Rule 156 of total 279) .... done (Time = 0.00s, Memory = 0.0K)
    Checking Rule W362 (Rule 157 of total 279) .... done (Time = 0.00s, Memory = 0.4K)
    Checking Rule W415a (Rule 158 of total 279) .... done (Time = 0.00s, Memory = 0.0K)
    Checking Rule W486 (Rule 159 of total 279) .... done (Time = 0.00s, Memory = 0.0K)
    Checking Rule W499 (Rule 160 of total 279) .... done (Time = 0.00s, Memory = 1.3K)
    Checking Rule W502 (Rule 161 of total 279) .... done (Time = 0.00s, Memory = 0.0K)
    Checking Rule W116 (Rule 162 of total 279) .... done (Time = 0.00s, Memory = 0.0K)
    Checking Rule W122 (Rule 163 of total 279) .... done (Time = 0.00s, Memory = 0.6K)
    Checking Rule W123 (Rule 164 of total 279) .... done (Time = 0.00s, Memory = 0.9K)
    Checking Rule W71 (Rule 165 of total 279) .... done (Time = 0.00s, Memory = 0.0K)
    Checking Rule W240 (Rule 166 of total 279) .... done (Time = 0.00s, Memory = 0.0K)
    Checking Rule W240 (Rule 167 of total 279) .... done (Time = 0.00s, Memory = 0.0K)
    Checking Rule W287a (Rule 168 of total 279) .... done (Time = 0.00s, Memory = -1.5K)
    Checking Rule W293 (Rule 169 of total 279) .... done (Time = 0.00s, Memory = 28.0K)
    Checking Rule W398 (Rule 170 of total 279) .... done (Time = 0.00s, Memory = -0.4K)
    Checking Rule W424 (Rule 171 of total 279) .... done (Time = 0.00s, Memory = 0.0K)
    Checking Rule W467 (Rule 172 of total 279) .... done (Time = 0.00s, Memory = -22.5K)
    Checking Rule W505 (Rule 173 of total 279) .... done (Time = 0.00s, Memory = 0.0K)
    Checking Rule W505 (Rule 174 of total 279) .... done (Time = 0.00s, Memory = 0.0K)
    Checking Rule W528 (Rule 175 of total 279) .... done (Time = 0.00s, Memory = 0.0K)
    Checking Rule W528 (Rule 176 of total 279) .... done (Time = 0.00s, Memory = 645.8K)
    Checking Rule Prereqs_Usage (Rule 177 of total 279) .... done (Time = 0.00s, Memory = -12.9K)
    Checking Rule Postreqs_CheckFuncTask (Rule 178 of total 279) .... done (Time = 0.00s, Memory = 0.0K)
    Checking Rule Prereqs_ConstantInput-ML (Rule 179 of total 279) .... done (Time = 0.00s, Memory = -0.9K)
    Checking Rule Prereqs_ConstantInput-ML (Rule 180 of total 279) .... done (Time = 0.00s, Memory = 0.0K)
    Checking Rule ReportPortInfo-ML (Rule 181 of total 279) .... done (Time = 0.00s, Memory = -32.0K)
    Checking Rule NoAssignX-ML (Rule 182 of total 279) .... done (Time = 0.00s, Memory = 0.0K)
    Checking Rule ParamWidthMismatch-ML (Rule 183 of total 279) .... done (Time = 0.00s, Memory = 0.0K)
    Checking Rule Postreqs_Usage_ML (Rule 184 of total 279) .... done (Time = 0.00s, Memory = 0.0K)
    Checking Rule NoXInCase-ML (Rule 185 of total 279) .... done (Time = 0.00s, Memory = 0.0K)
Checking ELABDU Rules for designUnit parity_checker
    Checking Rule syncRstReq (Rule 127 of total 279) .... done (Time = 0.00s, Memory = 1.6K)
    Checking Rule syncRstReq (Rule 128 of total 279) .... done (Time = 0.00s, Memory = 0.0K)
    Checking Rule AcOvlRtl (Rule 129 of total 279) .... done (Time = 0.00s, Memory = 4.7K)
    Checking Rule AcOvlRtl (Rule 130 of total 279) .... done (Time = 0.00s, Memory = 0.0K)
    Checking Rule Prereqs_STARC-2.3.6.1 (Rule 131 of total 279) .... done (Time = 0.00s, Memory = 0.0K)
    Checking Rule GenTopLevelBlocksForAutoSoc (Rule 132 of total 279) .... done (Time = 0.00s, Memory = -20.0K)
    Checking Rule STARC05-2.1.5.3 (Rule 133 of total 279) .... done (Time = 0.00s, Memory = 0.0K)
    Checking Rule STARC05-2.2.3.3 (Rule 134 of total 279) .... done (Time = 0.00s, Memory = 3.8K)
    Checking Rule STARC05-2.3.1.6 (Rule 135 of total 279) .... done (Time = 0.00s, Memory = 0.0K)
    Checking Rule STARC05-2.10.2.3 (Rule 136 of total 279) .... done (Time = 0.00s, Memory = 0.0K)
    Checking Rule STARC05-2.10.3.2a (Rule 137 of total 279) .... done (Time = 0.00s, Memory = 0.5K)
    Checking Rule STARC05-2.11.3.1 (Rule 138 of total 279) .... done (Time = 0.00s, Memory = 0.0K)
    Checking Rule STARC05-2.1.3.1 (Rule 139 of total 279) .... done (Time = 0.00s, Memory = 12.0K)
    Checking Rule STARC05-2.10.1.4b (Rule 140 of total 279) .... done (Time = 0.00s, Memory = 0.0K)
    Checking Rule W110 (Rule 141 of total 279) .... done (Time = 0.00s, Memory = -2.0K)
    Checking Rule W122 (Rule 142 of total 279) .... done (Time = 0.00s, Memory = 0.2K)
    Checking Rule W496a (Rule 143 of total 279) .... done (Time = 0.00s, Memory = 0.0K)
    Checking Rule W19 (Rule 144 of total 279) .... done (Time = 0.00s, Memory = 0.0K)
    Checking Rule W66 (Rule 145 of total 279) .... done (Time = 0.00s, Memory = 0.0K)
    Checking Rule W116 (Rule 146 of total 279) .... done (Time = 0.00s, Memory = 0.0K)
    Checking Rule W123 (Rule 147 of total 279) .... done (Time = 0.00s, Memory = 16.0K)
    Checking Rule W156 (Rule 148 of total 279) .... done (Time = 0.00s, Memory = 0.0K)
    Checking Rule W215 (Rule 149 of total 279) .... done (Time = 0.00s, Memory = 0.0K)
    Checking Rule W216 (Rule 150 of total 279) .... done (Time = 0.00s, Memory = 0.0K)
    Checking Rule W218 (Rule 151 of total 279) .... done (Time = 0.00s, Memory = 2.0K)
    Checking Rule W224 (Rule 152 of total 279) .... done (Time = 0.00s, Memory = 5.8K)
    Checking Rule W263 (Rule 153 of total 279) .... done (Time = 0.00s, Memory = -10.9K)
    Checking Rule W289 (Rule 154 of total 279) .... done (Time = 0.00s, Memory = 32.0K)
    Checking Rule W337 (Rule 155 of total 279) .... done (Time = 0.00s, Memory = 11.8K)
    Checking Rule W352 (Rule 156 of total 279) .... done (Time = 0.00s, Memory = 0.0K)
    Checking Rule W362 (Rule 157 of total 279) .... done (Time = 0.00s, Memory = 0.0K)
    Checking Rule W415a (Rule 158 of total 279) .... done (Time = 0.00s, Memory = -0.1K)
    Checking Rule W486 (Rule 159 of total 279) .... done (Time = 0.00s, Memory = 0.0K)
    Checking Rule W499 (Rule 160 of total 279) .... done (Time = 0.00s, Memory = 0.0K)
    Checking Rule W502 (Rule 161 of total 279) .... done (Time = 0.00s, Memory = 0.0K)
    Checking Rule W116 (Rule 162 of total 279) .... done (Time = 0.00s, Memory = 0.0K)
    Checking Rule W122 (Rule 163 of total 279) .... done (Time = 0.00s, Memory = 0.6K)
    Checking Rule W123 (Rule 164 of total 279) .... done (Time = 0.00s, Memory = 0.9K)
    Checking Rule W71 (Rule 165 of total 279) .... done (Time = 0.00s, Memory = 0.0K)
    Checking Rule W240 (Rule 166 of total 279) .... done (Time = 0.00s, Memory = -3.5K)
    Checking Rule W240 (Rule 167 of total 279) .... done (Time = 0.00s, Memory = 0.0K)
    Checking Rule W287a (Rule 168 of total 279) .... done (Time = 0.00s, Memory = -0.2K)
    Checking Rule W293 (Rule 169 of total 279) .... done (Time = 0.00s, Memory = 28.0K)
    Checking Rule W398 (Rule 170 of total 279) .... done (Time = 0.00s, Memory = 0.0K)
    Checking Rule W424 (Rule 171 of total 279) .... done (Time = 0.00s, Memory = 0.0K)
    Checking Rule W467 (Rule 172 of total 279) .... done (Time = 0.00s, Memory = 8.0K)
    Checking Rule W505 (Rule 173 of total 279) .... done (Time = 0.00s, Memory = -0.4K)
    Checking Rule W505 (Rule 174 of total 279) .... done (Time = 0.00s, Memory = 0.0K)
    Checking Rule W528 (Rule 175 of total 279) .... done (Time = 0.00s, Memory = 0.0K)
    Checking Rule W528 (Rule 176 of total 279) .... done (Time = 0.00s, Memory = 645.8K)
    Checking Rule Prereqs_Usage (Rule 177 of total 279) .... done (Time = 0.00s, Memory = -48.0K)
    Checking Rule Postreqs_CheckFuncTask (Rule 178 of total 279) .... done (Time = 0.00s, Memory = 0.0K)
    Checking Rule Prereqs_ConstantInput-ML (Rule 179 of total 279) .... done (Time = 0.00s, Memory = 0.0K)
    Checking Rule Prereqs_ConstantInput-ML (Rule 180 of total 279) .... done (Time = 0.00s, Memory = 0.0K)
    Checking Rule ReportPortInfo-ML (Rule 181 of total 279) .... done (Time = 0.00s, Memory = 0.0K)
    Checking Rule NoAssignX-ML (Rule 182 of total 279) .... done (Time = 0.00s, Memory = 0.0K)
    Checking Rule ParamWidthMismatch-ML (Rule 183 of total 279) .... done (Time = 0.00s, Memory = 0.0K)
    Checking Rule Postreqs_Usage_ML (Rule 184 of total 279) .... done (Time = 0.00s, Memory = 0.0K)
    Checking Rule NoXInCase-ML (Rule 185 of total 279) .... done (Time = 0.00s, Memory = 0.0K)
Checking ELABDU Rules for designUnit strt_checker
    Checking Rule syncRstReq (Rule 127 of total 279) .... done (Time = 0.00s, Memory = 0.0K)
    Checking Rule syncRstReq (Rule 128 of total 279) .... done (Time = 0.00s, Memory = 0.0K)
    Checking Rule AcOvlRtl (Rule 129 of total 279) .... done (Time = 0.00s, Memory = 0.0K)
    Checking Rule AcOvlRtl (Rule 130 of total 279) .... done (Time = 0.00s, Memory = 0.0K)
    Checking Rule Prereqs_STARC-2.3.6.1 (Rule 131 of total 279) .... done (Time = 0.00s, Memory = -4.0K)
    Checking Rule GenTopLevelBlocksForAutoSoc (Rule 132 of total 279) .... done (Time = 0.00s, Memory = 0.0K)
    Checking Rule STARC05-2.1.5.3 (Rule 133 of total 279) .... done (Time = 0.00s, Memory = 0.0K)
    Checking Rule STARC05-2.2.3.3 (Rule 134 of total 279) .... done (Time = 0.00s, Memory = -8.0K)
    Checking Rule STARC05-2.3.1.6 (Rule 135 of total 279) .... done (Time = 0.00s, Memory = -8.0K)
    Checking Rule STARC05-2.10.2.3 (Rule 136 of total 279) .... done (Time = 0.00s, Memory = 8.0K)
    Checking Rule STARC05-2.10.3.2a (Rule 137 of total 279) .... done (Time = 0.00s, Memory = 0.0K)
    Checking Rule STARC05-2.11.3.1 (Rule 138 of total 279) .... done (Time = 0.00s, Memory = 0.0K)
    Checking Rule STARC05-2.1.3.1 (Rule 139 of total 279) .... done (Time = 0.00s, Memory = 4.8K)
    Checking Rule STARC05-2.10.1.4b (Rule 140 of total 279) .... done (Time = 0.00s, Memory = 0.0K)
    Checking Rule W110 (Rule 141 of total 279) .... done (Time = 0.00s, Memory = 0.0K)
    Checking Rule W122 (Rule 142 of total 279) .... done (Time = 0.00s, Memory = 0.0K)
    Checking Rule W496a (Rule 143 of total 279) .... done (Time = 0.00s, Memory = 29.8K)
    Checking Rule W19 (Rule 144 of total 279) .... done (Time = 0.00s, Memory = 36.7K)
    Checking Rule W66 (Rule 145 of total 279) .... done (Time = 0.00s, Memory = 0.0K)
    Checking Rule W116 (Rule 146 of total 279) .... done (Time = 0.00s, Memory = 5.8K)
    Checking Rule W123 (Rule 147 of total 279) .... done (Time = 0.00s, Memory = 16.0K)
    Checking Rule W156 (Rule 148 of total 279) .... done (Time = 0.00s, Memory = -0.5K)
    Checking Rule W215 (Rule 149 of total 279) .... done (Time = 0.00s, Memory = 0.0K)
    Checking Rule W216 (Rule 150 of total 279) .... done (Time = 0.00s, Memory = 0.0K)
    Checking Rule W218 (Rule 151 of total 279) .... done (Time = 0.00s, Memory = 0.0K)
    Checking Rule W224 (Rule 152 of total 279) .... done (Time = 0.00s, Memory = -1.8K)
    Checking Rule W263 (Rule 153 of total 279) .... done (Time = 0.00s, Memory = 0.0K)
    Checking Rule W289 (Rule 154 of total 279) .... done (Time = 0.00s, Memory = 0.0K)
    Checking Rule W337 (Rule 155 of total 279) .... done (Time = 0.00s, Memory = 0.0K)
    Checking Rule W352 (Rule 156 of total 279) .... done (Time = 0.00s, Memory = -256.0K)
    Checking Rule W362 (Rule 157 of total 279) .... done (Time = 0.00s, Memory = 0.0K)
    Checking Rule W415a (Rule 158 of total 279) .... done (Time = 0.00s, Memory = -2.5K)
    Checking Rule W486 (Rule 159 of total 279) .... done (Time = 0.00s, Memory = 0.0K)
    Checking Rule W499 (Rule 160 of total 279) .... done (Time = 0.00s, Memory = 0.0K)
    Checking Rule W502 (Rule 161 of total 279) .... done (Time = 0.00s, Memory = 0.0K)
    Checking Rule W116 (Rule 162 of total 279) .... done (Time = 0.00s, Memory = 0.0K)
    Checking Rule W122 (Rule 163 of total 279) .... done (Time = 0.00s, Memory = 0.6K)
    Checking Rule W123 (Rule 164 of total 279) .... done (Time = 0.00s, Memory = 0.9K)
    Checking Rule W71 (Rule 165 of total 279) .... done (Time = 0.00s, Memory = 0.0K)
    Checking Rule W240 (Rule 166 of total 279) .... done (Time = 0.00s, Memory = 0.0K)
    Checking Rule W240 (Rule 167 of total 279) .... done (Time = 0.00s, Memory = 0.0K)
    Checking Rule W287a (Rule 168 of total 279) .... done (Time = 0.00s, Memory = 0.0K)
    Checking Rule W293 (Rule 169 of total 279) .... done (Time = 0.00s, Memory = 0.0K)
    Checking Rule W398 (Rule 170 of total 279) .... done (Time = 0.00s, Memory = -3.0K)
    Checking Rule W424 (Rule 171 of total 279) .... done (Time = 0.00s, Memory = 0.0K)
    Checking Rule W467 (Rule 172 of total 279) .... done (Time = 0.00s, Memory = 24.0K)
    Checking Rule W505 (Rule 173 of total 279) .... done (Time = 0.00s, Memory = 0.0K)
    Checking Rule W505 (Rule 174 of total 279) .... done (Time = 0.00s, Memory = 0.0K)
    Checking Rule W528 (Rule 175 of total 279) .... done (Time = 0.00s, Memory = 0.0K)
    Checking Rule W528 (Rule 176 of total 279) .... done (Time = 0.00s, Memory = 645.8K)
    Checking Rule Prereqs_Usage (Rule 177 of total 279) .... done (Time = 0.00s, Memory = -8.0K)
    Checking Rule Postreqs_CheckFuncTask (Rule 178 of total 279) .... done (Time = 0.00s, Memory = 0.0K)
    Checking Rule Prereqs_ConstantInput-ML (Rule 179 of total 279) .... done (Time = 0.00s, Memory = 5.7K)
    Checking Rule Prereqs_ConstantInput-ML (Rule 180 of total 279) .... done (Time = 0.00s, Memory = 0.0K)
    Checking Rule ReportPortInfo-ML (Rule 181 of total 279) .... done (Time = 0.00s, Memory = 7.2K)
    Checking Rule NoAssignX-ML (Rule 182 of total 279) .... done (Time = 0.00s, Memory = 0.0K)
    Checking Rule ParamWidthMismatch-ML (Rule 183 of total 279) .... done (Time = 0.00s, Memory = -2.3K)
    Checking Rule Postreqs_Usage_ML (Rule 184 of total 279) .... done (Time = 0.00s, Memory = 0.0K)
    Checking Rule NoXInCase-ML (Rule 185 of total 279) .... done (Time = 0.00s, Memory = 0.0K)
Checking ELABDU Rules for designUnit stop_checker
    Checking Rule syncRstReq (Rule 127 of total 279) .... done (Time = 0.00s, Memory = 0.0K)
    Checking Rule syncRstReq (Rule 128 of total 279) .... done (Time = 0.00s, Memory = 0.0K)
    Checking Rule AcOvlRtl (Rule 129 of total 279) .... done (Time = 0.00s, Memory = 0.0K)
    Checking Rule AcOvlRtl (Rule 130 of total 279) .... done (Time = 0.00s, Memory = 0.0K)
    Checking Rule Prereqs_STARC-2.3.6.1 (Rule 131 of total 279) .... done (Time = 0.00s, Memory = 0.0K)
    Checking Rule GenTopLevelBlocksForAutoSoc (Rule 132 of total 279) .... done (Time = 0.00s, Memory = 0.0K)
    Checking Rule STARC05-2.1.5.3 (Rule 133 of total 279) .... done (Time = 0.00s, Memory = -8.0K)
    Checking Rule STARC05-2.2.3.3 (Rule 134 of total 279) .... done (Time = 0.00s, Memory = 0.0K)
    Checking Rule STARC05-2.3.1.6 (Rule 135 of total 279) .... done (Time = 0.00s, Memory = 0.0K)
    Checking Rule STARC05-2.10.2.3 (Rule 136 of total 279) .... done (Time = 0.00s, Memory = 0.0K)
    Checking Rule STARC05-2.10.3.2a (Rule 137 of total 279) .... done (Time = 0.00s, Memory = -30.2K)
    Checking Rule STARC05-2.11.3.1 (Rule 138 of total 279) .... done (Time = 0.00s, Memory = 0.0K)
    Checking Rule STARC05-2.1.3.1 (Rule 139 of total 279) .... done (Time = 0.00s, Memory = 0.0K)
    Checking Rule STARC05-2.10.1.4b (Rule 140 of total 279) .... done (Time = 0.00s, Memory = 0.0K)
    Checking Rule W110 (Rule 141 of total 279) .... done (Time = 0.00s, Memory = 0.0K)
    Checking Rule W122 (Rule 142 of total 279) .... done (Time = 0.00s, Memory = 0.0K)
    Checking Rule W496a (Rule 143 of total 279) .... done (Time = 0.00s, Memory = 1.6K)
    Checking Rule W19 (Rule 144 of total 279) .... done (Time = 0.00s, Memory = 4.7K)
    Checking Rule W66 (Rule 145 of total 279) .... done (Time = 0.00s, Memory = 0.0K)
    Checking Rule W116 (Rule 146 of total 279) .... done (Time = 0.00s, Memory = 0.0K)
    Checking Rule W123 (Rule 147 of total 279) .... done (Time = 0.00s, Memory = 15.8K)
    Checking Rule W156 (Rule 148 of total 279) .... done (Time = 0.00s, Memory = 7.9K)
    Checking Rule W215 (Rule 149 of total 279) .... done (Time = 0.00s, Memory = 0.0K)
    Checking Rule W216 (Rule 150 of total 279) .... done (Time = 0.00s, Memory = -8.0K)
    Checking Rule W218 (Rule 151 of total 279) .... done (Time = 0.00s, Memory = 4.0K)
    Checking Rule W224 (Rule 152 of total 279) .... done (Time = 0.00s, Memory = 23.6K)
    Checking Rule W263 (Rule 153 of total 279) .... done (Time = 0.00s, Memory = 0.0K)
    Checking Rule W289 (Rule 154 of total 279) .... done (Time = 0.00s, Memory = 0.0K)
    Checking Rule W337 (Rule 155 of total 279) .... done (Time = 0.00s, Memory = 0.0K)
    Checking Rule W352 (Rule 156 of total 279) .... done (Time = 0.00s, Memory = 0.0K)
    Checking Rule W362 (Rule 157 of total 279) .... done (Time = 0.00s, Memory = 1.9K)
    Checking Rule W415a (Rule 158 of total 279) .... done (Time = 0.00s, Memory = -1.5K)
    Checking Rule W486 (Rule 159 of total 279) .... done (Time = 0.00s, Memory = 0.0K)
    Checking Rule W499 (Rule 160 of total 279) .... done (Time = 0.00s, Memory = -1.3K)
    Checking Rule W502 (Rule 161 of total 279) .... done (Time = 0.00s, Memory = 0.0K)
    Checking Rule W116 (Rule 162 of total 279) .... done (Time = 0.00s, Memory = 0.0K)
    Checking Rule W122 (Rule 163 of total 279) .... done (Time = 0.00s, Memory = 0.6K)
    Checking Rule W123 (Rule 164 of total 279) .... done (Time = 0.00s, Memory = 0.9K)
    Checking Rule W71 (Rule 165 of total 279) .... done (Time = 0.00s, Memory = 0.0K)
    Checking Rule W240 (Rule 166 of total 279) .... done (Time = 0.00s, Memory = 0.0K)
    Checking Rule W240 (Rule 167 of total 279) .... done (Time = 0.00s, Memory = 0.0K)
    Checking Rule W287a (Rule 168 of total 279) .... done (Time = 0.00s, Memory = 0.0K)
    Checking Rule W293 (Rule 169 of total 279) .... done (Time = 0.00s, Memory = 0.0K)
    Checking Rule W398 (Rule 170 of total 279) .... done (Time = 0.00s, Memory = 4.0K)
    Checking Rule W424 (Rule 171 of total 279) .... done (Time = 0.00s, Memory = -0.7K)
    Checking Rule W467 (Rule 172 of total 279) .... done (Time = 0.00s, Memory = 26.5K)
    Checking Rule W505 (Rule 173 of total 279) .... done (Time = 0.00s, Memory = 0.0K)
    Checking Rule W505 (Rule 174 of total 279) .... done (Time = 0.00s, Memory = 0.0K)
    Checking Rule W528 (Rule 175 of total 279) .... done (Time = 0.00s, Memory = 0.0K)
    Checking Rule W528 (Rule 176 of total 279) .... done (Time = 0.00s, Memory = 645.8K)
    Checking Rule Prereqs_Usage (Rule 177 of total 279) .... done (Time = 0.00s, Memory = -16.0K)
    Checking Rule Postreqs_CheckFuncTask (Rule 178 of total 279) .... done (Time = 0.00s, Memory = 0.0K)
    Checking Rule Prereqs_ConstantInput-ML (Rule 179 of total 279) .... done (Time = 0.00s, Memory = 0.0K)
    Checking Rule Prereqs_ConstantInput-ML (Rule 180 of total 279) .... done (Time = 0.00s, Memory = 0.0K)
    Checking Rule ReportPortInfo-ML (Rule 181 of total 279) .... done (Time = 0.00s, Memory = 0.0K)
    Checking Rule NoAssignX-ML (Rule 182 of total 279) .... done (Time = 0.00s, Memory = 8.0K)
    Checking Rule ParamWidthMismatch-ML (Rule 183 of total 279) .... done (Time = 0.00s, Memory = -0.2K)
    Checking Rule Postreqs_Usage_ML (Rule 184 of total 279) .... done (Time = 0.00s, Memory = 0.0K)
    Checking Rule NoXInCase-ML (Rule 185 of total 279) .... done (Time = 0.00s, Memory = 0.0K)
Checking ELABDU Rules for designUnit data_sampling
    Checking Rule syncRstReq (Rule 127 of total 279) .... done (Time = 0.00s, Memory = 0.0K)
    Checking Rule syncRstReq (Rule 128 of total 279) .... done (Time = 0.00s, Memory = 0.0K)
    Checking Rule AcOvlRtl (Rule 129 of total 279) .... done (Time = 0.00s, Memory = 0.0K)
    Checking Rule AcOvlRtl (Rule 130 of total 279) .... done (Time = 0.00s, Memory = 0.0K)
    Checking Rule Prereqs_STARC-2.3.6.1 (Rule 131 of total 279) .... done (Time = 0.00s, Memory = 0.0K)
    Checking Rule GenTopLevelBlocksForAutoSoc (Rule 132 of total 279) .... done (Time = 0.00s, Memory = 0.0K)
    Checking Rule STARC05-2.1.5.3 (Rule 133 of total 279) .... done (Time = 0.00s, Memory = 8.0K)
    Checking Rule STARC05-2.2.3.3 (Rule 134 of total 279) .... done (Time = 0.00s, Memory = 0.0K)
    Checking Rule STARC05-2.3.1.6 (Rule 135 of total 279) .... done (Time = 0.00s, Memory = 8.0K)
    Checking Rule STARC05-2.10.2.3 (Rule 136 of total 279) .... done (Time = 0.00s, Memory = -23.1K)
    Checking Rule STARC05-2.10.3.2a (Rule 137 of total 279) .... done (Time = 0.00s, Memory = 0.0K)
    Checking Rule STARC05-2.11.3.1 (Rule 138 of total 279) .... done (Time = 0.00s, Memory = 0.0K)
    Checking Rule STARC05-2.1.3.1 (Rule 139 of total 279) .... done (Time = 0.00s, Memory = -2.0K)
    Checking Rule STARC05-2.10.1.4b (Rule 140 of total 279) .... done (Time = 0.00s, Memory = 0.0K)
    Checking Rule W110 (Rule 141 of total 279) .... done (Time = 0.00s, Memory = 0.0K)
    Checking Rule W122 (Rule 142 of total 279) .... done (Time = 0.00s, Memory = 0.0K)
    Checking Rule W496a (Rule 143 of total 279) .... done (Time = 0.00s, Memory = 0.0K)
    Checking Rule W19 (Rule 144 of total 279) .... done (Time = 0.00s, Memory = 0.0K)
    Checking Rule W66 (Rule 145 of total 279) .... done (Time = 0.00s, Memory = 0.0K)
    Checking Rule W116 (Rule 146 of total 279) .... done (Time = 0.00s, Memory = 0.0K)
    Checking Rule W123 (Rule 147 of total 279) .... done (Time = 0.00s, Memory = 16.0K)
    Checking Rule W156 (Rule 148 of total 279) .... done (Time = 0.00s, Memory = 0.0K)
    Checking Rule W215 (Rule 149 of total 279) .... done (Time = 0.00s, Memory = 0.0K)
    Checking Rule W216 (Rule 150 of total 279) .... done (Time = 0.00s, Memory = 4.7K)
    Checking Rule W218 (Rule 151 of total 279) .... done (Time = 0.00s, Memory = 4.0K)
    Checking Rule W224 (Rule 152 of total 279) .... done (Time = 0.00s, Memory = -24.0K)
    Checking Rule W263 (Rule 153 of total 279) .... done (Time = 0.00s, Memory = -4.0K)
    Checking Rule W289 (Rule 154 of total 279) .... done (Time = 0.00s, Memory = 0.0K)
    Checking Rule W337 (Rule 155 of total 279) .... done (Time = 0.00s, Memory = -0.7K)
    Checking Rule W352 (Rule 156 of total 279) .... done (Time = 0.00s, Memory = -1.5K)
    Checking Rule W362 (Rule 157 of total 279) .... done (Time = 0.00s, Memory = -0.4K)
    Checking Rule W415a (Rule 158 of total 279) .... done (Time = 0.00s, Memory = 2.0K)
    Checking Rule W486 (Rule 159 of total 279) .... done (Time = 0.00s, Memory = 0.0K)
    Checking Rule W499 (Rule 160 of total 279) .... done (Time = 0.00s, Memory = 0.0K)
    Checking Rule W502 (Rule 161 of total 279) .... done (Time = 0.00s, Memory = 0.0K)
    Checking Rule W116 (Rule 162 of total 279) .... done (Time = 0.00s, Memory = 0.0K)
    Checking Rule W122 (Rule 163 of total 279) .... done (Time = 0.00s, Memory = 0.6K)
    Checking Rule W123 (Rule 164 of total 279) .... done (Time = 0.00s, Memory = 0.9K)
    Checking Rule W71 (Rule 165 of total 279) .... done (Time = 0.00s, Memory = 0.0K)
    Checking Rule W240 (Rule 166 of total 279) .... done (Time = 0.00s, Memory = 0.0K)
    Checking Rule W240 (Rule 167 of total 279) .... done (Time = 0.00s, Memory = 0.0K)
    Checking Rule W287a (Rule 168 of total 279) .... done (Time = 0.00s, Memory = 0.0K)
    Checking Rule W293 (Rule 169 of total 279) .... done (Time = 0.00s, Memory = 0.0K)
    Checking Rule W398 (Rule 170 of total 279) .... done (Time = 0.00s, Memory = 0.0K)
    Checking Rule W424 (Rule 171 of total 279) .... done (Time = 0.00s, Memory = 0.0K)
    Checking Rule W467 (Rule 172 of total 279) .... done (Time = 0.00s, Memory = 0.4K)
    Checking Rule W505 (Rule 173 of total 279) .... done (Time = 0.00s, Memory = 0.4K)
    Checking Rule W505 (Rule 174 of total 279) .... done (Time = 0.00s, Memory = 0.0K)
    Checking Rule W528 (Rule 175 of total 279) .... done (Time = 0.00s, Memory = -3.3K)
    Checking Rule W528 (Rule 176 of total 279) .... done (Time = 0.00s, Memory = 645.8K)
    Checking Rule Prereqs_Usage (Rule 177 of total 279) .... done (Time = 0.00s, Memory = -19.0K)
    Checking Rule Postreqs_CheckFuncTask (Rule 178 of total 279) .... done (Time = 0.00s, Memory = 0.0K)
    Checking Rule Prereqs_ConstantInput-ML (Rule 179 of total 279) .... done (Time = 0.00s, Memory = 0.0K)
    Checking Rule Prereqs_ConstantInput-ML (Rule 180 of total 279) .... done (Time = 0.00s, Memory = 0.0K)
    Checking Rule ReportPortInfo-ML (Rule 181 of total 279) .... done (Time = 0.00s, Memory = 0.0K)
    Checking Rule NoAssignX-ML (Rule 182 of total 279) .... done (Time = 0.00s, Memory = 0.0K)
    Checking Rule ParamWidthMismatch-ML (Rule 183 of total 279) .... done (Time = 0.00s, Memory = 8.0K)
    Checking Rule Postreqs_Usage_ML (Rule 184 of total 279) .... done (Time = 0.00s, Memory = 0.4K)
    Checking Rule NoXInCase-ML (Rule 185 of total 279) .... done (Time = 0.00s, Memory = 0.0K)
Checking ELABDU Rules for designUnit deserializer
    Checking Rule syncRstReq (Rule 127 of total 279) .... done (Time = 0.00s, Memory = 0.0K)
    Checking Rule syncRstReq (Rule 128 of total 279) .... done (Time = 0.00s, Memory = 0.0K)
    Checking Rule AcOvlRtl (Rule 129 of total 279) .... done (Time = 0.00s, Memory = 0.0K)
    Checking Rule AcOvlRtl (Rule 130 of total 279) .... done (Time = 0.00s, Memory = 0.0K)
    Checking Rule Prereqs_STARC-2.3.6.1 (Rule 131 of total 279) .... done (Time = 0.00s, Memory = -2.1K)
    Checking Rule GenTopLevelBlocksForAutoSoc (Rule 132 of total 279) .... done (Time = 0.00s, Memory = 0.0K)
    Checking Rule STARC05-2.1.5.3 (Rule 133 of total 279) .... done (Time = 0.00s, Memory = 0.0K)
    Checking Rule STARC05-2.2.3.3 (Rule 134 of total 279) .... done (Time = 0.00s, Memory = -8.5K)
    Checking Rule STARC05-2.3.1.6 (Rule 135 of total 279) .... done (Time = 0.00s, Memory = 0.0K)
    Checking Rule STARC05-2.10.2.3 (Rule 136 of total 279) .... done (Time = 0.00s, Memory = 0.0K)
    Checking Rule STARC05-2.10.3.2a (Rule 137 of total 279) .... done (Time = 0.00s, Memory = 0.0K)
    Checking Rule STARC05-2.11.3.1 (Rule 138 of total 279) .... done (Time = 0.00s, Memory = -0.2K)
    Checking Rule STARC05-2.1.3.1 (Rule 139 of total 279) .... done (Time = 0.00s, Memory = 3.0K)
    Checking Rule STARC05-2.10.1.4b (Rule 140 of total 279) .... done (Time = 0.00s, Memory = 0.0K)
    Checking Rule W110 (Rule 141 of total 279) .... done (Time = 0.00s, Memory = 0.0K)
    Checking Rule W122 (Rule 142 of total 279) .... done (Time = 0.00s, Memory = 3.5K)
    Checking Rule W496a (Rule 143 of total 279) .... done (Time = 0.00s, Memory = 0.0K)
    Checking Rule W19 (Rule 144 of total 279) .... done (Time = 0.00s, Memory = 0.0K)
    Checking Rule W66 (Rule 145 of total 279) .... done (Time = 0.00s, Memory = 0.0K)
    Checking Rule W116 (Rule 146 of total 279) .... done (Time = 0.00s, Memory = 0.0K)
    Checking Rule W123 (Rule 147 of total 279) .... done (Time = 0.00s, Memory = 40.0K)
    Checking Rule W156 (Rule 148 of total 279) .... done (Time = 0.00s, Memory = 1.6K)
    Checking Rule W215 (Rule 149 of total 279) .... done (Time = 0.00s, Memory = 4.7K)
    Checking Rule W216 (Rule 150 of total 279) .... done (Time = 0.00s, Memory = -24.0K)
    Checking Rule W218 (Rule 151 of total 279) .... done (Time = 0.00s, Memory = 0.0K)
    Checking Rule W224 (Rule 152 of total 279) .... done (Time = 0.00s, Memory = 0.0K)
    Checking Rule W263 (Rule 153 of total 279) .... done (Time = 0.00s, Memory = 0.0K)
    Checking Rule W289 (Rule 154 of total 279) .... done (Time = 0.00s, Memory = 11.8K)
    Checking Rule W337 (Rule 155 of total 279) .... done (Time = 0.00s, Memory = 0.0K)
    Checking Rule W352 (Rule 156 of total 279) .... done (Time = 0.00s, Memory = -0.5K)
    Checking Rule W362 (Rule 157 of total 279) .... done (Time = 0.00s, Memory = 0.0K)
    Checking Rule W415a (Rule 158 of total 279) .... done (Time = 0.00s, Memory = 0.0K)
    Checking Rule W486 (Rule 159 of total 279) .... done (Time = 0.00s, Memory = -3.0K)
    Checking Rule W499 (Rule 160 of total 279) .... done (Time = 0.00s, Memory = 0.8K)
    Checking Rule W502 (Rule 161 of total 279) .... done (Time = 0.00s, Memory = -0.1K)
    Checking Rule W116 (Rule 162 of total 279) .... done (Time = 0.00s, Memory = 0.0K)
    Checking Rule W122 (Rule 163 of total 279) .... done (Time = 0.00s, Memory = 0.6K)
    Checking Rule W123 (Rule 164 of total 279) .... done (Time = 0.00s, Memory = 0.9K)
    Checking Rule W71 (Rule 165 of total 279) .... done (Time = 0.00s, Memory = 0.0K)
    Checking Rule W240 (Rule 166 of total 279) .... done (Time = 0.00s, Memory = 0.0K)
    Checking Rule W240 (Rule 167 of total 279) .... done (Time = 0.00s, Memory = 0.0K)
    Checking Rule W287a (Rule 168 of total 279) .... done (Time = 0.00s, Memory = 0.0K)
    Checking Rule W293 (Rule 169 of total 279) .... done (Time = 0.00s, Memory = 0.0K)
    Checking Rule W398 (Rule 170 of total 279) .... done (Time = 0.00s, Memory = 0.0K)
    Checking Rule W424 (Rule 171 of total 279) .... done (Time = 0.00s, Memory = 0.0K)
    Checking Rule W467 (Rule 172 of total 279) .... done (Time = 0.00s, Memory = 0.0K)
    Checking Rule W505 (Rule 173 of total 279) .... done (Time = 0.00s, Memory = 3.8K)
    Checking Rule W505 (Rule 174 of total 279) .... done (Time = 0.00s, Memory = 0.0K)
    Checking Rule W528 (Rule 175 of total 279) .... done (Time = 0.00s, Memory = 24.0K)
    Checking Rule W528 (Rule 176 of total 279) .... done (Time = 0.00s, Memory = 645.8K)
    Checking Rule Prereqs_Usage (Rule 177 of total 279) .... done (Time = 0.00s, Memory = -16.0K)
    Checking Rule Postreqs_CheckFuncTask (Rule 178 of total 279) .... done (Time = 0.00s, Memory = 0.0K)
    Checking Rule Prereqs_ConstantInput-ML (Rule 179 of total 279) .... done (Time = 0.00s, Memory = 3.5K)
    Checking Rule Prereqs_ConstantInput-ML (Rule 180 of total 279) .... done (Time = 0.00s, Memory = 0.0K)
    Checking Rule ReportPortInfo-ML (Rule 181 of total 279) .... done (Time = 0.00s, Memory = 0.0K)
    Checking Rule NoAssignX-ML (Rule 182 of total 279) .... done (Time = 0.00s, Memory = 31.1K)
    Checking Rule ParamWidthMismatch-ML (Rule 183 of total 279) .... done (Time = 0.00s, Memory = -8.0K)
    Checking Rule Postreqs_Usage_ML (Rule 184 of total 279) .... done (Time = 0.00s, Memory = 0.0K)
    Checking Rule NoXInCase-ML (Rule 185 of total 279) .... done (Time = 0.00s, Memory = 0.0K)
Checking ELABDU Rules for designUnit edge_bit_counter
    Checking Rule syncRstReq (Rule 127 of total 279) .... done (Time = 0.00s, Memory = 0.0K)
    Checking Rule syncRstReq (Rule 128 of total 279) .... done (Time = 0.00s, Memory = 0.0K)
    Checking Rule AcOvlRtl (Rule 129 of total 279) .... done (Time = 0.00s, Memory = 0.0K)
    Checking Rule AcOvlRtl (Rule 130 of total 279) .... done (Time = 0.00s, Memory = 0.0K)
    Checking Rule Prereqs_STARC-2.3.6.1 (Rule 131 of total 279) .... done (Time = 0.00s, Memory = 8.0K)
    Checking Rule GenTopLevelBlocksForAutoSoc (Rule 132 of total 279) .... done (Time = 0.00s, Memory = 0.0K)
    Checking Rule STARC05-2.1.5.3 (Rule 133 of total 279) .... done (Time = 0.00s, Memory = 0.0K)
    Checking Rule STARC05-2.2.3.3 (Rule 134 of total 279) .... done (Time = 0.00s, Memory = 0.0K)
    Checking Rule STARC05-2.3.1.6 (Rule 135 of total 279) .... done (Time = 0.00s, Memory = 0.0K)
    Checking Rule STARC05-2.10.2.3 (Rule 136 of total 279) .... done (Time = 0.00s, Memory = 0.0K)
    Checking Rule STARC05-2.10.3.2a (Rule 137 of total 279) .... done (Time = 0.00s, Memory = 0.0K)
    Checking Rule STARC05-2.11.3.1 (Rule 138 of total 279) .... done (Time = 0.00s, Memory = 0.0K)
    Checking Rule STARC05-2.1.3.1 (Rule 139 of total 279) .... done (Time = 0.00s, Memory = 0.0K)
    Checking Rule STARC05-2.10.1.4b (Rule 140 of total 279) .... done (Time = 0.00s, Memory = 0.0K)
    Checking Rule W110 (Rule 141 of total 279) .... done (Time = 0.00s, Memory = 0.0K)
    Checking Rule W122 (Rule 142 of total 279) .... done (Time = 0.00s, Memory = 0.0K)
    Checking Rule W496a (Rule 143 of total 279) .... done (Time = 0.00s, Memory = 0.0K)
    Checking Rule W19 (Rule 144 of total 279) .... done (Time = 0.00s, Memory = 0.0K)
    Checking Rule W66 (Rule 145 of total 279) .... done (Time = 0.00s, Memory = -4.0K)
    Checking Rule W116 (Rule 146 of total 279) .... done (Time = 0.00s, Memory = 8.0K)
    Checking Rule W123 (Rule 147 of total 279) .... done (Time = 0.00s, Memory = -16.0K)
    Checking Rule W156 (Rule 148 of total 279) .... done (Time = 0.00s, Memory = 0.0K)
    Checking Rule W215 (Rule 149 of total 279) .... done (Time = 0.00s, Memory = 0.0K)
    Checking Rule W216 (Rule 150 of total 279) .... done (Time = 0.00s, Memory = 0.0K)
    Checking Rule W218 (Rule 151 of total 279) .... done (Time = 0.00s, Memory = 0.0K)
    Checking Rule W224 (Rule 152 of total 279) .... done (Time = 0.00s, Memory = 0.0K)
    Checking Rule W263 (Rule 153 of total 279) .... done (Time = 0.00s, Memory = -3.4K)
    Checking Rule W289 (Rule 154 of total 279) .... done (Time = 0.00s, Memory = 0.0K)
    Checking Rule W337 (Rule 155 of total 279) .... done (Time = 0.00s, Memory = 0.0K)
    Checking Rule W352 (Rule 156 of total 279) .... done (Time = 0.00s, Memory = 0.0K)
    Checking Rule W362 (Rule 157 of total 279) .... done (Time = 0.00s, Memory = 0.0K)
    Checking Rule W415a (Rule 158 of total 279) .... done (Time = 0.00s, Memory = 0.0K)
    Checking Rule W486 (Rule 159 of total 279) .... done (Time = 0.00s, Memory = 0.0K)
    Checking Rule W499 (Rule 160 of total 279) .... done (Time = 0.00s, Memory = 0.0K)
    Checking Rule W502 (Rule 161 of total 279) .... done (Time = 0.00s, Memory = 0.0K)
    Checking Rule W116 (Rule 162 of total 279) .... done (Time = 0.00s, Memory = 0.0K)
    Checking Rule W122 (Rule 163 of total 279) .... done (Time = 0.00s, Memory = 0.6K)
    Checking Rule W123 (Rule 164 of total 279) .... done (Time = 0.00s, Memory = 0.9K)
    Checking Rule W71 (Rule 165 of total 279) .... done (Time = 0.00s, Memory = 28.7K)
    Checking Rule W240 (Rule 166 of total 279) .... done (Time = 0.00s, Memory = 0.0K)
    Checking Rule W240 (Rule 167 of total 279) .... done (Time = 0.00s, Memory = 0.0K)
    Checking Rule W287a (Rule 168 of total 279) .... done (Time = 0.00s, Memory = -0.3K)
    Checking Rule W293 (Rule 169 of total 279) .... done (Time = 0.00s, Memory = 0.0K)
    Checking Rule W398 (Rule 170 of total 279) .... done (Time = 0.01s, Memory = 0.0K)
    Checking Rule W424 (Rule 171 of total 279) .... done (Time = 0.00s, Memory = 0.0K)
    Checking Rule W467 (Rule 172 of total 279) .... done (Time = 0.00s, Memory = 0.0K)
    Checking Rule W505 (Rule 173 of total 279) .... done (Time = 0.00s, Memory = 0.0K)
    Checking Rule W505 (Rule 174 of total 279) .... done (Time = 0.00s, Memory = 0.0K)
    Checking Rule W528 (Rule 175 of total 279) .... done (Time = 0.00s, Memory = -1.8K)
    Checking Rule W528 (Rule 176 of total 279) .... done (Time = 0.00s, Memory = 645.8K)
    Checking Rule Prereqs_Usage (Rule 177 of total 279) .... done (Time = 0.00s, Memory = -16.5K)
    Checking Rule Postreqs_CheckFuncTask (Rule 178 of total 279) .... done (Time = 0.00s, Memory = 0.0K)
    Checking Rule Prereqs_ConstantInput-ML (Rule 179 of total 279) .... done (Time = 0.00s, Memory = 0.0K)
    Checking Rule Prereqs_ConstantInput-ML (Rule 180 of total 279) .... done (Time = 0.00s, Memory = 0.0K)
    Checking Rule ReportPortInfo-ML (Rule 181 of total 279) .... done (Time = 0.00s, Memory = 0.0K)
    Checking Rule NoAssignX-ML (Rule 182 of total 279) .... done (Time = 0.00s, Memory = -0.2K)
    Checking Rule ParamWidthMismatch-ML (Rule 183 of total 279) .... done (Time = 0.00s, Memory = 0.0K)
    Checking Rule Postreqs_Usage_ML (Rule 184 of total 279) .... done (Time = 0.00s, Memory = 6.2K)
    Checking Rule NoXInCase-ML (Rule 185 of total 279) .... done (Time = 0.00s, Memory = 0.0K)
Checking ELABDU Rules for designUnit FSM_RX
    Checking Rule syncRstReq (Rule 127 of total 279) .... done (Time = 0.00s, Memory = 0.0K)
    Checking Rule syncRstReq (Rule 128 of total 279) .... done (Time = 0.00s, Memory = 0.0K)
    Checking Rule AcOvlRtl (Rule 129 of total 279) .... done (Time = 0.00s, Memory = 0.0K)
    Checking Rule AcOvlRtl (Rule 130 of total 279) .... done (Time = 0.00s, Memory = 0.0K)
    Checking Rule Prereqs_STARC-2.3.6.1 (Rule 131 of total 279) .... done (Time = 0.00s, Memory = 0.0K)
    Checking Rule GenTopLevelBlocksForAutoSoc (Rule 132 of total 279) .... done (Time = 0.00s, Memory = 8.0K)
    Checking Rule STARC05-2.1.5.3 (Rule 133 of total 279) .... done (Time = 0.00s, Memory = 0.0K)
    Checking Rule STARC05-2.2.3.3 (Rule 134 of total 279) .... done (Time = 0.00s, Memory = -21.7K)
    Checking Rule STARC05-2.3.1.6 (Rule 135 of total 279) .... done (Time = 0.00s, Memory = -0.6K)
    Checking Rule STARC05-2.10.2.3 (Rule 136 of total 279) .... done (Time = 0.00s, Memory = -1.3K)
    Checking Rule STARC05-2.10.3.2a (Rule 137 of total 279) .... done (Time = 0.00s, Memory = -3.8K)
    Checking Rule STARC05-2.11.3.1 (Rule 138 of total 279) .... done (Time = 0.00s, Memory = -8.5K)
    Checking Rule STARC05-2.1.3.1 (Rule 139 of total 279) .... done (Time = 0.00s, Memory = 10.2K)
    Checking Rule STARC05-2.10.1.4b (Rule 140 of total 279) .... done (Time = 0.00s, Memory = 0.0K)
    Checking Rule W110 (Rule 141 of total 279) .... done (Time = 0.00s, Memory = -2.1K)
    Checking Rule W122 (Rule 142 of total 279) .... done (Time = 0.00s, Memory = 14.0K)
    Checking Rule W496a (Rule 143 of total 279) .... done (Time = 0.00s, Memory = -34.8K)
    Checking Rule W19 (Rule 144 of total 279) .... done (Time = 0.00s, Memory = 0.2K)
    Checking Rule W66 (Rule 145 of total 279) .... done (Time = 0.00s, Memory = -0.3K)
    Checking Rule W116 (Rule 146 of total 279) .... done (Time = 0.00s, Memory = 0.1K)
    Checking Rule W123 (Rule 147 of total 279) .... done (Time = 0.00s, Memory = 16.3K)
    Checking Rule W156 (Rule 148 of total 279) .... done (Time = 0.00s, Memory = 0.0K)
    Checking Rule W215 (Rule 149 of total 279) .... done (Time = 0.00s, Memory = -0.6K)
    Checking Rule W216 (Rule 150 of total 279) .... done (Time = 0.00s, Memory = 0.0K)
    Checking Rule W218 (Rule 151 of total 279) .... done (Time = 0.00s, Memory = 2.0K)
    Checking Rule W224 (Rule 152 of total 279) .... done (Time = 0.00s, Memory = 0.0K)
    Checking Rule W263 (Rule 153 of total 279) .... done (Time = 0.00s, Memory = 0.0K)
    Checking Rule W289 (Rule 154 of total 279) .... done (Time = 0.00s, Memory = 0.0K)
    Checking Rule W337 (Rule 155 of total 279) .... done (Time = 0.00s, Memory = 0.0K)
    Checking Rule W352 (Rule 156 of total 279) .... done (Time = 0.00s, Memory = 0.0K)
    Checking Rule W362 (Rule 157 of total 279) .... done (Time = 0.00s, Memory = 0.2K)
    Checking Rule W415a (Rule 158 of total 279) .... done (Time = 0.00s, Memory = -7.6K)
    Checking Rule W486 (Rule 159 of total 279) .... done (Time = 0.00s, Memory = 0.0K)
    Checking Rule W499 (Rule 160 of total 279) .... done (Time = 0.00s, Memory = 2.0K)
    Checking Rule W502 (Rule 161 of total 279) .... done (Time = 0.00s, Memory = 0.9K)
    Checking Rule W116 (Rule 162 of total 279) .... done (Time = 0.00s, Memory = 0.0K)
    Checking Rule W122 (Rule 163 of total 279) .... done (Time = 0.00s, Memory = 0.6K)
    Checking Rule W123 (Rule 164 of total 279) .... done (Time = 0.00s, Memory = 0.9K)
    Checking Rule W71 (Rule 165 of total 279) .... done (Time = 0.01s, Memory = 0.2K)
    Checking Rule W240 (Rule 166 of total 279) .... done (Time = 0.00s, Memory = 0.0K)
    Checking Rule W240 (Rule 167 of total 279) .... done (Time = 0.00s, Memory = 0.0K)
    Checking Rule W287a (Rule 168 of total 279) .... done (Time = 0.00s, Memory = 0.0K)
    Checking Rule W293 (Rule 169 of total 279) .... done (Time = 0.00s, Memory = 0.0K)
    Checking Rule W398 (Rule 170 of total 279) .... done (Time = 0.00s, Memory = 0.0K)
    Checking Rule W424 (Rule 171 of total 279) .... done (Time = 0.00s, Memory = 1.6K)
    Checking Rule W467 (Rule 172 of total 279) .... done (Time = 0.00s, Memory = -7.3K)
    Checking Rule W505 (Rule 173 of total 279) .... done (Time = 0.00s, Memory = -6.9K)
    Checking Rule W505 (Rule 174 of total 279) .... done (Time = 0.00s, Memory = 0.0K)
    Checking Rule W528 (Rule 175 of total 279) .... done (Time = 0.00s, Memory = 0.0K)
    Checking Rule W528 (Rule 176 of total 279) .... done (Time = 0.00s, Memory = 645.8K)
    Checking Rule Prereqs_Usage (Rule 177 of total 279) .... done (Time = 0.00s, Memory = -17.0K)
    Checking Rule Postreqs_CheckFuncTask (Rule 178 of total 279) .... done (Time = 0.00s, Memory = 0.0K)
    Checking Rule Prereqs_ConstantInput-ML (Rule 179 of total 279) .... done (Time = 0.00s, Memory = 0.0K)
    Checking Rule Prereqs_ConstantInput-ML (Rule 180 of total 279) .... done (Time = 0.00s, Memory = 0.0K)
    Checking Rule ReportPortInfo-ML (Rule 181 of total 279) .... done (Time = 0.00s, Memory = 0.0K)
    Checking Rule NoAssignX-ML (Rule 182 of total 279) .... done (Time = 0.00s, Memory = 0.0K)
    Checking Rule ParamWidthMismatch-ML (Rule 183 of total 279) .... done (Time = 0.00s, Memory = 0.0K)
    Checking Rule Postreqs_Usage_ML (Rule 184 of total 279) .... done (Time = 0.00s, Memory = 2.9K)
    Checking Rule NoXInCase-ML (Rule 185 of total 279) .... done (Time = 0.00s, Memory = 0.0K)
Checking ELABDU Rules for designUnit DATA_SYNC
    Checking Rule syncRstReq (Rule 127 of total 279) .... done (Time = 0.00s, Memory = 0.0K)
    Checking Rule syncRstReq (Rule 128 of total 279) .... done (Time = 0.00s, Memory = 0.0K)
    Checking Rule AcOvlRtl (Rule 129 of total 279) .... done (Time = 0.00s, Memory = 0.0K)
    Checking Rule AcOvlRtl (Rule 130 of total 279) .... done (Time = 0.00s, Memory = 0.0K)
    Checking Rule Prereqs_STARC-2.3.6.1 (Rule 131 of total 279) .... done (Time = 0.00s, Memory = 0.0K)
    Checking Rule GenTopLevelBlocksForAutoSoc (Rule 132 of total 279) .... done (Time = 0.00s, Memory = 0.0K)
    Checking Rule STARC05-2.1.5.3 (Rule 133 of total 279) .... done (Time = 0.00s, Memory = 0.0K)
    Checking Rule STARC05-2.2.3.3 (Rule 134 of total 279) .... done (Time = 0.00s, Memory = -1.3K)
    Checking Rule STARC05-2.3.1.6 (Rule 135 of total 279) .... done (Time = 0.00s, Memory = -0.2K)
    Checking Rule STARC05-2.10.2.3 (Rule 136 of total 279) .... done (Time = 0.00s, Memory = 32.0K)
    Checking Rule STARC05-2.10.3.2a (Rule 137 of total 279) .... done (Time = 0.00s, Memory = 4.0K)
    Checking Rule STARC05-2.11.3.1 (Rule 138 of total 279) .... done (Time = 0.00s, Memory = -8.2K)
    Checking Rule STARC05-2.1.3.1 (Rule 139 of total 279) .... done (Time = 0.00s, Memory = 8.1K)
    Checking Rule STARC05-2.10.1.4b (Rule 140 of total 279) .... done (Time = 0.00s, Memory = 0.0K)
    Checking Rule W110 (Rule 141 of total 279) .... done (Time = 0.00s, Memory = -13.5K)
    Checking Rule W122 (Rule 142 of total 279) .... done (Time = 0.00s, Memory = -32.4K)
    Checking Rule W496a (Rule 143 of total 279) .... done (Time = 0.00s, Memory = -1.3K)
    Checking Rule W19 (Rule 144 of total 279) .... done (Time = 0.00s, Memory = 0.0K)
    Checking Rule W66 (Rule 145 of total 279) .... done (Time = 0.00s, Memory = 0.0K)
    Checking Rule W116 (Rule 146 of total 279) .... done (Time = 0.00s, Memory = 0.0K)
    Checking Rule W123 (Rule 147 of total 279) .... done (Time = 0.00s, Memory = 16.0K)
    Checking Rule W156 (Rule 148 of total 279) .... done (Time = 0.00s, Memory = 0.0K)
    Checking Rule W215 (Rule 149 of total 279) .... done (Time = 0.00s, Memory = 0.0K)
    Checking Rule W216 (Rule 150 of total 279) .... done (Time = 0.00s, Memory = 0.0K)
    Checking Rule W218 (Rule 151 of total 279) .... done (Time = 0.00s, Memory = 0.0K)
    Checking Rule W224 (Rule 152 of total 279) .... done (Time = 0.00s, Memory = 0.0K)
    Checking Rule W263 (Rule 153 of total 279) .... done (Time = 0.00s, Memory = 0.0K)
    Checking Rule W289 (Rule 154 of total 279) .... done (Time = 0.00s, Memory = -1.0K)
    Checking Rule W337 (Rule 155 of total 279) .... done (Time = 0.00s, Memory = 0.0K)
    Checking Rule W352 (Rule 156 of total 279) .... done (Time = 0.00s, Memory = 4.0K)
    Checking Rule W362 (Rule 157 of total 279) .... done (Time = 0.00s, Memory = 11.8K)
    Checking Rule W415a (Rule 158 of total 279) .... done (Time = 0.00s, Memory = -1.8K)
    Checking Rule W486 (Rule 159 of total 279) .... done (Time = 0.00s, Memory = 0.0K)
    Checking Rule W499 (Rule 160 of total 279) .... done (Time = 0.00s, Memory = 0.0K)
    Checking Rule W502 (Rule 161 of total 279) .... done (Time = 0.01s, Memory = 0.0K)
    Checking Rule W116 (Rule 162 of total 279) .... done (Time = 0.00s, Memory = 0.0K)
    Checking Rule W122 (Rule 163 of total 279) .... done (Time = 0.00s, Memory = 0.6K)
    Checking Rule W123 (Rule 164 of total 279) .... done (Time = 0.00s, Memory = 0.9K)
    Checking Rule W71 (Rule 165 of total 279) .... done (Time = 0.00s, Memory = 0.0K)
    Checking Rule W240 (Rule 166 of total 279) .... done (Time = 0.00s, Memory = 0.0K)
    Checking Rule W240 (Rule 167 of total 279) .... done (Time = 0.00s, Memory = 0.0K)
    Checking Rule W287a (Rule 168 of total 279) .... done (Time = 0.00s, Memory = -3.0K)
    Checking Rule W293 (Rule 169 of total 279) .... done (Time = 0.00s, Memory = 24.0K)
    Checking Rule W398 (Rule 170 of total 279) .... done (Time = 0.00s, Memory = 4.0K)
    Checking Rule W424 (Rule 171 of total 279) .... done (Time = 0.00s, Memory = 0.0K)
    Checking Rule W467 (Rule 172 of total 279) .... done (Time = 0.00s, Memory = -3.5K)
    Checking Rule W505 (Rule 173 of total 279) .... done (Time = 0.00s, Memory = 4.7K)
    Checking Rule W505 (Rule 174 of total 279) .... done (Time = 0.00s, Memory = 0.0K)
    Checking Rule W528 (Rule 175 of total 279) .... done (Time = 0.00s, Memory = -0.5K)
    Checking Rule W528 (Rule 176 of total 279) .... done (Time = 0.00s, Memory = 645.8K)
    Checking Rule Prereqs_Usage (Rule 177 of total 279) .... done (Time = 0.00s, Memory = -16.0K)
    Checking Rule Postreqs_CheckFuncTask (Rule 178 of total 279) .... done (Time = 0.00s, Memory = 0.0K)
    Checking Rule Prereqs_ConstantInput-ML (Rule 179 of total 279) .... done (Time = 0.00s, Memory = 0.0K)
    Checking Rule Prereqs_ConstantInput-ML (Rule 180 of total 279) .... done (Time = 0.00s, Memory = 0.0K)
    Checking Rule ReportPortInfo-ML (Rule 181 of total 279) .... done (Time = 0.00s, Memory = 0.0K)
    Checking Rule NoAssignX-ML (Rule 182 of total 279) .... done (Time = 0.00s, Memory = -4.5K)
    Checking Rule ParamWidthMismatch-ML (Rule 183 of total 279) .... done (Time = 0.00s, Memory = 0.0K)
    Checking Rule Postreqs_Usage_ML (Rule 184 of total 279) .... done (Time = 0.00s, Memory = 0.0K)
    Checking Rule NoXInCase-ML (Rule 185 of total 279) .... done (Time = 0.00s, Memory = 0.0K)
Checking ELABDU Rules for designUnit SYS_CTRL
    Checking Rule syncRstReq (Rule 127 of total 279) .... done (Time = 0.00s, Memory = 0.0K)
    Checking Rule syncRstReq (Rule 128 of total 279) .... done (Time = 0.00s, Memory = 0.0K)
    Checking Rule AcOvlRtl (Rule 129 of total 279) .... done (Time = 0.00s, Memory = 0.0K)
    Checking Rule AcOvlRtl (Rule 130 of total 279) .... done (Time = 0.00s, Memory = 0.0K)
    Checking Rule Prereqs_STARC-2.3.6.1 (Rule 131 of total 279) .... done (Time = 0.00s, Memory = 0.0K)
    Checking Rule GenTopLevelBlocksForAutoSoc (Rule 132 of total 279) .... done (Time = 0.00s, Memory = 0.0K)
    Checking Rule STARC05-2.1.5.3 (Rule 133 of total 279) .... done (Time = 0.00s, Memory = 0.0K)
    Checking Rule STARC05-2.2.3.3 (Rule 134 of total 279) .... done (Time = 0.00s, Memory = 0.0K)
    Checking Rule STARC05-2.3.1.6 (Rule 135 of total 279) .... done (Time = 0.00s, Memory = -1.1K)
    Checking Rule STARC05-2.10.2.3 (Rule 136 of total 279) .... done (Time = 0.00s, Memory = 24.0K)
    Checking Rule STARC05-2.10.3.2a (Rule 137 of total 279) .... done (Time = 0.00s, Memory = -10.0K)
    Checking Rule STARC05-2.11.3.1 (Rule 138 of total 279) .... done (Time = 0.00s, Memory = -21.9K)
    Checking Rule STARC05-2.1.3.1 (Rule 139 of total 279) .... done (Time = 0.00s, Memory = 4.1K)
    Checking Rule STARC05-2.10.1.4b (Rule 140 of total 279) .... done (Time = 0.00s, Memory = 7.8K)
    Checking Rule W110 (Rule 141 of total 279) .... done (Time = 0.01s, Memory = 0.0K)
    Checking Rule W122 (Rule 142 of total 279) .... done (Time = 0.00s, Memory = 2.3K)
    Checking Rule W496a (Rule 143 of total 279) .... done (Time = 0.00s, Memory = -3.5K)
    Checking Rule W19 (Rule 144 of total 279) .... done (Time = 0.00s, Memory = 24.2K)
    Checking Rule W66 (Rule 145 of total 279) .... done (Time = 0.00s, Memory = -10.8K)
    Checking Rule W116 (Rule 146 of total 279) .... done (Time = 0.00s, Memory = -8.0K)
    Checking Rule W123 (Rule 147 of total 279) .... done (Time = 0.00s, Memory = 18.6K)
    Checking Rule W156 (Rule 148 of total 279) .... done (Time = 0.00s, Memory = 0.0K)
    Checking Rule W215 (Rule 149 of total 279) .... done (Time = 0.00s, Memory = 43.8K)
    Checking Rule W216 (Rule 150 of total 279) .... done (Time = 0.00s, Memory = 0.0K)
    Checking Rule W218 (Rule 151 of total 279) .... done (Time = 0.00s, Memory = 0.4K)
    Checking Rule W224 (Rule 152 of total 279) .... done (Time = 0.00s, Memory = 0.0K)
    Checking Rule W263 (Rule 153 of total 279) .... done (Time = 0.00s, Memory = 0.0K)
    Checking Rule W289 (Rule 154 of total 279) .... done (Time = 0.00s, Memory = 0.0K)
    Checking Rule W337 (Rule 155 of total 279) .... done (Time = 0.00s, Memory = 0.0K)
    Checking Rule W352 (Rule 156 of total 279) .... done (Time = 0.00s, Memory = 0.0K)
    Checking Rule W362 (Rule 157 of total 279) .... done (Time = 0.00s, Memory = 0.2K)
    Checking Rule W415a (Rule 158 of total 279) .... done (Time = 0.00s, Memory = 17.1K)
    Checking Rule W486 (Rule 159 of total 279) .... done (Time = 0.00s, Memory = 0.0K)
    Checking Rule W499 (Rule 160 of total 279) .... done (Time = 0.00s, Memory = -21.6K)
    Checking Rule W502 (Rule 161 of total 279) .... done (Time = 0.00s, Memory = -0.6K)
    Checking Rule W116 (Rule 162 of total 279) .... done (Time = 0.00s, Memory = 0.0K)
    Checking Rule W122 (Rule 163 of total 279) .... done (Time = 0.00s, Memory = 0.6K)
    Checking Rule W123 (Rule 164 of total 279) .... done (Time = 0.00s, Memory = 0.9K)
    Checking Rule W71 (Rule 165 of total 279) .... done (Time = 0.00s, Memory = -8.7K)
    Checking Rule W240 (Rule 166 of total 279) .... done (Time = 0.00s, Memory = 0.0K)
    Checking Rule W240 (Rule 167 of total 279) .... done (Time = 0.00s, Memory = 0.0K)
    Checking Rule W287a (Rule 168 of total 279) .... done (Time = 0.00s, Memory = 0.0K)
    Checking Rule W293 (Rule 169 of total 279) .... done (Time = 0.00s, Memory = 0.0K)
    Checking Rule W398 (Rule 170 of total 279) .... done (Time = 0.00s, Memory = 0.0K)
    Checking Rule W424 (Rule 171 of total 279) .... done (Time = 0.00s, Memory = 24.0K)
    Checking Rule W467 (Rule 172 of total 279) .... done (Time = 0.00s, Memory = 1.6K)
    Checking Rule W505 (Rule 173 of total 279) .... done (Time = 0.00s, Memory = -12.0K)
    Checking Rule W505 (Rule 174 of total 279) .... done (Time = 0.00s, Memory = 0.0K)
    Checking Rule W528 (Rule 175 of total 279) .... done (Time = 0.00s, Memory = -0.2K)
    Checking Rule W528 (Rule 176 of total 279) .... done (Time = 0.00s, Memory = 645.8K)
    Checking Rule Prereqs_Usage (Rule 177 of total 279) .... done (Time = 0.00s, Memory = -16.0K)
    Checking Rule Postreqs_CheckFuncTask (Rule 178 of total 279) .... done (Time = 0.00s, Memory = 0.0K)
    Checking Rule Prereqs_ConstantInput-ML (Rule 179 of total 279) .... done (Time = 0.00s, Memory = 0.0K)
    Checking Rule Prereqs_ConstantInput-ML (Rule 180 of total 279) .... done (Time = 0.00s, Memory = 0.0K)
    Checking Rule ReportPortInfo-ML (Rule 181 of total 279) .... done (Time = 0.00s, Memory = -0.5K)
    Checking Rule NoAssignX-ML (Rule 182 of total 279) .... done (Time = 0.00s, Memory = 0.0K)
    Checking Rule ParamWidthMismatch-ML (Rule 183 of total 279) .... done (Time = 0.00s, Memory = -1.2K)
    Checking Rule Postreqs_Usage_ML (Rule 184 of total 279) .... done (Time = 0.00s, Memory = 0.3K)
    Checking Rule NoXInCase-ML (Rule 185 of total 279) .... done (Time = 0.00s, Memory = 0.0K)
Checking ELABDU Rules for designUnit regfile
    Checking Rule syncRstReq (Rule 127 of total 279) .... done (Time = 0.00s, Memory = 0.0K)
    Checking Rule syncRstReq (Rule 128 of total 279) .... done (Time = 0.00s, Memory = 0.0K)
    Checking Rule AcOvlRtl (Rule 129 of total 279) .... done (Time = 0.00s, Memory = 8.2K)
    Checking Rule AcOvlRtl (Rule 130 of total 279) .... done (Time = 0.00s, Memory = 0.0K)
    Checking Rule Prereqs_STARC-2.3.6.1 (Rule 131 of total 279) .... done (Time = 0.00s, Memory = -0.5K)
    Checking Rule GenTopLevelBlocksForAutoSoc (Rule 132 of total 279) .... done (Time = 0.00s, Memory = 0.0K)
    Checking Rule STARC05-2.1.5.3 (Rule 133 of total 279) .... done (Time = 0.00s, Memory = 0.0K)
    Checking Rule STARC05-2.2.3.3 (Rule 134 of total 279) .... done (Time = 0.00s, Memory = -30.0K)
    Checking Rule STARC05-2.3.1.6 (Rule 135 of total 279) .... done (Time = 0.00s, Memory = 0.0K)
    Checking Rule STARC05-2.10.2.3 (Rule 136 of total 279) .... done (Time = 0.00s, Memory = 0.0K)
    Checking Rule STARC05-2.10.3.2a (Rule 137 of total 279) .... done (Time = 0.00s, Memory = 0.1K)
    Checking Rule STARC05-2.11.3.1 (Rule 138 of total 279) .... done (Time = 0.00s, Memory = 0.0K)
    Checking Rule STARC05-2.1.3.1 (Rule 139 of total 279) .... done (Time = 0.00s, Memory = 9.1K)
    Checking Rule STARC05-2.10.1.4b (Rule 140 of total 279) .... done (Time = 0.00s, Memory = 0.0K)
    Checking Rule W110 (Rule 141 of total 279) .... done (Time = 0.00s, Memory = 0.0K)
    Checking Rule W122 (Rule 142 of total 279) .... done (Time = 0.00s, Memory = 32.0K)
    Checking Rule W496a (Rule 143 of total 279) .... done (Time = 0.00s, Memory = 0.0K)
    Checking Rule W19 (Rule 144 of total 279) .... done (Time = 0.00s, Memory = 8.0K)
    Checking Rule W66 (Rule 145 of total 279) .... done (Time = 0.00s, Memory = 8.0K)
    Checking Rule W116 (Rule 146 of total 279) .... done (Time = 0.00s, Memory = -2.0K)
    Checking Rule W123 (Rule 147 of total 279) .... done (Time = 0.00s, Memory = 12.5K)
    Checking Rule W156 (Rule 148 of total 279) .... done (Time = 0.00s, Memory = -10.5K)
    Checking Rule W215 (Rule 149 of total 279) .... done (Time = 0.00s, Memory = 0.0K)
    Checking Rule W216 (Rule 150 of total 279) .... done (Time = 0.00s, Memory = 0.0K)
    Checking Rule W218 (Rule 151 of total 279) .... done (Time = 0.00s, Memory = 0.0K)
    Checking Rule W224 (Rule 152 of total 279) .... done (Time = 0.00s, Memory = 0.0K)
    Checking Rule W263 (Rule 153 of total 279) .... done (Time = 0.00s, Memory = 0.0K)
    Checking Rule W289 (Rule 154 of total 279) .... done (Time = 0.00s, Memory = 0.0K)
    Checking Rule W337 (Rule 155 of total 279) .... done (Time = 0.00s, Memory = 0.0K)
    Checking Rule W352 (Rule 156 of total 279) .... done (Time = 0.00s, Memory = -24.6K)
    Checking Rule W362 (Rule 157 of total 279) .... done (Time = 0.00s, Memory = 10.6K)
    Checking Rule W415a (Rule 158 of total 279) .... done (Time = 0.00s, Memory = -32.0K)
    Checking Rule W486 (Rule 159 of total 279) .... done (Time = 0.00s, Memory = 0.0K)
    Checking Rule W499 (Rule 160 of total 279) .... done (Time = 0.00s, Memory = 0.0K)
    Checking Rule W502 (Rule 161 of total 279) .... done (Time = 0.00s, Memory = 0.0K)
    Checking Rule W116 (Rule 162 of total 279) .... done (Time = 0.00s, Memory = 0.0K)
    Checking Rule W122 (Rule 163 of total 279) .... done (Time = 0.00s, Memory = 0.6K)
    Checking Rule W123 (Rule 164 of total 279) .... done (Time = 0.00s, Memory = 0.9K)
    Checking Rule W71 (Rule 165 of total 279) .... done (Time = 0.00s, Memory = 0.0K)
    Checking Rule W240 (Rule 166 of total 279) .... done (Time = 0.00s, Memory = 0.0K)
    Checking Rule W240 (Rule 167 of total 279) .... done (Time = 0.00s, Memory = 0.0K)
    Checking Rule W287a (Rule 168 of total 279) .... done (Time = 0.00s, Memory = 0.0K)
    Checking Rule W293 (Rule 169 of total 279) .... done (Time = 0.00s, Memory = -0.2K)
    Checking Rule W398 (Rule 170 of total 279) .... done (Time = 0.00s, Memory = 28.0K)
    Checking Rule W424 (Rule 171 of total 279) .... done (Time = 0.00s, Memory = 0.0K)
    Checking Rule W467 (Rule 172 of total 279) .... done (Time = 0.00s, Memory = -0.1K)
    Checking Rule W505 (Rule 173 of total 279) .... done (Time = 0.00s, Memory = -32.0K)
    Checking Rule W505 (Rule 174 of total 279) .... done (Time = 0.00s, Memory = 0.0K)
    Checking Rule W528 (Rule 175 of total 279) .... done (Time = 0.00s, Memory = 0.0K)
    Checking Rule W528 (Rule 176 of total 279) .... done (Time = 0.00s, Memory = 645.8K)
    Checking Rule Prereqs_Usage (Rule 177 of total 279) .... done (Time = 0.00s, Memory = -48.7K)
    Checking Rule Postreqs_CheckFuncTask (Rule 178 of total 279) .... done (Time = 0.00s, Memory = 0.0K)
    Checking Rule Prereqs_ConstantInput-ML (Rule 179 of total 279) .... done (Time = 0.00s, Memory = -0.8K)
    Checking Rule Prereqs_ConstantInput-ML (Rule 180 of total 279) .... done (Time = 0.00s, Memory = 0.0K)
    Checking Rule ReportPortInfo-ML (Rule 181 of total 279) .... done (Time = 0.00s, Memory = 27.5K)
    Checking Rule NoAssignX-ML (Rule 182 of total 279) .... done (Time = 0.00s, Memory = -8.0K)
    Checking Rule ParamWidthMismatch-ML (Rule 183 of total 279) .... done (Time = 0.00s, Memory = 0.0K)
    Checking Rule Postreqs_Usage_ML (Rule 184 of total 279) .... done (Time = 0.00s, Memory = 0.0K)
    Checking Rule NoXInCase-ML (Rule 185 of total 279) .... done (Time = 0.00s, Memory = 0.0K)
Checking ELABDU Rules for designUnit CLK_GATE
    Checking Rule syncRstReq (Rule 127 of total 279) .... done (Time = 0.00s, Memory = 0.0K)
    Checking Rule syncRstReq (Rule 128 of total 279) .... done (Time = 0.00s, Memory = 0.0K)
    Checking Rule AcOvlRtl (Rule 129 of total 279) .... done (Time = 0.00s, Memory = -64.0K)
    Checking Rule AcOvlRtl (Rule 130 of total 279) .... done (Time = 0.00s, Memory = 0.0K)
    Checking Rule Prereqs_STARC-2.3.6.1 (Rule 131 of total 279) .... done (Time = 0.00s, Memory = 0.0K)
    Checking Rule GenTopLevelBlocksForAutoSoc (Rule 132 of total 279) .... done (Time = 0.00s, Memory = 0.0K)
    Checking Rule STARC05-2.1.5.3 (Rule 133 of total 279) .... done (Time = 0.00s, Memory = 0.0K)
    Checking Rule STARC05-2.2.3.3 (Rule 134 of total 279) .... done (Time = 0.00s, Memory = -8.0K)
    Checking Rule STARC05-2.3.1.6 (Rule 135 of total 279) .... done (Time = 0.00s, Memory = -8.0K)
    Checking Rule STARC05-2.10.2.3 (Rule 136 of total 279) .... done (Time = 0.00s, Memory = -3.0K)
    Checking Rule STARC05-2.10.3.2a (Rule 137 of total 279) .... done (Time = 0.00s, Memory = 0.0K)
    Checking Rule STARC05-2.11.3.1 (Rule 138 of total 279) .... done (Time = 0.00s, Memory = 0.0K)
    Checking Rule STARC05-2.1.3.1 (Rule 139 of total 279) .... done (Time = 0.00s, Memory = 0.0K)
    Checking Rule STARC05-2.10.1.4b (Rule 140 of total 279) .... done (Time = 0.00s, Memory = -1.3K)
    Checking Rule W110 (Rule 141 of total 279) .... done (Time = 0.00s, Memory = 0.0K)
    Checking Rule W122 (Rule 142 of total 279) .... done (Time = 0.00s, Memory = 0.0K)
    Checking Rule W496a (Rule 143 of total 279) .... done (Time = 0.00s, Memory = -0.7K)
    Checking Rule W19 (Rule 144 of total 279) .... done (Time = 0.00s, Memory = 0.0K)
    Checking Rule W66 (Rule 145 of total 279) .... done (Time = 0.00s, Memory = 0.0K)
    Checking Rule W116 (Rule 146 of total 279) .... done (Time = 0.00s, Memory = 0.0K)
    Checking Rule W123 (Rule 147 of total 279) .... done (Time = 0.00s, Memory = 15.4K)
    Checking Rule W156 (Rule 148 of total 279) .... done (Time = 0.00s, Memory = 0.0K)
    Checking Rule W215 (Rule 149 of total 279) .... done (Time = 0.00s, Memory = 0.0K)
    Checking Rule W216 (Rule 150 of total 279) .... done (Time = 0.00s, Memory = 0.0K)
    Checking Rule W218 (Rule 151 of total 279) .... done (Time = 0.00s, Memory = 0.0K)
    Checking Rule W224 (Rule 152 of total 279) .... done (Time = 0.00s, Memory = 0.0K)
    Checking Rule W263 (Rule 153 of total 279) .... done (Time = 0.00s, Memory = 0.0K)
    Checking Rule W289 (Rule 154 of total 279) .... done (Time = 0.00s, Memory = -1.5K)
    Checking Rule W337 (Rule 155 of total 279) .... done (Time = 0.00s, Memory = 0.0K)
    Checking Rule W352 (Rule 156 of total 279) .... done (Time = 0.00s, Memory = 4.0K)
    Checking Rule W362 (Rule 157 of total 279) .... done (Time = 0.00s, Memory = 0.0K)
    Checking Rule W415a (Rule 158 of total 279) .... done (Time = 0.00s, Memory = 0.0K)
    Checking Rule W486 (Rule 159 of total 279) .... done (Time = 0.00s, Memory = 0.0K)
    Checking Rule W499 (Rule 160 of total 279) .... done (Time = 0.00s, Memory = 0.0K)
    Checking Rule W502 (Rule 161 of total 279) .... done (Time = 0.00s, Memory = -0.9K)
    Checking Rule W116 (Rule 162 of total 279) .... done (Time = 0.00s, Memory = 0.0K)
    Checking Rule W122 (Rule 163 of total 279) .... done (Time = 0.00s, Memory = 0.6K)
    Checking Rule W123 (Rule 164 of total 279) .... done (Time = 0.00s, Memory = 0.9K)
    Checking Rule W71 (Rule 165 of total 279) .... done (Time = 0.00s, Memory = 0.0K)
    Checking Rule W240 (Rule 166 of total 279) .... done (Time = 0.00s, Memory = 0.0K)
    Checking Rule W240 (Rule 167 of total 279) .... done (Time = 0.00s, Memory = 0.0K)
    Checking Rule W287a (Rule 168 of total 279) .... done (Time = 0.00s, Memory = 0.0K)
    Checking Rule W293 (Rule 169 of total 279) .... done (Time = 0.01s, Memory = -1.0K)
    Checking Rule W398 (Rule 170 of total 279) .... done (Time = 0.00s, Memory = 0.0K)
    Checking Rule W424 (Rule 171 of total 279) .... done (Time = 0.00s, Memory = 0.0K)
    Checking Rule W467 (Rule 172 of total 279) .... done (Time = 0.00s, Memory = 0.0K)
    Checking Rule W505 (Rule 173 of total 279) .... done (Time = 0.00s, Memory = 0.0K)
    Checking Rule W505 (Rule 174 of total 279) .... done (Time = 0.00s, Memory = 0.0K)
    Checking Rule W528 (Rule 175 of total 279) .... done (Time = 0.00s, Memory = 0.0K)
    Checking Rule W528 (Rule 176 of total 279) .... done (Time = 0.00s, Memory = 645.8K)
    Checking Rule Prereqs_Usage (Rule 177 of total 279) .... done (Time = 0.00s, Memory = -9.2K)
    Checking Rule Postreqs_CheckFuncTask (Rule 178 of total 279) .... done (Time = 0.00s, Memory = 21.0K)
    Checking Rule Prereqs_ConstantInput-ML (Rule 179 of total 279) .... done (Time = 0.00s, Memory = 0.0K)
    Checking Rule Prereqs_ConstantInput-ML (Rule 180 of total 279) .... done (Time = 0.00s, Memory = 0.0K)
    Checking Rule ReportPortInfo-ML (Rule 181 of total 279) .... done (Time = 0.00s, Memory = 3.1K)
    Checking Rule NoAssignX-ML (Rule 182 of total 279) .... done (Time = 0.00s, Memory = -24.0K)
    Checking Rule ParamWidthMismatch-ML (Rule 183 of total 279) .... done (Time = 0.00s, Memory = 0.0K)
    Checking Rule Postreqs_Usage_ML (Rule 184 of total 279) .... done (Time = 0.00s, Memory = 0.0K)
    Checking Rule NoXInCase-ML (Rule 185 of total 279) .... done (Time = 0.00s, Memory = 0.0K)
Checking ELABDU Rules for designUnit ALU
    Checking Rule syncRstReq (Rule 127 of total 279) .... done (Time = 0.00s, Memory = 0.0K)
    Checking Rule syncRstReq (Rule 128 of total 279) .... done (Time = 0.00s, Memory = 0.0K)
    Checking Rule AcOvlRtl (Rule 129 of total 279) .... done (Time = 0.00s, Memory = 0.0K)
    Checking Rule AcOvlRtl (Rule 130 of total 279) .... done (Time = 0.00s, Memory = 0.0K)
    Checking Rule Prereqs_STARC-2.3.6.1 (Rule 131 of total 279) .... done (Time = 0.00s, Memory = -2.4K)
    Checking Rule GenTopLevelBlocksForAutoSoc (Rule 132 of total 279) .... done (Time = 0.00s, Memory = 4.7K)
    Checking Rule STARC05-2.1.5.3 (Rule 133 of total 279) .... done (Time = 0.00s, Memory = 0.0K)
    Checking Rule STARC05-2.2.3.3 (Rule 134 of total 279) .... done (Time = 0.00s, Memory = 8.0K)
    Checking Rule STARC05-2.3.1.6 (Rule 135 of total 279) .... done (Time = 0.00s, Memory = 1.8K)
    Checking Rule STARC05-2.10.2.3 (Rule 136 of total 279) .... done (Time = 0.00s, Memory = 0.4K)
    Checking Rule STARC05-2.10.3.2a (Rule 137 of total 279) .... done (Time = 0.00s, Memory = 0.0K)
    Checking Rule STARC05-2.11.3.1 (Rule 138 of total 279) .... done (Time = 0.00s, Memory = 1.4K)
    Checking Rule STARC05-2.1.3.1 (Rule 139 of total 279) .... done (Time = 0.00s, Memory = 0.0K)
    Checking Rule STARC05-2.10.1.4b (Rule 140 of total 279) .... done (Time = 0.00s, Memory = 0.0K)
    Checking Rule W110 (Rule 141 of total 279) .... done (Time = 0.00s, Memory = 0.0K)
    Checking Rule W122 (Rule 142 of total 279) .... done (Time = 0.00s, Memory = 0.0K)
    Checking Rule W496a (Rule 143 of total 279) .... done (Time = 0.00s, Memory = 0.0K)
    Checking Rule W19 (Rule 144 of total 279) .... done (Time = 0.00s, Memory = -3.0K)
    Checking Rule W66 (Rule 145 of total 279) .... done (Time = 0.00s, Memory = 0.0K)
    Checking Rule W116 (Rule 146 of total 279) .... done (Time = 0.00s, Memory = 0.0K)
    Checking Rule W123 (Rule 147 of total 279) .... done (Time = 0.00s, Memory = 45.5K)
    Checking Rule W156 (Rule 148 of total 279) .... done (Time = 0.00s, Memory = -8.0K)
    Checking Rule W215 (Rule 149 of total 279) .... done (Time = 0.00s, Memory = -8.0K)
    Checking Rule W216 (Rule 150 of total 279) .... done (Time = 0.00s, Memory = 8.0K)
    Checking Rule W218 (Rule 151 of total 279) .... done (Time = 0.00s, Memory = 36.9K)
    Checking Rule W224 (Rule 152 of total 279) .... done (Time = 0.00s, Memory = 0.0K)
    Checking Rule W263 (Rule 153 of total 279) .... done (Time = 0.00s, Memory = 0.0K)
    Checking Rule W289 (Rule 154 of total 279) .... done (Time = 0.00s, Memory = 0.0K)
    Checking Rule W337 (Rule 155 of total 279) .... done (Time = 0.00s, Memory = -2.6K)
    Checking Rule W352 (Rule 156 of total 279) .... done (Time = 0.00s, Memory = 0.0K)
    Checking Rule W362 (Rule 157 of total 279) .... done (Time = 0.00s, Memory = 0.0K)
    Checking Rule W415a (Rule 158 of total 279) .... done (Time = 0.00s, Memory = 3.2K)
    Checking Rule W486 (Rule 159 of total 279) .... done (Time = 0.00s, Memory = 0.0K)
    Checking Rule W499 (Rule 160 of total 279) .... done (Time = 0.00s, Memory = -0.5K)
    Checking Rule W502 (Rule 161 of total 279) .... done (Time = 0.00s, Memory = 24.4K)
    Checking Rule W116 (Rule 162 of total 279) .... done (Time = 0.00s, Memory = 0.0K)
    Checking Rule W122 (Rule 163 of total 279) .... done (Time = 0.00s, Memory = 0.6K)
    Checking Rule W123 (Rule 164 of total 279) .... done (Time = 0.00s, Memory = 0.9K)
    Checking Rule W71 (Rule 165 of total 279) .... done (Time = 0.00s, Memory = -24.0K)
    Checking Rule W240 (Rule 166 of total 279) .... done (Time = 0.00s, Memory = 0.0K)
    Checking Rule W240 (Rule 167 of total 279) .... done (Time = 0.00s, Memory = 0.0K)
    Checking Rule W287a (Rule 168 of total 279) .... done (Time = 0.00s, Memory = -1.0K)
    Checking Rule W293 (Rule 169 of total 279) .... done (Time = 0.00s, Memory = 0.0K)
    Checking Rule W398 (Rule 170 of total 279) .... done (Time = 0.00s, Memory = 0.8K)
    Checking Rule W424 (Rule 171 of total 279) .... done (Time = 0.00s, Memory = -1.0K)
    Checking Rule W467 (Rule 172 of total 279) .... done (Time = 0.00s, Memory = 0.0K)
    Checking Rule W505 (Rule 173 of total 279) .... done (Time = 0.00s, Memory = 0.4K)
    Checking Rule W505 (Rule 174 of total 279) .... done (Time = 0.00s, Memory = 0.0K)
    Checking Rule W528 (Rule 175 of total 279) .... done (Time = 0.00s, Memory = 0.0K)
    Checking Rule W528 (Rule 176 of total 279) .... done (Time = 0.00s, Memory = 645.8K)
    Checking Rule Prereqs_Usage (Rule 177 of total 279) .... done (Time = 0.00s, Memory = -16.0K)
    Checking Rule Postreqs_CheckFuncTask (Rule 178 of total 279) .... done (Time = 0.00s, Memory = 0.0K)
    Checking Rule Prereqs_ConstantInput-ML (Rule 179 of total 279) .... done (Time = 0.00s, Memory = 0.0K)
    Checking Rule Prereqs_ConstantInput-ML (Rule 180 of total 279) .... done (Time = 0.00s, Memory = 0.0K)
    Checking Rule ReportPortInfo-ML (Rule 181 of total 279) .... done (Time = 0.00s, Memory = 0.0K)
    Checking Rule NoAssignX-ML (Rule 182 of total 279) .... done (Time = 0.00s, Memory = 0.0K)
    Checking Rule ParamWidthMismatch-ML (Rule 183 of total 279) .... done (Time = 0.00s, Memory = 4.0K)
    Checking Rule Postreqs_Usage_ML (Rule 184 of total 279) .... done (Time = 0.00s, Memory = 0.0K)
    Checking Rule NoXInCase-ML (Rule 185 of total 279) .... done (Time = 0.00s, Memory = 0.0K)
Checking ELABDU Rules for designUnit ASYNC_FIFO
    Checking Rule syncRstReq (Rule 127 of total 279) .... done (Time = 0.00s, Memory = 0.0K)
    Checking Rule syncRstReq (Rule 128 of total 279) .... done (Time = 0.00s, Memory = 0.0K)
    Checking Rule AcOvlRtl (Rule 129 of total 279) .... done (Time = 0.00s, Memory = 4.7K)
    Checking Rule AcOvlRtl (Rule 130 of total 279) .... done (Time = 0.00s, Memory = 0.0K)
    Checking Rule Prereqs_STARC-2.3.6.1 (Rule 131 of total 279) .... done (Time = 0.00s, Memory = 0.0K)
    Checking Rule GenTopLevelBlocksForAutoSoc (Rule 132 of total 279) .... done (Time = 0.00s, Memory = 0.0K)
    Checking Rule STARC05-2.1.5.3 (Rule 133 of total 279) .... done (Time = 0.00s, Memory = 0.0K)
    Checking Rule STARC05-2.2.3.3 (Rule 134 of total 279) .... done (Time = 0.00s, Memory = 0.0K)
    Checking Rule STARC05-2.3.1.6 (Rule 135 of total 279) .... done (Time = 0.00s, Memory = 0.0K)
    Checking Rule STARC05-2.10.2.3 (Rule 136 of total 279) .... done (Time = 0.00s, Memory = -6.0K)
    Checking Rule STARC05-2.10.3.2a (Rule 137 of total 279) .... done (Time = 0.00s, Memory = 4.0K)
    Checking Rule STARC05-2.11.3.1 (Rule 138 of total 279) .... done (Time = 0.00s, Memory = 0.0K)
    Checking Rule STARC05-2.1.3.1 (Rule 139 of total 279) .... done (Time = 0.00s, Memory = 0.0K)
    Checking Rule STARC05-2.10.1.4b (Rule 140 of total 279) .... done (Time = 0.00s, Memory = 0.0K)
    Checking Rule W110 (Rule 141 of total 279) .... done (Time = 0.00s, Memory = -0.2K)
    Checking Rule W122 (Rule 142 of total 279) .... done (Time = 0.00s, Memory = 0.0K)
    Checking Rule W496a (Rule 143 of total 279) .... done (Time = 0.00s, Memory = -0.2K)
    Checking Rule W19 (Rule 144 of total 279) .... done (Time = 0.00s, Memory = 0.0K)
    Checking Rule W66 (Rule 145 of total 279) .... done (Time = 0.01s, Memory = -32.0K)
    Checking Rule W116 (Rule 146 of total 279) .... done (Time = 0.00s, Memory = 0.0K)
    Checking Rule W123 (Rule 147 of total 279) .... done (Time = 0.00s, Memory = 16.6K)
    Checking Rule W156 (Rule 148 of total 279) .... done (Time = 0.00s, Memory = 0.0K)
    Checking Rule W215 (Rule 149 of total 279) .... done (Time = 0.00s, Memory = 0.0K)
    Checking Rule W216 (Rule 150 of total 279) .... done (Time = 0.00s, Memory = 0.0K)
    Checking Rule W218 (Rule 151 of total 279) .... done (Time = 0.00s, Memory = 0.0K)
    Checking Rule W224 (Rule 152 of total 279) .... done (Time = 0.00s, Memory = 0.0K)
    Checking Rule W263 (Rule 153 of total 279) .... done (Time = 0.00s, Memory = 0.0K)
    Checking Rule W289 (Rule 154 of total 279) .... done (Time = 0.00s, Memory = 0.0K)
    Checking Rule W337 (Rule 155 of total 279) .... done (Time = 0.00s, Memory = 0.0K)
    Checking Rule W352 (Rule 156 of total 279) .... done (Time = 0.00s, Memory = -0.2K)
    Checking Rule W362 (Rule 157 of total 279) .... done (Time = 0.00s, Memory = 12.3K)
    Checking Rule W415a (Rule 158 of total 279) .... done (Time = 0.00s, Memory = 0.0K)
    Checking Rule W486 (Rule 159 of total 279) .... done (Time = 0.00s, Memory = 0.0K)
    Checking Rule W499 (Rule 160 of total 279) .... done (Time = 0.00s, Memory = 31.3K)
    Checking Rule W502 (Rule 161 of total 279) .... done (Time = 0.00s, Memory = -0.9K)
    Checking Rule W116 (Rule 162 of total 279) .... done (Time = 0.00s, Memory = 0.0K)
    Checking Rule W122 (Rule 163 of total 279) .... done (Time = 0.00s, Memory = 0.6K)
    Checking Rule W123 (Rule 164 of total 279) .... done (Time = 0.00s, Memory = 0.9K)
    Checking Rule W71 (Rule 165 of total 279) .... done (Time = 0.00s, Memory = 1.9K)
    Checking Rule W240 (Rule 166 of total 279) .... done (Time = 0.00s, Memory = 0.0K)
    Checking Rule W240 (Rule 167 of total 279) .... done (Time = 0.00s, Memory = 0.0K)
    Checking Rule W287a (Rule 168 of total 279) .... done (Time = 0.00s, Memory = 0.0K)
    Checking Rule W293 (Rule 169 of total 279) .... done (Time = 0.00s, Memory = 0.0K)
    Checking Rule W398 (Rule 170 of total 279) .... done (Time = 0.00s, Memory = 0.0K)
    Checking Rule W424 (Rule 171 of total 279) .... done (Time = 0.00s, Memory = 0.0K)
    Checking Rule W467 (Rule 172 of total 279) .... done (Time = 0.00s, Memory = 0.0K)
    Checking Rule W505 (Rule 173 of total 279) .... done (Time = 0.00s, Memory = 0.0K)
    Checking Rule W505 (Rule 174 of total 279) .... done (Time = 0.00s, Memory = 0.0K)
    Checking Rule W528 (Rule 175 of total 279) .... done (Time = 0.00s, Memory = 0.0K)
    Checking Rule W528 (Rule 176 of total 279) .... done (Time = 0.00s, Memory = 645.8K)
    Checking Rule Prereqs_Usage (Rule 177 of total 279) .... done (Time = 0.00s, Memory = -16.0K)
    Checking Rule Postreqs_CheckFuncTask (Rule 178 of total 279) .... done (Time = 0.00s, Memory = 0.0K)
    Checking Rule Prereqs_ConstantInput-ML (Rule 179 of total 279) .... done (Time = 0.00s, Memory = 0.0K)
    Checking Rule Prereqs_ConstantInput-ML (Rule 180 of total 279) .... done (Time = 0.00s, Memory = 0.0K)
    Checking Rule ReportPortInfo-ML (Rule 181 of total 279) .... done (Time = 0.00s, Memory = -32.0K)
    Checking Rule NoAssignX-ML (Rule 182 of total 279) .... done (Time = 0.00s, Memory = 0.3K)
    Checking Rule ParamWidthMismatch-ML (Rule 183 of total 279) .... done (Time = 0.00s, Memory = 0.2K)
    Checking Rule Postreqs_Usage_ML (Rule 184 of total 279) .... done (Time = 0.00s, Memory = 3.1K)
    Checking Rule NoXInCase-ML (Rule 185 of total 279) .... done (Time = 0.00s, Memory = 0.0K)
Checking ELABDU Rules for designUnit FIFO_RD
    Checking Rule syncRstReq (Rule 127 of total 279) .... done (Time = 0.00s, Memory = 0.0K)
    Checking Rule syncRstReq (Rule 128 of total 279) .... done (Time = 0.00s, Memory = 0.0K)
    Checking Rule AcOvlRtl (Rule 129 of total 279) .... done (Time = 0.00s, Memory = 13.6K)
    Checking Rule AcOvlRtl (Rule 130 of total 279) .... done (Time = 0.00s, Memory = 0.0K)
    Checking Rule Prereqs_STARC-2.3.6.1 (Rule 131 of total 279) .... done (Time = 0.00s, Memory = 0.0K)
    Checking Rule GenTopLevelBlocksForAutoSoc (Rule 132 of total 279) .... done (Time = 0.00s, Memory = 0.0K)
    Checking Rule STARC05-2.1.5.3 (Rule 133 of total 279) .... done (Time = 0.00s, Memory = 4.7K)
    Checking Rule STARC05-2.2.3.3 (Rule 134 of total 279) .... done (Time = 0.00s, Memory = 0.0K)
    Checking Rule STARC05-2.3.1.6 (Rule 135 of total 279) .... done (Time = 0.00s, Memory = 6.5K)
    Checking Rule STARC05-2.10.2.3 (Rule 136 of total 279) .... done (Time = 0.00s, Memory = -6.1K)
    Checking Rule STARC05-2.10.3.2a (Rule 137 of total 279) .... done (Time = 0.00s, Memory = -7.7K)
    Checking Rule STARC05-2.11.3.1 (Rule 138 of total 279) .... done (Time = 0.00s, Memory = 1.0K)
    Checking Rule STARC05-2.1.3.1 (Rule 139 of total 279) .... done (Time = 0.00s, Memory = 6.0K)
    Checking Rule STARC05-2.10.1.4b (Rule 140 of total 279) .... done (Time = 0.00s, Memory = 0.0K)
    Checking Rule W110 (Rule 141 of total 279) .... done (Time = 0.00s, Memory = 0.0K)
    Checking Rule W122 (Rule 142 of total 279) .... done (Time = 0.00s, Memory = 0.1K)
    Checking Rule W496a (Rule 143 of total 279) .... done (Time = 0.00s, Memory = 0.0K)
    Checking Rule W19 (Rule 144 of total 279) .... done (Time = 0.00s, Memory = 0.0K)
    Checking Rule W66 (Rule 145 of total 279) .... done (Time = 0.00s, Memory = 0.0K)
    Checking Rule W116 (Rule 146 of total 279) .... done (Time = 0.00s, Memory = 0.1K)
    Checking Rule W123 (Rule 147 of total 279) .... done (Time = 0.00s, Memory = 40.0K)
    Checking Rule W156 (Rule 148 of total 279) .... done (Time = 0.00s, Memory = 0.0K)
    Checking Rule W215 (Rule 149 of total 279) .... done (Time = 0.00s, Memory = 0.0K)
    Checking Rule W216 (Rule 150 of total 279) .... done (Time = 0.00s, Memory = -28.0K)
    Checking Rule W218 (Rule 151 of total 279) .... done (Time = 0.00s, Memory = 10.0K)
    Checking Rule W224 (Rule 152 of total 279) .... done (Time = 0.00s, Memory = 0.0K)
    Checking Rule W263 (Rule 153 of total 279) .... done (Time = 0.00s, Memory = 0.0K)
    Checking Rule W289 (Rule 154 of total 279) .... done (Time = 0.00s, Memory = -0.4K)
    Checking Rule W337 (Rule 155 of total 279) .... done (Time = 0.00s, Memory = 0.0K)
    Checking Rule W352 (Rule 156 of total 279) .... done (Time = 0.00s, Memory = -1.5K)
    Checking Rule W362 (Rule 157 of total 279) .... done (Time = 0.00s, Memory = 0.0K)
    Checking Rule W415a (Rule 158 of total 279) .... done (Time = 0.00s, Memory = -3.5K)
    Checking Rule W486 (Rule 159 of total 279) .... done (Time = 0.00s, Memory = 0.0K)
    Checking Rule W499 (Rule 160 of total 279) .... done (Time = 0.00s, Memory = 0.0K)
    Checking Rule W502 (Rule 161 of total 279) .... done (Time = 0.00s, Memory = 0.0K)
    Checking Rule W116 (Rule 162 of total 279) .... done (Time = 0.00s, Memory = 0.0K)
    Checking Rule W122 (Rule 163 of total 279) .... done (Time = 0.00s, Memory = 0.6K)
    Checking Rule W123 (Rule 164 of total 279) .... done (Time = 0.00s, Memory = 0.9K)
    Checking Rule W71 (Rule 165 of total 279) .... done (Time = 0.00s, Memory = 0.0K)
    Checking Rule W240 (Rule 166 of total 279) .... done (Time = 0.00s, Memory = 0.0K)
    Checking Rule W240 (Rule 167 of total 279) .... done (Time = 0.00s, Memory = 0.0K)
    Checking Rule W287a (Rule 168 of total 279) .... done (Time = 0.00s, Memory = -12.0K)
    Checking Rule W293 (Rule 169 of total 279) .... done (Time = 0.00s, Memory = 0.0K)
    Checking Rule W398 (Rule 170 of total 279) .... done (Time = 0.00s, Memory = 0.0K)
    Checking Rule W424 (Rule 171 of total 279) .... done (Time = 0.00s, Memory = 0.0K)
    Checking Rule W467 (Rule 172 of total 279) .... done (Time = 0.00s, Memory = 0.0K)
    Checking Rule W505 (Rule 173 of total 279) .... done (Time = 0.00s, Memory = 0.1K)
    Checking Rule W505 (Rule 174 of total 279) .... done (Time = 0.00s, Memory = 0.0K)
    Checking Rule W528 (Rule 175 of total 279) .... done (Time = 0.00s, Memory = 4.0K)
    Checking Rule W528 (Rule 176 of total 279) .... done (Time = 0.00s, Memory = 645.8K)
    Checking Rule Prereqs_Usage (Rule 177 of total 279) .... done (Time = 0.00s, Memory = -16.8K)
    Checking Rule Postreqs_CheckFuncTask (Rule 178 of total 279) .... done (Time = 0.00s, Memory = 24.0K)
    Checking Rule Prereqs_ConstantInput-ML (Rule 179 of total 279) .... done (Time = 0.00s, Memory = 0.0K)
    Checking Rule Prereqs_ConstantInput-ML (Rule 180 of total 279) .... done (Time = 0.00s, Memory = 0.0K)
    Checking Rule ReportPortInfo-ML (Rule 181 of total 279) .... done (Time = 0.00s, Memory = 0.0K)
    Checking Rule NoAssignX-ML (Rule 182 of total 279) .... done (Time = 0.00s, Memory = 0.0K)
    Checking Rule ParamWidthMismatch-ML (Rule 183 of total 279) .... done (Time = 0.00s, Memory = 0.0K)
    Checking Rule Postreqs_Usage_ML (Rule 184 of total 279) .... done (Time = 0.00s, Memory = 0.0K)
    Checking Rule NoXInCase-ML (Rule 185 of total 279) .... done (Time = 0.00s, Memory = 0.0K)
Checking ELABDU Rules for designUnit FIFO_WR
    Checking Rule syncRstReq (Rule 127 of total 279) .... done (Time = 0.00s, Memory = 0.0K)
    Checking Rule syncRstReq (Rule 128 of total 279) .... done (Time = 0.00s, Memory = 0.0K)
    Checking Rule AcOvlRtl (Rule 129 of total 279) .... done (Time = 0.00s, Memory = 0.0K)
    Checking Rule AcOvlRtl (Rule 130 of total 279) .... done (Time = 0.00s, Memory = 0.0K)
    Checking Rule Prereqs_STARC-2.3.6.1 (Rule 131 of total 279) .... done (Time = 0.00s, Memory = 0.0K)
    Checking Rule GenTopLevelBlocksForAutoSoc (Rule 132 of total 279) .... done (Time = 0.00s, Memory = 0.0K)
    Checking Rule STARC05-2.1.5.3 (Rule 133 of total 279) .... done (Time = 0.00s, Memory = 0.0K)
    Checking Rule STARC05-2.2.3.3 (Rule 134 of total 279) .... done (Time = 0.00s, Memory = 0.0K)
    Checking Rule STARC05-2.3.1.6 (Rule 135 of total 279) .... done (Time = 0.00s, Memory = -8.0K)
    Checking Rule STARC05-2.10.2.3 (Rule 136 of total 279) .... done (Time = 0.00s, Memory = -8.0K)
    Checking Rule STARC05-2.10.3.2a (Rule 137 of total 279) .... done (Time = 0.00s, Memory = 0.2K)
    Checking Rule STARC05-2.11.3.1 (Rule 138 of total 279) .... done (Time = 0.00s, Memory = 0.0K)
    Checking Rule STARC05-2.1.3.1 (Rule 139 of total 279) .... done (Time = 0.00s, Memory = 0.2K)
    Checking Rule STARC05-2.10.1.4b (Rule 140 of total 279) .... done (Time = 0.01s, Memory = 4.7K)
    Checking Rule W110 (Rule 141 of total 279) .... done (Time = 0.00s, Memory = 0.0K)
    Checking Rule W122 (Rule 142 of total 279) .... done (Time = 0.00s, Memory = -0.6K)
    Checking Rule W496a (Rule 143 of total 279) .... done (Time = 0.00s, Memory = 0.0K)
    Checking Rule W19 (Rule 144 of total 279) .... done (Time = 0.00s, Memory = 0.0K)
    Checking Rule W66 (Rule 145 of total 279) .... done (Time = 0.00s, Memory = 0.0K)
    Checking Rule W116 (Rule 146 of total 279) .... done (Time = 0.00s, Memory = 0.0K)
    Checking Rule W123 (Rule 147 of total 279) .... done (Time = 0.00s, Memory = 16.0K)
    Checking Rule W156 (Rule 148 of total 279) .... done (Time = 0.00s, Memory = 0.0K)
    Checking Rule W215 (Rule 149 of total 279) .... done (Time = 0.00s, Memory = 8.0K)
    Checking Rule W216 (Rule 150 of total 279) .... done (Time = 0.00s, Memory = 0.0K)
    Checking Rule W218 (Rule 151 of total 279) .... done (Time = 0.00s, Memory = -4.0K)
    Checking Rule W224 (Rule 152 of total 279) .... done (Time = 0.00s, Memory = 0.0K)
    Checking Rule W263 (Rule 153 of total 279) .... done (Time = 0.00s, Memory = 0.0K)
    Checking Rule W289 (Rule 154 of total 279) .... done (Time = 0.00s, Memory = 0.0K)
    Checking Rule W337 (Rule 155 of total 279) .... done (Time = 0.00s, Memory = 0.0K)
    Checking Rule W352 (Rule 156 of total 279) .... done (Time = 0.00s, Memory = 0.0K)
    Checking Rule W362 (Rule 157 of total 279) .... done (Time = 0.00s, Memory = 0.1K)
    Checking Rule W415a (Rule 158 of total 279) .... done (Time = 0.00s, Memory = 0.0K)
    Checking Rule W486 (Rule 159 of total 279) .... done (Time = 0.00s, Memory = 0.0K)
    Checking Rule W499 (Rule 160 of total 279) .... done (Time = 0.00s, Memory = 0.8K)
    Checking Rule W502 (Rule 161 of total 279) .... done (Time = 0.00s, Memory = 0.0K)
    Checking Rule W116 (Rule 162 of total 279) .... done (Time = 0.00s, Memory = 0.0K)
    Checking Rule W122 (Rule 163 of total 279) .... done (Time = 0.00s, Memory = 0.6K)
    Checking Rule W123 (Rule 164 of total 279) .... done (Time = 0.00s, Memory = 0.9K)
    Checking Rule W71 (Rule 165 of total 279) .... done (Time = 0.00s, Memory = 26.5K)
    Checking Rule W240 (Rule 166 of total 279) .... done (Time = 0.00s, Memory = 4.0K)
    Checking Rule W240 (Rule 167 of total 279) .... done (Time = 0.00s, Memory = 0.0K)
    Checking Rule W287a (Rule 168 of total 279) .... done (Time = 0.00s, Memory = -3.0K)
    Checking Rule W293 (Rule 169 of total 279) .... done (Time = 0.00s, Memory = 0.0K)
    Checking Rule W398 (Rule 170 of total 279) .... done (Time = 0.00s, Memory = 0.0K)
    Checking Rule W424 (Rule 171 of total 279) .... done (Time = 0.00s, Memory = 0.0K)
    Checking Rule W467 (Rule 172 of total 279) .... done (Time = 0.00s, Memory = 0.0K)
    Checking Rule W505 (Rule 173 of total 279) .... done (Time = 0.00s, Memory = 0.0K)
    Checking Rule W505 (Rule 174 of total 279) .... done (Time = 0.00s, Memory = 0.0K)
    Checking Rule W528 (Rule 175 of total 279) .... done (Time = 0.00s, Memory = 0.0K)
    Checking Rule W528 (Rule 176 of total 279) .... done (Time = 0.00s, Memory = 645.8K)
    Checking Rule Prereqs_Usage (Rule 177 of total 279) .... done (Time = 0.00s, Memory = -16.0K)
    Checking Rule Postreqs_CheckFuncTask (Rule 178 of total 279) .... done (Time = 0.00s, Memory = -0.9K)
    Checking Rule Prereqs_ConstantInput-ML (Rule 179 of total 279) .... done (Time = 0.00s, Memory = 0.0K)
    Checking Rule Prereqs_ConstantInput-ML (Rule 180 of total 279) .... done (Time = 0.00s, Memory = 0.0K)
    Checking Rule ReportPortInfo-ML (Rule 181 of total 279) .... done (Time = 0.00s, Memory = -4.5K)
    Checking Rule NoAssignX-ML (Rule 182 of total 279) .... done (Time = 0.00s, Memory = -0.1K)
    Checking Rule ParamWidthMismatch-ML (Rule 183 of total 279) .... done (Time = 0.00s, Memory = 0.0K)
    Checking Rule Postreqs_Usage_ML (Rule 184 of total 279) .... done (Time = 0.00s, Memory = 0.0K)
    Checking Rule NoXInCase-ML (Rule 185 of total 279) .... done (Time = 0.00s, Memory = 0.0K)
Checking ELABDU Rules for designUnit FIFO_MEM_CNTRL
    Checking Rule syncRstReq (Rule 127 of total 279) .... done (Time = 0.00s, Memory = 0.0K)
    Checking Rule syncRstReq (Rule 128 of total 279) .... done (Time = 0.00s, Memory = 0.0K)
    Checking Rule AcOvlRtl (Rule 129 of total 279) .... done (Time = 0.00s, Memory = 23.2K)
    Checking Rule AcOvlRtl (Rule 130 of total 279) .... done (Time = 0.00s, Memory = 0.0K)
    Checking Rule Prereqs_STARC-2.3.6.1 (Rule 131 of total 279) .... done (Time = 0.00s, Memory = 9.6K)
    Checking Rule GenTopLevelBlocksForAutoSoc (Rule 132 of total 279) .... done (Time = 0.00s, Memory = 0.0K)
    Checking Rule STARC05-2.1.5.3 (Rule 133 of total 279) .... done (Time = 0.00s, Memory = -24.7K)
    Checking Rule STARC05-2.2.3.3 (Rule 134 of total 279) .... done (Time = 0.00s, Memory = 3.2K)
    Checking Rule STARC05-2.3.1.6 (Rule 135 of total 279) .... done (Time = 0.00s, Memory = -0.2K)
    Checking Rule STARC05-2.10.2.3 (Rule 136 of total 279) .... done (Time = 0.00s, Memory = 0.0K)
    Checking Rule STARC05-2.10.3.2a (Rule 137 of total 279) .... done (Time = 0.00s, Memory = 0.0K)
    Checking Rule STARC05-2.11.3.1 (Rule 138 of total 279) .... done (Time = 0.00s, Memory = 0.0K)
    Checking Rule STARC05-2.1.3.1 (Rule 139 of total 279) .... done (Time = 0.00s, Memory = 0.0K)
    Checking Rule STARC05-2.10.1.4b (Rule 140 of total 279) .... done (Time = 0.00s, Memory = 1.1K)
    Checking Rule W110 (Rule 141 of total 279) .... done (Time = 0.00s, Memory = 28.7K)
    Checking Rule W122 (Rule 142 of total 279) .... done (Time = 0.00s, Memory = 0.0K)
    Checking Rule W496a (Rule 143 of total 279) .... done (Time = 0.00s, Memory = -8.0K)
    Checking Rule W19 (Rule 144 of total 279) .... done (Time = 0.00s, Memory = 7.5K)
    Checking Rule W66 (Rule 145 of total 279) .... done (Time = 0.00s, Memory = 0.0K)
    Checking Rule W116 (Rule 146 of total 279) .... done (Time = 0.00s, Memory = 0.0K)
    Checking Rule W123 (Rule 147 of total 279) .... done (Time = 0.00s, Memory = 14.5K)
    Checking Rule W156 (Rule 148 of total 279) .... done (Time = 0.00s, Memory = 0.0K)
    Checking Rule W215 (Rule 149 of total 279) .... done (Time = 0.00s, Memory = 0.0K)
    Checking Rule W216 (Rule 150 of total 279) .... done (Time = 0.00s, Memory = 0.0K)
    Checking Rule W218 (Rule 151 of total 279) .... done (Time = 0.00s, Memory = 0.0K)
    Checking Rule W224 (Rule 152 of total 279) .... done (Time = 0.00s, Memory = 0.0K)
    Checking Rule W263 (Rule 153 of total 279) .... done (Time = 0.00s, Memory = -0.2K)
    Checking Rule W289 (Rule 154 of total 279) .... done (Time = 0.00s, Memory = 0.0K)
    Checking Rule W337 (Rule 155 of total 279) .... done (Time = 0.00s, Memory = 2.5K)
    Checking Rule W352 (Rule 156 of total 279) .... done (Time = 0.00s, Memory = 0.0K)
    Checking Rule W362 (Rule 157 of total 279) .... done (Time = 0.00s, Memory = 0.0K)
    Checking Rule W415a (Rule 158 of total 279) .... done (Time = 0.00s, Memory = -24.0K)
    Checking Rule W486 (Rule 159 of total 279) .... done (Time = 0.00s, Memory = -6.2K)
    Checking Rule W499 (Rule 160 of total 279) .... done (Time = 0.00s, Memory = 0.0K)
    Checking Rule W502 (Rule 161 of total 279) .... done (Time = 0.00s, Memory = -1.1K)
    Checking Rule W116 (Rule 162 of total 279) .... done (Time = 0.00s, Memory = 0.0K)
    Checking Rule W122 (Rule 163 of total 279) .... done (Time = 0.00s, Memory = 0.6K)
    Checking Rule W123 (Rule 164 of total 279) .... done (Time = 0.00s, Memory = 0.9K)
    Checking Rule W71 (Rule 165 of total 279) .... done (Time = 0.00s, Memory = 1.2K)
    Checking Rule W240 (Rule 166 of total 279) .... done (Time = 0.00s, Memory = 1.9K)
    Checking Rule W240 (Rule 167 of total 279) .... done (Time = 0.00s, Memory = 0.0K)
    Checking Rule W287a (Rule 168 of total 279) .... done (Time = 0.00s, Memory = 0.0K)
    Checking Rule W293 (Rule 169 of total 279) .... done (Time = 0.00s, Memory = 0.0K)
    Checking Rule W398 (Rule 170 of total 279) .... done (Time = 0.00s, Memory = -3.0K)
    Checking Rule W424 (Rule 171 of total 279) .... done (Time = 0.00s, Memory = 0.0K)
    Checking Rule W467 (Rule 172 of total 279) .... done (Time = 0.00s, Memory = 0.0K)
    Checking Rule W505 (Rule 173 of total 279) .... done (Time = 0.00s, Memory = 0.0K)
    Checking Rule W505 (Rule 174 of total 279) .... done (Time = 0.00s, Memory = 0.0K)
    Checking Rule W528 (Rule 175 of total 279) .... done (Time = 0.00s, Memory = 0.0K)
    Checking Rule W528 (Rule 176 of total 279) .... done (Time = 0.00s, Memory = 645.8K)
    Checking Rule Prereqs_Usage (Rule 177 of total 279) .... done (Time = 0.00s, Memory = -12.0K)
    Checking Rule Postreqs_CheckFuncTask (Rule 178 of total 279) .... done (Time = 0.00s, Memory = 0.0K)
    Checking Rule Prereqs_ConstantInput-ML (Rule 179 of total 279) .... done (Time = 0.00s, Memory = -1.8K)
    Checking Rule Prereqs_ConstantInput-ML (Rule 180 of total 279) .... done (Time = 0.00s, Memory = 0.0K)
    Checking Rule ReportPortInfo-ML (Rule 181 of total 279) .... done (Time = 0.00s, Memory = 0.0K)
    Checking Rule NoAssignX-ML (Rule 182 of total 279) .... done (Time = 0.00s, Memory = 24.0K)
    Checking Rule ParamWidthMismatch-ML (Rule 183 of total 279) .... done (Time = 0.00s, Memory = 0.0K)
    Checking Rule Postreqs_Usage_ML (Rule 184 of total 279) .... done (Time = 0.00s, Memory = 0.0K)
    Checking Rule NoXInCase-ML (Rule 185 of total 279) .... done (Time = 0.00s, Memory = 0.0K)
Checking ELABDU Rules for designUnit DF_SYNC
    Checking Rule syncRstReq (Rule 127 of total 279) .... done (Time = 0.00s, Memory = 0.0K)
    Checking Rule syncRstReq (Rule 128 of total 279) .... done (Time = 0.00s, Memory = 0.0K)
    Checking Rule AcOvlRtl (Rule 129 of total 279) .... done (Time = 0.00s, Memory = 0.0K)
    Checking Rule AcOvlRtl (Rule 130 of total 279) .... done (Time = 0.00s, Memory = 0.0K)
    Checking Rule Prereqs_STARC-2.3.6.1 (Rule 131 of total 279) .... done (Time = 0.00s, Memory = 0.0K)
    Checking Rule GenTopLevelBlocksForAutoSoc (Rule 132 of total 279) .... done (Time = 0.00s, Memory = 0.0K)
    Checking Rule STARC05-2.1.5.3 (Rule 133 of total 279) .... done (Time = 0.00s, Memory = 0.0K)
    Checking Rule STARC05-2.2.3.3 (Rule 134 of total 279) .... done (Time = 0.00s, Memory = 32.0K)
    Checking Rule STARC05-2.3.1.6 (Rule 135 of total 279) .... done (Time = 0.00s, Memory = 0.0K)
    Checking Rule STARC05-2.10.2.3 (Rule 136 of total 279) .... done (Time = 0.00s, Memory = -8.0K)
    Checking Rule STARC05-2.10.3.2a (Rule 137 of total 279) .... done (Time = 0.00s, Memory = -20.0K)
    Checking Rule STARC05-2.11.3.1 (Rule 138 of total 279) .... done (Time = 0.00s, Memory = -0.9K)
    Checking Rule STARC05-2.1.3.1 (Rule 139 of total 279) .... done (Time = 0.00s, Memory = -1.0K)
    Checking Rule STARC05-2.10.1.4b (Rule 140 of total 279) .... done (Time = 0.00s, Memory = 36.1K)
    Checking Rule W110 (Rule 141 of total 279) .... done (Time = 0.00s, Memory = 0.0K)
    Checking Rule W122 (Rule 142 of total 279) .... done (Time = 0.00s, Memory = 0.0K)
    Checking Rule W496a (Rule 143 of total 279) .... done (Time = 0.00s, Memory = 0.0K)
    Checking Rule W19 (Rule 144 of total 279) .... done (Time = 0.00s, Memory = 0.0K)
    Checking Rule W66 (Rule 145 of total 279) .... done (Time = 0.00s, Memory = 0.0K)
    Checking Rule W116 (Rule 146 of total 279) .... done (Time = 0.00s, Memory = 0.0K)
    Checking Rule W123 (Rule 147 of total 279) .... done (Time = 0.00s, Memory = 12.0K)
    Checking Rule W156 (Rule 148 of total 279) .... done (Time = 0.00s, Memory = 0.0K)
    Checking Rule W215 (Rule 149 of total 279) .... done (Time = 0.00s, Memory = 0.0K)
    Checking Rule W216 (Rule 150 of total 279) .... done (Time = 0.00s, Memory = 0.0K)
    Checking Rule W218 (Rule 151 of total 279) .... done (Time = 0.00s, Memory = 0.0K)
    Checking Rule W224 (Rule 152 of total 279) .... done (Time = 0.00s, Memory = 0.0K)
    Checking Rule W263 (Rule 153 of total 279) .... done (Time = 0.00s, Memory = 0.0K)
    Checking Rule W289 (Rule 154 of total 279) .... done (Time = 0.00s, Memory = 0.0K)
    Checking Rule W337 (Rule 155 of total 279) .... done (Time = 0.00s, Memory = 0.0K)
    Checking Rule W352 (Rule 156 of total 279) .... done (Time = 0.00s, Memory = 0.0K)
    Checking Rule W362 (Rule 157 of total 279) .... done (Time = 0.00s, Memory = 30.1K)
    Checking Rule W415a (Rule 158 of total 279) .... done (Time = 0.00s, Memory = -8.0K)
    Checking Rule W486 (Rule 159 of total 279) .... done (Time = 0.00s, Memory = 4.0K)
    Checking Rule W499 (Rule 160 of total 279) .... done (Time = 0.00s, Memory = -32.0K)
    Checking Rule W502 (Rule 161 of total 279) .... done (Time = 0.00s, Memory = 7.3K)
    Checking Rule W116 (Rule 162 of total 279) .... done (Time = 0.00s, Memory = 0.0K)
    Checking Rule W122 (Rule 163 of total 279) .... done (Time = 0.00s, Memory = 0.6K)
    Checking Rule W123 (Rule 164 of total 279) .... done (Time = 0.00s, Memory = 0.9K)
    Checking Rule W71 (Rule 165 of total 279) .... done (Time = 0.00s, Memory = 0.0K)
    Checking Rule W240 (Rule 166 of total 279) .... done (Time = 0.00s, Memory = -0.0K)
    Checking Rule W240 (Rule 167 of total 279) .... done (Time = 0.00s, Memory = 0.0K)
    Checking Rule W287a (Rule 168 of total 279) .... done (Time = 0.00s, Memory = 0.0K)
    Checking Rule W293 (Rule 169 of total 279) .... done (Time = 0.00s, Memory = 0.0K)
    Checking Rule W398 (Rule 170 of total 279) .... done (Time = 0.00s, Memory = 0.0K)
    Checking Rule W424 (Rule 171 of total 279) .... done (Time = 0.00s, Memory = 0.0K)
    Checking Rule W467 (Rule 172 of total 279) .... done (Time = 0.00s, Memory = 0.0K)
    Checking Rule W505 (Rule 173 of total 279) .... done (Time = 0.00s, Memory = -0.0K)
    Checking Rule W505 (Rule 174 of total 279) .... done (Time = 0.00s, Memory = 0.0K)
    Checking Rule W528 (Rule 175 of total 279) .... done (Time = 0.00s, Memory = 0.0K)
    Checking Rule W528 (Rule 176 of total 279) .... done (Time = 0.00s, Memory = 645.8K)
    Checking Rule Prereqs_Usage (Rule 177 of total 279) .... done (Time = 0.00s, Memory = -16.0K)
    Checking Rule Postreqs_CheckFuncTask (Rule 178 of total 279) .... done (Time = 0.00s, Memory = 0.0K)
    Checking Rule Prereqs_ConstantInput-ML (Rule 179 of total 279) .... done (Time = 0.00s, Memory = 4.0K)
    Checking Rule Prereqs_ConstantInput-ML (Rule 180 of total 279) .... done (Time = 0.00s, Memory = 0.0K)
    Checking Rule ReportPortInfo-ML (Rule 181 of total 279) .... done (Time = 0.00s, Memory = -24.0K)
    Checking Rule NoAssignX-ML (Rule 182 of total 279) .... done (Time = 0.00s, Memory = -7.0K)
    Checking Rule ParamWidthMismatch-ML (Rule 183 of total 279) .... done (Time = 0.00s, Memory = 0.0K)
    Checking Rule Postreqs_Usage_ML (Rule 184 of total 279) .... done (Time = 0.00s, Memory = 0.0K)
    Checking Rule NoXInCase-ML (Rule 185 of total 279) .... done (Time = 0.00s, Memory = 0.0K)
Checking ELABDU Rules for designUnit Pulse_Gen
    Checking Rule syncRstReq (Rule 127 of total 279) .... done (Time = 0.00s, Memory = 0.0K)
    Checking Rule syncRstReq (Rule 128 of total 279) .... done (Time = 0.00s, Memory = 0.0K)
    Checking Rule AcOvlRtl (Rule 129 of total 279) .... done (Time = 0.00s, Memory = 0.0K)
    Checking Rule AcOvlRtl (Rule 130 of total 279) .... done (Time = 0.00s, Memory = 0.0K)
    Checking Rule Prereqs_STARC-2.3.6.1 (Rule 131 of total 279) .... done (Time = 0.00s, Memory = 0.0K)
    Checking Rule GenTopLevelBlocksForAutoSoc (Rule 132 of total 279) .... done (Time = 0.00s, Memory = 15.5K)
    Checking Rule STARC05-2.1.5.3 (Rule 133 of total 279) .... done (Time = 0.00s, Memory = 0.0K)
    Checking Rule STARC05-2.2.3.3 (Rule 134 of total 279) .... done (Time = 0.00s, Memory = -5.4K)
    Checking Rule STARC05-2.3.1.6 (Rule 135 of total 279) .... done (Time = 0.00s, Memory = 0.0K)
    Checking Rule STARC05-2.10.2.3 (Rule 136 of total 279) .... done (Time = 0.00s, Memory = 0.0K)
    Checking Rule STARC05-2.10.3.2a (Rule 137 of total 279) .... done (Time = 0.00s, Memory = 0.0K)
    Checking Rule STARC05-2.11.3.1 (Rule 138 of total 279) .... done (Time = 0.00s, Memory = 0.0K)
    Checking Rule STARC05-2.1.3.1 (Rule 139 of total 279) .... done (Time = 0.00s, Memory = 0.0K)
    Checking Rule STARC05-2.10.1.4b (Rule 140 of total 279) .... done (Time = 0.00s, Memory = 0.0K)
    Checking Rule W110 (Rule 141 of total 279) .... done (Time = 0.00s, Memory = 0.0K)
    Checking Rule W122 (Rule 142 of total 279) .... done (Time = 0.00s, Memory = -0.7K)
    Checking Rule W496a (Rule 143 of total 279) .... done (Time = 0.00s, Memory = 3.1K)
    Checking Rule W19 (Rule 144 of total 279) .... done (Time = 0.00s, Memory = 0.0K)
    Checking Rule W66 (Rule 145 of total 279) .... done (Time = 0.00s, Memory = 0.0K)
    Checking Rule W116 (Rule 146 of total 279) .... done (Time = 0.00s, Memory = 0.0K)
    Checking Rule W123 (Rule 147 of total 279) .... done (Time = 0.00s, Memory = 16.0K)
    Checking Rule W156 (Rule 148 of total 279) .... done (Time = 0.00s, Memory = 0.0K)
    Checking Rule W215 (Rule 149 of total 279) .... done (Time = 0.00s, Memory = 4.7K)
    Checking Rule W216 (Rule 150 of total 279) .... done (Time = 0.00s, Memory = 0.0K)
    Checking Rule W218 (Rule 151 of total 279) .... done (Time = 0.00s, Memory = -2.8K)
    Checking Rule W224 (Rule 152 of total 279) .... done (Time = 0.00s, Memory = 0.0K)
    Checking Rule W263 (Rule 153 of total 279) .... done (Time = 0.00s, Memory = 0.0K)
    Checking Rule W289 (Rule 154 of total 279) .... done (Time = 0.00s, Memory = 4.0K)
    Checking Rule W337 (Rule 155 of total 279) .... done (Time = 0.00s, Memory = -8.0K)
    Checking Rule W352 (Rule 156 of total 279) .... done (Time = 0.00s, Memory = 0.0K)
    Checking Rule W362 (Rule 157 of total 279) .... done (Time = 0.00s, Memory = 0.0K)
    Checking Rule W415a (Rule 158 of total 279) .... done (Time = 0.00s, Memory = 0.0K)
    Checking Rule W486 (Rule 159 of total 279) .... done (Time = 0.00s, Memory = 0.0K)
    Checking Rule W499 (Rule 160 of total 279) .... done (Time = 0.00s, Memory = 0.0K)
    Checking Rule W502 (Rule 161 of total 279) .... done (Time = 0.00s, Memory = 0.0K)
    Checking Rule W116 (Rule 162 of total 279) .... done (Time = 0.00s, Memory = 0.0K)
    Checking Rule W122 (Rule 163 of total 279) .... done (Time = 0.00s, Memory = 0.6K)
    Checking Rule W123 (Rule 164 of total 279) .... done (Time = 0.00s, Memory = 0.9K)
    Checking Rule W71 (Rule 165 of total 279) .... done (Time = 0.00s, Memory = 0.0K)
    Checking Rule W240 (Rule 166 of total 279) .... done (Time = 0.00s, Memory = 0.0K)
    Checking Rule W240 (Rule 167 of total 279) .... done (Time = 0.00s, Memory = 0.0K)
    Checking Rule W287a (Rule 168 of total 279) .... done (Time = 0.00s, Memory = 0.0K)
    Checking Rule W293 (Rule 169 of total 279) .... done (Time = 0.00s, Memory = 0.0K)
    Checking Rule W398 (Rule 170 of total 279) .... done (Time = 0.00s, Memory = 4.0K)
    Checking Rule W424 (Rule 171 of total 279) .... done (Time = 0.00s, Memory = 0.0K)
    Checking Rule W467 (Rule 172 of total 279) .... done (Time = 0.00s, Memory = -0.3K)
    Checking Rule W505 (Rule 173 of total 279) .... done (Time = 0.00s, Memory = -24.0K)
    Checking Rule W505 (Rule 174 of total 279) .... done (Time = 0.00s, Memory = 0.0K)
    Checking Rule W528 (Rule 175 of total 279) .... done (Time = 0.00s, Memory = -0.4K)
    Checking Rule W528 (Rule 176 of total 279) .... done (Time = 0.00s, Memory = 645.8K)
    Checking Rule Prereqs_Usage (Rule 177 of total 279) .... done (Time = 0.00s, Memory = -16.9K)
    Checking Rule Postreqs_CheckFuncTask (Rule 178 of total 279) .... done (Time = 0.00s, Memory = 0.0K)
    Checking Rule Prereqs_ConstantInput-ML (Rule 179 of total 279) .... done (Time = 0.00s, Memory = 0.0K)
    Checking Rule Prereqs_ConstantInput-ML (Rule 180 of total 279) .... done (Time = 0.00s, Memory = 0.0K)
    Checking Rule ReportPortInfo-ML (Rule 181 of total 279) .... done (Time = 0.00s, Memory = 0.0K)
    Checking Rule NoAssignX-ML (Rule 182 of total 279) .... done (Time = 0.00s, Memory = 0.0K)
    Checking Rule ParamWidthMismatch-ML (Rule 183 of total 279) .... done (Time = 0.00s, Memory = 0.0K)
    Checking Rule Postreqs_Usage_ML (Rule 184 of total 279) .... done (Time = 0.00s, Memory = -8.8K)
    Checking Rule NoXInCase-ML (Rule 185 of total 279) .... done (Time = 0.00s, Memory = 0.0K)
Checking Rule SGDC_meta_design_hier01 (Rule 186 of total 279) .... done (Time = 0.00s, Memory = 0.2K)
 Synthesizing Library Cells specified through SgLib  ......
 Synthesis of Library Cells specified through SgLib completed 
 Synthesizing module: Pulse_Gen (elaborated name: Pulse_Gen) ... (Module 1 of total 29)  done 
 Synthesizing module: DF_SYNC (elaborated name: DF_SYNC) ... (Module 2 of total 29)  done 
 Synthesizing module: FIFO_MEM_CNTRL (elaborated name: FIFO_MEM_CNTRL) ... (Module 3 of total 29)  done 
 Synthesizing module: FIFO_WR (elaborated name: FIFO_WR) ... (Module 4 of total 29)  done 
 Synthesizing module: FIFO_RD (elaborated name: FIFO_RD) ... (Module 5 of total 29)  done 
 Synthesizing module: ASYNC_FIFO (elaborated name: ASYNC_FIFO) ... (Module 6 of total 29)  done 
 Synthesizing module: ALU (elaborated name: ALU) ... (Module 7 of total 29)  done 
 Synthesizing module: CLK_GATE (elaborated name: CLK_GATE) ... (Module 8 of total 29)  done 
 Synthesizing module: regfile (elaborated name: regfile) ... (Module 9 of total 29)  done 
 Synthesizing module: SYS_CTRL (elaborated name: SYS_CTRL) ... (Module 10 of total 29)  done 
 Synthesizing module: DATA_SYNC (elaborated name: DATA_SYNC) ... (Module 11 of total 29)  done 
 Synthesizing module: FSM_RX (elaborated name: FSM_RX) ... (Module 12 of total 29)  done 
 Synthesizing module: edge_bit_counter (elaborated name: edge_bit_counter) ... (Module 13 of total 29)  done 
 Synthesizing module: deserializer (elaborated name: deserializer) ... (Module 14 of total 29)  done 
 Synthesizing module: data_sampling (elaborated name: data_sampling) ... (Module 15 of total 29)  done 
 Synthesizing module: stop_checker (elaborated name: stop_checker) ... (Module 16 of total 29)  done 
 Synthesizing module: strt_checker (elaborated name: strt_checker) ... (Module 17 of total 29)  done 
 Synthesizing module: parity_checker (elaborated name: parity_checker) ... (Module 18 of total 29)  done 
 Synthesizing module: UART_RX (elaborated name: UART_RX) ... (Module 19 of total 29)  done 
 Synthesizing module: FSM_TX (elaborated name: FSM_TX) ... (Module 20 of total 29)  done 
 Synthesizing module: Serializer (elaborated name: Serializer) ... (Module 21 of total 29)  done 
 Synthesizing module: Parity_Calc (elaborated name: Parity_Calc) ... (Module 22 of total 29)  done 
 Synthesizing module: MUX (elaborated name: MUX) ... (Module 23 of total 29)  done 
 Synthesizing module: UART_TX (elaborated name: UART_TX) ... (Module 24 of total 29)  done 
 Synthesizing module: UART (elaborated name: UART) ... (Module 25 of total 29)  done 
 Synthesizing module: RST_SYNC (elaborated name: RST_SYNC) ... (Module 26 of total 29)  done 
 Synthesizing module: CLK_DIV (elaborated name: CLK_DIV) ... (Module 27 of total 29)  done 
 Synthesizing module: prescale_mux (elaborated name: prescale_mux) ... (Module 28 of total 29)  done 
 Synthesizing module: SYSTEM_TOP (elaborated name: SYSTEM_TOP) ... (Module 29 of total 29)  done 
 Synthesis completed.
Checking Rule InferBlackBox (Rule 187 of total 279) .... done (Time = 0.00s, Memory = -8.2K)

INFO [234]    Saving design database in directory './spyglass-1/.SG_SaveRestoreDB/autogenerated__default_snapshot' ...
              done

Checking Rule SGDC_waive37 (Rule 188 of total 279) .... done (Time = 0.00s, Memory = 0.0K)
Checking Rule SGDC_waive24 (Rule 189 of total 279) .... done (Time = 0.00s, Memory = 2.5K)
Checking Rule SGDC_waive25 (Rule 190 of total 279) .... done (Time = 0.00s, Memory = 4.0K)
Checking Rule SGDC_waive31 (Rule 191 of total 279) .... done (Time = 0.00s, Memory = 0.0K)
Checking Rule SGDC_waive35 (Rule 192 of total 279) .... done (Time = 0.00s, Memory = 1.6K)
Checking Rule ReportSglibSummary (Rule 193 of total 279) .... done (Time = 0.00s, Memory = 0.0K)
Checking Rule Txv_SvaSetup01 for module Pulse_Gen (Rule 194 of total 279) .... done (Time = 0.00s, Memory = 0.0K)
Checking Rule PESVASETUP01 for module Pulse_Gen (Rule 195 of total 279) .... done (Time = 0.00s, Memory = 0.0K)
Checking Rule _cdc_save_license01 for module Pulse_Gen (Rule 196 of total 279) .... done (Time = 0.00s, Memory = 0.0K)
Checking Rule Reset_check05 for module Pulse_Gen (Rule 197 of total 279) .... done (Time = 0.00s, Memory = 0.0K)
Checking Rule _syncResetStyleRTL for module Pulse_Gen (Rule 198 of total 279) .... done (Time = 0.00s, Memory = 0.0K)
Checking Rule _meta_delay01 for module Pulse_Gen (Rule 199 of total 279) .... done (Time = 0.00s, Memory = 0.0K)
Checking Rule Ac_svasetup01 for module Pulse_Gen (Rule 200 of total 279) .... done (Time = 0.00s, Memory = 0.0K)
Checking Rule LogNMuxPrereq for module Pulse_Gen (Rule 201 of total 279) .... done (Time = 0.00s, Memory = 0.0K)
Checking Rule STARC-1.3.2.2_prereq for module Pulse_Gen (Rule 202 of total 279) .... done (Time = 0.00s, Memory = 0.0K)
Checking Rule W336 for module Pulse_Gen (Rule 203 of total 279) .... done (Time = 0.00s, Memory = 0.0K)
Checking Rule W414 for module Pulse_Gen (Rule 204 of total 279) .... done (Time = 0.00s, Memory = 0.0K)
Checking Rule W450L for module Pulse_Gen (Rule 205 of total 279) .... done (Time = 0.00s, Memory = 0.0K)
Checking Rule HangingNetPreReq-ML for module Pulse_Gen (Rule 206 of total 279) .... done (Time = 0.00s, Memory = 0.0K)
Checking Rule RegInputOutput-ML for module Pulse_Gen (Rule 207 of total 279) .... done (Time = 0.00s, Memory = 0.0K)
Checking Rule STARC05-2.5.1.7 for module Pulse_Gen (Rule 208 of total 279) .... done (Time = 0.00s, Memory = 0.0K)
Checking Rule STARC05-2.5.1.9 for module Pulse_Gen (Rule 209 of total 279) .... done (Time = 0.00s, Memory = 0.0K)
Checking Rule Txv_SvaSetup01 for module DF_SYNC (Rule 194 of total 279) .... done (Time = 0.00s, Memory = 0.0K)
Checking Rule PESVASETUP01 for module DF_SYNC (Rule 195 of total 279) .... done (Time = 0.00s, Memory = 0.0K)
Checking Rule _cdc_save_license01 for module DF_SYNC (Rule 196 of total 279) .... done (Time = 0.00s, Memory = 0.0K)
Checking Rule Reset_check05 for module DF_SYNC (Rule 197 of total 279) .... done (Time = 0.00s, Memory = 0.0K)
Checking Rule _syncResetStyleRTL for module DF_SYNC (Rule 198 of total 279) .... done (Time = 0.00s, Memory = 0.0K)
Checking Rule _meta_delay01 for module DF_SYNC (Rule 199 of total 279) .... done (Time = 0.00s, Memory = 0.0K)
Checking Rule Ac_svasetup01 for module DF_SYNC (Rule 200 of total 279) .... done (Time = 0.00s, Memory = 0.0K)
Checking Rule LogNMuxPrereq for module DF_SYNC (Rule 201 of total 279) .... done (Time = 0.00s, Memory = 0.0K)
Checking Rule STARC-1.3.2.2_prereq for module DF_SYNC (Rule 202 of total 279) .... done (Time = 0.00s, Memory = 0.0K)
Checking Rule W336 for module DF_SYNC (Rule 203 of total 279) .... done (Time = 0.00s, Memory = 0.0K)
Checking Rule W414 for module DF_SYNC (Rule 204 of total 279) .... done (Time = 0.00s, Memory = 0.0K)
Checking Rule W450L for module DF_SYNC (Rule 205 of total 279) .... done (Time = 0.00s, Memory = 0.0K)
Checking Rule HangingNetPreReq-ML for module DF_SYNC (Rule 206 of total 279) .... done (Time = 0.00s, Memory = 0.0K)
Checking Rule RegInputOutput-ML for module DF_SYNC (Rule 207 of total 279) .... done (Time = 0.00s, Memory = 0.0K)
Checking Rule STARC05-2.5.1.7 for module DF_SYNC (Rule 208 of total 279) .... done (Time = 0.00s, Memory = 0.0K)
Checking Rule STARC05-2.5.1.9 for module DF_SYNC (Rule 209 of total 279) .... done (Time = 0.00s, Memory = 0.0K)
Checking Rule Txv_SvaSetup01 for module FIFO_MEM_CNTRL (Rule 194 of total 279) .... done (Time = 0.00s, Memory = 0.0K)
Checking Rule PESVASETUP01 for module FIFO_MEM_CNTRL (Rule 195 of total 279) .... done (Time = 0.00s, Memory = 0.0K)
Checking Rule _cdc_save_license01 for module FIFO_MEM_CNTRL (Rule 196 of total 279) .... done (Time = 0.00s, Memory = 0.0K)
Checking Rule Reset_check05 for module FIFO_MEM_CNTRL (Rule 197 of total 279) .... done (Time = 0.00s, Memory = 0.0K)
Checking Rule _syncResetStyleRTL for module FIFO_MEM_CNTRL (Rule 198 of total 279) .... done (Time = 0.00s, Memory = 0.0K)
Checking Rule _meta_delay01 for module FIFO_MEM_CNTRL (Rule 199 of total 279) .... done (Time = 0.00s, Memory = 0.0K)
Checking Rule Ac_svasetup01 for module FIFO_MEM_CNTRL (Rule 200 of total 279) .... done (Time = 0.00s, Memory = 0.0K)
Checking Rule LogNMuxPrereq for module FIFO_MEM_CNTRL (Rule 201 of total 279) .... done (Time = 0.00s, Memory = 0.0K)
Checking Rule STARC-1.3.2.2_prereq for module FIFO_MEM_CNTRL (Rule 202 of total 279) .... done (Time = 0.00s, Memory = 0.0K)
Checking Rule W336 for module FIFO_MEM_CNTRL (Rule 203 of total 279) .... done (Time = 0.00s, Memory = 0.0K)
Checking Rule W414 for module FIFO_MEM_CNTRL (Rule 204 of total 279) .... done (Time = 0.00s, Memory = 0.0K)
Checking Rule W450L for module FIFO_MEM_CNTRL (Rule 205 of total 279) .... done (Time = 0.00s, Memory = 0.0K)
Checking Rule HangingNetPreReq-ML for module FIFO_MEM_CNTRL (Rule 206 of total 279) .... done (Time = 0.00s, Memory = 0.0K)
Checking Rule RegInputOutput-ML for module FIFO_MEM_CNTRL (Rule 207 of total 279) .... done (Time = 0.00s, Memory = 0.0K)
Checking Rule STARC05-2.5.1.7 for module FIFO_MEM_CNTRL (Rule 208 of total 279) .... done (Time = 0.00s, Memory = 0.0K)
Checking Rule STARC05-2.5.1.9 for module FIFO_MEM_CNTRL (Rule 209 of total 279) .... done (Time = 0.00s, Memory = 0.0K)
Checking Rule Txv_SvaSetup01 for module FIFO_WR (Rule 194 of total 279) .... done (Time = 0.00s, Memory = 0.0K)
Checking Rule PESVASETUP01 for module FIFO_WR (Rule 195 of total 279) .... done (Time = 0.00s, Memory = 0.0K)
Checking Rule _cdc_save_license01 for module FIFO_WR (Rule 196 of total 279) .... done (Time = 0.00s, Memory = 0.0K)
Checking Rule Reset_check05 for module FIFO_WR (Rule 197 of total 279) .... done (Time = 0.00s, Memory = 0.0K)
Checking Rule _syncResetStyleRTL for module FIFO_WR (Rule 198 of total 279) .... done (Time = 0.00s, Memory = 0.0K)
Checking Rule _meta_delay01 for module FIFO_WR (Rule 199 of total 279) .... done (Time = 0.00s, Memory = 0.0K)
Checking Rule Ac_svasetup01 for module FIFO_WR (Rule 200 of total 279) .... done (Time = 0.00s, Memory = 0.0K)
Checking Rule LogNMuxPrereq for module FIFO_WR (Rule 201 of total 279) .... done (Time = 0.00s, Memory = 0.0K)
Checking Rule STARC-1.3.2.2_prereq for module FIFO_WR (Rule 202 of total 279) .... done (Time = 0.00s, Memory = 0.0K)
Checking Rule W336 for module FIFO_WR (Rule 203 of total 279) .... done (Time = 0.00s, Memory = 0.0K)
Checking Rule W414 for module FIFO_WR (Rule 204 of total 279) .... done (Time = 0.00s, Memory = 0.0K)
Checking Rule W450L for module FIFO_WR (Rule 205 of total 279) .... done (Time = 0.00s, Memory = 0.0K)
Checking Rule HangingNetPreReq-ML for module FIFO_WR (Rule 206 of total 279) .... done (Time = 0.00s, Memory = 0.0K)
Checking Rule RegInputOutput-ML for module FIFO_WR (Rule 207 of total 279) .... done (Time = 0.00s, Memory = 0.0K)
Checking Rule STARC05-2.5.1.7 for module FIFO_WR (Rule 208 of total 279) .... done (Time = 0.00s, Memory = 0.0K)
Checking Rule STARC05-2.5.1.9 for module FIFO_WR (Rule 209 of total 279) .... done (Time = 0.00s, Memory = 0.0K)
Checking Rule Txv_SvaSetup01 for module FIFO_RD (Rule 194 of total 279) .... done (Time = 0.00s, Memory = 0.0K)
Checking Rule PESVASETUP01 for module FIFO_RD (Rule 195 of total 279) .... done (Time = 0.00s, Memory = 0.0K)
Checking Rule _cdc_save_license01 for module FIFO_RD (Rule 196 of total 279) .... done (Time = 0.00s, Memory = 0.0K)
Checking Rule Reset_check05 for module FIFO_RD (Rule 197 of total 279) .... done (Time = 0.00s, Memory = 0.0K)
Checking Rule _syncResetStyleRTL for module FIFO_RD (Rule 198 of total 279) .... done (Time = 0.00s, Memory = 0.0K)
Checking Rule _meta_delay01 for module FIFO_RD (Rule 199 of total 279) .... done (Time = 0.00s, Memory = 0.0K)
Checking Rule Ac_svasetup01 for module FIFO_RD (Rule 200 of total 279) .... done (Time = 0.00s, Memory = 0.0K)
Checking Rule LogNMuxPrereq for module FIFO_RD (Rule 201 of total 279) .... done (Time = 0.00s, Memory = 0.0K)
Checking Rule STARC-1.3.2.2_prereq for module FIFO_RD (Rule 202 of total 279) .... done (Time = 0.00s, Memory = 0.0K)
Checking Rule W336 for module FIFO_RD (Rule 203 of total 279) .... done (Time = 0.00s, Memory = 0.0K)
Checking Rule W414 for module FIFO_RD (Rule 204 of total 279) .... done (Time = 0.00s, Memory = 0.0K)
Checking Rule W450L for module FIFO_RD (Rule 205 of total 279) .... done (Time = 0.00s, Memory = 0.0K)
Checking Rule HangingNetPreReq-ML for module FIFO_RD (Rule 206 of total 279) .... done (Time = 0.00s, Memory = 0.0K)
Checking Rule RegInputOutput-ML for module FIFO_RD (Rule 207 of total 279) .... done (Time = 0.00s, Memory = 0.0K)
Checking Rule STARC05-2.5.1.7 for module FIFO_RD (Rule 208 of total 279) .... done (Time = 0.00s, Memory = 0.0K)
Checking Rule STARC05-2.5.1.9 for module FIFO_RD (Rule 209 of total 279) .... done (Time = 0.00s, Memory = 0.0K)
Checking Rule Txv_SvaSetup01 for module ASYNC_FIFO (Rule 194 of total 279) .... done (Time = 0.00s, Memory = 0.0K)
Checking Rule PESVASETUP01 for module ASYNC_FIFO (Rule 195 of total 279) .... done (Time = 0.00s, Memory = 0.0K)
Checking Rule _cdc_save_license01 for module ASYNC_FIFO (Rule 196 of total 279) .... done (Time = 0.00s, Memory = 0.0K)
Checking Rule Reset_check05 for module ASYNC_FIFO (Rule 197 of total 279) .... done (Time = 0.00s, Memory = 0.0K)
Checking Rule _syncResetStyleRTL for module ASYNC_FIFO (Rule 198 of total 279) .... done (Time = 0.00s, Memory = 0.0K)
Checking Rule _meta_delay01 for module ASYNC_FIFO (Rule 199 of total 279) .... done (Time = 0.00s, Memory = 0.0K)
Checking Rule Ac_svasetup01 for module ASYNC_FIFO (Rule 200 of total 279) .... done (Time = 0.00s, Memory = 0.0K)
Checking Rule LogNMuxPrereq for module ASYNC_FIFO (Rule 201 of total 279) .... done (Time = 0.00s, Memory = 0.0K)
Checking Rule STARC-1.3.2.2_prereq for module ASYNC_FIFO (Rule 202 of total 279) .... done (Time = 0.00s, Memory = 0.0K)
Checking Rule W336 for module ASYNC_FIFO (Rule 203 of total 279) .... done (Time = 0.00s, Memory = 0.0K)
Checking Rule W414 for module ASYNC_FIFO (Rule 204 of total 279) .... done (Time = 0.00s, Memory = 0.0K)
Checking Rule W450L for module ASYNC_FIFO (Rule 205 of total 279) .... done (Time = 0.00s, Memory = 0.0K)
Checking Rule HangingNetPreReq-ML for module ASYNC_FIFO (Rule 206 of total 279) .... done (Time = 0.00s, Memory = 0.0K)
Checking Rule RegInputOutput-ML for module ASYNC_FIFO (Rule 207 of total 279) .... done (Time = 0.00s, Memory = 0.0K)
Checking Rule STARC05-2.5.1.7 for module ASYNC_FIFO (Rule 208 of total 279) .... done (Time = 0.00s, Memory = 0.0K)
Checking Rule STARC05-2.5.1.9 for module ASYNC_FIFO (Rule 209 of total 279) .... done (Time = 0.00s, Memory = 0.0K)
Checking Rule Txv_SvaSetup01 for module ALU (Rule 194 of total 279) .... done (Time = 0.00s, Memory = 0.0K)
Checking Rule PESVASETUP01 for module ALU (Rule 195 of total 279) .... done (Time = 0.00s, Memory = 0.0K)
Checking Rule _cdc_save_license01 for module ALU (Rule 196 of total 279) .... done (Time = 0.00s, Memory = 0.0K)
Checking Rule Reset_check05 for module ALU (Rule 197 of total 279) .... done (Time = 0.00s, Memory = 0.0K)
Checking Rule _syncResetStyleRTL for module ALU (Rule 198 of total 279) .... done (Time = 0.00s, Memory = 0.0K)
Checking Rule _meta_delay01 for module ALU (Rule 199 of total 279) .... done (Time = 0.00s, Memory = 0.0K)
Checking Rule Ac_svasetup01 for module ALU (Rule 200 of total 279) .... done (Time = 0.00s, Memory = 0.0K)
Checking Rule LogNMuxPrereq for module ALU (Rule 201 of total 279) .... done (Time = 0.00s, Memory = 0.0K)
Checking Rule STARC-1.3.2.2_prereq for module ALU (Rule 202 of total 279) .... done (Time = 0.00s, Memory = 0.0K)
Checking Rule W336 for module ALU (Rule 203 of total 279) .... done (Time = 0.00s, Memory = 0.0K)
Checking Rule W414 for module ALU (Rule 204 of total 279) .... done (Time = 0.00s, Memory = 0.0K)
Checking Rule W450L for module ALU (Rule 205 of total 279) .... done (Time = 0.00s, Memory = 0.0K)
Checking Rule HangingNetPreReq-ML for module ALU (Rule 206 of total 279) .... done (Time = 0.00s, Memory = 0.0K)
Checking Rule RegInputOutput-ML for module ALU (Rule 207 of total 279) .... done (Time = 0.00s, Memory = 0.0K)
Checking Rule STARC05-2.5.1.7 for module ALU (Rule 208 of total 279) .... done (Time = 0.00s, Memory = 0.0K)
Checking Rule STARC05-2.5.1.9 for module ALU (Rule 209 of total 279) .... done (Time = 0.00s, Memory = 0.0K)
Checking Rule Txv_SvaSetup01 for module CLK_GATE (Rule 194 of total 279) .... done (Time = 0.00s, Memory = 0.0K)
Checking Rule PESVASETUP01 for module CLK_GATE (Rule 195 of total 279) .... done (Time = 0.00s, Memory = 0.0K)
Checking Rule _cdc_save_license01 for module CLK_GATE (Rule 196 of total 279) .... done (Time = 0.00s, Memory = 0.0K)
Checking Rule Reset_check05 for module CLK_GATE (Rule 197 of total 279) .... done (Time = 0.00s, Memory = 0.0K)
Checking Rule _syncResetStyleRTL for module CLK_GATE (Rule 198 of total 279) .... done (Time = 0.00s, Memory = 0.0K)
Checking Rule _meta_delay01 for module CLK_GATE (Rule 199 of total 279) .... done (Time = 0.00s, Memory = 0.0K)
Checking Rule Ac_svasetup01 for module CLK_GATE (Rule 200 of total 279) .... done (Time = 0.00s, Memory = 0.0K)
Checking Rule LogNMuxPrereq for module CLK_GATE (Rule 201 of total 279) .... done (Time = 0.00s, Memory = 0.0K)
Checking Rule STARC-1.3.2.2_prereq for module CLK_GATE (Rule 202 of total 279) .... done (Time = 0.00s, Memory = 0.0K)
Checking Rule W336 for module CLK_GATE (Rule 203 of total 279) .... done (Time = 0.00s, Memory = 0.0K)
Checking Rule W414 for module CLK_GATE (Rule 204 of total 279) .... done (Time = 0.00s, Memory = 0.0K)
Checking Rule W450L for module CLK_GATE (Rule 205 of total 279) .... done (Time = 0.00s, Memory = 0.0K)
Checking Rule HangingNetPreReq-ML for module CLK_GATE (Rule 206 of total 279) .... done (Time = 0.00s, Memory = 0.0K)
Checking Rule RegInputOutput-ML for module CLK_GATE (Rule 207 of total 279) .... done (Time = 0.00s, Memory = 0.0K)
Checking Rule STARC05-2.5.1.7 for module CLK_GATE (Rule 208 of total 279) .... done (Time = 0.00s, Memory = 0.0K)
Checking Rule STARC05-2.5.1.9 for module CLK_GATE (Rule 209 of total 279) .... done (Time = 0.00s, Memory = 0.0K)
Checking Rule Txv_SvaSetup01 for module regfile (Rule 194 of total 279) .... done (Time = 0.00s, Memory = 0.0K)
Checking Rule PESVASETUP01 for module regfile (Rule 195 of total 279) .... done (Time = 0.00s, Memory = 0.0K)
Checking Rule _cdc_save_license01 for module regfile (Rule 196 of total 279) .... done (Time = 0.00s, Memory = 0.0K)
Checking Rule Reset_check05 for module regfile (Rule 197 of total 279) .... done (Time = 0.00s, Memory = 0.0K)
Checking Rule _syncResetStyleRTL for module regfile (Rule 198 of total 279) .... done (Time = 0.00s, Memory = 0.0K)
Checking Rule _meta_delay01 for module regfile (Rule 199 of total 279) .... done (Time = 0.00s, Memory = 0.0K)
Checking Rule Ac_svasetup01 for module regfile (Rule 200 of total 279) .... done (Time = 0.00s, Memory = 0.0K)
Checking Rule LogNMuxPrereq for module regfile (Rule 201 of total 279) .... done (Time = 0.00s, Memory = 0.0K)
Checking Rule STARC-1.3.2.2_prereq for module regfile (Rule 202 of total 279) .... done (Time = 0.00s, Memory = 0.0K)
Checking Rule W336 for module regfile (Rule 203 of total 279) .... done (Time = 0.00s, Memory = 0.0K)
Checking Rule W414 for module regfile (Rule 204 of total 279) .... done (Time = 0.00s, Memory = 0.0K)
Checking Rule W450L for module regfile (Rule 205 of total 279) .... done (Time = 0.00s, Memory = 0.0K)
Checking Rule HangingNetPreReq-ML for module regfile (Rule 206 of total 279) .... done (Time = 0.00s, Memory = 0.0K)
Checking Rule RegInputOutput-ML for module regfile (Rule 207 of total 279) .... done (Time = 0.00s, Memory = 0.0K)
Checking Rule STARC05-2.5.1.7 for module regfile (Rule 208 of total 279) .... done (Time = 0.00s, Memory = 0.0K)
Checking Rule STARC05-2.5.1.9 for module regfile (Rule 209 of total 279) .... done (Time = 0.00s, Memory = 0.0K)
Checking Rule Txv_SvaSetup01 for module SYS_CTRL (Rule 194 of total 279) .... done (Time = 0.00s, Memory = 0.0K)
Checking Rule PESVASETUP01 for module SYS_CTRL (Rule 195 of total 279) .... done (Time = 0.00s, Memory = 0.0K)
Checking Rule _cdc_save_license01 for module SYS_CTRL (Rule 196 of total 279) .... done (Time = 0.00s, Memory = 0.0K)
Checking Rule Reset_check05 for module SYS_CTRL (Rule 197 of total 279) .... done (Time = 0.00s, Memory = 0.0K)
Checking Rule _syncResetStyleRTL for module SYS_CTRL (Rule 198 of total 279) .... done (Time = 0.00s, Memory = 0.0K)
Checking Rule _meta_delay01 for module SYS_CTRL (Rule 199 of total 279) .... done (Time = 0.00s, Memory = 0.0K)
Checking Rule Ac_svasetup01 for module SYS_CTRL (Rule 200 of total 279) .... done (Time = 0.00s, Memory = 0.0K)
Checking Rule LogNMuxPrereq for module SYS_CTRL (Rule 201 of total 279) .... done (Time = 0.00s, Memory = 0.0K)
Checking Rule STARC-1.3.2.2_prereq for module SYS_CTRL (Rule 202 of total 279) .... done (Time = 0.00s, Memory = 0.0K)
Checking Rule W336 for module SYS_CTRL (Rule 203 of total 279) .... done (Time = 0.00s, Memory = 0.0K)
Checking Rule W414 for module SYS_CTRL (Rule 204 of total 279) .... done (Time = 0.00s, Memory = 0.0K)
Checking Rule W450L for module SYS_CTRL (Rule 205 of total 279) .... done (Time = 0.00s, Memory = 0.0K)
Checking Rule HangingNetPreReq-ML for module SYS_CTRL (Rule 206 of total 279) .... done (Time = 0.00s, Memory = 0.0K)
Checking Rule RegInputOutput-ML for module SYS_CTRL (Rule 207 of total 279) .... done (Time = 0.00s, Memory = 0.0K)
Checking Rule STARC05-2.5.1.7 for module SYS_CTRL (Rule 208 of total 279) .... done (Time = 0.00s, Memory = 0.0K)
Checking Rule STARC05-2.5.1.9 for module SYS_CTRL (Rule 209 of total 279) .... done (Time = 0.00s, Memory = 0.0K)
Checking Rule Txv_SvaSetup01 for module DATA_SYNC (Rule 194 of total 279) .... done (Time = 0.00s, Memory = 0.0K)
Checking Rule PESVASETUP01 for module DATA_SYNC (Rule 195 of total 279) .... done (Time = 0.00s, Memory = 0.0K)
Checking Rule _cdc_save_license01 for module DATA_SYNC (Rule 196 of total 279) .... done (Time = 0.00s, Memory = 0.0K)
Checking Rule Reset_check05 for module DATA_SYNC (Rule 197 of total 279) .... done (Time = 0.00s, Memory = 0.0K)
Checking Rule _syncResetStyleRTL for module DATA_SYNC (Rule 198 of total 279) .... done (Time = 0.00s, Memory = 0.0K)
Checking Rule _meta_delay01 for module DATA_SYNC (Rule 199 of total 279) .... done (Time = 0.00s, Memory = 0.0K)
Checking Rule Ac_svasetup01 for module DATA_SYNC (Rule 200 of total 279) .... done (Time = 0.00s, Memory = 0.0K)
Checking Rule LogNMuxPrereq for module DATA_SYNC (Rule 201 of total 279) .... done (Time = 0.00s, Memory = 0.0K)
Checking Rule STARC-1.3.2.2_prereq for module DATA_SYNC (Rule 202 of total 279) .... done (Time = 0.00s, Memory = 0.0K)
Checking Rule W336 for module DATA_SYNC (Rule 203 of total 279) .... done (Time = 0.00s, Memory = 0.0K)
Checking Rule W414 for module DATA_SYNC (Rule 204 of total 279) .... done (Time = 0.00s, Memory = 0.0K)
Checking Rule W450L for module DATA_SYNC (Rule 205 of total 279) .... done (Time = 0.00s, Memory = 0.0K)
Checking Rule HangingNetPreReq-ML for module DATA_SYNC (Rule 206 of total 279) .... done (Time = 0.00s, Memory = 0.0K)
Checking Rule RegInputOutput-ML for module DATA_SYNC (Rule 207 of total 279) .... done (Time = 0.00s, Memory = 0.0K)
Checking Rule STARC05-2.5.1.7 for module DATA_SYNC (Rule 208 of total 279) .... done (Time = 0.00s, Memory = 0.0K)
Checking Rule STARC05-2.5.1.9 for module DATA_SYNC (Rule 209 of total 279) .... done (Time = 0.00s, Memory = 0.0K)
Checking Rule Txv_SvaSetup01 for module FSM_RX (Rule 194 of total 279) .... done (Time = 0.00s, Memory = 0.0K)
Checking Rule PESVASETUP01 for module FSM_RX (Rule 195 of total 279) .... done (Time = 0.00s, Memory = 0.0K)
Checking Rule _cdc_save_license01 for module FSM_RX (Rule 196 of total 279) .... done (Time = 0.00s, Memory = 0.0K)
Checking Rule Reset_check05 for module FSM_RX (Rule 197 of total 279) .... done (Time = 0.00s, Memory = 0.0K)
Checking Rule _syncResetStyleRTL for module FSM_RX (Rule 198 of total 279) .... done (Time = 0.00s, Memory = 0.0K)
Checking Rule _meta_delay01 for module FSM_RX (Rule 199 of total 279) .... done (Time = 0.00s, Memory = 0.0K)
Checking Rule Ac_svasetup01 for module FSM_RX (Rule 200 of total 279) .... done (Time = 0.00s, Memory = 0.0K)
Checking Rule LogNMuxPrereq for module FSM_RX (Rule 201 of total 279) .... done (Time = 0.00s, Memory = 0.0K)
Checking Rule STARC-1.3.2.2_prereq for module FSM_RX (Rule 202 of total 279) .... done (Time = 0.00s, Memory = 0.0K)
Checking Rule W336 for module FSM_RX (Rule 203 of total 279) .... done (Time = 0.00s, Memory = 0.0K)
Checking Rule W414 for module FSM_RX (Rule 204 of total 279) .... done (Time = 0.00s, Memory = 0.0K)
Checking Rule W450L for module FSM_RX (Rule 205 of total 279) .... done (Time = 0.00s, Memory = 0.0K)
Checking Rule HangingNetPreReq-ML for module FSM_RX (Rule 206 of total 279) .... done (Time = 0.00s, Memory = 0.0K)
Checking Rule RegInputOutput-ML for module FSM_RX (Rule 207 of total 279) .... done (Time = 0.00s, Memory = 0.0K)
Checking Rule STARC05-2.5.1.7 for module FSM_RX (Rule 208 of total 279) .... done (Time = 0.00s, Memory = 0.0K)
Checking Rule STARC05-2.5.1.9 for module FSM_RX (Rule 209 of total 279) .... done (Time = 0.00s, Memory = 0.0K)
Checking Rule Txv_SvaSetup01 for module edge_bit_counter (Rule 194 of total 279) .... done (Time = 0.00s, Memory = 0.0K)
Checking Rule PESVASETUP01 for module edge_bit_counter (Rule 195 of total 279) .... done (Time = 0.00s, Memory = 0.0K)
Checking Rule _cdc_save_license01 for module edge_bit_counter (Rule 196 of total 279) .... done (Time = 0.00s, Memory = 0.0K)
Checking Rule Reset_check05 for module edge_bit_counter (Rule 197 of total 279) .... done (Time = 0.00s, Memory = 0.0K)
Checking Rule _syncResetStyleRTL for module edge_bit_counter (Rule 198 of total 279) .... done (Time = 0.00s, Memory = 0.0K)
Checking Rule _meta_delay01 for module edge_bit_counter (Rule 199 of total 279) .... done (Time = 0.00s, Memory = 0.0K)
Checking Rule Ac_svasetup01 for module edge_bit_counter (Rule 200 of total 279) .... done (Time = 0.00s, Memory = 0.0K)
Checking Rule LogNMuxPrereq for module edge_bit_counter (Rule 201 of total 279) .... done (Time = 0.00s, Memory = 0.0K)
Checking Rule STARC-1.3.2.2_prereq for module edge_bit_counter (Rule 202 of total 279) .... done (Time = 0.00s, Memory = 0.0K)
Checking Rule W336 for module edge_bit_counter (Rule 203 of total 279) .... done (Time = 0.00s, Memory = 0.0K)
Checking Rule W414 for module edge_bit_counter (Rule 204 of total 279) .... done (Time = 0.00s, Memory = 0.0K)
Checking Rule W450L for module edge_bit_counter (Rule 205 of total 279) .... done (Time = 0.00s, Memory = 0.0K)
Checking Rule HangingNetPreReq-ML for module edge_bit_counter (Rule 206 of total 279) .... done (Time = 0.00s, Memory = 0.0K)
Checking Rule RegInputOutput-ML for module edge_bit_counter (Rule 207 of total 279) .... done (Time = 0.00s, Memory = 0.0K)
Checking Rule STARC05-2.5.1.7 for module edge_bit_counter (Rule 208 of total 279) .... done (Time = 0.00s, Memory = 0.0K)
Checking Rule STARC05-2.5.1.9 for module edge_bit_counter (Rule 209 of total 279) .... done (Time = 0.00s, Memory = 0.0K)
Checking Rule Txv_SvaSetup01 for module deserializer (Rule 194 of total 279) .... done (Time = 0.00s, Memory = 0.0K)
Checking Rule PESVASETUP01 for module deserializer (Rule 195 of total 279) .... done (Time = 0.00s, Memory = 0.0K)
Checking Rule _cdc_save_license01 for module deserializer (Rule 196 of total 279) .... done (Time = 0.00s, Memory = 0.0K)
Checking Rule Reset_check05 for module deserializer (Rule 197 of total 279) .... done (Time = 0.00s, Memory = 0.0K)
Checking Rule _syncResetStyleRTL for module deserializer (Rule 198 of total 279) .... done (Time = 0.00s, Memory = 0.0K)
Checking Rule _meta_delay01 for module deserializer (Rule 199 of total 279) .... done (Time = 0.00s, Memory = 0.0K)
Checking Rule Ac_svasetup01 for module deserializer (Rule 200 of total 279) .... done (Time = 0.00s, Memory = 0.0K)
Checking Rule LogNMuxPrereq for module deserializer (Rule 201 of total 279) .... done (Time = 0.00s, Memory = 0.0K)
Checking Rule STARC-1.3.2.2_prereq for module deserializer (Rule 202 of total 279) .... done (Time = 0.00s, Memory = 0.0K)
Checking Rule W336 for module deserializer (Rule 203 of total 279) .... done (Time = 0.00s, Memory = 0.0K)
Checking Rule W414 for module deserializer (Rule 204 of total 279) .... done (Time = 0.00s, Memory = 0.0K)
Checking Rule W450L for module deserializer (Rule 205 of total 279) .... done (Time = 0.00s, Memory = 0.0K)
Checking Rule HangingNetPreReq-ML for module deserializer (Rule 206 of total 279) .... done (Time = 0.00s, Memory = 0.0K)
Checking Rule RegInputOutput-ML for module deserializer (Rule 207 of total 279) .... done (Time = 0.00s, Memory = 0.0K)
Checking Rule STARC05-2.5.1.7 for module deserializer (Rule 208 of total 279) .... done (Time = 0.00s, Memory = 0.0K)
Checking Rule STARC05-2.5.1.9 for module deserializer (Rule 209 of total 279) .... done (Time = 0.00s, Memory = 0.0K)
Checking Rule Txv_SvaSetup01 for module data_sampling (Rule 194 of total 279) .... done (Time = 0.00s, Memory = 0.0K)
Checking Rule PESVASETUP01 for module data_sampling (Rule 195 of total 279) .... done (Time = 0.00s, Memory = 0.0K)
Checking Rule _cdc_save_license01 for module data_sampling (Rule 196 of total 279) .... done (Time = 0.00s, Memory = 0.0K)
Checking Rule Reset_check05 for module data_sampling (Rule 197 of total 279) .... done (Time = 0.00s, Memory = 0.0K)
Checking Rule _syncResetStyleRTL for module data_sampling (Rule 198 of total 279) .... done (Time = 0.00s, Memory = 0.0K)
Checking Rule _meta_delay01 for module data_sampling (Rule 199 of total 279) .... done (Time = 0.00s, Memory = 0.0K)
Checking Rule Ac_svasetup01 for module data_sampling (Rule 200 of total 279) .... done (Time = 0.00s, Memory = 0.0K)
Checking Rule LogNMuxPrereq for module data_sampling (Rule 201 of total 279) .... done (Time = 0.00s, Memory = 0.0K)
Checking Rule STARC-1.3.2.2_prereq for module data_sampling (Rule 202 of total 279) .... done (Time = 0.00s, Memory = 0.0K)
Checking Rule W336 for module data_sampling (Rule 203 of total 279) .... done (Time = 0.00s, Memory = 0.0K)
Checking Rule W414 for module data_sampling (Rule 204 of total 279) .... done (Time = 0.00s, Memory = 0.0K)
Checking Rule W450L for module data_sampling (Rule 205 of total 279) .... done (Time = 0.00s, Memory = 0.0K)
Checking Rule HangingNetPreReq-ML for module data_sampling (Rule 206 of total 279) .... done (Time = 0.00s, Memory = 0.0K)
Checking Rule RegInputOutput-ML for module data_sampling (Rule 207 of total 279) .... done (Time = 0.00s, Memory = 0.0K)
Checking Rule STARC05-2.5.1.7 for module data_sampling (Rule 208 of total 279) .... done (Time = 0.00s, Memory = 0.0K)
Checking Rule STARC05-2.5.1.9 for module data_sampling (Rule 209 of total 279) .... done (Time = 0.00s, Memory = 0.0K)
Checking Rule Txv_SvaSetup01 for module stop_checker (Rule 194 of total 279) .... done (Time = 0.00s, Memory = 0.0K)
Checking Rule PESVASETUP01 for module stop_checker (Rule 195 of total 279) .... done (Time = 0.00s, Memory = 0.0K)
Checking Rule _cdc_save_license01 for module stop_checker (Rule 196 of total 279) .... done (Time = 0.00s, Memory = 0.0K)
Checking Rule Reset_check05 for module stop_checker (Rule 197 of total 279) .... done (Time = 0.00s, Memory = 0.0K)
Checking Rule _syncResetStyleRTL for module stop_checker (Rule 198 of total 279) .... done (Time = 0.00s, Memory = 0.0K)
Checking Rule _meta_delay01 for module stop_checker (Rule 199 of total 279) .... done (Time = 0.00s, Memory = 0.0K)
Checking Rule Ac_svasetup01 for module stop_checker (Rule 200 of total 279) .... done (Time = 0.00s, Memory = 0.0K)
Checking Rule LogNMuxPrereq for module stop_checker (Rule 201 of total 279) .... done (Time = 0.00s, Memory = 0.0K)
Checking Rule STARC-1.3.2.2_prereq for module stop_checker (Rule 202 of total 279) .... done (Time = 0.00s, Memory = 0.0K)
Checking Rule W336 for module stop_checker (Rule 203 of total 279) .... done (Time = 0.00s, Memory = 0.0K)
Checking Rule W414 for module stop_checker (Rule 204 of total 279) .... done (Time = 0.00s, Memory = 0.0K)
Checking Rule W450L for module stop_checker (Rule 205 of total 279) .... done (Time = 0.00s, Memory = 0.0K)
Checking Rule HangingNetPreReq-ML for module stop_checker (Rule 206 of total 279) .... done (Time = 0.00s, Memory = 0.0K)
Checking Rule RegInputOutput-ML for module stop_checker (Rule 207 of total 279) .... done (Time = 0.00s, Memory = 0.0K)
Checking Rule STARC05-2.5.1.7 for module stop_checker (Rule 208 of total 279) .... done (Time = 0.00s, Memory = 0.0K)
Checking Rule STARC05-2.5.1.9 for module stop_checker (Rule 209 of total 279) .... done (Time = 0.00s, Memory = 0.0K)
Checking Rule Txv_SvaSetup01 for module strt_checker (Rule 194 of total 279) .... done (Time = 0.00s, Memory = 0.0K)
Checking Rule PESVASETUP01 for module strt_checker (Rule 195 of total 279) .... done (Time = 0.00s, Memory = 0.0K)
Checking Rule _cdc_save_license01 for module strt_checker (Rule 196 of total 279) .... done (Time = 0.00s, Memory = 0.0K)
Checking Rule Reset_check05 for module strt_checker (Rule 197 of total 279) .... done (Time = 0.00s, Memory = 0.0K)
Checking Rule _syncResetStyleRTL for module strt_checker (Rule 198 of total 279) .... done (Time = 0.00s, Memory = 0.0K)
Checking Rule _meta_delay01 for module strt_checker (Rule 199 of total 279) .... done (Time = 0.00s, Memory = 0.0K)
Checking Rule Ac_svasetup01 for module strt_checker (Rule 200 of total 279) .... done (Time = 0.00s, Memory = 0.0K)
Checking Rule LogNMuxPrereq for module strt_checker (Rule 201 of total 279) .... done (Time = 0.00s, Memory = 0.0K)
Checking Rule STARC-1.3.2.2_prereq for module strt_checker (Rule 202 of total 279) .... done (Time = 0.00s, Memory = 0.0K)
Checking Rule W336 for module strt_checker (Rule 203 of total 279) .... done (Time = 0.00s, Memory = 0.0K)
Checking Rule W414 for module strt_checker (Rule 204 of total 279) .... done (Time = 0.00s, Memory = 0.0K)
Checking Rule W450L for module strt_checker (Rule 205 of total 279) .... done (Time = 0.00s, Memory = 0.0K)
Checking Rule HangingNetPreReq-ML for module strt_checker (Rule 206 of total 279) .... done (Time = 0.00s, Memory = 0.0K)
Checking Rule RegInputOutput-ML for module strt_checker (Rule 207 of total 279) .... done (Time = 0.00s, Memory = 0.0K)
Checking Rule STARC05-2.5.1.7 for module strt_checker (Rule 208 of total 279) .... done (Time = 0.00s, Memory = 0.0K)
Checking Rule STARC05-2.5.1.9 for module strt_checker (Rule 209 of total 279) .... done (Time = 0.00s, Memory = 0.0K)
Checking Rule Txv_SvaSetup01 for module parity_checker (Rule 194 of total 279) .... done (Time = 0.00s, Memory = 0.0K)
Checking Rule PESVASETUP01 for module parity_checker (Rule 195 of total 279) .... done (Time = 0.00s, Memory = 0.0K)
Checking Rule _cdc_save_license01 for module parity_checker (Rule 196 of total 279) .... done (Time = 0.00s, Memory = 0.0K)
Checking Rule Reset_check05 for module parity_checker (Rule 197 of total 279) .... done (Time = 0.00s, Memory = 0.0K)
Checking Rule _syncResetStyleRTL for module parity_checker (Rule 198 of total 279) .... done (Time = 0.00s, Memory = 0.0K)
Checking Rule _meta_delay01 for module parity_checker (Rule 199 of total 279) .... done (Time = 0.00s, Memory = 0.0K)
Checking Rule Ac_svasetup01 for module parity_checker (Rule 200 of total 279) .... done (Time = 0.00s, Memory = 0.0K)
Checking Rule LogNMuxPrereq for module parity_checker (Rule 201 of total 279) .... done (Time = 0.00s, Memory = 0.0K)
Checking Rule STARC-1.3.2.2_prereq for module parity_checker (Rule 202 of total 279) .... done (Time = 0.00s, Memory = 0.0K)
Checking Rule W336 for module parity_checker (Rule 203 of total 279) .... done (Time = 0.00s, Memory = 0.0K)
Checking Rule W414 for module parity_checker (Rule 204 of total 279) .... done (Time = 0.00s, Memory = 0.0K)
Checking Rule W450L for module parity_checker (Rule 205 of total 279) .... done (Time = 0.00s, Memory = 0.0K)
Checking Rule HangingNetPreReq-ML for module parity_checker (Rule 206 of total 279) .... done (Time = 0.00s, Memory = 0.0K)
Checking Rule RegInputOutput-ML for module parity_checker (Rule 207 of total 279) .... done (Time = 0.00s, Memory = 0.0K)
Checking Rule STARC05-2.5.1.7 for module parity_checker (Rule 208 of total 279) .... done (Time = 0.00s, Memory = 0.0K)
Checking Rule STARC05-2.5.1.9 for module parity_checker (Rule 209 of total 279) .... done (Time = 0.00s, Memory = 0.0K)
Checking Rule Txv_SvaSetup01 for module UART_RX (Rule 194 of total 279) .... done (Time = 0.00s, Memory = 0.0K)
Checking Rule PESVASETUP01 for module UART_RX (Rule 195 of total 279) .... done (Time = 0.00s, Memory = 0.0K)
Checking Rule _cdc_save_license01 for module UART_RX (Rule 196 of total 279) .... done (Time = 0.00s, Memory = 0.0K)
Checking Rule Reset_check05 for module UART_RX (Rule 197 of total 279) .... done (Time = 0.00s, Memory = 0.0K)
Checking Rule _syncResetStyleRTL for module UART_RX (Rule 198 of total 279) .... done (Time = 0.00s, Memory = 0.0K)
Checking Rule _meta_delay01 for module UART_RX (Rule 199 of total 279) .... done (Time = 0.00s, Memory = 0.0K)
Checking Rule Ac_svasetup01 for module UART_RX (Rule 200 of total 279) .... done (Time = 0.00s, Memory = 0.0K)
Checking Rule LogNMuxPrereq for module UART_RX (Rule 201 of total 279) .... done (Time = 0.00s, Memory = 0.0K)
Checking Rule STARC-1.3.2.2_prereq for module UART_RX (Rule 202 of total 279) .... done (Time = 0.00s, Memory = 0.0K)
Checking Rule W336 for module UART_RX (Rule 203 of total 279) .... done (Time = 0.00s, Memory = 0.0K)
Checking Rule W414 for module UART_RX (Rule 204 of total 279) .... done (Time = 0.00s, Memory = 0.0K)
Checking Rule W450L for module UART_RX (Rule 205 of total 279) .... done (Time = 0.00s, Memory = 0.0K)
Checking Rule HangingNetPreReq-ML for module UART_RX (Rule 206 of total 279) .... done (Time = 0.00s, Memory = 0.0K)
Checking Rule RegInputOutput-ML for module UART_RX (Rule 207 of total 279) .... done (Time = 0.00s, Memory = 0.0K)
Checking Rule STARC05-2.5.1.7 for module UART_RX (Rule 208 of total 279) .... done (Time = 0.00s, Memory = 0.0K)
Checking Rule STARC05-2.5.1.9 for module UART_RX (Rule 209 of total 279) .... done (Time = 0.00s, Memory = 0.0K)
Checking Rule Txv_SvaSetup01 for module FSM_TX (Rule 194 of total 279) .... done (Time = 0.00s, Memory = 0.0K)
Checking Rule PESVASETUP01 for module FSM_TX (Rule 195 of total 279) .... done (Time = 0.00s, Memory = 0.0K)
Checking Rule _cdc_save_license01 for module FSM_TX (Rule 196 of total 279) .... done (Time = 0.00s, Memory = 0.0K)
Checking Rule Reset_check05 for module FSM_TX (Rule 197 of total 279) .... done (Time = 0.00s, Memory = 0.0K)
Checking Rule _syncResetStyleRTL for module FSM_TX (Rule 198 of total 279) .... done (Time = 0.00s, Memory = 0.0K)
Checking Rule _meta_delay01 for module FSM_TX (Rule 199 of total 279) .... done (Time = 0.00s, Memory = 0.0K)
Checking Rule Ac_svasetup01 for module FSM_TX (Rule 200 of total 279) .... done (Time = 0.00s, Memory = 0.0K)
Checking Rule LogNMuxPrereq for module FSM_TX (Rule 201 of total 279) .... done (Time = 0.00s, Memory = 0.0K)
Checking Rule STARC-1.3.2.2_prereq for module FSM_TX (Rule 202 of total 279) .... done (Time = 0.00s, Memory = 0.0K)
Checking Rule W336 for module FSM_TX (Rule 203 of total 279) .... done (Time = 0.00s, Memory = 0.0K)
Checking Rule W414 for module FSM_TX (Rule 204 of total 279) .... done (Time = 0.00s, Memory = 0.0K)
Checking Rule W450L for module FSM_TX (Rule 205 of total 279) .... done (Time = 0.00s, Memory = 0.0K)
Checking Rule HangingNetPreReq-ML for module FSM_TX (Rule 206 of total 279) .... done (Time = 0.00s, Memory = 0.0K)
Checking Rule RegInputOutput-ML for module FSM_TX (Rule 207 of total 279) .... done (Time = 0.00s, Memory = 0.0K)
Checking Rule STARC05-2.5.1.7 for module FSM_TX (Rule 208 of total 279) .... done (Time = 0.00s, Memory = 0.0K)
Checking Rule STARC05-2.5.1.9 for module FSM_TX (Rule 209 of total 279) .... done (Time = 0.00s, Memory = 0.0K)
Checking Rule Txv_SvaSetup01 for module Serializer (Rule 194 of total 279) .... done (Time = 0.00s, Memory = 0.0K)
Checking Rule PESVASETUP01 for module Serializer (Rule 195 of total 279) .... done (Time = 0.00s, Memory = 0.0K)
Checking Rule _cdc_save_license01 for module Serializer (Rule 196 of total 279) .... done (Time = 0.00s, Memory = 0.0K)
Checking Rule Reset_check05 for module Serializer (Rule 197 of total 279) .... done (Time = 0.00s, Memory = 0.0K)
Checking Rule _syncResetStyleRTL for module Serializer (Rule 198 of total 279) .... done (Time = 0.00s, Memory = 0.0K)
Checking Rule _meta_delay01 for module Serializer (Rule 199 of total 279) .... done (Time = 0.00s, Memory = 0.0K)
Checking Rule Ac_svasetup01 for module Serializer (Rule 200 of total 279) .... done (Time = 0.00s, Memory = 0.0K)
Checking Rule LogNMuxPrereq for module Serializer (Rule 201 of total 279) .... done (Time = 0.00s, Memory = 0.0K)
Checking Rule STARC-1.3.2.2_prereq for module Serializer (Rule 202 of total 279) .... done (Time = 0.00s, Memory = 0.0K)
Checking Rule W336 for module Serializer (Rule 203 of total 279) .... done (Time = 0.00s, Memory = 0.0K)
Checking Rule W414 for module Serializer (Rule 204 of total 279) .... done (Time = 0.00s, Memory = 0.0K)
Checking Rule W450L for module Serializer (Rule 205 of total 279) .... done (Time = 0.00s, Memory = 0.0K)
Checking Rule HangingNetPreReq-ML for module Serializer (Rule 206 of total 279) .... done (Time = 0.00s, Memory = 0.0K)
Checking Rule RegInputOutput-ML for module Serializer (Rule 207 of total 279) .... done (Time = 0.00s, Memory = 0.0K)
Checking Rule STARC05-2.5.1.7 for module Serializer (Rule 208 of total 279) .... done (Time = 0.00s, Memory = 0.0K)
Checking Rule STARC05-2.5.1.9 for module Serializer (Rule 209 of total 279) .... done (Time = 0.00s, Memory = 0.0K)
Checking Rule Txv_SvaSetup01 for module Parity_Calc (Rule 194 of total 279) .... done (Time = 0.00s, Memory = 0.0K)
Checking Rule PESVASETUP01 for module Parity_Calc (Rule 195 of total 279) .... done (Time = 0.00s, Memory = 0.0K)
Checking Rule _cdc_save_license01 for module Parity_Calc (Rule 196 of total 279) .... done (Time = 0.00s, Memory = 0.0K)
Checking Rule Reset_check05 for module Parity_Calc (Rule 197 of total 279) .... done (Time = 0.00s, Memory = 0.0K)
Checking Rule _syncResetStyleRTL for module Parity_Calc (Rule 198 of total 279) .... done (Time = 0.00s, Memory = 0.0K)
Checking Rule _meta_delay01 for module Parity_Calc (Rule 199 of total 279) .... done (Time = 0.00s, Memory = 0.0K)
Checking Rule Ac_svasetup01 for module Parity_Calc (Rule 200 of total 279) .... done (Time = 0.00s, Memory = 0.0K)
Checking Rule LogNMuxPrereq for module Parity_Calc (Rule 201 of total 279) .... done (Time = 0.00s, Memory = 0.0K)
Checking Rule STARC-1.3.2.2_prereq for module Parity_Calc (Rule 202 of total 279) .... done (Time = 0.00s, Memory = 0.0K)
Checking Rule W336 for module Parity_Calc (Rule 203 of total 279) .... done (Time = 0.00s, Memory = 0.0K)
Checking Rule W414 for module Parity_Calc (Rule 204 of total 279) .... done (Time = 0.00s, Memory = 0.0K)
Checking Rule W450L for module Parity_Calc (Rule 205 of total 279) .... done (Time = 0.00s, Memory = 0.0K)
Checking Rule HangingNetPreReq-ML for module Parity_Calc (Rule 206 of total 279) .... done (Time = 0.00s, Memory = 0.0K)
Checking Rule RegInputOutput-ML for module Parity_Calc (Rule 207 of total 279) .... done (Time = 0.00s, Memory = 0.0K)
Checking Rule STARC05-2.5.1.7 for module Parity_Calc (Rule 208 of total 279) .... done (Time = 0.00s, Memory = 0.0K)
Checking Rule STARC05-2.5.1.9 for module Parity_Calc (Rule 209 of total 279) .... done (Time = 0.00s, Memory = 0.0K)
Checking Rule Txv_SvaSetup01 for module MUX (Rule 194 of total 279) .... done (Time = 0.00s, Memory = 0.0K)
Checking Rule PESVASETUP01 for module MUX (Rule 195 of total 279) .... done (Time = 0.00s, Memory = 0.0K)
Checking Rule _cdc_save_license01 for module MUX (Rule 196 of total 279) .... done (Time = 0.00s, Memory = 0.0K)
Checking Rule Reset_check05 for module MUX (Rule 197 of total 279) .... done (Time = 0.00s, Memory = 0.0K)
Checking Rule _syncResetStyleRTL for module MUX (Rule 198 of total 279) .... done (Time = 0.00s, Memory = 0.0K)
Checking Rule _meta_delay01 for module MUX (Rule 199 of total 279) .... done (Time = 0.00s, Memory = 0.0K)
Checking Rule Ac_svasetup01 for module MUX (Rule 200 of total 279) .... done (Time = 0.00s, Memory = 0.0K)
Checking Rule LogNMuxPrereq for module MUX (Rule 201 of total 279) .... done (Time = 0.00s, Memory = 0.0K)
Checking Rule STARC-1.3.2.2_prereq for module MUX (Rule 202 of total 279) .... done (Time = 0.00s, Memory = 0.0K)
Checking Rule W336 for module MUX (Rule 203 of total 279) .... done (Time = 0.00s, Memory = 0.0K)
Checking Rule W414 for module MUX (Rule 204 of total 279) .... done (Time = 0.00s, Memory = 0.0K)
Checking Rule W450L for module MUX (Rule 205 of total 279) .... done (Time = 0.00s, Memory = 0.0K)
Checking Rule HangingNetPreReq-ML for module MUX (Rule 206 of total 279) .... done (Time = 0.00s, Memory = 0.0K)
Checking Rule RegInputOutput-ML for module MUX (Rule 207 of total 279) .... done (Time = 0.00s, Memory = 0.0K)
Checking Rule STARC05-2.5.1.7 for module MUX (Rule 208 of total 279) .... done (Time = 0.00s, Memory = 0.0K)
Checking Rule STARC05-2.5.1.9 for module MUX (Rule 209 of total 279) .... done (Time = 0.00s, Memory = 0.0K)
Checking Rule Txv_SvaSetup01 for module UART_TX (Rule 194 of total 279) .... done (Time = 0.00s, Memory = 0.0K)
Checking Rule PESVASETUP01 for module UART_TX (Rule 195 of total 279) .... done (Time = 0.00s, Memory = 0.0K)
Checking Rule _cdc_save_license01 for module UART_TX (Rule 196 of total 279) .... done (Time = 0.00s, Memory = 0.0K)
Checking Rule Reset_check05 for module UART_TX (Rule 197 of total 279) .... done (Time = 0.00s, Memory = 0.0K)
Checking Rule _syncResetStyleRTL for module UART_TX (Rule 198 of total 279) .... done (Time = 0.00s, Memory = 0.0K)
Checking Rule _meta_delay01 for module UART_TX (Rule 199 of total 279) .... done (Time = 0.00s, Memory = 0.0K)
Checking Rule Ac_svasetup01 for module UART_TX (Rule 200 of total 279) .... done (Time = 0.00s, Memory = 0.0K)
Checking Rule LogNMuxPrereq for module UART_TX (Rule 201 of total 279) .... done (Time = 0.00s, Memory = 0.0K)
Checking Rule STARC-1.3.2.2_prereq for module UART_TX (Rule 202 of total 279) .... done (Time = 0.00s, Memory = 0.0K)
Checking Rule W336 for module UART_TX (Rule 203 of total 279) .... done (Time = 0.00s, Memory = 0.0K)
Checking Rule W414 for module UART_TX (Rule 204 of total 279) .... done (Time = 0.00s, Memory = 0.0K)
Checking Rule W450L for module UART_TX (Rule 205 of total 279) .... done (Time = 0.00s, Memory = 0.0K)
Checking Rule HangingNetPreReq-ML for module UART_TX (Rule 206 of total 279) .... done (Time = 0.00s, Memory = 0.0K)
Checking Rule RegInputOutput-ML for module UART_TX (Rule 207 of total 279) .... done (Time = 0.00s, Memory = 0.0K)
Checking Rule STARC05-2.5.1.7 for module UART_TX (Rule 208 of total 279) .... done (Time = 0.00s, Memory = 0.0K)
Checking Rule STARC05-2.5.1.9 for module UART_TX (Rule 209 of total 279) .... done (Time = 0.00s, Memory = 0.0K)
Checking Rule Txv_SvaSetup01 for module UART (Rule 194 of total 279) .... done (Time = 0.00s, Memory = 0.0K)
Checking Rule PESVASETUP01 for module UART (Rule 195 of total 279) .... done (Time = 0.00s, Memory = 0.0K)
Checking Rule _cdc_save_license01 for module UART (Rule 196 of total 279) .... done (Time = 0.00s, Memory = 0.0K)
Checking Rule Reset_check05 for module UART (Rule 197 of total 279) .... done (Time = 0.00s, Memory = 0.0K)
Checking Rule _syncResetStyleRTL for module UART (Rule 198 of total 279) .... done (Time = 0.00s, Memory = 0.0K)
Checking Rule _meta_delay01 for module UART (Rule 199 of total 279) .... done (Time = 0.00s, Memory = 0.0K)
Checking Rule Ac_svasetup01 for module UART (Rule 200 of total 279) .... done (Time = 0.00s, Memory = 0.0K)
Checking Rule LogNMuxPrereq for module UART (Rule 201 of total 279) .... done (Time = 0.00s, Memory = 0.0K)
Checking Rule STARC-1.3.2.2_prereq for module UART (Rule 202 of total 279) .... done (Time = 0.00s, Memory = 0.0K)
Checking Rule W336 for module UART (Rule 203 of total 279) .... done (Time = 0.00s, Memory = 0.0K)
Checking Rule W414 for module UART (Rule 204 of total 279) .... done (Time = 0.00s, Memory = 0.0K)
Checking Rule W450L for module UART (Rule 205 of total 279) .... done (Time = 0.00s, Memory = 0.0K)
Checking Rule HangingNetPreReq-ML for module UART (Rule 206 of total 279) .... done (Time = 0.00s, Memory = 0.0K)
Checking Rule RegInputOutput-ML for module UART (Rule 207 of total 279) .... done (Time = 0.00s, Memory = 0.0K)
Checking Rule STARC05-2.5.1.7 for module UART (Rule 208 of total 279) .... done (Time = 0.00s, Memory = 0.0K)
Checking Rule STARC05-2.5.1.9 for module UART (Rule 209 of total 279) .... done (Time = 0.00s, Memory = 0.0K)
Checking Rule Txv_SvaSetup01 for module RST_SYNC (Rule 194 of total 279) .... done (Time = 0.00s, Memory = 0.0K)
Checking Rule PESVASETUP01 for module RST_SYNC (Rule 195 of total 279) .... done (Time = 0.00s, Memory = 0.0K)
Checking Rule _cdc_save_license01 for module RST_SYNC (Rule 196 of total 279) .... done (Time = 0.00s, Memory = 0.0K)
Checking Rule Reset_check05 for module RST_SYNC (Rule 197 of total 279) .... done (Time = 0.00s, Memory = 0.0K)
Checking Rule _syncResetStyleRTL for module RST_SYNC (Rule 198 of total 279) .... done (Time = 0.00s, Memory = 0.0K)
Checking Rule _meta_delay01 for module RST_SYNC (Rule 199 of total 279) .... done (Time = 0.00s, Memory = 0.0K)
Checking Rule Ac_svasetup01 for module RST_SYNC (Rule 200 of total 279) .... done (Time = 0.00s, Memory = 0.0K)
Checking Rule LogNMuxPrereq for module RST_SYNC (Rule 201 of total 279) .... done (Time = 0.00s, Memory = 0.0K)
Checking Rule STARC-1.3.2.2_prereq for module RST_SYNC (Rule 202 of total 279) .... done (Time = 0.00s, Memory = 0.0K)
Checking Rule W336 for module RST_SYNC (Rule 203 of total 279) .... done (Time = 0.00s, Memory = 0.0K)
Checking Rule W414 for module RST_SYNC (Rule 204 of total 279) .... done (Time = 0.00s, Memory = 0.0K)
Checking Rule W450L for module RST_SYNC (Rule 205 of total 279) .... done (Time = 0.00s, Memory = 0.0K)
Checking Rule HangingNetPreReq-ML for module RST_SYNC (Rule 206 of total 279) .... done (Time = 0.00s, Memory = 0.0K)
Checking Rule RegInputOutput-ML for module RST_SYNC (Rule 207 of total 279) .... done (Time = 0.00s, Memory = 0.0K)
Checking Rule STARC05-2.5.1.7 for module RST_SYNC (Rule 208 of total 279) .... done (Time = 0.00s, Memory = 0.0K)
Checking Rule STARC05-2.5.1.9 for module RST_SYNC (Rule 209 of total 279) .... done (Time = 0.00s, Memory = 0.0K)
Checking Rule Txv_SvaSetup01 for module CLK_DIV (Rule 194 of total 279) .... done (Time = 0.00s, Memory = 0.0K)
Checking Rule PESVASETUP01 for module CLK_DIV (Rule 195 of total 279) .... done (Time = 0.00s, Memory = 0.0K)
Checking Rule _cdc_save_license01 for module CLK_DIV (Rule 196 of total 279) .... done (Time = 0.00s, Memory = 0.0K)
Checking Rule Reset_check05 for module CLK_DIV (Rule 197 of total 279) .... done (Time = 0.00s, Memory = 0.0K)
Checking Rule _syncResetStyleRTL for module CLK_DIV (Rule 198 of total 279) .... done (Time = 0.00s, Memory = 0.0K)
Checking Rule _meta_delay01 for module CLK_DIV (Rule 199 of total 279) .... done (Time = 0.00s, Memory = 0.0K)
Checking Rule Ac_svasetup01 for module CLK_DIV (Rule 200 of total 279) .... done (Time = 0.00s, Memory = 0.0K)
Checking Rule LogNMuxPrereq for module CLK_DIV (Rule 201 of total 279) .... done (Time = 0.00s, Memory = 0.0K)
Checking Rule STARC-1.3.2.2_prereq for module CLK_DIV (Rule 202 of total 279) .... done (Time = 0.00s, Memory = 0.0K)
Checking Rule W336 for module CLK_DIV (Rule 203 of total 279) .... done (Time = 0.00s, Memory = 0.0K)
Checking Rule W414 for module CLK_DIV (Rule 204 of total 279) .... done (Time = 0.00s, Memory = 0.0K)
Checking Rule W450L for module CLK_DIV (Rule 205 of total 279) .... done (Time = 0.00s, Memory = 0.0K)
Checking Rule HangingNetPreReq-ML for module CLK_DIV (Rule 206 of total 279) .... done (Time = 0.00s, Memory = 0.0K)
Checking Rule RegInputOutput-ML for module CLK_DIV (Rule 207 of total 279) .... done (Time = 0.00s, Memory = 0.0K)
Checking Rule STARC05-2.5.1.7 for module CLK_DIV (Rule 208 of total 279) .... done (Time = 0.00s, Memory = 0.0K)
Checking Rule STARC05-2.5.1.9 for module CLK_DIV (Rule 209 of total 279) .... done (Time = 0.00s, Memory = 0.0K)
Checking Rule Txv_SvaSetup01 for module prescale_mux (Rule 194 of total 279) .... done (Time = 0.00s, Memory = 0.0K)
Checking Rule PESVASETUP01 for module prescale_mux (Rule 195 of total 279) .... done (Time = 0.00s, Memory = 0.0K)
Checking Rule _cdc_save_license01 for module prescale_mux (Rule 196 of total 279) .... done (Time = 0.00s, Memory = 0.0K)
Checking Rule Reset_check05 for module prescale_mux (Rule 197 of total 279) .... done (Time = 0.00s, Memory = 0.0K)
Checking Rule _syncResetStyleRTL for module prescale_mux (Rule 198 of total 279) .... done (Time = 0.00s, Memory = 0.0K)
Checking Rule _meta_delay01 for module prescale_mux (Rule 199 of total 279) .... done (Time = 0.00s, Memory = 0.0K)
Checking Rule Ac_svasetup01 for module prescale_mux (Rule 200 of total 279) .... done (Time = 0.00s, Memory = 0.0K)
Checking Rule LogNMuxPrereq for module prescale_mux (Rule 201 of total 279) .... done (Time = 0.00s, Memory = 0.0K)
Checking Rule STARC-1.3.2.2_prereq for module prescale_mux (Rule 202 of total 279) .... done (Time = 0.00s, Memory = 0.0K)
Checking Rule W336 for module prescale_mux (Rule 203 of total 279) .... done (Time = 0.00s, Memory = 0.0K)
Checking Rule W414 for module prescale_mux (Rule 204 of total 279) .... done (Time = 0.00s, Memory = 0.0K)
Checking Rule W450L for module prescale_mux (Rule 205 of total 279) .... done (Time = 0.00s, Memory = 0.0K)
Checking Rule HangingNetPreReq-ML for module prescale_mux (Rule 206 of total 279) .... done (Time = 0.00s, Memory = 0.0K)
Checking Rule RegInputOutput-ML for module prescale_mux (Rule 207 of total 279) .... done (Time = 0.00s, Memory = 0.0K)
Checking Rule STARC05-2.5.1.7 for module prescale_mux (Rule 208 of total 279) .... done (Time = 0.00s, Memory = 0.0K)
Checking Rule STARC05-2.5.1.9 for module prescale_mux (Rule 209 of total 279) .... done (Time = 0.00s, Memory = 0.0K)
Checking Rule Txv_SvaSetup01 for module SYSTEM_TOP (Rule 194 of total 279) .... done (Time = 0.00s, Memory = 0.0K)
Checking Rule PESVASETUP01 for module SYSTEM_TOP (Rule 195 of total 279) .... done (Time = 0.00s, Memory = 0.0K)
Checking Rule _cdc_save_license01 for module SYSTEM_TOP (Rule 196 of total 279) .... done (Time = 0.00s, Memory = 0.0K)
Checking Rule Reset_check05 for module SYSTEM_TOP (Rule 197 of total 279) .... done (Time = 0.00s, Memory = 0.0K)
Checking Rule _syncResetStyleRTL for module SYSTEM_TOP (Rule 198 of total 279) .... done (Time = 0.00s, Memory = 0.0K)
Checking Rule _meta_delay01 for module SYSTEM_TOP (Rule 199 of total 279) .... done (Time = 0.00s, Memory = 0.0K)
Checking Rule Ac_svasetup01 for module SYSTEM_TOP (Rule 200 of total 279) .... done (Time = 0.00s, Memory = 0.0K)
Checking Rule LogNMuxPrereq for module SYSTEM_TOP (Rule 201 of total 279) .... done (Time = 0.00s, Memory = 0.0K)
Checking Rule STARC-1.3.2.2_prereq for module SYSTEM_TOP (Rule 202 of total 279) .... done (Time = 0.00s, Memory = 0.0K)
Checking Rule W336 for module SYSTEM_TOP (Rule 203 of total 279) .... done (Time = 0.00s, Memory = 0.0K)
Checking Rule W414 for module SYSTEM_TOP (Rule 204 of total 279) .... done (Time = 0.00s, Memory = 0.0K)
Checking Rule W450L for module SYSTEM_TOP (Rule 205 of total 279) .... done (Time = 0.00s, Memory = 0.0K)
Checking Rule HangingNetPreReq-ML for module SYSTEM_TOP (Rule 206 of total 279) .... done (Time = 0.00s, Memory = 0.0K)
Checking Rule RegInputOutput-ML for module SYSTEM_TOP (Rule 207 of total 279) .... done (Time = 0.00s, Memory = 0.0K)
Checking Rule STARC05-2.5.1.7 for module SYSTEM_TOP (Rule 208 of total 279) .... done (Time = 0.00s, Memory = 0.0K)
Checking Rule STARC05-2.5.1.9 for module SYSTEM_TOP (Rule 209 of total 279) .... done (Time = 0.00s, Memory = 0.0K)
Performing semantic checks on SGDC contents
Checking Rule SGDC_testmode03 (Rule 75 of total 279) .... done (Time = 0.00s, Memory = 0.0K)
Checking Rule checkSGDC_01 (Rule 210 of total 279) .... done (Time = 0.00s, Memory = 0.0K)
Checking Rule checkSGDC_03 (Rule 211 of total 279) .... done (Time = 0.00s, Memory = 0.0K)
Checking Rule checkSGDC_08 (Rule 212 of total 279) .... done (Time = 0.00s, Memory = 0.0K)
Checking Rule SGDC_memorywritepin04 (Rule 213 of total 279) .... done (Time = 0.00s, Memory = 2.5K)
Checking Rule SGDC_reset02 (Rule 214 of total 279) .... done (Time = 0.00s, Memory = 0.0K)
Checking Rule SGDC_reset03 (Rule 215 of total 279) .... done (Time = 0.00s, Memory = 2.5K)
Checking Rule SGDC_waive23 (Rule 216 of total 279) .... done (Time = 0.00s, Memory = 0.0K)
Checking Rule SGDC_waive26 (Rule 217 of total 279) .... done (Time = 0.00s, Memory = 0.3K)
Checking Rule SGDC_waive27 (Rule 218 of total 279) .... done (Time = 0.00s, Memory = 0.0K)
Checking Rule SGDC_waive29 (Rule 219 of total 279) .... done (Time = 0.00s, Memory = 0.0K)
Checking Rule SGDC_libgroup03 (Rule 220 of total 279) .... done (Time = 0.00s, Memory = -8.0K)
Checking Rule SGDC_ungroup02 (Rule 221 of total 279) .... done (Time = 0.00s, Memory = 0.0K)
Checking Rule _abstractPortSGDC (Rule 222 of total 279) .... done (Time = 0.00s, Memory = 8.0K)
Checking Rule SGDC_abstract_port03 (Rule 223 of total 279) .... done (Time = 0.00s, Memory = 0.0K)
Checking Rule SGDC_abstract_port04 (Rule 224 of total 279) .... done (Time = 0.00s, Memory = 0.0K)
Checking Rule SGDC_abstract_port05 (Rule 225 of total 279) .... done (Time = 0.00s, Memory = 0.9K)
Checking Rule SGDC_abstract_port07 (Rule 226 of total 279) .... done (Time = 0.00s, Memory = 0.0K)
Checking Rule SGDC_abstract_port08 (Rule 227 of total 279) .... done (Time = 0.00s, Memory = 0.0K)
Checking Rule SGDC_abstract_port10 (Rule 228 of total 279) .... done (Time = 0.00s, Memory = 0.0K)
Checking Rule SGDC_abstract_port11 (Rule 229 of total 279) .... done (Time = 0.00s, Memory = 0.0K)
Checking Rule SGDC_abstract_port12 (Rule 230 of total 279) .... done (Time = 0.00s, Memory = 0.0K)
Checking Rule SGDC_abstract_port13 (Rule 231 of total 279) .... done (Time = 0.00s, Memory = 0.0K)
Checking Rule ReportUngroup (Rule 232 of total 279) .... done (Time = 0.00s, Memory = 0.0K)
Checking Rule LINT_portReten (Rule 233 of total 279) .... done (Time = 0.00s, Memory = 3.1K)
Checking Rule SGDC_abstract_port21 (Rule 234 of total 279) .... done (Time = 0.00s, Memory = 24.0K)
Checking Rule InferLatch (Rule 235 of total 279) .... done (Time = 0.00s, Memory = 9.4K)
Checking Rule UndrivenInTerm-ML (Rule 236 of total 279) .... done (Time = 0.00s, Memory = -10.2K)
 Flattening SYSTEM_TOP (.lib instances separately flattened) ....
 Flattening completed
Checking Rule SGDC_set_case_analysis_LC (Rule 237 of total 279) .... done (Time = 0.00s, Memory = 0.0K)
Checking Rule BufClock (Rule 238 of total 279) .... done (Time = 0.01s, Memory = 985.8K)
Checking Rule CombLoop (Rule 239 of total 279) .... done (Time = 0.00s, Memory = 542.5K)
Checking Rule STARC05-2.5.1.2 (Rule 240 of total 279) .... done (Time = 0.00s, Memory = -24.0K)
Checking Rule STARC05-1.3.1.3 (Rule 241 of total 279) .... done (Time = 0.00s, Memory = -0.5K)
Checking Rule STARC05-1.4.3.4 (Rule 242 of total 279) .... done (Time = 0.00s, Memory = 53.1K)
Checking Rule FlopClockConstant (Rule 243 of total 279) .... done (Time = 0.01s, Memory = -10.8K)
Checking Rule FlopSRConst (Rule 244 of total 279) .... done (Time = 0.00s, Memory = -2.0K)
Checking Rule FlopEConst (Rule 245 of total 279) .... done (Time = 0.00s, Memory = 26.9K)
Checking Rule checkPinConnectedToSupply (Rule 246 of total 279) .... done (Time = 0.00s, Memory = -30.6K)
Checking Rule W392 (Rule 247 of total 279) .... done (Time = 0.00s, Memory = 640.7K)
Checking Rule W415 (Rule 248 of total 279) .... done (Time = 0.00s, Memory = -2.2K)
Checking Rule LatchFeedback (Rule 249 of total 279) .... done (Time = 0.01s, Memory = 2.4K)
Checking Rule STARC05-2.4.1.5 (Rule 250 of total 279) .... done (Time = 0.00s, Memory = 15.0K)
Checking Rule STARC05-1.2.1.2 (Rule 251 of total 279) .... done (Time = 0.00s, Memory = -28.4K)
Checking Rule AnalyzeBBox (Rule 252 of total 279) .... done (Time = 0.00s, Memory = -32.2K)
Checking Rule ReportCheckDataSummary (Rule 72 of total 279) .... done (Time = 0.00s, Memory = -0.1K)

Generating data for Console...

SpyGlass Rule Checking Complete.

Generating moresimple report from './spyglass-1/lint/lint_rtl/spyglass.vdb' to './spyglass-1/lint/lint_rtl/spyglass_reports/moresimple.rpt' ....

Generating runsummary report from './spyglass-1/lint/lint_rtl/spyglass.vdb' ....

Generating no_msg_reporting_rules report from './spyglass-1/lint/lint_rtl/spyglass.vdb' to './spyglass-1/lint/lint_rtl/spyglass_reports/no_msg_reporting_rules.rpt' ....

Policy specific data (reports) are present in the directory './spyglass-1/lint/lint_rtl/spyglass_reports'.

SpyGlass critical reports for the current run are present in directory './spyglass-1/consolidated_reports/lint_lint_rtl/'.

---------------------------------------------------------------------------------------------
Results Summary:
---------------------------------------------------------------------------------------------
   Goal Run           :      lint/lint_rtl
   Command-line read  :      0 error,      0 warning,      0 information message 
   Design Read        :      0 error,      0 warning,      2 information messages
      Found 1 top module:
         SYSTEM_TOP   (file: /home/ICer/IC/Projects/System/rtl/SYSTEM_TOP.v)

   Blackbox Resolution:      0 error,      0 warning,      0 information message 
   SGDC Checks        :      0 error,      0 warning,      0 information message 
   Policy starc2005   :      0 error,      6 warnings,     0 information message 
   -------------------------------------------------------------------------------------
   Total              :      0 error,      6 warnings,     2 information messages

  Total Number of Generated Messages     :         8 (0 error, 6 warnings, 2 Infos)
  Number of Reported Messages            :         8 (0 error, 6 warnings, 2 Infos)

---------------------------------------------------------------------------------------------


run_goal: info: updating spyglass.log with goal summary
---------------------------------------------------------------------------------------------------
Results Summary:
---------------------------------------------------------------------------------------------------
   Goal Run           :      lint/lint_rtl
   Top Module         :      SYSTEM_TOP
---------------------------------------------------------------------------------------------------
   Reports Directory: 
   /home/ICer/IC/Projects/System/lint/spyglass-1/consolidated_reports/lint_lint_rtl/ 

   SpyGlass LogFile: 
    /home/ICer/IC/Projects/System/lint/spyglass-1/lint/lint_rtl/spyglass.log 

   Standard Reports: 
     moresimple.rpt          no_msg_reporting_rules.rpt       

   HTML report:
    /home/ICer/IC/Projects/System/lint/spyglass-1/html_reports/goals_summary.html
  

   Technology Reports:  
     <Not Available>
   
   
---------------------------------------------------------------------------------------------------
   Goal Violation Summary:
       Waived   Messages:                      0 Errors,      0 Warnings,      0 Infos
       Reported Messages:         0 Fatals,    0 Errors,      6 Warnings,      2 Infos
---------------------------------------------------------------------------------------------------
   
---------------------------------------------------------------------------------------------------
 
run_goal: info: spyglass.log successfully updated with goal summary
0 {Rule-checking completed with warnings}./spyglass-1/lint/lint_rtl/spyglass-1_waiver_file.awl./spyglass-1/lint/lint_rtl/spyglass-1_waiver_file.awlread_file: info: multiple specifications found for `awl' file `./spyglass-1/lint/lint_rtl/spyglass-1_waiver_file.awl' (ignored)
./spyglass-1/lint/lint_rtl/spyglass-1_waiver_file.awl./spyglass-1/lint/lint_rtl/spyglass-1_waiver_file.awl0./spyglass-1/lint/lint_rtl/spyglass-1_waiver_file.awl./spyglass-1/lint/lint_rtl/spyglass-1_waiver_file.awl1./spyglass-1/lint/lint_rtl/spyglass-1_waiver_file.awl./spyglass-1/lint/lint_rtl/spyglass-1_waiver_file.awlremove_waiver: info: waiver command corresponding to id 0 successfully deleted
2./spyglass-1/lint/lint_rtl/spyglass-1_waiver_file.awl./spyglass-1/lint/lint_rtl/spyglass-1_waiver_file.awl3./spyglass-1/lint/lint_rtl/spyglass-1_waiver_file.awl